drug_id,prot_id,affinity
25127112,FLT3(N841I),5.0
11364421,MEK6,5.0
10127622,ALK,5.0
10127622,BMX,5.0
176167,p38-beta,5.0
10138260,AURKA,5.0
6450551,SRMS,5.0
3081361,PIK4CB,5.0
16007391,TNIK,5.070581074285707
176155,PIK3CA(C420R),5.0
176167,RSK1(KinDom.2-C-terminal),5.0
25127112,FLT4,5.0
5287969,MAST1,5.0
3062316,ERK3,5.0
16007391,MEK6,5.0
156422,p38-beta,8.142667503568731
11364421,SIK,5.0
9929127,DAPK3,5.0
9926054,RPS6KA4(KinDom.2-C-terminal),5.638272163982407
3062316,EPHA3,10.031517051446064
10127622,HUNK,5.0
11656518,YANK3,5.0
11617559,CDKL1,5.0
5329102,MAST1,6.698970004336019
3038525,ASK1,5.0
10127622,CDK4-cyclinD1,5.0
24180719,EGFR,5.0
11617559,JNK3,5.0
25243800,PCTK2,5.0
11717001,AKT2,5.0
6450551,MYLK,5.0
156414,CDK4-cyclinD1,5.0
156414,STK16,5.0
16725726,PAK7,8.050609993355087
156414,ERK3,5.769551078621726
11717001,FLT4,5.0
10074640,TRKC,5.0
10427712,EPHA1,5.0
51004351,MAP3K15,5.0
51004351,CIT,5.0
11626560,MAST1,5.0
3038525,MST2,5.0
10074640,TBK1,5.0
11667893,CDK5,5.0
24180719,MAP4K5,5.494850021680094
11626560,GCN2(KinDom2S808G),5.0
156422,p38-delta,7.10790539730952
3081361,TRPM6,5.0
44150621,PIK3C2G,5.0
5287969,STK35,6.346787486224656
6918454,ABL1(Y253F),5.0
9933475,GSK3B,5.0
24889392,ZAK,5.0
9929127,CSNK1A1L,5.0
11984591,ROCK2,6.251811972993799
11984591,DMPK,5.0
176870,CLK1,5.0
6450551,NEK7,5.0
11626560,KIT(D816H),5.0
10127622,DCAMKL1,5.0
176870,MST1R,5.0
3081361,CSNK1D,5.0
11364421,DMPK,5.537602002101044
25127112,MLK1,5.0
176870,NEK11,5.0
11626560,PIK3CA(E545K),5.0
156422,BMPR1A,5.0
11717001,p38-beta,5.0
10427712,LIMK2,5.0
10127622,LIMK2,5.0
11427553,DYRK2,6.4089353929735005
6918454,CSNK1D,5.0
44150621,PRKG2,5.0
5494449,LRRK2,5.0
9929127,CDK5,5.0
156422,EPHA2,5.2076083105017466
11984591,MRCKB,5.0
3081361,CDK5,5.0
11364421,MST1R,5.0
25243800,TXK,6.481486060122113
16007391,FRK,5.0
11656518,ABL1(F317I),5.10790539730952
6918454,CDC2L2,5.0
6918454,HUNK,5.0
44150621,SIK2,5.431798275933005
24180719,MYLK4,5.468521082957745
11984591,ACVR2A,5.0
6450551,STK16,6.431798275933005
6918454,CSK,5.0
11717001,MYO3B,5.0
5329102,LYN,6.568636235841013
16007391,PCTK2,5.0
176155,RAF1,6.008773924307505
25127112,DLK,5.0
156414,PAK7,5.0
25127112,LRRK2(G2019S),7.045757490560675
24180719,JNK3,5.0
11984591,EPHA5,6.0655015487564325
10138260,CDC2L2,5.0
24889392,PFPK5(Pfalciparum),5.0
10138260,RSK3(KinDom.2-C-terminal),5.017728766960432
176870,WEE2,5.0
176167,MYO3B,5.0
9926054,MEK3,5.0
25127112,CDC2L2,5.0
11717001,LIMK1,5.0
644241,PAK7,5.0
11427553,FRK,5.6777807052660805
6918454,SRPK1,5.0
3081361,JAK1(JH1domain-catalytic),5.0
10127622,TXK,5.0
5329102,IRAK1,7.853871964321762
25243800,RSK4(KinDom.2-C-terminal),5.136677139879544
9929127,TNIK,5.0
11656518,FLT4,5.698970004336019
11717001,MAP4K3,5.0
156414,PFTK1,5.0
11617559,KIT(D816H),5.0
10138260,AMPK-alpha1,7.0
51004351,SRPK1,7.376750709602099
176155,ERN1,5.0
9933475,BLK,6.920818753952375
156414,RET,5.376750709602099
156414,DMPK,5.154901959985743
44150621,CSNK1A1,5.0
9926054,PHKG2,5.0
6450551,MYO3B,5.0
10127622,EGFR(L861Q),5.050609993355088
10427712,MTOR,6.2076083105017466
25243800,MLK3,5.0
5287969,JNK1,5.795880017344075
11667893,PKN2,5.0
11427553,AURKC,7.229147988357856
44259,HIPK3,7.1249387366083
16007391,CSNK1A1,5.0
176155,AMPK-alpha2,5.0
11314340,GAK,6.744727494896694
6918454,ABL1(Q252H),5.0
11427553,TYK2(JH2domain-pseudokinase),6.2839966563652006
156414,AKT2,5.0
25243800,MKNK2,6.086186147616283
11364421,CAMK2A,5.886056647693163
176167,CDC2L2,5.0
5494449,EPHB6,7.552841968657781
6918454,EPHA7,5.0
16725726,MAP3K2,6.468521082957745
5287969,EPHB1,5.823908740944319
5494449,LATS2,5.187086643357144
11626560,FGFR2,5.0
9933475,ZAK,5.0
24889392,TXK,5.0
11617559,CSNK1D,5.0
9929127,ASK1,5.0
9933475,GRK7,5.0
9933475,CDC2L2,5.0
25127112,MAP4K4,5.0
10074640,EPHB4,5.0
10127622,AKT2,5.0
9929127,DYRK1A,5.6777807052660805
10427712,PRKCH,5.0
11427553,MEK1,6.275724130399211
10427712,STK16,6.267606240177032
11626560,ULK3,5.173925197299174
25127112,PAK7,5.886056647693163
24889392,WEE2,5.0
9926054,p38-delta,5.0
11656518,FGR,5.0
11667893,FGR,5.161150909262744
6450551,PIM3,5.0
16725726,AURKC,5.0
16007391,CAMK4,5.0
10138260,BMPR2,6.698970004336019
3081361,PIK3C2B,5.0
11667893,ERK3,5.0
156422,AKT2,5.0
9933475,LYN,6.568636235841013
10427712,FLT4,5.0
9933475,DYRK1A,5.0
25127112,ASK1,5.0
24180719,PRKCE,5.0
10074640,ITK,5.0
10127622,MAP3K1,5.0
644241,SRMS,5.0
17755052,CAMK1,5.327902142064283
24180719,p38-beta,5.0
11314340,TESK1,5.0
10074640,CSF1R,8.119186407719209
5494449,ADCK4,5.0
10138260,SGK3,6.6020599913279625
11617559,FLT4,5.0
51004351,MAP4K5,5.958607314841775
44150621,CDK9,5.0
10127622,RAF1,5.0
176155,RET(V804L),5.0
24889392,p38-delta,5.0
11364421,EPHB4,5.0
51004351,PCTK1,5.0
9926054,CSNK1A1,5.0
24180719,PKN1,5.0
5287969,EGFR(L858RT790M),6.1249387366083
9929127,MTOR,5.0
17755052,PAK3,5.0
156414,PRKCE,5.0
644241,PAK4,5.0
156414,RPS6KA5(KinDom.2-C-terminal),5.0
16725726,STK33,5.0
156422,DYRK2,5.0
5494449,TRKC,6.698970004336019
16725726,TNNI3K,5.0
10074640,RET,5.0
11626560,DCAMKL1,6.481486060122113
10127622,BRK,5.0
11626560,MINK,5.356547323513813
44259,MET(M1250T),6.886056647693163
17755052,MAPKAPK2,5.0
11617559,PRKCI,5.0
5287969,RET(M918T),5.0
176167,CLK4,5.795880017344075
6918454,RSK4(KinDom.2-C-terminal),5.0
3038525,PIK3C2G,5.0
11626560,RSK3(KinDom.2-C-terminal),5.0
11626560,TYK2(JH1domain-catalytic),6.6777807052660805
11667893,TIE1,5.0
5287969,MAP3K1,5.0
11667893,LIMK1,5.0
11364421,FLT3(K663Q),5.0
10074640,JAK1(JH1domain-catalytic),5.0
5494449,ALK,5.508638306165728
9926054,TIE1,5.0
9933475,CTK,5.0
10127622,PAK6,5.0
11427553,GAK,6.585026652029182
11617559,RPS6KA5(KinDom.2-C-terminal),5.0
9933475,LTK,5.366531544420414
176870,INSR,5.0
25127112,p38-delta,5.0
644241,FAK,5.0
10074640,DAPK2,5.0
6918454,PRKR,5.0
11364421,LTK,5.920818753952375
16725726,CSNK2A2,5.0
5329102,IGF1R,5.585026652029182
24180719,MAPKAPK2,5.0
10427712,LTK,5.0
5494449,RSK4(KinDom.2-C-terminal),5.0
9929127,HPK1,5.0
25127112,MKNK2,6.698970004336019
11364421,AMPK-alpha1,5.0
9929127,AMPK-alpha1,5.0
10127622,CDC2L2,5.0
5287969,ALK,6.173925197299174
11364421,BMX,5.0
6450551,MST1,5.853871964321762
11617559,CSNK1A1,5.0
24889392,JAK2(JH1domain-catalytic),5.0
11626560,HPK1,7.4089353929735005
156422,ASK1,5.0
24889392,PIK3CA(Q546K),5.0
24889392,CIT,5.0
156414,CDKL1,5.0
5494449,KIT(D816V),6.537602002101044
11617559,MAP3K1,5.0
24889392,PHKG2,5.0
11427553,BRK,5.0
44259,MAPKAPK2,6.055517327849832
11427553,STK39,6.050609993355088
11617559,EGFR(L858RT790M),5.0
6450551,ABL1(F317I)p,6.096910013008056
5494449,PFTK1,5.0
9933475,MAP4K2,6.267606240177032
44259,MARK3,8.522878745280337
24889392,PAK7,5.0
10427712,PIK3CA(E542K),7.080921907623926
6918454,MAPKAPK2,5.0
156422,ASK2,5.0
176155,DYRK1B,5.0
11364421,DYRK1A,5.0
9929127,DAPK2,5.0
156422,RET(M918T),6.619788758288394
16725726,MST2,5.0
11427553,CDC2L2,5.0
3081361,AKT2,5.0
156422,TESK1,5.0
176167,ERN1,5.0
11984591,DAPK2,7.207608310501746
156414,VRK2,5.0
5287969,TIE2,5.0
24180719,TGFBR2,6.050609993355088
644241,EPHA5,5.721246399047171
11656518,EPHB1,5.0
5287969,PIM2,6.113509274827519
24889392,RPS6KA4(KinDom.2-C-terminal),5.0
10074640,PDPK1,5.0
3038525,JAK3(JH1domain-catalytic),5.0
24180719,ICK,5.0
156422,RSK4(KinDom.2-C-terminal),5.0
11667893,MEK6,5.0
9929127,TNNI3K,5.0
11667893,TRPM6,5.0
10127622,RSK3(KinDom.2-C-terminal),5.0
11656518,AMPK-alpha2,5.0
11617559,DCAMKL1,5.0
44259,TRKA,8.397940008672037
24180719,PFPK5(Pfalciparum),5.0
3081361,MET(M1250T),5.0
11427553,PKNB(Mtuberculosis),6.619788758288394
9933475,IKK-beta,5.0
44150621,CTK,5.0
10427712,p38-beta,5.0
17755052,LRRK2(G2019S),5.0
11717001,EGFR(L858RT790M),5.0
5287969,YSK4,5.0
156422,HPK1,5.0
10127622,LIMK1,5.0
5494449,MST1,6.698970004336019
9929127,DYRK1B,5.0
51004351,CSNK1D,5.0
24180719,MLK1,5.0
6450551,RET(M918T),7.0
5494449,TYRO3,5.0
9926054,VRK2,5.0
5329102,PIK3C2B,5.0
176167,WEE2,5.0
3081361,RSK3(KinDom.2-C-terminal),5.0
156422,ERBB2,5.0
51004351,YANK3,5.0
11427553,RET(V804L),7.455931955649724
10127622,GSK3B,5.0
16725726,MRCKA,5.0
44259,TNNI3K,6.0
11427553,MAPKAPK2,5.0
11364421,CAMK1,5.0
156422,KIT(V559D-V654A),5.619788758288394
5287969,MAP4K2,7.050609993355088
11984591,CSNK2A2,7.853871964321762
11717001,MAP4K2,5.0
5287969,EPHA2,5.6020599913279625
11656518,PIK3CA(Q546K),5.0
3062316,MLK1,5.0
44150621,PKMYT1,5.0
10138260,GRK7,6.327902142064283
176870,KIT(D816H),5.0
11656518,EPHB4,5.0
9929127,TRPM6,5.0
11314340,GRK7,5.721246399047171
156422,PDPK1,5.0
9933475,BRAF,5.0
11667893,PCTK1,5.0
10127622,ACVR2A,5.0
24180719,CDC2L1,5.0
9929127,TXK,5.0
5494449,CAMK4,5.0
5329102,LATS2,6.337242168318426
16725726,JNK1,5.0
11667893,RPS6KA4(KinDom.2-C-terminal),5.0
11617559,FLT3(ITD),5.0
10127622,EPHB1,5.0
9926054,PHKG1,5.0
17755052,HPK1,5.0
51004351,KIT(A829P),7.366531544420414
3062316,EGFR(L861Q),6.958607314841775
25127112,AAK1,6.920818753952375
156422,PIK3CA(E545A),5.0
10074640,MKNK1,5.0
9929127,BRSK2,5.0
11656518,HUNK,5.0
44150621,DYRK1A,5.0
44259,EPHA3,7.568636235841013
6450551,EGFR(L858RT790M),5.0
11314340,FGFR1,5.0
156414,MAP3K2,5.42021640338319
644241,CDC2L1,5.0
9915743,PRP4,5.0
44259,RPS6KA5(KinDom.2-C-terminal),6.050609993355088
25127112,WEE2,5.0
6450551,TYK2(JH1domain-catalytic),5.443697499232713
16725726,MAP4K2,5.0
25243800,KIT(D816H),5.455931955649724
176870,PLK3,5.0
5329102,MAP4K3,6.744727494896694
3081361,PKN2,5.0
11984591,ABL2,6.142667503568732
11626560,PRKD3,6.292429823902063
11364421,NEK9,5.0
11717001,EGFR(G719S),5.0
3081361,GSK3A,5.0
25243800,TNIK,6.568636235841013
176167,CSNK1D,5.0
11717001,TESK1,5.0
10074640,HPK1,5.0
25127112,PDPK1,5.0
156414,FYN,5.275724130399211
156414,PAK1,5.0
10138260,FLT3(N841I),8.267606240177031
11314340,MAPKAPK2,5.0
10427712,JAK2(JH1domain-catalytic),5.0
11364421,PRKCH,5.0
5494449,EGFR,5.0
17755052,INSR,5.0
9929127,ERN1,5.0
176167,TIE1,5.0
10138260,HIPK2,7.036212172654444
11717001,TYRO3,5.0
11617559,MEK6,5.0
9929127,ITK,5.0
10074640,JAK3(JH1domain-catalytic),5.0
9915743,MKNK1,5.0
11314340,TNNI3K,5.0
11667893,PIK3CA,5.0
16007391,GRK7,5.0
9933475,PFTK1,5.0
10138260,AURKB,6.468521082957745
9933475,SRMS,5.0
9933475,MYLK,5.0
11314340,DAPK3,5.920818753952375
156422,LRRK2(G2019S),5.0
9926054,PCTK2,5.0
6450551,BMPR1A,5.0
11717001,ABL1(T315I),5.0
5329102,TBK1,6.920818753952375
3081361,PFTK1,5.0
9929127,TRKC,5.0
9929127,SRPK1,5.0
25127112,LIMK1,5.0
3038525,FYN,5.6777807052660805
3081361,KIT(D816V),6.537602002101044
10127622,MKNK2,5.0
5287969,MLK3,5.0
5329102,DYRK2,6.167491087293763
17755052,FER,5.0
3038525,ADCK4,5.0
11717001,CDK4-cyclinD1,5.0
44259,RIPK5,7.958607314841775
16007391,PYK2,5.0
44150621,PIK4CB,5.0
11427553,CSNK1D,5.638272163982407
11626560,CSNK1G2,5.0
10127622,MAP3K2,5.0
11364421,PRKD3,6.455931955649724
10127622,PRKCH,5.0
10427712,RPS6KA4(KinDom.2-C-terminal),5.0
11984591,HIPK2,5.318758762624413
11667893,TESK1,5.0
25127112,SRMS,5.0
11364421,FYN,5.0
644241,CDK7,5.0
9915743,MAP3K2,6.346787486224656
156422,CLK1,5.0
5287969,FAK,5.0
5329102,CSNK1D,7.823908740944319
5329102,BMPR1A,5.0
11314340,YANK3,5.0
11717001,PIM2,5.0
176155,PIK3CA(E545K),5.0
9933475,AURKB,5.494850021680094
17755052,EGFR,5.0
10127622,EGFR(L747S752del),5.275724130399211
11617559,FYN,5.0
11314340,MST2,5.267606240177032
176167,BRAF,5.0
9933475,AURKC,5.6777807052660805
9933475,DRAK2,5.0
51004351,SGK3,5.853871964321762
176155,MST1,5.0
10074640,ASK1,5.0
16007391,RSK4(KinDom.2-C-terminal),5.0
11984591,PIK3C2B,5.0
5329102,GSK3B,5.0
3081361,GRK7,5.0
51004351,CDK5,5.0
11626560,RIOK1,5.214670164989233
6918454,RET,5.0
25243800,CTK,5.0
11717001,EGFR(L747S752del),5.0
9926054,LATS2,5.0
3081361,MRCKA,5.585026652029182
9929127,FLT4,5.0
3038525,MAP4K2,5.0
9915743,CHEK1,5.2441251443275085
5287969,KIT(L576P),5.0
11717001,RET(V804M),5.0
11617559,KIT(V559D-V654A),5.0
25127112,TRKC,6.481486060122113
3038525,MAP4K4,5.0
5494449,PCTK2,5.251811972993799
3081361,PIK3CA(H1047Y),5.0
11667893,LTK,5.0
11984591,TGFBR2,6.481486060122113
644241,LRRK2,5.0
10127622,ARK5,5.0
11626560,MYLK2,5.0
10074640,RPS6KA5(KinDom.2-C-terminal),5.0
11626560,RSK4(KinDom.2-C-terminal),5.0
3038525,DYRK1A,5.0
24180719,WEE1,5.0
9926054,EPHB6,5.0
11314340,TGFBR2,5.0
644241,ABL1(Q252H),8.0
176155,MYLK2,5.0
25127112,HIPK3,5.920818753952375
11984591,CAMK4,5.0
16007391,ABL1(Y253F),5.42021640338319
11617559,SRMS,5.0
10427712,EPHB6,5.0
10427712,CLK1,6.853871964321762
156414,DYRK1A,5.823908740944319
3081361,CDC2L1,5.0
51004351,FGFR1,5.795880017344075
6918454,PKN2,5.0
25127112,ABL1(Y253F),5.0
9926054,INSR,5.0
11364421,CDK4-cyclinD1,5.0
5287969,ULK3,5.0
9933475,PCTK2,5.0
10074640,BMPR2,5.0
11626560,GAK,5.0
10138260,MYO3B,5.0
11984591,MLK3,7.958607314841775
16725726,LYN,5.0
3081361,ACVR2A,5.0
6450551,TYRO3,5.0
11667893,EGFR(T790M),5.0
11717001,MTOR,5.0
11667893,PIK3C2B,5.0
11626560,EPHA3,6.154901959985743
25243800,MAPKAPK2,5.0
9929127,PIK3CA(Q546K),5.0
11617559,CHEK1,5.0
10138260,IKK-alpha,6.173925197299174
644241,EGFR(G719S),5.0
11364421,PKN2,5.0
176167,MEK6,5.0
6918454,LRRK2(G2019S),5.0
25127112,ROS1,5.0
10127622,EPHA1,5.0
11626560,RSK3(KinDom.1-N-terminal),5.0
17755052,PAK1,5.0
11626560,LIMK1,6.080921907623926
11427553,SRMS,5.568636235841013
16007391,TYRO3,5.0
16725726,CHEK1,5.0
6450551,AAK1,5.920818753952375
16725726,PIK3CA,5.0
176870,TIE1,6.070581074285707
25243800,HUNK,5.0
51004351,PAK4,5.0
11984591,PIK3CA,5.0
176155,WEE1,5.0
6918454,MKNK2,5.0
156414,PRKCH,5.0
156414,EGFR(L747E749del),9.769551078621726
25243800,BRK,6.0
24889392,HIPK3,5.0
11984591,NEK9,7.795880017344075
17755052,IRAK4,5.0
176155,CAMK1,5.0
24180719,CTK,5.0
11656518,TRKA,5.0
176155,PCTK2,5.0
3062316,CDC2L2,5.0
156414,PCTK1,5.0
5287969,TYK2(JH1domain-catalytic),6.744727494896694
11667893,KIT(L576P),8.886056647693163
9926054,JNK1,5.0
6918454,LIMK1,5.0
176167,PIK3CA(H1047Y),5.0
9929127,ARK5,5.0
25127112,PAK4,5.795880017344075
11656518,CSK,5.0
11984591,TRKC,6.2441251443275085
44259,DYRK1B,7.552841968657781
17755052,EPHA2,5.0
16725726,PIK4CB,5.0
10427712,MAP4K5,5.0
11314340,PRKX,7.013228265733755
11314340,YSK4,6.638272163982407
6918454,PIK3CA(Q546K),5.0
5287969,TAOK2,6.6020599913279625
176870,p38-beta,5.0
11626560,IKK-alpha,5.0
11984591,DCAMKL1,5.0
9933475,MYLK2,5.0
11617559,SIK,5.0
176155,NEK11,5.0
3038525,BRSK2,5.0
9933475,BMX,5.0
17755052,BRAF,5.0
24889392,STK16,5.0
10427712,MLK3,5.0
24180719,IRAK1,5.0
11984591,LOK,7.154901959985743
3062316,RET,6.136677139879544
24180719,DYRK1B,5.0
9926054,ABL1(F317I)p,5.0
17755052,ABL2,5.0
11626560,AURKB,7.119186407719209
5494449,KIT(V559D-V654A),5.638272163982407
11667893,MERTK,5.0
5329102,CAMK4,6.050609993355088
11314340,MKNK1,5.0
6450551,FLT3(K663Q),7.508638306165728
11314340,GCN2(KinDom2S808G),5.0
5329102,RPS6KA4(KinDom.2-C-terminal),5.698970004336019
11314340,AURKC,5.075720713938119
5329102,ASK2,5.0
10427712,FYN,5.0
3062316,GSK3B,5.0
3062316,LTK,5.0
644241,AKT2,5.0
6918454,AMPK-alpha2,5.0
156422,SRMS,5.0
9933475,PIK3CB,5.0
9926054,CLK1,5.0
17755052,MAP3K2,5.0
11427553,ABL1(T315I),7.920818753952375
5494449,CAMK1,5.154901959985743
9915743,LRRK2,5.0
24180719,WEE2,5.0
17755052,BMPR1B,5.0
10127622,AURKA,5.0
6918454,CTK,5.0
9915743,RAF1,5.0
156422,BMX,5.0
11984591,PAK7,7.161150909262744
156422,PAK1,5.0
11984591,FLT3(K663Q),9.167491087293763
16725726,GCN2(KinDom2S808G),5.0
16007391,PLK1,5.0
24180719,MEK3,5.0
24180719,BIKE,5.0
5329102,NEK3,5.0
16007391,MTOR,5.0
10074640,ACVR2A,5.0
16725726,MAST1,5.0
156414,LCK,6.494850021680094
11984591,IKK-alpha,6.920818753952375
156422,RSK1(KinDom.2-C-terminal),5.0
51004351,BMPR1B,5.0
9915743,PIK3CA(E545A),5.0
10074640,JNK1,5.0
9929127,CLK1,6.1938200260161125
11617559,TIE2,5.0
10127622,MTOR,5.0
25243800,CLK1,6.040958607678906
9933475,JAK1(JH1domain-catalytic),5.0
24180719,AKT1,5.0
9915743,MLK3,5.236572006437063
644241,BMX,5.0
25127112,GSK3B,5.0
176167,MAP3K1,5.0
11717001,SIK2,5.0
44259,PKMYT1,5.0
3081361,EGFR(L861Q),7.958607314841775
11427553,NEK11,5.0
5494449,PLK3,5.0
11656518,MLK1,5.0
10127622,BIKE,5.0
3038525,CAMK1D,5.0
11656518,IKK-alpha,5.0
11364421,ABL1(Q252H),5.0
3062316,JAK3(JH1domain-catalytic),6.1938200260161125
44259,GCN2(KinDom2S808G),7.795880017344075
16725726,LIMK1,5.0
11667893,EPHA1,5.0
176155,CDK7,5.0
176155,PLK1,5.0
156422,GAK,5.0
644241,PIK3CB,5.0
10138260,EGFR(G719S),5.0
5329102,ABL1(Y253F),6.853871964321762
176870,RSK4(KinDom.2-C-terminal),5.0
44150621,BMPR1B,5.0
6450551,ADCK4,5.0
11427553,LTK,6.036212172654444
176167,ULK3,5.0
16007391,EPHB4,5.0
25127112,MYLK2,5.0
24889392,CAMK4,5.0
5494449,JNK3,5.552841968657781
11314340,PLK1,5.0
11984591,TRKA,6.769551078621726
11427553,WEE2,5.327902142064283
51004351,CSNK1A1L,5.0
10427712,MAST1,5.0
644241,WEE2,5.0
9915743,WEE1,5.3872161432802645
5494449,MRCKB,5.0
10427712,TGFBR2,5.0
17755052,AKT1,5.0
10138260,GCN2(KinDom2S808G),6.327902142064283
11667893,MRCKB,5.0
51004351,PFTK1,5.0
156422,GSK3A,5.0
10138260,HIPK3,7.080921907623926
156422,AURKA,5.0
9933475,PCTK1,5.0
10138260,CAMK1D,6.013228265733755
11717001,EGFR(L747E749del),5.0
3081361,FGFR2,5.958607314841775
11617559,MAP4K5,5.0
6450551,EPHA7,5.0
10127622,CDK7,5.0
156422,PIK3CA,5.0
11617559,MAP4K4,5.0
10427712,ROS1,5.0
44150621,EPHA6,5.0
24180719,PIM3,5.0
3062316,MKNK2,5.0
11427553,SRPK2,7.823908740944319
16725726,STK39,5.0
25127112,PIK3CA(E542K),5.0
25243800,MAST1,5.0
25243800,PAK7,6.2839966563652006
9933475,AKT2,5.0
44150621,AKT2,5.0
5494449,PAK7,5.481486060122113
10127622,MYLK2,5.0
5494449,ITK,6.455931955649724
24180719,HUNK,5.0
156422,TYK2(JH1domain-catalytic),5.0
16007391,MINK,5.0
3081361,TRKA,5.0
156422,EGFR(L747S752del),5.0
10127622,ULK3,5.0
16007391,EGFR(L858RT790M),5.0
9929127,RET(V804M),5.0
6918454,TIE2,5.0
25127112,BMPR1B,5.744727494896694
11626560,KIT(A829P),5.0
6918454,PIK3C2B,5.0
176155,TGFBR1,5.1487416512809245
5287969,JAK1(JH1domain-catalytic),5.0
6450551,MLK3,5.0
44259,IRAK4,8.769551078621726
10427712,RAF1,5.0
6450551,WEE2,5.0
11717001,CDK5,5.0
10427712,EGFR(L747E749del),5.886056647693163
11427553,PIK3CA(H1047Y),5.0
3081361,SGK3,5.0
644241,PAK3,5.0
44150621,PRKD3,5.0
25243800,FAK,5.0
3062316,IKK-alpha,5.0
9933475,MST1R,5.537602002101044
156414,MKNK2,5.744727494896694
9915743,PLK1,5.0
16007391,PRKCI,5.0
25243800,DLK,5.0
10127622,CAMK4,5.0
24180719,PLK4,5.455931955649724
176155,EGFR,5.769551078621726
11314340,NEK3,5.0
44150621,MAP4K4,6.795880017344075
3081361,PRKX,5.0
10138260,LOK,6.638272163982407
16007391,WEE1,5.0
5329102,MRCKB,5.0
24889392,ITK,5.0
44259,BLK,7.823908740944319
10074640,STK35,5.0
11427553,MET(M1250T),6.6777807052660805
3081361,HUNK,5.3872161432802645
11667893,RSK3(KinDom.1-N-terminal),5.0
24889392,PRKD3,5.0
25127112,PIK3CA(E545A),5.0
176155,CDK5,5.0
3081361,ALK,5.6777807052660805
11617559,DYRK1A,5.0
9933475,LCK,7.173925197299174
6450551,MEK6,5.0
11667893,JNK3,5.0
10138260,BRSK2,5.3872161432802645
176155,TRPM6,5.0
11667893,IGF1R,5.0
176155,AKT1,5.0
644241,HIPK3,5.0
17755052,PRKX,5.0
3081361,PIM2,5.0
5494449,MEK6,5.585026652029182
51004351,LOK,6.229147988357856
176870,CDK5,5.0
644241,EPHB6,6.301029995663981
16007391,CAMK1D,5.0
11656518,EPHA2,5.537602002101044
44259,PYK2,8.455931955649724
24889392,ACVR2A,5.0
11314340,PCTK2,5.721246399047171
10127622,TRPM6,5.0
10427712,EPHA3,5.0
11717001,MAP3K15,5.0
11984591,TTK,5.958607314841775
51004351,ACVR2A,5.0
24180719,BMPR2,5.0
3038525,CSK,5.0
11364421,CSNK1D,5.823908740944319
3038525,STK35,5.0
3081361,BIKE,5.0
3062316,FLT3(ITD),5.00436480540245
10074640,ERBB3,5.0
6918454,STK39,5.0
176155,MST2,5.0
9929127,PAK1,5.0
11984591,AKT1,5.0
3062316,ASK1,5.0
11984591,PIK3CA(E542K),5.0
11314340,EPHA6,5.0
10127622,FYN,5.0
5329102,SRMS,5.0
156414,TTK,5.0
6450551,TXK,5.619788758288394
11617559,MARK3,5.0
10138260,CDK4-cyclinD1,5.309803919971486
24889392,RSK4(KinDom.2-C-terminal),5.0
10127622,CSNK1A1,5.0
176870,PLK1,5.0
156422,RIPK5,5.0
11364421,CAMK4,5.0
10127622,ADCK4,5.0
9926054,PRKD3,5.0
11717001,INSR,5.0
156422,VRK2,5.0
11717001,SRPK2,5.0
11626560,BRSK1,5.0
6450551,ICK,5.0
644241,GAK,5.0
25243800,WEE2,5.0
10127622,CTK,5.0
11626560,MEK3,5.481486060122113
5329102,ITK,7.886056647693163
17755052,CLK1,5.958607314841775
3062316,PLK3,5.0
6918454,MAP4K5,5.0
24180719,TYK2(JH1domain-catalytic),5.0
11427553,MYLK2,7.2839966563652
5287969,FYN,5.0
176870,TAOK2,5.0
3081361,PRKCE,5.0
25127112,MST4,5.508638306165728
51004351,DAPK3,5.744727494896694
3038525,PLK1,5.0
11984591,ITK,6.3979400086720375
5329102,CSNK1A1L,6.259637310505756
176155,EGFR(T790M),5.6020599913279625
10138260,NEK3,5.0
5494449,ASK2,5.0
6918454,PRKCI,5.0
10074640,EPHA7,5.0
11656518,AKT2,5.0
11656518,CSNK1G2,5.0
11617559,ARK5,5.0
6918454,MYLK2,5.0
9933475,INSR,5.0
11617559,PFTK1,5.0
11717001,PIK4CB,5.0
9933475,PIM3,5.0
5494449,PRKG2,5.0
11656518,MEK3,5.0
9933475,CSNK1A1,5.0
6450551,EGFR(L747S752del),5.0
11314340,MAP3K2,5.0
6918454,EGFR,5.0
176870,PHKG2,5.0
11364421,PRP4,5.0
24889392,MST1,5.0
11626560,DAPK3,5.0
176870,FER,5.0
5287969,GCN2(KinDom2S808G),5.0
3038525,AKT2,5.0
17755052,SIK2,5.0
156422,FRK,5.920818753952375
3062316,HPK1,6.008773924307505
51004351,PAK7,5.0
10127622,ABL1(F317I)p,5.0
10074640,EPHA2,5.0
25127112,PAK3,5.0
5329102,ERBB3,5.0
9929127,MRCKB,5.0
11364421,MAP3K15,5.0
16725726,TYK2(JH2domain-pseudokinase),5.0
10138260,MAP4K3,6.6777807052660805
11314340,FAK,5.0
44259,MAST1,6.823908740944319
10427712,STK39,5.0
25127112,PRP4,5.0
11717001,MKNK1,5.0
176155,ABL2,5.0
3038525,TGFBR2,5.0
9933475,EPHA7,6.2076083105017466
176167,PRKG2,6.769551078621726
11656518,MEK1,5.0
11617559,BMPR1A,5.0
5494449,ERBB3,5.1487416512809245
24180719,FGFR2,5.508638306165728
11427553,INSR,6.3979400086720375
10138260,MARK3,5.958607314841775
5494449,EGFR(L747S752del),5.0
6450551,MINK,6.251811972993799
5494449,MET(M1250T),6.318758762624413
156414,BIKE,5.42021640338319
11667893,TYK2(JH1domain-catalytic),5.0
3038525,PKMYT1,5.0
5287969,NEK3,5.0
11656518,TYK2(JH1domain-catalytic),6.3872161432802645
24889392,CHEK1,5.0
3062316,SRPK2,5.0
9929127,MRCKA,5.0
644241,MYLK4,5.0
16007391,PIK3CA(E542K),5.0
3038525,MAST1,5.0
11626560,IRAK1,7.309803919971486
10138260,RET(V804L),7.744727494896694
3038525,PAK7,5.0
5494449,MAPKAPK2,5.42021640338319
25127112,BRAF,5.657577319177793
11667893,PHKG2,5.0
5287969,STK16,5.0
11427553,GCN2(KinDom2S808G),6.481486060122113
17755052,KIT(V559D-V654A),5.0
3038525,CSF1R,5.585026652029182
3038525,PIK3C2B,5.0
3081361,CAMK1D,5.0
10074640,GCN2(KinDom2S808G),5.0
176167,ERBB3,5.0
17755052,PYK2,5.0
156422,MST4,5.0
17755052,ERK3,5.0
24889392,TNNI3K,5.0
3038525,DAPK2,5.0
51004351,EGFR(L858R),6.119186407719209
6450551,AMPK-alpha1,5.0
9933475,PRKG2,5.0
25243800,CDK9,5.0
16725726,BLK,5.0
16007391,PAK4,5.0
24889392,PKN2,5.0
9933475,BMPR1B,5.0
5329102,ABL1(F317I)p,6.050609993355088
16725726,CSK,5.0
11427553,RET(V804M),7.455931955649724
10127622,CAMK1D,5.0
44259,TGFBR1,5.698970004336019
644241,NEK3,5.0
10127622,PIM2,5.0
176167,PKNB(Mtuberculosis),5.0
9915743,TIE1,6.4089353929735005
17755052,PIK3C2G,6.522878745280337
6450551,BIKE,6.0
5494449,SRPK2,6.167491087293763
9915743,ERK3,5.0
16007391,FLT3(N841I),7.366531544420414
5494449,RET(M918T),7.585026652029182
5329102,CLK3,5.0
156422,CLK4,5.0
6450551,GSK3B,5.0
44150621,EGFR,5.0
176167,HIPK2,6.142667503568732
24889392,RIPK5,5.0
11364421,MAP4K3,5.0
11617559,FER,5.0
9933475,AURKA,5.0
10427712,MAPKAPK2,5.0
3081361,RSK3(KinDom.1-N-terminal),5.0
176167,MYLK,5.0
25243800,TIE1,5.0
44150621,CAMK1D,5.0
16725726,AURKA,5.0
24180719,CSNK1A1,5.0
6450551,PHKG1,5.0
6918454,PAK6,5.0
24180719,ACVR2A,5.0
176167,NEK3,5.0
11364421,TRPM6,5.0
11364421,MRCKB,5.0
176167,MST1R,5.0
176870,PIK3CA(E542K),5.0
5329102,SRPK2,6.721246399047171
11427553,ADCK4,5.0
176167,BLK,5.0
25243800,STK35,6.301029995663981
9933475,DAPK2,5.0
25243800,ERN1,5.0
11314340,PIK3CA,5.0
5494449,PRKX,5.0
156422,SGK3,5.0
11717001,STK39,5.0
11617559,PAK3,5.0
11717001,FRK,5.0
11427553,EPHA3,6.091514981121351
11626560,AMPK-alpha1,5.619788758288394
11984591,TESK1,6.443697499232713
3081361,EGFR(L747E749del),7.920818753952375
5494449,CSNK1A1L,5.0
44259,CSNK1D,5.619788758288394
3081361,AURKA,5.0
24889392,MST1R,5.0
10074640,PRKCE,5.0
11427553,HIPK3,6.236572006437063
9929127,PFTK1,5.0
10074640,MAP4K3,5.0
644241,SRPK1,5.0
44150621,STK16,5.823908740944319
11667893,STK16,5.0
11626560,TYK2(JH2domain-pseudokinase),5.698970004336019
156422,EPHA5,5.853871964321762
17755052,FLT3(K663Q),5.585026652029182
5494449,TAOK2,6.366531544420414
11427553,MTOR,5.0
11364421,HIPK3,5.443697499232713
9933475,MKNK2,5.0
176870,NEK9,5.0
10427712,MKNK1,6.055517327849832
5329102,MEK6,5.2839966563652006
156422,CDC2L2,5.0
3038525,GCN2(KinDom2S808G),5.0
9926054,TNIK,5.0
10074640,ABL1(F317I)p,7.10790539730952
9915743,AURKB,5.0
6918454,JAK3(JH1domain-catalytic),5.0
24889392,SRPK2,5.0
44150621,PIK3CA(E545A),5.0
5494449,CDK9,5.0
3038525,STK39,5.0
11427553,JAK2(JH1domain-catalytic),7.119186407719209
11717001,NDR1,5.0
9926054,PIM3,5.0
9929127,IKK-beta,7.721246399047171
11617559,PIM3,5.0
156422,TYK2(JH2domain-pseudokinase),5.0
9933475,EGFR(T790M),5.886056647693163
10427712,TYRO3,5.0
3038525,BRAF,5.0
176167,RET(M918T),5.0
3081361,GAK,7.0655015487564325
9926054,MET(M1250T),5.0
10074640,SIK2,5.0
9929127,MERTK,5.0
176870,EGFR(L861Q),8.920818753952375
10074640,EPHA1,5.0
9933475,MRCKA,5.0
11427553,TESK1,5.0
10127622,CLK3,5.0
176870,CSNK1A1,5.0
3062316,MEK3,5.0
11617559,MST4,5.0
24889392,KIT(D816H),6.494850021680094
3038525,LIMK2,5.0
176870,TXK,5.42021640338319
25243800,MEK6,5.0
3062316,MAP4K5,7.346787486224656
5287969,SIK,5.0
25127112,NEK3,5.958607314841775
25243800,CDC2L2,5.0
25243800,GAK,6.494850021680094
5329102,EPHA2,5.0
44259,ZAK,5.0
6918454,RSK3(KinDom.1-N-terminal),5.0
16725726,p38-delta,5.0
156414,MLK1,5.0
44259,PRKD3,7.744727494896694
17755052,HIPK2,6.2839966563652006
25243800,EPHA5,5.508638306165728
6918454,LOK,5.0
6918454,IKK-beta,5.0
24180719,ERBB3,5.0
5494449,RIOK1,6.443697499232713
6450551,FGR,5.744727494896694
10427712,CSF1R,5.0
25127112,MAP4K3,5.0
5329102,DMPK,5.0
16725726,MST1R,5.0
11667893,CDKL1,5.0
5329102,DYRK1B,5.638272163982407
10138260,TNIK,7.045757490560675
9915743,ADCK4,5.0
11364421,TTK,5.6020599913279625
24889392,EPHA4,5.0
5494449,MST4,5.455931955649724
176155,WEE2,5.0
51004351,PRKX,6.017728766960432
3081361,EGFR,8.022276394711152
156422,ALK,5.0
11626560,ABL1(Q252H),7.013228265733755
25127112,DRAK2,5.455931955649724
16725726,DCAMKL1,5.619788758288394
644241,MRCKB,6.040958607678906
25243800,TYK2(JH2domain-pseudokinase),5.468521082957745
176155,CDK9,5.0
16725726,RIPK5,5.0
5494449,DAPK2,5.0
25243800,SRPK2,5.0
10427712,ULK3,5.0
10138260,PIK3C2G,5.0
16725726,KIT(L576P),5.585026652029182
11717001,RAF1,8.18045606445813
644241,MYLK2,5.0
9929127,EGFR(T790M),5.0
10074640,TRPM6,5.0
10138260,EGFR(L747E749del),5.0
44150621,RPS6KA5(KinDom.2-C-terminal),5.0
156414,PIK3CA(E542K),5.0
44259,CAMK2A,9.795880017344077
9933475,FLT3(N841I),5.0
9929127,MLK1,5.0
11717001,PKNB(Mtuberculosis),5.0
44259,MAP4K2,8.05551732784983
3081361,STK35,7.251811972993799
5329102,ROCK2,6.853871964321762
10127622,ULK2,5.0
25243800,SRPK1,5.0
9926054,IRAK4,5.0
176167,TGFBR1,5.0
16725726,ERN1,5.0
16725726,FAK,5.0
44259,PRP4,6.657577319177793
644241,JAK1(JH1domain-catalytic),5.0
6918454,DYRK1B,5.0
10074640,TESK1,5.0
44150621,MELK,5.795880017344075
10427712,KIT(D816V),5.0
10427712,YSK4,5.3979400086720375
11984591,CHEK1,5.6020599913279625
11364421,PKN1,5.0
176155,LATS2,5.0
6918454,ITK,5.0
6450551,EPHB4,5.0
5494449,ROS1,6.214670164989233
11427553,BLK,5.455931955649724
44150621,ABL1(F317I),5.0
10427712,MERTK,5.0
51004351,PRKD3,5.494850021680094
9926054,MKNK2,5.0
3062316,ERBB3,7.744727494896694
11314340,STK16,5.0
10127622,NEK11,5.0
156422,PRKR,5.0
9915743,GCN2(KinDom2S808G),7.017728766960432
16007391,AURKC,8.356547323513812
25127112,RIOK1,5.6020599913279625
17755052,ABL1(F317I)p,5.0
9933475,EGFR(L747S752del),6.0655015487564325
9915743,TYRO3,5.0
6918454,PIK3CA(C420R),5.0
44259,PIM2,8.721246399047171
176155,PIK3CA(E542K),5.0
16725726,MAP4K3,5.0
10127622,PAK1,5.0
10074640,KIT(A829P),7.920818753952375
6450551,ABL1(T315I),8.443697499232712
24889392,ROCK2,5.0
176167,EGFR(G719S),5.0
176155,CLK4,5.0
44259,p38-delta,6.619788758288394
10138260,CAMKK1,6.070581074285707
644241,DAPK3,5.0
44259,JAK1(JH1domain-catalytic),8.214670164989233
25243800,VRK2,5.0
10138260,TAOK2,5.0
176167,MINK,5.455931955649724
10138260,RET(V804M),7.853871964321762
3062316,FER,5.0
25127112,CAMK1D,6.920818753952375
10074640,BIKE,5.0
3062316,PFTK1,5.0
10074640,PAK4,5.0
11364421,RSK4(KinDom.2-C-terminal),5.886056647693163
11626560,KIT(L576P),5.0
25127112,IKK-beta,5.638272163982407
10074640,ABL1(T315I),5.0
176870,TYK2(JH1domain-catalytic),5.0
10127622,LCK,5.0
5287969,KIT(A829P),5.055517327849832
156422,DAPK2,5.0
9915743,WEE2,5.886056647693163
10074640,CAMK1,5.0
24889392,MKNK1,5.0
10427712,GRK7,5.0
11656518,DYRK2,5.0
9915743,RET(V804M),5.0
11984591,PAK1,6.585026652029182
5287969,EPHA1,5.638272163982407
44150621,YANK3,5.0
11364421,DCAMKL1,5.229147988357856
156422,TYRO3,5.0
16725726,PAK4,7.744727494896694
51004351,RPS6KA4(KinDom.2-C-terminal),5.0
11667893,SRMS,5.0
11717001,HIPK3,5.0
44150621,FGR,6.721246399047171
644241,PHKG1,5.0
10074640,CDC2L2,5.0
25243800,LTK,5.853871964321762
11617559,MEK3,5.0
9915743,BLK,7.070581074285707
11364421,KIT(L576P),5.0
176155,DLK,5.0
25127112,SRPK2,5.0
11617559,MAP4K3,5.0
11626560,ALK,8.481486060122112
6918454,MAST1,5.0
6918454,ADCK4,5.0
5494449,HIPK3,5.0
11667893,KIT(A829P),7.823908740944319
11984591,EPHA3,6.443697499232713
11314340,PRKCH,8.022276394711152
10074640,FGR,6.1938200260161125
9933475,GSK3A,5.0
176870,LCK,6.6020599913279625
5287969,CSF1R,5.552841968657781
16725726,SRMS,5.0
156422,ULK2,5.0
11667893,MAP3K2,5.161150909262744
11984591,PHKG2,6.026872146400302
17755052,LOK,5.0
10127622,AURKC,5.0
16725726,MYLK2,5.0
156414,CSNK1A1L,5.0
176167,CDK5,5.0
156414,MEK1,5.744727494896694
16007391,EPHA7,5.0
17755052,LATS2,5.0
3081361,PKMYT1,5.0
644241,JNK3,5.698970004336019
10427712,CSNK1A1L,5.721246399047171
11617559,PRKD3,5.0
17755052,NEK11,5.0
11617559,ULK2,5.0
17755052,PIK3CA(E542K),8.823908740944319
11656518,FLT3(K663Q),6.136677139879544
44259,ULK2,9.102372908709558
11427553,PAK6,5.886056647693163
5329102,PIK4CB,5.0
16007391,AURKB,8.337242168318426
6918454,WEE1,5.0
9929127,ULK2,5.0
44259,EPHA2,5.920818753952375
11364421,PIK4CB,5.0
156422,PKN2,5.0
176155,MAP3K15,5.0
44150621,PIK3C2B,5.0
644241,p38-delta,5.0
5287969,ABL1(F317I),5.0
24180719,VRK2,5.0
3038525,IKK-alpha,5.0
10127622,MAST1,5.0
11656518,MLK3,5.022276394711152
25243800,MST2,5.585026652029182
10427712,PIK3CA(E545K),7.142667503568732
3081361,PIK3CA,5.0
11617559,KIT(A829P),5.0
156414,TNIK,5.086186147616283
25243800,EGFR(T790M),5.619788758288394
11717001,PIK3CA(E545K),5.0
11364421,PIK3C2B,5.0
3038525,MAP3K2,5.0
10074640,ICK,5.0
44150621,PIK3CA,5.0
156414,CLK4,5.0
156414,ABL1(T315I),6.161150909262744
10138260,MRCKB,5.0
11656518,CAMK2A,5.0
9915743,PKMYT1,5.0
156422,ABL1(Q252H),6.080921907623926
11717001,PAK4,5.0
156414,MAPKAPK2,5.0
156422,HIPK3,5.0
25243800,NEK9,5.0
51004351,FER,5.920818753952375
11984591,MTOR,5.0
644241,PCTK1,5.0
6450551,LCK,5.568636235841013
176167,AMPK-alpha1,5.0
3081361,PIK3CA(E542K),5.0
10138260,ERBB2,5.0
9915743,LYN,6.086186147616283
9915743,AAK1,5.0
5329102,MELK,6.455931955649724
6918454,INSR,5.0
3081361,PLK1,5.0
16007391,PIK3CB,5.0
5287969,HIPK3,5.366531544420414
25127112,EPHB4,5.0
156414,FRK,5.468521082957745
5329102,MLK1,5.468521082957745
11314340,BRSK2,5.0
11717001,MST1R,5.0
16007391,FER,5.0
10427712,PRKR,5.0
6450551,RPS6KA4(KinDom.2-C-terminal),5.0
17755052,GRK7,5.0
6918454,PIK3CA(H1047Y),5.0
6450551,MST2,5.657577319177793
10427712,TYK2(JH1domain-catalytic),5.0
5287969,IGF1R,5.0
3062316,MAP3K1,5.0
11364421,NDR1,5.0
10427712,STK33,5.0
11364421,MELK,5.0
44150621,MYO3B,5.0
11717001,SRMS,5.0
156422,CSNK1G2,5.0
51004351,BMX,5.0
176167,MKNK1,5.0
51004351,DYRK1B,6.481486060122113
10138260,GSK3A,5.0
9915743,RIOK1,5.0
11314340,RSK4(KinDom.2-C-terminal),5.0
156422,PLK3,5.0
9929127,PLK4,5.0
24889392,FER,5.0
3062316,HUNK,5.0
5494449,STK33,5.0
176155,HPK1,5.0
44259,CDK4-cyclinD1,7.301029995663981
24889392,MKNK2,5.585026652029182
9929127,PRKG2,5.0
16007391,TYK2(JH1domain-catalytic),5.0
11667893,MST4,5.0
11656518,PHKG1,5.0
9915743,JAK1(JH1domain-catalytic),5.0
17755052,RIPK5,5.0
11427553,PAK1,5.6777807052660805
5287969,PRKCI,5.0
3062316,CLK4,5.0
11667893,DMPK,5.0
11626560,CLK4,5.0
16007391,MKNK1,5.0
5329102,PIK3CA(Q546K),5.0
11717001,PRKCH,5.0
9929127,JAK3(JH1domain-catalytic),5.0
16007391,MYO3B,5.0
5287969,RIPK4,5.0
9933475,PRKX,5.0
11364421,AKT1,5.0
176155,EPHA7,5.0
44150621,CSF1R,7.221848749616356
11656518,PDPK1,5.0
10427712,PAK7,5.0
16007391,FGFR1,5.0
11427553,SIK2,6.251811972993799
3081361,KIT(D816H),6.376750709602099
11626560,MST1R,7.602059991327962
3062316,CDK5,5.0
51004351,ASK1,5.0
9933475,MST2,5.0
11656518,PLK3,5.0
11626560,JAK2(JH1domain-catalytic),6.537602002101044
9915743,DYRK1A,5.0
11314340,ARK5,5.0
10127622,BRSK2,5.0
51004351,GRK7,7.318758762624413
176155,SIK2,5.0
11427553,GSK3A,5.0
44150621,EPHA2,5.0
24889392,LATS2,5.0
11427553,TRKA,6.568636235841013
11364421,PRKG2,5.0
6450551,LATS2,5.0
9926054,DMPK,5.0
10127622,RPS6KA4(KinDom.2-C-terminal),5.0
51004351,PIM2,5.508638306165728
11626560,LCK,7.522878745280337
11364421,PIK3CA(C420R),5.0
11364421,GCN2(KinDom2S808G),5.0
16725726,LATS2,6.853871964321762
10127622,ABL1(Y253F),5.0
11364421,JNK1,5.0
3062316,MELK,5.0
11667893,ERBB3,5.0
9915743,JNK1,5.481486060122113
176870,ABL2,6.698970004336019
24889392,PYK2,5.0
25127112,RSK3(KinDom.2-C-terminal),6.823908740944319
11667893,TGFBR2,5.0
11364421,RSK1(KinDom.2-C-terminal),5.0
156422,NEK11,5.0
11427553,MKNK2,5.920818753952375
5329102,ICK,6.327902142064283
11717001,EGFR(L861Q),5.0
17755052,RET(M918T),5.0
11314340,JAK3(JH1domain-catalytic),5.823908740944319
5494449,MST2,6.292429823902063
17755052,TRKC,5.0
11626560,FGFR1,5.0
9915743,MEK1,7.853871964321762
16725726,AKT2,8.67778070526608
25127112,NEK9,5.0
11626560,ERBB2,5.0
5329102,GRK7,6.744727494896694
10138260,JAK2(JH1domain-catalytic),5.795880017344075
6450551,EPHA1,5.0
25127112,BMPR1A,5.0
11626560,RPS6KA4(KinDom.2-C-terminal),5.0
16007391,PIK3C2G,5.0
44150621,PFTK1,5.0
176155,PKN1,5.0
17755052,EGFR(L747S752del),5.0
51004351,ADCK4,5.0
25243800,INSR,5.0
5494449,PAK3,5.481486060122113
9926054,NDR1,5.0
11656518,FGFR1,5.327902142064283
176155,FLT3(N841I),5.0
644241,RIPK4,5.0
10138260,ERBB3,5.0
11314340,TYRO3,5.0
11656518,CDK7,5.0
9926054,MAP4K3,5.0
3062316,PLK1,5.0
44259,PHKG1,9.187086643357144
11427553,KIT(D816H),6.619788758288394
25127112,PIK3CA(Q546K),5.0
24180719,GCN2(KinDom2S808G),5.886056647693163
11314340,FGR,5.0
25243800,PIK3CA(E542K),6.721246399047171
176167,YSK4,5.795880017344075
3081361,RSK4(KinDom.2-C-terminal),6.619788758288394
3062316,KIT(V559D-V654A),8.568636235841012
16007391,CAMKK1,5.0
16725726,BIKE,5.0
11427553,CTK,5.522878745280337
9933475,TXK,5.0
10427712,JNK1,5.0
156422,MKNK2,5.795880017344075
10427712,PIK4CB,6.366531544420414
3081361,CLK4,5.0
24889392,KIT(A829P),8.443697499232712
3062316,TYK2(JH2domain-pseudokinase),6.958607314841775
176870,EGFR(G719S),9.2839966563652
10074640,CDK7,5.0
9915743,TBK1,5.0
11656518,MST4,5.0
11667893,MLK1,5.0
11314340,SRMS,5.0
9915743,EPHA4,5.0
3038525,GSK3B,5.0
10427712,MRCKB,5.0
3081361,JNK1,5.0
11667893,RSK3(KinDom.2-C-terminal),5.0
11427553,EGFR,5.0
9926054,PIK3CA(H1047Y),5.0
44150621,PDPK1,5.0
16007391,TNNI3K,5.0
9933475,MAP4K4,5.698970004336019
16725726,NEK5,5.0
11314340,TNIK,6.853871964321762
9933475,PLK1,5.0
3062316,EGFR(L747S752del),6.494850021680094
17755052,FGR,5.0
5329102,ROS1,5.0
3038525,GSK3A,5.0
3038525,PKN1,5.0
3081361,VRK2,5.0
176155,ULK2,5.0
644241,LCK,7.327902142064283
24180719,CLK1,5.180456064458132
16007391,ULK3,5.0
9929127,HIPK2,5.0
11667893,TNIK,5.0
44150621,AKT1,5.0
11656518,SIK2,5.0
11667893,PYK2,5.0
11314340,FLT3(K663Q),6.301029995663981
176870,EPHA2,5.0
25243800,AMPK-alpha2,5.0
176167,MAP4K2,5.0
11656518,MYLK2,5.0
176870,MAP4K5,5.0
5494449,RPS6KA4(KinDom.2-C-terminal),5.0
10127622,PIK3CA(H1047Y),5.0
5494449,MLK3,6.167491087293763
6450551,TGFBR2,5.0
176167,TXK,5.0
11717001,MERTK,5.0
3081361,ULK2,5.0
5287969,SIK2,5.0
644241,AURKB,5.0
156414,CSNK1A1,5.0
25127112,DYRK1A,6.040958607678906
6918454,PIM2,5.0
9929127,WEE1,5.0
3062316,FGR,9.30102999566398
176155,MTOR,5.0
9926054,CAMK1D,5.0
51004351,MYLK4,6.1938200260161125
9926054,CDC2L1,6.376750709602099
10138260,PRKCH,5.0
11626560,PRKR,5.958607314841775
11314340,RET,5.0
44150621,SRPK1,6.376750709602099
11314340,PYK2,5.0
16007391,RET(V804M),6.619788758288394
6918454,EGFR(G719S),5.0
5494449,INSR,6.200659450546419
11656518,ERBB3,5.0
11984591,STK39,5.0
176155,MYLK,5.0
11427553,PLK3,5.0
10427712,RIPK5,5.0
11656518,MKNK1,5.0
11427553,ROS1,5.0
156422,CAMK2A,5.0
24889392,PRKR,5.0
16007391,MYLK2,5.0
11667893,PIK3CA(Q546K),5.0
644241,DYRK2,5.0
10427712,HIPK2,5.0
176155,JAK1(JH1domain-catalytic),5.0
10074640,STK39,5.0
9929127,FYN,5.0
10427712,LCK,5.455931955649724
5494449,FRK,5.42021640338319
10127622,PCTK2,5.0
9915743,SRMS,5.0
6450551,MAP4K3,5.920818753952375
3062316,PFPK5(Pfalciparum),5.0
11314340,ULK3,5.0
11626560,PAK4,5.0
10427712,MAP3K2,5.0
44150621,ALK,5.455931955649724
11667893,PHKG1,5.0
24180719,PIK3CA,5.0
176155,EPHB4,5.0
11626560,ABL2,6.337242168318426
5329102,MTOR,5.0
9933475,PHKG1,5.0
3081361,MST4,5.0
9933475,PIK3CA,5.0
5494449,ACVR2A,5.0
176870,RSK3(KinDom.2-C-terminal),5.0
156422,PIK4CB,5.0
25127112,CLK4,5.769551078621726
11667893,WEE1,5.0
10427712,MRCKA,5.0
11717001,TIE2,5.0
11364421,GSK3B,5.0
6450551,EGFR,5.0
10127622,PRP4,5.0
9929127,MEK3,5.0
17755052,NEK3,5.0
9915743,RIPK4,5.0
3038525,FGFR1,5.0
24889392,PIK4CB,5.0
11717001,BMPR2,5.0
44150621,CAMKK1,5.508638306165728
25127112,EGFR(T790M),5.0
25127112,TYK2(JH2domain-pseudokinase),5.853871964321762
5287969,FGFR1,5.0
10074640,FER,5.0
11656518,CLK3,5.0
3038525,CLK1,5.0
44259,NEK3,5.0
6918454,PKN1,5.0
156422,MINK,6.508638306165728
3062316,MLK3,5.0
11364421,PCTK1,5.0
10127622,EPHA6,5.0
25127112,TIE1,5.0
3038525,VRK2,5.0
5329102,TYK2(JH1domain-catalytic),5.795880017344075
17755052,GSK3A,5.0
644241,EGFR(L747S752del),5.0
11667893,MAP4K3,5.0
10074640,PIK3CA(C420R),5.0
11364421,MYLK4,5.0
11717001,RPS6KA4(KinDom.2-C-terminal),5.0
51004351,FGR,6.136677139879544
11314340,CSNK2A2,5.42021640338319
10074640,DLK,5.0
11667893,BMPR1A,5.0
6450551,PDPK1,5.0
9933475,PIK3CA(E542K),5.0
16007391,p38-beta,5.0
17755052,PCTK2,5.0
176870,DYRK1A,5.0
10127622,RET(V804M),5.0
644241,MKNK2,5.0
11617559,EGFR(L858R),5.0
17755052,YANK3,5.0
10427712,NEK5,5.0
6918454,KIT(D816H),5.0
5287969,MST2,5.026872146400302
3038525,PIK3CA(E545A),5.0
24180719,KIT(L576P),6.3979400086720375
10127622,SRMS,5.0
176155,CLK3,5.0
176155,FGFR1,5.0
11427553,RSK1(KinDom.2-C-terminal),5.0
176167,CAMKK1,5.0
3062316,MYLK4,5.0
11617559,DYRK1B,5.0
10427712,AAK1,6.060480747381382
176155,CDC2L1,5.0
24180719,FAK,5.0
5287969,CDC2L2,5.0
10427712,PYK2,5.0
11314340,MKNK2,5.468521082957745
11656518,EGFR(T790M),5.0
25127112,ABL1(F317I),5.0
9915743,PRKR,5.0
176155,PRKD3,5.0
11626560,CDK5,5.0
5287969,RSK3(KinDom.1-N-terminal),5.366531544420414
176155,MST1R,5.0
176167,TRPM6,5.0
6450551,TRKA,5.744727494896694
5494449,CLK3,5.0
51004351,MKNK1,5.0
644241,FER,5.0
176167,FLT4,5.42021640338319
10074640,CTK,5.0
11656518,ITK,5.0
9915743,FLT3(N841I),5.1938200260161125
11717001,KIT(D816V),5.0
9929127,KIT(D816V),5.0
11314340,SIK2,5.0
11314340,CSNK1D,6.6777807052660805
156414,MLK3,5.0
24889392,PRKG2,5.0
10138260,MAP4K5,6.522878745280337
9926054,EGFR(G719S),5.0
5287969,CSNK1D,5.0
44150621,AAK1,6.769551078621726
11626560,ACVR2A,5.0
5329102,CDK9,5.0
3038525,NEK3,5.0
16007391,JAK2(JH1domain-catalytic),5.0
156422,IKK-beta,5.0
11667893,PLK1,5.0
11314340,GSK3A,5.4089353929735005
3062316,PIM3,5.0
5287969,GSK3A,5.886056647693163
3038525,PLK4,5.0
10127622,AURKB,5.0
644241,PAK6,5.0
51004351,AURKC,6.769551078621726
156422,PHKG2,5.0
3081361,RIPK5,5.0
156422,LTK,5.853871964321762
9915743,TTK,5.0
644241,FLT4,5.0
11667893,MET(M1250T),5.0
6918454,CDK5,5.0
11656518,EPHA7,5.0
6918454,AURKC,5.744727494896694
156422,MEK1,5.0
11617559,EGFR(T790M),5.0
176870,PAK6,5.0
5287969,PDPK1,5.0
24889392,TGFBR2,5.0
6918454,ULK3,5.0
644241,ASK2,5.0
3038525,ABL1(Q252H),5.0
51004351,CAMKK1,6.886056647693163
3038525,JAK1(JH1domain-catalytic),5.0
10074640,IGF1R,5.0
176870,JNK1,5.0
16725726,SGK3,5.721246399047171
11656518,MAP4K2,5.301029995663981
10127622,PKNB(Mtuberculosis),5.0
5494449,WEE2,5.376750709602099
44150621,CAMK4,5.0
9926054,ERBB3,5.0
5287969,SRMS,5.853871964321762
176870,NEK7,5.0
3038525,EPHB1,5.2076083105017466
3081361,BLK,7.180456064458132
24180719,JAK3(JH1domain-catalytic),5.0
25127112,RSK4(KinDom.2-C-terminal),6.823908740944319
11617559,SRPK1,5.0
11617559,YANK3,5.0
5494449,EGFR(L861Q),5.0
11626560,LRRK2(G2019S),5.0
5329102,EPHB6,6.0
3038525,PIK3CA(E545K),5.0
11427553,RPS6KA4(KinDom.2-C-terminal),5.958607314841775
9915743,AMPK-alpha1,5.0
5494449,ABL1(Q252H),8.42021640338319
10127622,TIE2,5.0
51004351,PRKCE,6.267606240177032
5287969,ULK2,6.327902142064283
5494449,MINK,5.958607314841775
5494449,CLK1,5.0
6450551,CAMK4,5.0
10427712,BMPR1A,5.0
3081361,FYN,6.443697499232713
44150621,p38-beta,5.0
11984591,KIT(V559D-V654A),6.3872161432802645
3081361,FER,5.0
24180719,RSK1(KinDom.2-C-terminal),5.0
11984591,MARK3,5.721246399047171
5287969,PIK3CA(C420R),5.0
176155,MYLK4,5.0
644241,RET(V804M),5.0
44259,PRKG2,7.795880017344075
10138260,MTOR,5.0
10127622,EPHA3,5.0
11617559,DYRK2,5.0
9933475,TESK1,5.0
11717001,PIK3CA,5.0
11656518,PLK4,5.0
25243800,MRCKA,5.0
6450551,FLT4,6.769551078621726
51004351,RPS6KA5(KinDom.2-C-terminal),5.0
24180719,AMPK-alpha1,5.0
44259,BRSK1,7.585026652029182
176870,RIPK5,5.0
11364421,FER,5.0
5494449,PIK3CA(Q546K),5.0
24889392,IRAK1,5.0
644241,SIK,5.0
25127112,DYRK2,5.431798275933005
16007391,RIPK5,5.522878745280337
25243800,ZAK,5.744727494896694
10074640,IKK-alpha,5.0
3038525,CIT,5.0
3038525,PAK4,5.0
644241,HUNK,5.0
3038525,AMPK-alpha1,5.0
11984591,FRK,7.167491087293763
10074640,MEK6,5.0
156422,ERK3,5.0
10427712,ROCK2,5.0
44259,EPHB6,6.6777807052660805
44150621,LRRK2(G2019S),6.055517327849832
25127112,p38-beta,5.0
17755052,EPHB1,5.0
11626560,NEK3,5.0
5494449,TIE1,6.568636235841013
9926054,RIOK1,5.0
11717001,RET,5.0
11626560,KIT(D816V),5.431798275933005
51004351,MLK3,7.769551078621726
11667893,LIMK2,5.0
11427553,AAK1,7.318758762624413
9929127,YSK4,5.0
11656518,TESK1,5.0
9929127,BMX,5.0
51004351,PIK3CA(E545A),5.0
9933475,ASK1,5.0
176167,ACVR2A,5.0
3081361,MAST1,5.0
176870,RIPK4,5.309803919971486
11626560,NEK5,5.0
51004351,JAK2(JH1domain-catalytic),7.026872146400302
17755052,LYN,5.0
9915743,HUNK,5.0
9933475,KIT(A829P),7.008773924307505
16007391,AMPK-alpha2,5.0
11314340,CDK5,5.0
3081361,STK39,5.0
17755052,CDC2L2,5.0
176155,RIOK1,5.0
11984591,MYLK2,5.0
11626560,EGFR(L861Q),5.568636235841013
10127622,AMPK-alpha2,5.0
156422,PAK7,5.0
10074640,PKNB(Mtuberculosis),5.0
24889392,AMPK-alpha1,5.0
10138260,FAK,5.920818753952375
156414,PIK3CA(C420R),5.0
156422,MYO3B,5.0
51004351,EPHA3,5.0
44259,ABL2,6.958607314841775
44259,VRK2,5.0
11656518,ACVR2A,5.0
3038525,PHKG1,5.0
16725726,TIE1,5.0
44259,PKN2,8.602059991327963
16725726,DYRK1B,5.0
5494449,GAK,5.494850021680094
24889392,RET(V804L),7.886056647693163
11984591,BMPR1B,6.142667503568732
11717001,CDC2L1,5.0
3038525,PCTK2,5.0
11427553,PHKG1,6.6777807052660805
5287969,IKK-beta,5.0
11984591,ERN1,5.795880017344075
9926054,KIT(D816V),5.0
11656518,TNNI3K,5.229147988357856
44259,STK33,8.744727494896694
156414,WEE2,5.0
3038525,PRKX,5.0
176870,RSK1(KinDom.2-C-terminal),5.0
44259,MAP3K15,8.602059991327963
10074640,RET(M918T),5.0
16007391,PAK1,5.0
11656518,MTOR,5.0
11717001,AKT1,5.0
3081361,AMPK-alpha2,5.0
9915743,CAMK1D,5.251811972993799
9926054,ABL1(Y253F),5.0
25127112,RET,6.142667503568732
24180719,INSR,5.0
176870,p38-delta,5.0
5287969,EPHA3,5.481486060122113
17755052,EGFR(T790M),5.0
9929127,RET(V804L),5.0
24180719,IRAK4,5.0
16007391,ERBB3,5.0
10138260,p38-beta,5.0
3081361,PCTK2,5.0
9933475,PIK3C2G,5.0
16725726,ROS1,5.0
25243800,RSK3(KinDom.2-C-terminal),5.0
9929127,PIK3CA,5.0
176167,EPHA2,5.0
5329102,STK35,5.886056647693163
24180719,STK16,5.721246399047171
25127112,MAST1,6.2839966563652006
24889392,PCTK2,5.0
17755052,MST1R,5.0
11314340,EPHA5,5.0
176870,PAK7,5.0
3062316,BRAF,6.301029995663981
176155,CAMK4,5.0
11656518,CSNK1D,5.0
25127112,TNNI3K,5.0
51004351,MAP4K4,6.187086643357144
16725726,CAMKK1,5.0
10074640,PIK3CA,5.0
11984591,VRK2,5.0
24889392,CSNK2A2,5.0
156422,LYN,5.568636235841013
5494449,IKK-beta,5.0
10127622,KIT(D816H),5.0
25127112,CLK1,5.0
16725726,CSNK1G2,5.0
3081361,SRPK2,5.0
11984591,AAK1,6.3872161432802645
10138260,PAK6,5.0
9929127,RSK4(KinDom.2-C-terminal),5.0
24889392,LIMK2,5.0
176167,STK39,5.0
24180719,BMPR1A,5.0
16007391,NEK9,5.0
25127112,CSNK1A1L,5.0
11656518,TXK,5.0
51004351,IGF1R,5.0
11427553,CDK9,5.0
5329102,ERK3,5.0
6918454,MEK6,5.0
11427553,AMPK-alpha1,6.366531544420414
176155,KIT(L576P),5.0
156422,CAMK1,5.0
5494449,TTK,5.091514981121351
3062316,GSK3A,5.0
9929127,ERBB3,5.0
176155,PIM2,5.0
11626560,AAK1,5.638272163982407
644241,PDPK1,5.0
11364421,ERBB2,5.0
24889392,YSK4,5.698970004336019
11617559,STK16,5.0
44259,KIT(V559D-V654A),7.42021640338319
9929127,CAMK4,5.0
9933475,CSNK1G2,5.0
156414,ADCK4,5.468521082957745
176167,LRRK2,5.0
11984591,AURKC,7.387216143280264
25243800,EPHB1,5.721246399047171
11717001,ERN1,5.0
3081361,ICK,5.0
9915743,CDK4-cyclinD1,5.0
644241,MAP4K5,5.0
24180719,PLK3,5.0
11656518,IRAK4,5.0
10127622,INSR,5.0
3062316,MAST1,5.0
11984591,EPHA2,6.853871964321762
44150621,ARK5,6.619788758288394
17755052,STK33,5.0
44150621,KIT(D816V),5.853871964321762
6918454,CAMK1D,5.0
176870,GRK7,5.0
176167,EGFR(L858RT790M),5.0
11364421,LRRK2(G2019S),5.0
9929127,ABL1(T315I),5.0
25243800,PAK1,5.0
5329102,p38-beta,5.0
9915743,KIT(L576P),5.0
10427712,PRKD3,6.045757490560675
156422,ITK,5.0
9929127,INSR,5.0
11984591,GSK3B,6.920818753952375
44259,PCTK2,7.017728766960432
3062316,JAK2(JH1domain-catalytic),6.0
11617559,PIK3CA(E545K),5.0
10427712,BRSK2,5.920818753952375
176155,PRKCI,5.0
644241,BMPR2,5.0
16725726,ASK2,5.0
44150621,MAP4K5,6.2076083105017466
176870,MKNK2,6.0
11626560,FRK,5.537602002101044
9929127,RET(M918T),5.0
11617559,SRPK2,5.0
25127112,AMPK-alpha2,5.0
6918454,EGFR(L858RT790M),5.0
11626560,SIK,5.0
5329102,EGFR(G719S),5.0
25243800,MYLK,6.481486060122113
25243800,PFTK1,5.0
11717001,SGK3,5.0
5494449,LYN,6.187086643357144
11984591,p38-delta,6.161150909262744
9933475,IGF1R,5.0
44259,FGFR2,7.0
176155,ACVR2A,5.0
16725726,HPK1,5.0
11427553,FER,5.958607314841775
176167,CSK,5.0
9926054,PLK3,5.0
16725726,EPHA3,5.0
6918454,FER,5.0
24889392,MYLK,5.0
9933475,CSNK1D,5.0
176167,HIPK3,5.0
11617559,CIT,5.0
24889392,FLT3(K663Q),8.657577319177793
5494449,PIK3CA(E545A),5.0
9915743,CIT,5.0
3038525,EGFR(L861Q),5.0
5329102,EPHB4,5.508638306165728
5287969,PRKX,5.0
16007391,RPS6KA4(KinDom.2-C-terminal),5.0
11656518,ALK,5.0
9915743,MTOR,5.0
25127112,CDK7,5.481486060122113
11314340,CDK7,7.154901959985743
176155,MST4,5.0
176155,BMX,5.0
156422,MAP3K2,5.0
176870,TIE2,5.0
9926054,EGFR(L858RT790M),5.0
25243800,ITK,5.0
25243800,EPHB4,5.0
11656518,TGFBR1,5.0
44150621,EPHA1,5.0
6450551,AKT1,5.0
5494449,ULK3,6.508638306165728
11717001,CSF1R,5.0
24180719,RET(V804M),5.0
9933475,ERK3,5.0
16725726,YANK3,5.0
9933475,GAK,5.769551078621726
11984591,TXK,6.853871964321762
11617559,PIK3CA(E542K),5.0
6918454,GAK,5.0
25127112,BRSK2,5.0
176870,AMPK-alpha1,5.0
176870,SIK,5.0
24180719,TIE1,5.0
5287969,RIPK5,5.376750709602099
11364421,EPHA6,5.0
25243800,STK33,5.346787486224656
3038525,AMPK-alpha2,5.0
10138260,PHKG2,7.0
5494449,MAP4K4,5.619788758288394
11717001,CTK,5.0
176155,CDK4-cyclinD1,5.0
16725726,FLT3(ITD),5.0
11656518,LTK,5.0
10427712,PRKG2,5.0
9926054,IGF1R,5.0
10074640,ADCK4,5.0
25243800,CDK7,5.259637310505756
17755052,PRP4,5.0
5287969,PIK3CA,5.0
10138260,TGFBR1,5.0
11617559,RSK3(KinDom.2-C-terminal),5.0
11427553,IRAK4,6.167491087293763
10138260,MELK,6.468521082957745
6918454,DYRK1A,5.0
9915743,ERBB2,8.221848749616356
156414,RPS6KA4(KinDom.2-C-terminal),5.0
17755052,EPHA5,5.0
6450551,HIPK2,5.0
9915743,KIT(D816H),5.0
6918454,p38-beta,5.0
24889392,NEK3,5.0
10074640,HIPK2,5.0
5494449,MRCKA,5.0
25127112,MRCKA,5.0
176155,ZAK,5.356547323513813
51004351,CSNK1G2,5.0
9933475,TGFBR2,5.0
644241,ULK2,5.0
11984591,FER,6.886056647693163
44150621,ADCK4,5.0
11427553,CLK4,7.309803919971486
11314340,LYN,5.0
10138260,ULK3,7.376750709602099
156414,AMPK-alpha2,5.0
11617559,EPHA5,5.0
10138260,RSK3(KinDom.1-N-terminal),6.585026652029182
11617559,TTK,5.0
11617559,EGFR,5.0
6450551,FLT3(ITD),6.6020599913279625
3038525,GRK7,5.0
176870,MLK1,5.0
156414,BMPR1B,5.585026652029182
16725726,ULK2,5.638272163982407
17755052,GCN2(KinDom2S808G),5.0
5329102,HUNK,6.301029995663981
644241,DAPK2,5.0
11626560,PRKG2,5.0
9915743,ERBB3,8.113509274827518
6918454,NDR1,5.0
5329102,RET,7.886056647693163
11617559,LRRK2(G2019S),5.0
176155,YSK4,5.0
9915743,PRKCI,5.0
156414,KIT(D816V),5.4089353929735005
24180719,PDPK1,5.0
156422,GSK3B,5.0
156414,CAMK4,5.0
11717001,BIKE,5.0
11364421,MAP4K2,5.0
156414,BMPR2,5.0
3081361,WEE1,5.0
11626560,TBK1,6.161150909262744
24889392,PIK3CA(H1047Y),5.0
44150621,MEK1,6.2839966563652006
24889392,RIPK4,5.0
3038525,LATS2,5.0
25243800,NEK7,5.0
25243800,CDC2L1,5.0
24180719,CDK4-cyclinD1,5.0
51004351,PDPK1,6.721246399047171
11314340,KIT(D816H),5.366531544420414
25243800,LRRK2(G2019S),5.769551078621726
44259,FER,7.619788758288394
17755052,PFTK1,5.0
11427553,PAK7,6.4089353929735005
11626560,TIE2,6.568636235841013
176870,ASK1,5.0
11717001,KIT(A829P),5.0
10127622,LTK,5.0
5329102,ABL1(Q252H),6.619788758288394
9929127,MET(M1250T),5.0
11667893,ALK,5.0
11617559,ASK2,5.0
11617559,GRK7,5.0
16725726,NEK3,5.0
16725726,NDR1,5.0
11717001,JNK1,5.0
16725726,ACVR2A,5.0
9915743,EPHA2,5.0
11427553,ASK2,5.0
176167,ALK,5.0
5287969,CSNK1A1L,5.619788758288394
3062316,TGFBR1,6.638272163982407
6918454,CDK7,5.0
24889392,BRK,5.0
11656518,ABL1(F317I)p,5.0
176167,GSK3A,5.0
6450551,ERK3,5.0
156422,PFPK5(Pfalciparum),5.0
5287969,MRCKA,5.022276394711152
5494449,CSNK1G2,5.0
11984591,FLT3(N841I),8.823908740944319
176870,PIK3CA(H1047Y),5.0
11667893,PIK3C2G,5.0
10138260,LIMK2,5.0
11364421,NEK11,5.0
10127622,EPHB4,5.0
10127622,BRSK1,5.0
16007391,MST1R,5.0
10074640,MYLK2,5.0
11667893,PIK4CB,5.0
10138260,PIK3CA(H1047Y),5.0
176167,CDK7,5.585026652029182
44150621,FGFR2,6.3872161432802645
11626560,CAMK2A,5.0
11984591,JAK1(JH1domain-catalytic),7.67778070526608
3081361,ABL2,7.161150909262744
16007391,BRSK1,5.0
9915743,TNNI3K,5.0
11314340,LTK,5.0
24180719,PIK3CB,5.0
11617559,RPS6KA4(KinDom.2-C-terminal),5.0
16007391,MAST1,5.0
9933475,RSK3(KinDom.2-C-terminal),5.0
3038525,AURKB,5.0
5329102,FRK,6.275724130399211
5494449,NEK3,5.0
11617559,MET(M1250T),5.0
11364421,RAF1,5.0
24889392,EPHB6,5.920818753952375
10427712,CSNK1G2,5.619788758288394
3081361,ITK,5.0
11667893,DCAMKL1,5.0
10074640,BLK,6.823908740944319
9915743,NEK7,5.0
44150621,PRKCE,5.0
5329102,EPHA1,5.0
156422,EGFR(G719S),5.040958607678906
5329102,CIT,5.4089353929735005
24180719,PRP4,5.0
9933475,AMPK-alpha1,5.0
16725726,PIK3CA(E545A),5.0
9926054,EGFR(T790M),5.0
44150621,EGFR(L858RT790M),6.026872146400302
9915743,MEK3,5.0
3038525,CDC2L2,5.0
11667893,MYLK4,5.0
44150621,RET(V804L),7.568636235841013
51004351,TRKA,6.42021640338319
5329102,PFTK1,6.568636235841013
25243800,BRAF,6.055517327849832
10074640,TYRO3,5.0
6918454,MAP3K2,5.0
9926054,BMPR2,5.0
11427553,PIK4CB,5.0
9933475,MAP3K2,5.0
10074640,AMPK-alpha2,5.0
176870,KIT(D816V),5.795880017344075
17755052,RPS6KA4(KinDom.2-C-terminal),5.0
644241,EGFR(L858R),5.0
156414,EGFR(L858R),9.619788758288394
176155,ULK3,5.0
5329102,MAP4K4,6.853871964321762
3081361,BRSK2,5.0
6450551,MARK3,5.0
11364421,CDK9,5.0
11626560,RET(V804M),5.0
11667893,BIKE,5.0
24889392,MEK1,5.0
24889392,PIK3CB,5.0
11617559,MRCKB,5.0
10127622,PKN1,5.0
10127622,GCN2(KinDom2S808G),5.0
6918454,PRKCE,5.0
11427553,TYRO3,5.0
644241,NDR1,5.0
176167,RET(V804M),5.0
44150621,CAMK2A,5.0
17755052,MAP4K2,5.0
156422,KIT(A829P),5.853871964321762
5287969,PLK1,5.0
10074640,FRK,7.060480747381382
3062316,PAK3,5.0
11667893,FLT4,8.013228265733755
11667893,MAST1,5.0
17755052,PHKG1,5.0
156422,DRAK2,5.0
156422,MEK3,5.0
9915743,TYK2(JH2domain-pseudokinase),5.0
25127112,RIPK5,5.0
11314340,AMPK-alpha2,5.0
156414,PLK3,5.0
9929127,LRRK2,5.0
156414,AURKC,5.552841968657781
24889392,MYLK4,5.0
25243800,RET(M918T),8.397940008672037
11314340,INSR,5.0
6450551,PFTK1,5.0
24180719,ABL1(Q252H),6.698970004336019
44150621,TYK2(JH1domain-catalytic),6.823908740944319
3081361,SRMS,5.721246399047171
6918454,PLK4,5.0
11626560,CHEK1,5.0
51004351,TNIK,5.795880017344075
3062316,ABL1(Q252H),10.431798275933003
3081361,MERTK,5.853871964321762
3081361,TNNI3K,5.552841968657781
10138260,PDPK1,5.585026652029182
3081361,PAK1,5.0
5329102,GAK,7.698970004336019
156414,MELK,5.0
11667893,SGK3,5.0
6450551,EPHA2,5.0
25243800,PRKCH,6.091514981121351
11656518,FER,5.0655015487564325
10138260,MST4,6.481486060122113
5287969,ERN1,5.0
11364421,PAK1,5.0
6918454,IRAK4,5.0
9926054,MAP3K15,5.0
44259,GSK3A,6.853871964321762
11364421,EPHA7,5.0
5329102,TIE1,5.4089353929735005
176870,FLT3(N841I),6.301029995663981
6450551,ABL1(Q252H),6.537602002101044
44259,DAPK3,9.0
25243800,ABL1(Y253F),6.455931955649724
3062316,ROCK2,5.0
44150621,AURKC,5.958607314841775
11717001,BMX,5.0
16007391,PIM2,5.0
24889392,TTK,5.0
3038525,TIE2,5.0
3038525,EPHB4,5.0
25243800,DMPK,6.853871964321762
9926054,DAPK2,5.0
24180719,MAP4K3,5.0
11626560,VRK2,5.0
10074640,BRSK1,5.0
11427553,FLT3(ITD),7.698970004336019
3038525,NDR1,5.0
24889392,STK33,5.0
6918454,PLK3,5.0
5329102,MARK3,6.3872161432802645
6450551,FYN,5.0
156414,MAP3K1,5.0
24889392,BLK,5.0
10074640,DCAMKL1,5.0
10138260,MAPKAPK2,5.0
11364421,CLK3,6.200659450546419
16007391,CDKL1,5.0
10427712,PKN1,5.0
11667893,EPHB1,5.0
11427553,FLT3(K663Q),8.18045606445813
11656518,LCK,6.1938200260161125
156414,p38-beta,5.0
11656518,PRP4,5.0
6450551,CSNK1G2,5.0
25243800,MST1R,5.0
11626560,CSNK1A1,5.0
16725726,FGFR2,5.0
10427712,ERBB2,6.356547323513813
11667893,TNNI3K,6.657577319177793
11617559,DRAK2,5.0
9926054,ADCK4,5.0
3038525,PIK3CA(E542K),5.0
11617559,RET,5.0
11667893,EPHA3,5.0
25243800,PKN2,5.0
17755052,GSK3B,5.0
25243800,TIE2,5.657577319177793
11667893,CAMK1,5.0
3062316,DRAK2,5.0
44259,MEK6,8.468521082957745
25127112,EGFR,5.0
176870,EGFR(L858R),9.013228265733757
176870,PKMYT1,5.0
9926054,ULK3,5.0
156422,ULK3,5.0
156422,MAP4K4,7.045757490560675
176870,ERBB3,5.958607314841775
156422,PYK2,6.00436480540245
9929127,CAMK1D,5.0
11427553,BRSK2,5.920818753952375
11617559,STK33,5.0
11667893,CDK9,5.0
44150621,BMX,5.0
9933475,PKNB(Mtuberculosis),5.0
17755052,ASK2,5.0
44259,MELK,7.481486060122113
44150621,CDC2L2,5.0
9929127,TYK2(JH1domain-catalytic),5.0
11656518,RET(M918T),7.142667503568732
6450551,CDK4-cyclinD1,5.0
11656518,BRAF,5.920818753952375
11626560,HIPK2,5.0
6450551,DYRK2,5.0
17755052,FLT3(N841I),5.4089353929735005
6450551,IRAK1,5.508638306165728
17755052,IKK-beta,5.0
11626560,CTK,5.0
24889392,HPK1,5.0
3062316,INSR,5.0
10127622,FGFR2,5.0
24180719,ERN1,5.0
24180719,BMX,5.0
16725726,PHKG2,5.0
25127112,GCN2(KinDom2S808G),5.0
11314340,RSK3(KinDom.2-C-terminal),5.0
9926054,BRAF,5.0
24180719,PIK3CA(E545A),5.0
10074640,MAP3K1,5.0
5329102,AMPK-alpha1,7.721246399047171
3081361,DLK,5.0
10074640,PRKX,5.0
11617559,HUNK,5.0
6450551,ULK3,6.173925197299174
10427712,GAK,5.853871964321762
176155,CHEK1,5.0
6918454,EPHB6,5.0
5329102,FLT3(K663Q),9.657577319177792
16007391,EPHB6,7.301029995663981
5329102,CAMKK1,6.376750709602099
644241,CDK5,5.0
11984591,DYRK1A,6.585026652029182
6918454,KIT(V559D-V654A),5.0
10138260,JAK3(JH1domain-catalytic),6.236572006437063
24889392,EPHB1,5.0
6918454,BRK,5.0
156422,DYRK1A,5.0
16725726,FRK,5.0
16007391,MST2,5.0
9933475,PIK3C2B,5.0
3081361,RAF1,5.0
10074640,RIOK1,5.0
16007391,EPHA6,5.0
9929127,SIK,5.0
17755052,PKMYT1,5.0
11717001,AAK1,5.0
25243800,PAK6,5.958607314841775
176167,BRK,5.0
156422,MRCKB,6.040958607678906
5329102,VRK2,5.0
9933475,CLK3,5.0
10074640,p38-beta,5.0
5287969,NEK11,5.0
11617559,p38-delta,5.0
5494449,HIPK2,5.0
644241,MARK3,5.0
51004351,RIOK1,5.920818753952375
44259,MST4,6.853871964321762
5329102,FLT3(ITD),9.00436480540245
10074640,PIK3C2B,5.0
10127622,RET,5.0
25243800,CAMK1,5.0
156422,RET,6.301029995663981
10138260,NDR1,6.154901959985743
9915743,MAP3K15,5.0
9915743,NEK5,5.0
11656518,PLK1,5.0
16725726,STK35,5.0
25127112,ACVR2A,5.0
156422,MYLK2,5.0
6918454,ROS1,5.0
11626560,CDC2L1,6.119186407719209
11364421,PLK1,9.721246399047171
11427553,SGK3,7.017728766960432
16725726,TGFBR1,5.0
11427553,MRCKA,5.0
11427553,EGFR(L747E749del),5.0
156414,PIK3CA,5.0
51004351,WEE1,5.337242168318426
176155,GSK3A,5.0
16007391,DYRK2,5.0
11314340,HUNK,5.0
44259,NEK9,5.508638306165728
25127112,PFTK1,5.0
9926054,CTK,5.0
10138260,KIT(V559D-V654A),9.602059991327964
176167,FLT3(K663Q),6.376750709602099
51004351,MRCKA,5.0
44259,EGFR(G719S),5.958607314841775
11656518,CDC2L2,5.0
10427712,KIT(V559D-V654A),5.0
3081361,MAP4K2,5.795880017344075
176870,PHKG1,5.0
11427553,PFPK5(Pfalciparum),5.0
11984591,CAMKK1,5.0
5287969,EPHA6,5.0
10074640,DAPK3,5.0
156414,TAOK2,5.0
11364421,CSNK1A1,5.508638306165728
156414,RSK1(KinDom.2-C-terminal),5.2076083105017466
11314340,PRKG2,7.721246399047171
10138260,ABL1(F317I)p,5.619788758288394
16725726,BMPR2,5.0
156422,TNIK,6.853871964321762
11314340,STK39,5.0
9929127,CDK4-cyclinD1,5.0
24889392,ERN1,5.0
9915743,CSNK1D,5.0
25243800,PIM3,5.522878745280337
44150621,PAK7,5.0
17755052,MLK3,5.0
11717001,TRKA,5.0
11984591,RSK4(KinDom.2-C-terminal),5.0
176870,PYK2,5.0
11717001,KIT(V559D-V654A),5.0
11656518,CAMK1D,5.0
17755052,MST2,5.0
5329102,PRKR,6.173925197299174
51004351,LTK,5.522878745280337
10427712,TBK1,5.0
5494449,PIK3CA(E545K),5.0
11626560,PCTK1,5.0
16007391,CDK7,5.2076083105017466
3038525,ICK,5.0
24889392,EGFR(G719S),5.0
176155,PIK3CA,5.0
5494449,MYLK,5.0
156414,DRAK2,5.136677139879544
9915743,PIM2,5.0
16007391,TAOK2,5.0
25127112,MERTK,5.0
11617559,BMX,5.0
156414,DAPK2,5.0
176870,RET,5.886056647693163
25243800,MST4,5.431798275933005
156414,SIK2,5.309803919971486
176167,WEE1,5.0
11364421,TYK2(JH1domain-catalytic),5.0
51004351,EPHA1,5.0
3062316,CAMK1,5.0
11427553,RSK3(KinDom.1-N-terminal),6.2076083105017466
11717001,BRSK2,5.0
3038525,ACVR2A,5.0
25127112,CDK4-cyclinD1,5.0
5287969,TBK1,6.327902142064283
156414,BRAF,5.0
6918454,JNK1,5.0
24889392,RET(V804M),8.040958607678906
11617559,PKNB(Mtuberculosis),5.0
176155,PLK3,5.0
11626560,IRAK4,5.443697499232713
9929127,AKT2,5.0
5287969,AMPK-alpha1,5.0
10074640,NEK3,5.0
6918454,LTK,5.0
44150621,PHKG2,5.045757490560675
6450551,PIK3CA(E542K),5.0
5494449,PKN2,5.301029995663981
11667893,STK35,5.267606240177032
10127622,JNK3,5.0
11626560,SGK3,5.0
24889392,JNK1,5.0
11717001,NEK5,5.0
11667893,MKNK2,5.0
11667893,CDK4-cyclinD1,5.0
176870,IRAK4,5.0
11617559,BIKE,5.0
17755052,ZAK,5.0
11656518,PIK3C2B,5.0
10427712,FGFR2,5.0
644241,PRKCH,5.0
11314340,VRK2,5.3979400086720375
10127622,DAPK2,5.0
11617559,AURKA,5.0
11667893,CAMK2A,5.0
176167,PKMYT1,5.0
6918454,IRAK1,5.0
44150621,MYLK,5.455931955649724
16725726,LRRK2(G2019S),5.0
51004351,KIT(L576P),7.387216143280264
6918454,p38-delta,5.0
176167,SIK,5.0
156422,MET(M1250T),5.0
11626560,MYO3B,5.0
6450551,PKN1,5.0
44150621,STK33,5.0
11626560,CAMK1D,5.0
11427553,ERK3,5.259637310505756
3038525,CTK,5.0
176167,EPHA3,5.0
25243800,RET,8.318758762624412
9915743,EGFR(G719S),9.040958607678906
11617559,CLK3,5.0
11717001,CSNK2A2,5.0
644241,NEK5,5.0
176870,PIM3,5.0
9915743,EPHA6,5.0
16007391,LRRK2(G2019S),5.0
51004351,ZAK,5.0
176167,RSK4(KinDom.2-C-terminal),5.0
11427553,KIT(A829P),6.0655015487564325
644241,PLK4,5.0
11656518,PYK2,5.0
176155,CSNK1A1L,5.769551078621726
9915743,PAK6,5.1249387366083
10074640,PAK6,5.0
11427553,DYRK1B,6.026872146400302
11717001,BMPR1B,5.744727494896694
156422,RIOK1,5.0
17755052,ABL1(Y253F),5.0
9933475,PRKCE,5.0
44150621,TRKC,6.721246399047171
11667893,HPK1,5.0
11656518,EPHA5,5.0
16725726,EGFR(T790M),5.0
6918454,CAMK2A,5.468521082957745
3081361,EGFR(T790M),7.0
11364421,TGFBR2,5.0
9915743,ROCK2,5.0
17755052,BMPR1A,5.0
6918454,PKNB(Mtuberculosis),5.0
176155,DCAMKL1,5.0
11364421,IKK-beta,5.0
11984591,SIK2,7.10790539730952
176155,STK33,5.0
3038525,PHKG2,5.0
9929127,CHEK1,5.0
24889392,NEK9,5.0
17755052,PLK1,5.0
24889392,RSK1(KinDom.2-C-terminal),5.0
5494449,CIT,5.0
24889392,ASK1,5.0
176155,AURKA,5.0
24180719,TRKA,5.0
11656518,EPHB6,7.366531544420414
51004351,PLK1,5.0
176870,JAK1(JH1domain-catalytic),5.0
9926054,IKK-beta,6.886056647693163
9929127,PFPK5(Pfalciparum),5.0
16007391,CDC2L2,6.0
9933475,PIK3CA(E545K),5.0
644241,AAK1,5.0
17755052,EGFR(L747E749del),5.0
24180719,EGFR(L861Q),5.0
25127112,PIK3C2B,5.0
156414,ULK2,5.0
156422,TRKC,6.721246399047171
6918454,ASK1,5.0
156422,FGFR1,5.366531544420414
44259,CTK,6.585026652029182
6918454,TIE1,5.0
11314340,TAOK2,5.309803919971486
9915743,BRK,5.0
16725726,DAPK2,5.0
24180719,CIT,5.0
10427712,SIK2,5.0
176155,IKK-beta,5.0
176155,BRK,5.4089353929735005
9915743,LRRK2(G2019S),5.0
11626560,MLK3,5.0
11984591,CSNK1A1,5.0
11314340,IGF1R,5.0
9915743,IKK-beta,5.0
44150621,SRMS,5.0
5329102,BMPR2,6.2441251443275085
25127112,ASK2,5.0
9929127,FLT3(N841I),5.0
10074640,CSNK1A1,5.0
44259,MTOR,5.0
10127622,MAPKAPK2,5.0
11656518,CDC2L1,5.0
3081361,EPHA6,7.301029995663981
10138260,PYK2,6.221848749616356
176870,DMPK,5.537602002101044
5329102,PIK3CA(E542K),5.0
11984591,SIK,7.275724130399211
9915743,MAP4K2,6.657577319177793
156414,DAPK3,5.0
24889392,LRRK2(G2019S),5.0
5287969,TNIK,5.0
9926054,EPHA2,5.0
10427712,GSK3B,5.0
3081361,TBK1,5.0
25127112,STK33,5.0
156422,BIKE,5.0
24889392,FGR,5.0
11984591,PRKCE,5.0
11427553,RAF1,5.0
5494449,AURKA,8.4089353929735
11656518,MARK3,5.0
9929127,CDC2L2,5.0
5287969,RPS6KA5(KinDom.2-C-terminal),5.0
16725726,PYK2,5.0
11656518,ABL1(Q252H),6.356547323513813
17755052,BRSK1,5.0
44259,LTK,7.431798275933005
3038525,CLK4,5.0
6450551,FRK,5.0
644241,AURKA,5.0
44150621,JNK1,5.0
10127622,IRAK1,5.0
9915743,MRCKB,5.0
24180719,NEK9,5.0
176870,CDK4-cyclinD1,5.0
16007391,ARK5,5.0
3062316,PRKD3,5.0
156414,EPHA5,5.920818753952375
9933475,PHKG2,5.0
16725726,CDC2L1,5.0
9915743,ARK5,5.823908740944319
9929127,JAK1(JH1domain-catalytic),5.0
3081361,CDK4-cyclinD1,5.0
24180719,PIK4CB,5.920818753952375
6918454,KIT(D816V),5.0
24889392,LYN,5.2441251443275085
11364421,LRRK2,5.0
11314340,PIM2,6.657577319177793
44150621,ROS1,5.0
10138260,MINK,7.161150909262744
24889392,RET(M918T),8.522878745280337
11617559,DAPK3,5.0
6450551,MERTK,5.494850021680094
176167,IKK-beta,5.0
10427712,KIT(D816H),5.0
24889392,MLK3,5.0
16725726,BMPR1B,5.0
11314340,MEK6,5.0
11314340,BRAF,5.0
17755052,PIK3CA(Q546K),8.769551078621726
11667893,DLK,5.0
11626560,PAK3,5.0
156414,PHKG1,5.0
156414,EPHA7,5.0
25243800,DRAK2,5.494850021680094
11427553,PRP4,6.568636235841013
3038525,EPHA2,5.0
10138260,EGFR(T790M),5.481486060122113
176167,JAK1(JH1domain-catalytic),5.0
11656518,AKT1,5.0
644241,ABL1(F317I)p,7.251811972993799
11364421,AAK1,5.552841968657781
24889392,MEK6,5.0
10127622,CAMKK1,5.0
10427712,DLK,5.0
10427712,CLK4,6.886056647693163
5287969,MYO3B,5.0
11984591,EGFR(T790M),7.142667503568732
156414,RIPK5,5.0
156422,MAP3K1,5.0
10127622,HIPK3,5.0
24180719,TNNI3K,5.0
44259,TXK,6.638272163982407
10427712,CDC2L2,5.0
11656518,PRKR,6.022276394711152
9926054,RPS6KA5(KinDom.2-C-terminal),5.0
11667893,BRAF,6.200659450546419
17755052,JNK1,5.823908740944319
11626560,ASK1,5.0
176870,PKNB(Mtuberculosis),5.0
44259,HIPK2,6.721246399047171
644241,EGFR(L858RT790M),5.0
17755052,RIPK4,5.0
11364421,MST2,5.0
9929127,LOK,5.0
11427553,CDC2L1,5.0
9933475,MST4,5.346787486224656
17755052,MERTK,5.0
11427553,PKMYT1,5.0
156414,TXK,6.154901959985743
11364421,MKNK2,5.0
11667893,STK33,5.0
51004351,MINK,6.769551078621726
3081361,CTK,5.0
25243800,EPHA1,7.00436480540245
24889392,STK39,5.0
9929127,PIK3CA(E542K),5.0
3062316,LATS2,5.0
5287969,TGFBR1,5.0
11364421,CHEK1,5.0
644241,PLK1,5.0
5287969,ROS1,5.0
24180719,DAPK3,5.0
25127112,PFPK5(Pfalciparum),5.0
24180719,PRKG2,5.0
644241,ERBB2,5.0
6918454,ARK5,5.0
11717001,ERK3,5.0
5329102,PAK6,5.619788758288394
11427553,LYN,5.508638306165728
24180719,FLT3(ITD),5.214670164989233
644241,FLT3(N841I),5.0
10127622,p38-delta,5.0
5329102,STK33,7.769551078621726
5287969,PIM3,6.221848749616356
16007391,GSK3B,5.0
3038525,KIT(A829P),5.0
156422,BRAF,5.568636235841013
24180719,CAMK1,5.721246399047171
11427553,EGFR(T790M),6.251811972993799
11364421,RSK3(KinDom.1-N-terminal),5.0
9929127,SRPK2,5.0
5329102,PRKG2,5.0
11667893,RIPK4,5.0
6450551,ASK2,5.0
44150621,IRAK4,6.886056647693163
11667893,FGFR1,5.2076083105017466
5329102,ADCK4,5.0
5287969,ABL2,5.0
5329102,EPHA3,5.6777807052660805
3062316,BRSK2,5.0
9915743,IRAK1,5.638272163982407
11364421,TNIK,5.0
3062316,RIPK5,5.0
156414,TGFBR1,5.017728766960432
44259,MEK3,8.301029995663981
11984591,PIK3CA(E545K),5.0
10138260,ABL1(F317I),5.468521082957745
6918454,MST4,5.0
176167,BRSK2,5.0
25127112,IKK-alpha,5.0
16007391,TIE2,5.721246399047171
51004351,GSK3A,5.6020599913279625
9933475,MAP4K5,7.0
9926054,CSNK1D,5.0
11984591,PIK3CB,5.0
9929127,PCTK1,5.0
5329102,ERN1,6.221848749616356
644241,TNIK,5.0
176870,ABL1(F317I),5.086186147616283
3062316,PAK6,5.0
25127112,INSR,5.0
176155,ALK,5.0
176870,MERTK,6.008773924307505
11626560,TNIK,5.0
11364421,EPHA2,5.0
156414,AKT1,5.0
11617559,BRAF,5.0
6918454,MELK,5.0
10138260,CTK,5.2076083105017466
5494449,PIK3CA(H1047Y),5.0
176155,AURKB,5.0
9926054,ZAK,5.0
10074640,ALK,5.0
6918454,TRKC,5.0
25127112,ULK2,6.721246399047171
11314340,PKMYT1,5.0
25243800,TNNI3K,6.055517327849832
10127622,PIK4CB,5.0
156414,ASK1,5.0
156422,CSF1R,5.091514981121351
176167,ZAK,5.0
176167,MAP4K5,5.0
11427553,ABL1(F317I)p,6.275724130399211
16007391,CHEK1,5.0
24180719,PHKG1,5.0
176870,ARK5,5.0
156414,ABL2,6.060480747381382
10127622,PIM3,5.0
9933475,RSK1(KinDom.2-C-terminal),5.0
44259,PIK3C2B,5.0
10427712,TESK1,5.0
17755052,DAPK3,5.744727494896694
3081361,PRKG2,5.0
11984591,ABL1(F317I)p,5.0
644241,ROCK2,5.0
5287969,AMPK-alpha2,5.0
3081361,IKK-beta,5.0
10074640,EGFR(L747E749del),6.096910013008056
9926054,DYRK1A,5.0
11984591,ABL1(Q252H),6.200659450546419
16007391,PDPK1,5.0
11427553,ABL1(Y253F),7.443697499232713
9926054,PIK3CA(Q546K),5.0
5329102,TAOK2,5.0
24889392,EPHA7,5.431798275933005
11364421,PIK3C2G,5.0
3038525,DAPK3,5.0
3038525,BRSK1,5.0
10138260,BMPR1A,5.0
3062316,BRSK1,5.0
51004351,MTOR,5.0
11626560,FYN,5.886056647693163
10127622,RPS6KA5(KinDom.2-C-terminal),5.0
11717001,BMPR1A,5.0
10138260,ABL1(T315I),6.657577319177793
11427553,ERBB2,5.0
11626560,CSF1R,6.6777807052660805
44259,EGFR(T790M),9.113509274827518
6450551,BRAF,5.0
176870,WEE1,5.0
9915743,MAP4K4,6.481486060122113
16725726,SRPK2,5.0
16007391,FLT3(K663Q),8.4089353929735
9915743,CAMK1,5.0
9929127,KIT(D816H),5.0
16007391,RSK3(KinDom.2-C-terminal),5.0
156422,NDR1,5.0
10138260,ITK,6.721246399047171
5329102,PIK3CA,5.0
11617559,EPHA2,5.0
11314340,ITK,5.0
10138260,PIK3C2B,5.0
3081361,CSF1R,5.920818753952375
176870,ABL1(F317I)p,5.958607314841775
3062316,SIK,8.4089353929735
11667893,CSK,5.0
10427712,AURKB,5.0
5287969,DAPK3,5.0
5494449,TNIK,5.744727494896694
11656518,MAP3K2,5.0
3081361,ULK3,5.1938200260161125
3062316,MYO3B,5.0
9926054,TYK2(JH1domain-catalytic),5.0
156422,CTK,5.0
3038525,MYO3B,5.0
10074640,EGFR(L858RT790M),5.0
11314340,FRK,5.0
9933475,CAMK2A,5.0
24889392,AURKB,5.0
24889392,SRMS,5.0
11984591,TBK1,7.638272163982407
16007391,CSNK1D,5.0
176870,CLK3,5.0
6918454,CHEK1,5.0
11314340,PRKCI,5.0
44259,ICK,7.795880017344075
9915743,ABL1(T315I),5.0
11617559,CDK4-cyclinD1,5.0
10074640,BRAF,5.0
10127622,RET(M918T),5.0
5494449,MAP3K15,5.0
16007391,PRP4,5.0
10074640,PIK4CB,5.0
176167,TRKC,5.0
176167,PFPK5(Pfalciparum),5.0
11617559,AMPK-alpha1,5.0
3038525,LIMK1,5.0
176155,AAK1,5.0
17755052,EPHA3,5.0
11617559,ACVR2A,5.0
44259,PAK6,9.244125144327509
17755052,MLK1,5.0
11617559,PIK3CA,5.0
9926054,YANK3,5.0
156422,BRSK1,5.0
11984591,PIK4CB,6.031517051446065
5329102,PRKCI,5.0
24889392,HIPK2,5.0
3062316,WEE2,6.698970004336019
176155,AURKC,5.0
25127112,RET(V804L),6.552841968657781
51004351,PIK3CA(E545K),5.0
11667893,CHEK1,5.0
5287969,NEK7,5.0
9926054,ICK,5.0
5287969,PIK3CA(E542K),5.0
10427712,SRPK2,5.0
24180719,PCTK1,5.0
3062316,KIT(A829P),9.18045606445813
176167,BIKE,5.537602002101044
17755052,MTOR,6.698970004336019
10074640,KIT(V559D-V654A),8.327902142064282
3062316,AMPK-alpha2,5.0
10427712,ICK,5.0
17755052,RSK3(KinDom.2-C-terminal),5.0
16725726,EGFR(G719S),5.0
176155,PIK3C2G,5.0
156414,EPHB1,5.823908740944319
16007391,EPHA1,5.0
5494449,RET,7.552841968657781
11314340,MAP3K1,5.0
51004351,EGFR(T790M),8.008773924307505
6450551,PRKX,5.0
11717001,JAK2(JH1domain-catalytic),5.0
10427712,CDK5,5.0
6918454,AAK1,5.0
11427553,KIT(V559D-V654A),7.119186407719209
176870,EPHA7,5.853871964321762
10138260,RAF1,5.0
9915743,EGFR(L747E749del),9.214670164989233
3081361,FLT3(N841I),5.920818753952375
9933475,TYRO3,6.080921907623926
25243800,MAP4K2,7.0
11667893,MKNK1,5.0
11364421,STK39,5.0
176870,CSNK1A1L,5.0
6450551,ROS1,5.494850021680094
24889392,PIM3,5.0
11984591,PRP4,5.0
3062316,ADCK4,5.0
24889392,PAK1,5.0
16725726,ARK5,6.376750709602099
3081361,PLK4,6.2076083105017466
25127112,NEK11,5.0
6450551,STK33,5.0
10427712,EPHA2,5.0
156414,ULK3,5.327902142064283
10074640,EPHA4,5.0
16007391,PHKG1,5.0
6918454,TBK1,5.0
11667893,CDC2L1,5.0
11427553,PRKX,5.920818753952375
3038525,MEK3,5.0
11364421,PLK3,8.397940008672037
44259,DLK,5.823908740944319
11984591,SRMS,6.214670164989233
11667893,PAK1,5.0
5287969,ARK5,5.0
24889392,CDC2L1,5.0
25243800,PIK4CB,6.026872146400302
9933475,NEK9,5.0
11314340,PIK3CA(E545K),5.0
44259,RSK4(KinDom.2-C-terminal),5.481486060122113
9933475,PIK3CA(H1047Y),5.0
11364421,FLT4,5.0
3081361,PFPK5(Pfalciparum),5.0
6450551,LYN,5.0
16007391,CIT,5.2441251443275085
11427553,TRKC,6.6020599913279625
16725726,MAP4K5,5.0
25127112,PKN1,5.0
44259,BMPR2,5.638272163982407
644241,PLK3,5.0
24889392,MARK3,5.0
11314340,PIM3,6.853871964321762
51004351,CSNK1A1,5.0
24889392,MAP3K1,5.0
9933475,ASK2,5.0
44150621,TRKA,7.0
11667893,RET(V804L),5.0
176870,STK33,5.0
11717001,MAP4K4,5.638272163982407
16725726,EGFR(L747S752del),5.0
5287969,PIK3CB,5.0
176167,PIK3CA(C420R),5.0
10074640,TIE2,5.0
24180719,AURKC,5.6020599913279625
176870,PIK3CA(C420R),5.0
11314340,EPHA1,5.0
176155,TESK1,5.0
9926054,DAPK3,5.0
44259,EPHA1,6.522878745280337
11717001,FAK,5.0
44259,MINK,9.0
11717001,MST4,5.0
11364421,CIT,5.2839966563652006
24889392,JNK3,5.0
16725726,IKK-alpha,5.0
9933475,DYRK1B,5.0
51004351,BLK,6.301029995663981
25127112,ITK,5.0
9933475,EGFR(G719S),7.075720713938118
25243800,CLK4,6.096910013008056
10074640,PRKR,5.0
3081361,CDC2L2,5.0
51004351,LYN,5.376750709602099
644241,IRAK1,5.0
156414,MARK3,5.0
25127112,CTK,5.0
156414,MYLK4,5.0
51004351,CDC2L1,5.0
10127622,SGK3,5.0
11364421,WEE1,5.0
176870,TYK2(JH2domain-pseudokinase),5.619788758288394
6450551,MRCKA,5.0
16725726,IKK-beta,5.0
11427553,NEK3,6.0
11427553,DLK,7.173925197299174
3038525,MARK3,5.0
24889392,ICK,5.0
10074640,CSNK1A1L,5.0
9915743,MEK6,5.0
6450551,CLK4,5.0
11984591,RET(V804M),8.508638306165727
156422,RPS6KA4(KinDom.2-C-terminal),5.0
11656518,CAMK4,5.0
11314340,LRRK2(G2019S),5.853871964321762
9915743,PIK3C2G,5.0
9933475,ERBB2,5.522878745280337
11656518,MAP4K4,5.886056647693163
176155,CAMK1D,5.0
11314340,CDC2L1,5.0
11717001,ULK2,5.0
156414,SRPK2,5.0
44259,MYLK,7.823908740944319
9929127,MYLK2,5.0
156422,ERN1,5.0
10427712,CDK9,5.0
11364421,MKNK1,5.0
3081361,PDPK1,5.0
156422,CDK9,5.0
156414,MST4,5.0
17755052,JAK2(JH1domain-catalytic),5.0
9915743,PHKG1,5.0
10427712,PIK3CA(E545A),7.080921907623926
25243800,EPHB6,5.045757490560675
51004351,TGFBR1,5.0
11656518,p38-delta,5.0
3081361,SIK2,6.366531544420414
9933475,RET(M918T),8.1249387366083
11717001,PYK2,5.0
24889392,MAP3K15,5.0
5494449,DLK,6.721246399047171
11984591,PFPK5(Pfalciparum),5.0
16007391,TXK,5.0
44259,BRK,5.638272163982407
5494449,KIT(L576P),6.638272163982407
176167,NEK7,5.0
11626560,PKN2,5.0
9933475,ABL1(Q252H),7.0
25127112,CSNK1A1,5.744727494896694
11314340,PIK4CB,5.2839966563652006
11717001,TBK1,5.0
5329102,ABL1(F317I),5.443697499232713
5494449,CAMK2A,5.0
11626560,PCTK2,5.0
3081361,CLK3,5.0
11617559,ABL1(T315I),5.0
3038525,CDC2L1,5.0
6450551,PAK3,5.0
5494449,GSK3A,5.0
644241,AURKC,5.0
25243800,TTK,6.200659450546419
9929127,CDC2L1,5.0
10127622,MLK1,5.0
11427553,FYN,6.180456064458132
5494449,RSK3(KinDom.2-C-terminal),5.0
44150621,MEK3,5.0
3062316,GRK7,5.0
24180719,MEK6,5.0
44259,BMX,6.769551078621726
176155,CSNK1G2,5.0
10127622,PLK3,5.0
176155,ABL1(Q252H),5.0
156414,EPHA1,5.6020599913279625
11626560,MKNK1,5.0
11984591,CDC2L2,5.0
10427712,PIK3CA(H1047Y),6.823908740944319
176870,BRK,5.0
3062316,AKT2,5.0
16725726,PLK4,5.0
11656518,AURKB,5.0
11617559,ICK,5.0
5287969,MKNK2,5.494850021680094
11667893,IRAK1,5.0
11617559,MELK,5.0
644241,RSK1(KinDom.2-C-terminal),5.0
9915743,EGFR(L861Q),9.431798275933003
24889392,PAK4,5.0
176155,HIPK2,5.0
6450551,TIE2,6.508638306165728
9915743,PFTK1,5.0
176155,EPHA6,5.920818753952375
11427553,ABL2,6.6020599913279625
156422,EGFR(L861Q),5.0
3081361,DAPK2,5.0
176155,FYN,5.0
176167,PIM2,6.060480747381382
25243800,EGFR(L861Q),5.853871964321762
11314340,EGFR(L861Q),5.0
9915743,EPHB6,5.552841968657781
11984591,PIK3CA(C420R),5.0
16725726,CLK3,5.0
11667893,FRK,7.00436480540245
17755052,CLK3,5.0
44150621,EGFR(G719S),5.0
176167,FLT3(ITD),7.142667503568732
11667893,FLT3(N841I),5.958607314841775
176870,MEK6,5.0
176155,SRPK1,5.0
5494449,PRP4,5.6020599913279625
5287969,BMX,5.0
9933475,ABL1(T315I),6.958607314841775
10127622,NEK7,5.0
10427712,MELK,5.0
9929127,PDPK1,5.0
5329102,RSK4(KinDom.2-C-terminal),5.0
3081361,TXK,5.431798275933005
11984591,SRPK2,5.0
11617559,EPHB1,5.0
11427553,DRAK2,8.318758762624412
17755052,TRKA,5.0
176167,p38-delta,5.0
9915743,FGFR2,5.0
11717001,TGFBR1,5.309803919971486
11717001,TXK,5.0
25243800,MAP4K4,5.886056647693163
176155,MEK3,5.0
11667893,LOK,5.958607314841775
10138260,MERTK,7.180456064458132
9915743,HIPK3,5.0
44259,ABL1(F317I)p,6.886056647693163
25243800,MTOR,8.522878745280337
25127112,ABL1(T315I),5.0
9933475,TYK2(JH1domain-catalytic),5.0
644241,VRK2,5.0
51004351,DMPK,5.42021640338319
9915743,EPHB1,5.0
5287969,HUNK,5.0
11427553,STK33,6.853871964321762
17755052,MYLK,5.0
6918454,MRCKA,5.0
11626560,MAP4K5,7.102372908709558
9929127,TBK1,5.0
11667893,FGFR2,5.0
11427553,BRSK1,5.721246399047171
10138260,PKN2,5.42021640338319
6450551,ERBB3,5.0
17755052,PFPK5(Pfalciparum),5.0
11427553,FGR,6.356547323513813
10427712,FLT3(N841I),5.0
17755052,JAK3(JH1domain-catalytic),5.0
11717001,PRKD3,5.0
9929127,CLK4,6.0
11364421,ULK2,5.0
11314340,ASK1,5.0
24889392,EPHA2,5.0
11667893,ABL2,5.346787486224656
176870,JAK3(JH1domain-catalytic),6.154901959985743
44150621,ULK3,6.769551078621726
3081361,TIE2,6.0
11984591,EGFR(L861Q),6.721246399047171
6450551,CSNK1A1L,5.0
6918454,TNNI3K,5.0
5287969,PAK7,5.0
17755052,PRKCE,5.0
176155,FLT3(K663Q),5.0
156414,PRKR,5.0
24180719,LATS2,5.0
11656518,DLK,5.0
16007391,MAP4K2,5.0
156422,CDC2L1,5.0
176155,KIT(V559D-V654A),5.0
25243800,MYO3B,5.6777807052660805
11717001,PRP4,5.0
11717001,ROS1,5.0
176167,PRKX,5.0
10127622,BMPR2,5.0
11984591,CTK,5.0
156422,MYLK,5.0
3038525,CSNK1A1,5.0
5494449,MYO3B,5.0
3062316,BMPR2,5.0
44150621,RIPK5,5.0
5494449,IGF1R,6.130768280269024
24180719,STK33,5.0
176870,ABL1(Y253F),7.119186407719209
176870,YSK4,7.602059991327962
16007391,DAPK3,5.0
6918454,FGFR2,5.0
11314340,KIT(L576P),5.0
24889392,PKN1,5.0
11626560,PAK6,5.0
11667893,BLK,5.657577319177793
5329102,STK16,6.6020599913279625
5287969,MST1,5.0
25243800,LOK,7.113509274827519
5287969,ERBB3,5.036212172654444
44259,LYN,7.397940008672037
10074640,WEE1,5.0
25243800,LIMK1,5.0
156422,CIT,5.6777807052660805
24889392,MAPKAPK2,5.0
11984591,PIM3,5.0
10074640,MTOR,5.0
24889392,TRKC,6.259637310505756
9926054,CLK3,5.0
156422,ABL2,5.886056647693163
176155,CSF1R,5.0
6918454,DYRK2,5.0
176870,AAK1,5.920818753952375
10074640,GSK3B,5.0
25127112,MAP3K15,5.958607314841775
25127112,FAK,5.0
17755052,NEK7,5.0
11617559,ROCK2,5.0
6918454,CLK3,5.0
51004351,CAMK1D,6.173925197299174
5287969,PHKG2,5.537602002101044
24889392,PIK3C2B,5.0
16007391,TGFBR2,5.0
10074640,PIK3CB,5.0
10127622,PIK3CA(Q546K),5.0
10138260,PAK4,5.920818753952375
11314340,TYK2(JH1domain-catalytic),5.0
51004351,MRCKB,5.0
9929127,EPHA1,5.0
11984591,FLT4,8.040958607678906
176870,CAMK1,5.0
5329102,EPHA6,6.017728766960432
44150621,TNIK,7.619788758288394
16007391,BRK,5.0
3038525,YSK4,5.0
25243800,FYN,6.522878745280337
11364421,ALK,6.795880017344075
11656518,KIT(D816H),5.060480747381382
10127622,CHEK1,5.0
6450551,MYLK4,5.0
11314340,TIE2,5.0
3081361,MAP4K3,5.823908740944319
176167,DYRK1B,6.0
10427712,MYO3B,5.0
9915743,TRKA,5.0
11984591,RAF1,6.075720713938118
156422,FGFR2,5.0
3081361,NEK9,5.0
25127112,TRPM6,5.0
9933475,ABL1(F317I)p,5.886056647693163
10127622,AMPK-alpha1,5.0
11364421,RSK3(KinDom.2-C-terminal),6.154901959985743
16725726,RAF1,5.0
16007391,ASK2,5.0
44259,STK16,6.568636235841013
156414,KIT(A829P),6.154901959985743
6918454,PYK2,5.0
24889392,PIK3CA(E542K),5.0
11314340,PAK6,6.119186407719209
44259,BRSK2,8.455931955649724
10127622,PIK3CA(E545K),5.0
10074640,CDK4-cyclinD1,5.0
16007391,PRKG2,5.0
5329102,EGFR,5.0
176870,CDKL1,5.0
156414,EGFR(L858RT790M),9.55284196865778
11314340,ASK2,5.0
51004351,SIK,6.795880017344075
11617559,TYRO3,5.0
644241,HPK1,6.050609993355088
176870,CDK7,5.0
10127622,PDPK1,5.0
5494449,TRKA,7.42021640338319
5494449,MAP4K5,7.080921907623926
16007391,PKMYT1,5.0
11656518,PIK4CB,5.0
3062316,AKT1,5.0
10074640,MLK1,5.0
11667893,PRKCI,5.0
10127622,EGFR(T790M),5.657577319177793
3038525,CHEK1,5.0
44150621,PAK6,5.0
11656518,KIT(D816V),5.2076083105017466
5494449,FGR,6.102372908709559
11364421,INSR,5.0
176155,MEK1,5.0
176870,NDR1,5.0
10427712,MAP3K15,5.0
11656518,MELK,5.0
16007391,RIOK1,5.0
51004351,TRKC,5.769551078621726
3062316,CSF1R,9.236572006437065
10427712,DCAMKL1,5.0
17755052,NEK5,5.0
11667893,EGFR(L858RT790M),5.0
5287969,PIK4CB,5.0
6918454,CDK9,5.0
11314340,TGFBR1,5.0
10138260,MLK3,5.769551078621726
176167,ABL1(F317I)p,5.0
11626560,RIPK5,6.346787486224656
51004351,ASK2,5.0
11626560,EPHA5,6.0
10427712,RET(V804L),5.0
11617559,PRKX,5.0
5494449,STK39,5.0
6450551,NEK5,5.0
11667893,RET,7.853871964321762
11314340,MAP4K2,5.721246399047171
10074640,RET(V804L),5.0
24180719,EPHB1,5.0
10074640,ERN1,5.0
24180719,STK39,5.0
5287969,BMPR2,5.0
176870,DLK,5.0
11656518,p38-beta,5.0
51004351,EGFR(L861Q),5.552841968657781
10127622,TTK,5.0
25243800,HPK1,5.6777807052660805
11427553,TGFBR2,5.0
11984591,NEK3,6.769551078621726
176870,IGF1R,5.0
51004351,EPHA2,5.0
3062316,RET(V804L),5.494850021680094
51004351,DCAMKL1,5.0
11364421,DLK,5.0
9929127,EGFR(L747E749del),5.0
24889392,EGFR,5.0
3062316,PIK3CA(E542K),5.0
5494449,CDK7,5.0
9926054,EPHA7,5.0
9915743,PIK4CB,5.0
176167,ABL1(T315I),5.0
176155,TNNI3K,5.455931955649724
9926054,MRCKB,5.0
3081361,BRK,6.795880017344075
6450551,CDK9,5.0
176870,TYRO3,5.4089353929735005
11984591,MEK6,6.318758762624413
11364421,BIKE,5.0
11427553,CDK4-cyclinD1,6.086186147616283
16725726,PRKCE,8.275724130399212
51004351,RAF1,5.0
176167,TIE2,5.0
11656518,MST2,5.0
3038525,EPHA6,5.0
11667893,PRKX,5.0
11314340,PRKCE,7.958607314841775
51004351,LATS2,5.657577319177793
16007391,HUNK,5.0
5329102,NEK5,5.0
11314340,MRCKB,7.022276394711152
3062316,CSNK1G2,5.0
44259,SIK2,8.958607314841775
11656518,PFPK5(Pfalciparum),5.0
10138260,PKNB(Mtuberculosis),6.494850021680094
16725726,MYO3B,5.0
11717001,MRCKA,5.0
44259,DCAMKL1,6.958607314841775
6918454,MAP4K3,5.0
11314340,CAMK1D,5.619788758288394
3062316,CDK7,5.0
6450551,DAPK3,5.0
24889392,YANK3,5.0
644241,TGFBR2,5.0
156422,LCK,5.920818753952375
176167,EGFR,5.0
10138260,ROCK2,6.180456064458132
5287969,PRKCE,6.42021640338319
51004351,MST1R,5.0
11984591,IRAK4,6.853871964321762
6918454,GSK3B,5.0
176167,PAK4,5.0
25127112,BMPR2,6.031517051446065
176167,MEK1,5.0
9915743,BMPR1A,5.0
11667893,BRSK2,5.0
11626560,NDR1,5.0
25243800,BRSK1,7.853871964321762
5287969,CDK7,7.638272163982407
3062316,BLK,9.67778070526608
10138260,PFPK5(Pfalciparum),5.0
25127112,MAPKAPK2,5.0
17755052,CAMK1D,5.0
156414,NEK5,5.0
51004351,CLK3,5.443697499232713
156414,JAK3(JH1domain-catalytic),6.200659450546419
24180719,ABL1(F317I),5.886056647693163
5287969,PIK3CA(Q546K),5.0
51004351,AURKB,7.207608310501746
17755052,FYN,5.0
6450551,BMPR2,5.0
176155,PHKG1,5.0
11427553,TIE2,5.958607314841775
5287969,MYLK,5.0
3038525,RPS6KA5(KinDom.2-C-terminal),5.0
44150621,PRKR,5.552841968657781
10127622,KIT(V559D-V654A),5.0
11626560,AMPK-alpha2,5.0
156422,EGFR(L747E749del),5.275724130399211
25243800,KIT(D816V),6.522878745280337
24180719,MYO3B,5.0
11626560,PRP4,5.0
156414,FLT4,5.0
6450551,TIE1,7.013228265733755
25243800,CSNK1A1L,5.698970004336019
6918454,IGF1R,5.0
51004351,PAK1,5.6777807052660805
9929127,RIPK4,5.0
5494449,EPHB4,5.769551078621726
5494449,AAK1,6.537602002101044
176155,HUNK,5.0
11617559,ITK,5.0
176155,CTK,5.0
5287969,LCK,5.0
11364421,EPHB6,5.0
10138260,CHEK1,5.920818753952375
3062316,PAK7,5.0
10127622,PYK2,5.0
16725726,FER,5.0
9929127,PKN1,5.0
176870,TGFBR1,5.0
9929127,RIOK1,5.0
176870,PRKD3,5.0
25243800,ADCK4,5.455931955649724
5287969,LTK,5.657577319177793
5494449,PHKG2,5.356547323513813
24889392,GSK3A,5.0
11656518,JNK3,5.0
5287969,FLT3(ITD),5.337242168318426
3038525,EGFR(L858RT790M),5.0
9933475,TNNI3K,5.0
9929127,ABL1(F317I)p,5.0
10427712,MLK1,5.0
3038525,RPS6KA4(KinDom.2-C-terminal),5.0
176155,ROS1,5.0
3062316,MAP4K2,5.886056647693163
644241,EPHA3,6.958607314841775
11427553,LOK,7.886056647693163
11667893,PLK3,5.0
11617559,LCK,5.0
644241,MRCKA,5.0
44150621,IGF1R,5.0
9926054,TGFBR1,5.0
16725726,MLK1,5.0
9926054,GSK3A,5.0
10074640,ARK5,5.0
16725726,ERBB2,5.0
6918454,ROCK2,5.0
44259,KIT(L576P),7.657577319177794
156422,JAK3(JH1domain-catalytic),5.0
10138260,EPHA7,5.823908740944319
11427553,PLK4,7.67778070526608
176167,LTK,5.0
9926054,CLK4,5.0
10138260,PLK4,6.744727494896694
176167,PAK7,5.0
44150621,MEK6,5.0
176870,MAPKAPK2,5.0
11626560,ARK5,5.0
44150621,JAK2(JH1domain-catalytic),6.886056647693163
176167,PRKCI,5.0
9929127,ABL1(Y253F),5.0
44150621,MLK3,5.657577319177793
16725726,MARK3,5.0
644241,TRKA,5.0
11656518,ABL1(Y253F),5.568636235841013
6918454,EPHA1,5.0
11984591,ADCK4,7.1938200260161125
10127622,HPK1,5.0
11617559,CSK,5.0
10074640,p38-delta,5.0
16725726,EGFR(L858R),5.0
17755052,RPS6KA5(KinDom.2-C-terminal),5.0
17755052,ULK2,5.0
11717001,CDC2L2,5.0
10138260,DLK,6.251811972993799
25127112,TAOK2,6.508638306165728
24889392,ULK3,5.0
11717001,CSNK1G2,5.0
11667893,PAK6,5.0
16007391,BRAF,5.0
9915743,KIT(A829P),5.0
5494449,CLK4,5.0
9929127,MAP4K3,5.0
11656518,CLK1,5.0
9929127,MAP4K4,5.0
16007391,BRSK2,5.0
5329102,MAP4K5,7.387216143280264
11717001,PAK6,5.0
24180719,NEK3,5.0
176155,MET(M1250T),5.0
16007391,EPHA3,5.0
9933475,BRK,6.251811972993799
9933475,HIPK2,5.0
16725726,MEK3,5.0
10138260,ABL1(Q252H),6.060480747381382
644241,TAOK2,5.0
10138260,TXK,5.0
9933475,CAMK1D,5.0
11427553,PIK3C2G,5.0
9915743,PIK3CA(E542K),5.0
644241,EPHA6,6.1938200260161125
11667893,CIT,6.522878745280337
25243800,PIK3C2B,6.657577319177793
17755052,BIKE,5.0
9926054,EPHA5,5.0
10127622,PHKG1,5.0
11667893,BMPR2,5.0
5287969,CDK5,6.958607314841775
3081361,LTK,6.259637310505756
11427553,BRAF,5.0
5287969,MAP4K4,5.0
44259,CIT,6.468521082957745
176155,HIPK3,5.0
176155,DRAK2,5.0
17755052,PIK3CA(C420R),8.823908740944319
11364421,ERN1,5.0
176155,PLK4,5.0
16725726,CTK,5.0
176870,ACVR2A,5.0
10427712,SRMS,5.0
25243800,RET(V804M),6.468521082957745
25127112,PIK3C2G,5.0
24889392,NEK5,5.0
9915743,ZAK,5.823908740944319
51004351,BMPR1A,5.0
176167,RIPK5,5.0
44150621,INSR,5.0
11667893,EPHB6,5.0
11617559,ASK1,5.0
16007391,MAP4K4,5.0
11626560,PIK3CA(E542K),5.0
9933475,LRRK2(G2019S),5.0
11667893,ABL1(T315I),5.0
16007391,ROS1,5.0
9926054,NEK7,5.0
11364421,IRAK1,5.721246399047171
176155,KIT(D816V),5.0
11656518,AURKA,5.0
9933475,RPS6KA5(KinDom.2-C-terminal),5.0
25243800,JNK3,5.0
10427712,KIT(A829P),5.0
11427553,PCTK1,6.080921907623926
9933475,MAPKAPK2,5.0
51004351,DYRK1A,7.0
9929127,LATS2,5.0
9915743,CSNK1G2,5.180456064458132
6450551,LRRK2(G2019S),6.00436480540245
44259,AURKB,7.721246399047171
44150621,CDK4-cyclinD1,5.920818753952375
10127622,CDK5,5.0
11984591,MKNK1,6.638272163982407
3038525,PFTK1,5.0
11656518,RIPK4,5.0
11617559,NEK5,5.0
6450551,GAK,5.568636235841013
51004351,CAMK1,5.698970004336019
10138260,AURKC,6.091514981121351
11364421,CSNK1A1L,5.0
25127112,STK16,6.309803919971486
176870,PFTK1,5.0
9933475,EPHA2,5.0
3081361,CSNK1G2,5.0
11717001,IKK-beta,5.0
11667893,ICK,5.0
16007391,PLK4,5.327902142064283
9915743,ACVR2A,5.0
11626560,RSK1(KinDom.2-C-terminal),5.0
5494449,BMPR2,5.1487416512809245
3081361,PKNB(Mtuberculosis),5.0
10138260,HUNK,8.431798275933005
644241,BRSK2,5.0
3062316,LRRK2(G2019S),5.0
644241,MAST1,5.0
44259,ROS1,7.522878745280337
10127622,TNIK,5.0
6918454,PIK3CA(E545K),5.0
16007391,AMPK-alpha1,5.0
10138260,RIPK5,6.031517051446065
25127112,NEK7,5.309803919971486
11984591,MLK1,8.366531544420413
25243800,PIK3CA(Q546K),6.853871964321762
44150621,FLT4,6.236572006437063
9926054,FAK,5.0
24180719,TRPM6,5.0
11427553,RET(M918T),7.327902142064283
5494449,BRSK2,5.0
11626560,PKMYT1,5.0
44150621,DRAK2,5.744727494896694
5494449,SGK3,5.0
9926054,RET(M918T),5.0
24889392,PRKCH,5.0
17755052,PLK4,5.585026652029182
24889392,MINK,5.0
16007391,CDK9,5.0
9933475,ROCK2,5.0
3038525,RET(V804M),5.0
156414,DLK,5.0
11717001,MST1,5.0
24889392,EGFR(T790M),5.0
11617559,MYO3B,5.0
17755052,MARK3,5.0
5329102,BMPR1B,5.619788758288394
9915743,VRK2,5.0
176155,MLK3,5.0
9915743,TXK,5.318758762624413
16725726,TNIK,5.0
10427712,BRK,5.301029995663981
156414,MEK3,5.0
11364421,TXK,5.0
11626560,YANK3,5.0
10427712,SRPK1,5.2839966563652006
6918454,ABL1(T315I),5.0
16007391,PKN2,5.0
5494449,MAP4K3,6.537602002101044
11314340,EPHB6,5.0
3081361,GCN2(KinDom2S808G),5.0
9926054,CSNK2A2,5.0
11667893,TIE2,5.0
6918454,PDPK1,5.0
25127112,ULK3,5.619788758288394
10138260,TESK1,5.0
5494449,EGFR(T790M),5.0
44259,PFPK5(Pfalciparum),6.096910013008056
11617559,BRSK2,5.0
176870,MEK3,5.0
11314340,MAP4K5,5.0
51004351,SRMS,5.0
6918454,LRRK2,5.0
6918454,CAMKK1,5.0
24889392,FGFR2,5.0
156414,CDK7,5.0
6918454,ABL2,5.0
10127622,PIK3C2G,5.0
3081361,ARK5,5.0
9926054,PLK4,5.0
10127622,GAK,5.0
11656518,EGFR(L858R),5.0
11364421,DYRK2,5.0
44150621,GAK,6.309803919971486
9926054,FLT3(N841I),5.0
176155,BRSK1,5.0
11427553,EGFR(L861Q),5.0
176155,ARK5,5.0
11314340,ABL2,5.0
10074640,GSK3A,5.0
24180719,PIK3CA(E542K),5.0
11314340,EGFR(L858R),5.0
11984591,EGFR(G719S),5.0
11656518,JAK2(JH1domain-catalytic),5.0
11984591,DYRK2,6.327902142064283
3081361,EPHA2,5.958607314841775
11717001,EPHB1,5.0
11427553,TIE1,6.522878745280337
156414,JAK1(JH1domain-catalytic),5.0
176870,LIMK1,5.0
176155,BMPR2,5.0
25243800,PIK3CA(E545K),6.721246399047171
44150621,PKN1,6.744727494896694
24180719,DLK,5.0
3038525,PLK3,5.0
5329102,NDR1,6.3872161432802645
9933475,EGFR(L858RT790M),5.130768280269024
10074640,EGFR(L858R),5.0
3081361,ERBB3,6.795880017344075
11427553,HIPK2,6.522878745280337
644241,CAMK1D,5.0
176167,PRKCH,7.337242168318426
10127622,MST2,5.0
9926054,SRPK2,5.0
11667893,MYO3B,5.0
10074640,ULK2,5.0
176870,CAMK2A,5.0
156422,MAPKAPK2,5.0
17755052,CHEK1,5.0
11617559,CAMK4,5.0
10074640,PAK3,5.0
17755052,AKT2,5.0
24889392,AKT2,5.0
10138260,CSNK1A1L,5.823908740944319
11656518,NEK7,5.0
9933475,RSK3(KinDom.1-N-terminal),5.0
176155,EPHA1,5.0
44259,p38-beta,5.0
11364421,SIK2,5.0
25243800,SRMS,5.0
17755052,STK35,5.0
11656518,JAK3(JH1domain-catalytic),5.0
3038525,FRK,5.0
3081361,MYLK,5.0
176155,TIE2,5.0
176155,RSK1(KinDom.2-C-terminal),6.494850021680094
11427553,EPHA1,6.823908740944319
10138260,TYK2(JH2domain-pseudokinase),6.119186407719209
10138260,BRK,5.0
6918454,ACVR2A,5.0
5287969,ROCK2,5.823908740944319
17755052,KIT(A829P),5.0
9926054,PRKG2,5.0
11314340,KIT(D816V),6.0
176155,MYO3B,5.0
25243800,SIK,6.494850021680094
5329102,PCTK1,6.823908740944319
6918454,AKT1,5.0
11364421,RET(V804M),5.0
176167,GSK3B,8.080921907623926
11626560,LIMK2,6.161150909262744
11364421,PRKX,5.0
11427553,SIK,6.173925197299174
156422,STK39,5.0
156414,MAP4K3,5.0
51004351,PIK3CA,5.0
6918454,EPHA4,5.0
11314340,LOK,5.0
24889392,EPHA6,5.040958607678906
51004351,IRAK4,5.0
176155,RPS6KA5(KinDom.2-C-terminal),5.0
11984591,MET(M1250T),6.638272163982407
25243800,p38-beta,5.0
9926054,PKNB(Mtuberculosis),5.619788758288394
156422,ABL1(Y253F),5.070581074285707
10127622,MKNK1,5.0
25243800,CSNK1D,6.494850021680094
11314340,CSNK1A1,5.6777807052660805
16007391,FLT3(ITD),6.853871964321762
11617559,FGFR2,5.0
3062316,p38-delta,5.0
16007391,BMPR1A,5.0
10127622,DMPK,5.0
17755052,DAPK2,5.0
51004351,CDK7,5.0
5329102,EGFR(L747S752del),5.0
3038525,NEK9,5.0
11364421,STK16,5.958607314841775
44259,PIK3CA(E545A),5.0
9929127,MKNK2,5.0
9933475,PDPK1,5.0
156414,BRSK2,5.0
51004351,LCK,6.552841968657781
6918454,SIK,5.0
176167,CIT,5.0
10074640,ASK2,5.0
5494449,PIK3CA,5.0
10074640,IRAK4,5.0
11984591,ALK,6.619788758288394
11717001,TIE1,5.0
5494449,CSF1R,5.744727494896694
11314340,CAMKK1,6.091514981121351
9933475,MRCKB,5.0
16725726,JAK2(JH1domain-catalytic),5.0
51004351,PKN2,7.823908740944319
16007391,TESK1,5.0
3062316,PKN1,5.0
6918454,FLT3(N841I),5.0
11656518,TAOK2,6.853871964321762
9929127,ZAK,5.0
5329102,FGR,6.568636235841013
11656518,GRK7,5.0
9929127,JNK3,5.0
3062316,EGFR(L858RT790M),5.657577319177793
5329102,MAP3K1,5.0
24889392,MAP4K5,6.356547323513813
176167,ULK2,5.0
11314340,CLK4,9.275724130399212
10127622,ZAK,5.0
9915743,BRSK1,5.0
176870,PRKCE,5.0
25127112,LYN,5.0
176870,MAP4K2,5.0
24889392,p38-beta,5.0
11364421,CDKL1,5.0
24889392,CAMK2A,5.0
156414,CTK,5.0
16725726,PIK3CA(E545K),5.0
11314340,NEK9,5.0
6450551,CAMK2A,5.0
44150621,PIK3CA(H1047Y),5.0
11427553,VRK2,5.0
9929127,CSNK1D,5.0
17755052,EPHB6,5.795880017344075
44259,DYRK2,6.6020599913279625
10127622,TBK1,5.0
51004351,TXK,5.0
176167,PAK1,5.0
11626560,PYK2,6.721246399047171
11667893,DYRK1B,5.0
51004351,EPHA5,5.0
5287969,BMPR1A,5.0
6450551,EPHA6,5.0
644241,MST2,5.0
10127622,TESK1,5.0
9915743,PIM3,5.0
5287969,CAMK1,5.0
9915743,RET(M918T),5.0
16725726,CAMK1D,5.6020599913279625
9933475,ABL1(Y253F),7.259637310505756
10138260,MEK6,5.259637310505756
44150621,PLK1,5.0
11427553,EPHB1,5.6020599913279625
9915743,MYLK2,5.0
44150621,CLK4,5.187086643357144
9929127,CAMKK1,5.0
24180719,MYLK2,5.0
24180719,PAK4,5.0
10138260,ASK1,5.0
9915743,LIMK2,5.0
10138260,PIK3CA(E545K),5.0
3062316,TYK2(JH1domain-catalytic),5.744727494896694
16725726,TXK,5.0
24889392,INSR,5.0
11314340,STK35,5.0
11984591,JNK3,7.431798275933005
5287969,BIKE,5.0
11984591,HPK1,5.853871964321762
44259,MAP4K4,7.619788758288394
25127112,PRKR,5.0
5329102,TGFBR2,5.0
10127622,GSK3A,5.0
9926054,AURKB,5.0
16725726,SIK,5.0
10427712,GCN2(KinDom2S808G),5.0
11717001,GSK3A,5.0
5287969,FER,5.0
16007391,MST1,5.0
11717001,MRCKB,5.0
11984591,CSF1R,7.508638306165728
25243800,NEK5,5.0
11617559,MLK3,5.0
17755052,PRKCI,5.0
9929127,PIK3CA(E545K),5.0
25127112,CSNK1D,5.0
5329102,ABL2,6.0
3038525,FLT3(K663Q),5.0
9929127,STK35,5.0
24180719,RSK4(KinDom.2-C-terminal),5.0
10427712,EGFR(T790M),5.161150909262744
176167,AKT2,5.0
5494449,NEK11,5.0
44150621,SGK3,6.017728766960432
3038525,PRKCH,5.0
11717001,TAOK2,5.0
11427553,EPHA2,5.823908740944319
3062316,AAK1,5.0
176155,KIT(A829P),5.0
10074640,CHEK1,5.0
11364421,TGFBR1,5.0
9915743,KIT(V559D-V654A),5.0
176870,NEK5,5.0
16007391,JNK1,5.0
11617559,TGFBR1,5.0
156414,WEE1,5.0
3062316,LRRK2,5.0
17755052,PCTK1,5.958607314841775
9929127,BMPR2,5.0
11717001,ASK1,5.0
6918454,MST1R,5.0
51004351,PIM3,6.251811972993799
11984591,CDC2L1,5.0
11656518,BRK,5.443697499232713
3038525,HIPK3,5.0
3062316,BIKE,5.0
10074640,MAP4K4,5.0
24180719,MAP3K2,5.0
3081361,TAOK2,5.0
16725726,ICK,5.0
16725726,TESK1,5.0
44259,KIT(D816H),9.366531544420411
176167,RAF1,5.0
11427553,NEK5,5.638272163982407
176870,CSNK2A2,5.0
176870,EPHB6,5.769551078621726
176167,DAPK2,5.0
17755052,ASK1,5.0
156422,INSR,5.0
44259,RET(V804M),7.920818753952375
11427553,CSNK1A1L,5.0
9933475,MTOR,5.0
51004351,PAK3,6.744727494896694
11626560,AURKA,6.585026652029182
11427553,EPHA5,5.0
17755052,RET(V804L),5.0
6450551,PIK3C2G,5.0
6918454,DRAK2,5.0
11617559,LRRK2,5.0
6918454,CLK4,5.0
11364421,ARK5,5.0
11617559,RAF1,5.0
156414,EPHA2,5.0
3062316,RIPK4,5.0
11717001,RET(V804L),5.0
176167,LATS2,5.0
11314340,p38-delta,5.0
176155,BRSK2,5.0
11617559,PRKG2,5.0
156422,WEE1,5.0
176167,LYN,5.0
9929127,MLK3,5.0
11626560,EGFR(L747E749del),5.0
3038525,SRMS,5.0
9929127,MST1,5.0
11314340,TTK,5.0
9915743,ABL1(F317I)p,5.0
10127622,DAPK3,5.0
11667893,ADCK4,5.0
5287969,PIK3C2G,5.0
9926054,PAK6,5.0
176167,FGFR2,5.0
11427553,BIKE,8.017728766960431
44150621,SIK,5.0
3081361,ADCK4,5.769551078621726
9933475,BMPR2,5.0
24889392,PLK3,5.0
5287969,MELK,5.0
9915743,BMPR2,5.0
24889392,AURKA,5.0
25243800,CAMK1D,5.823908740944319
176155,LRRK2(G2019S),5.0
24889392,FGFR1,5.0
5287969,MYLK2,5.0
16725726,SRPK1,5.0
44259,PHKG2,9.853871964321762
9929127,EPHA5,5.0
3038525,EGFR(L858R),5.0
11617559,TESK1,5.0
25127112,MELK,5.657577319177793
51004351,TYRO3,5.0
11364421,MEK1,5.0
5329102,DYRK1A,6.698970004336019
44259,PAK4,8.200659450546418
11717001,CSNK1A1,5.0
10074640,PKN1,5.0
11617559,CAMK2A,5.0
644241,MAP3K2,5.0
11364421,KIT(A829P),5.0
9926054,RIPK4,5.0
44259,EPHA4,6.537602002101044
10138260,MST1R,5.0
9915743,MAP4K3,8.113509274827518
9915743,MYO3B,5.0
644241,ULK3,5.0
156414,DCAMKL1,5.0
5287969,MAPKAPK2,5.0
10138260,EPHA1,5.0
11617559,PRP4,5.0
11364421,CAMKK1,7.657577319177794
3081361,RET(V804L),5.0
9926054,ITK,5.0
17755052,TRPM6,5.0
644241,PAK1,5.0
11984591,YANK3,5.0
3038525,RAF1,5.0
9929127,DLK,5.0
25127112,TGFBR2,5.0
25243800,PIK3CA(C420R),6.698970004336019
10138260,EPHB1,5.366531544420414
11717001,HPK1,5.0
11626560,DYRK2,5.3979400086720375
5287969,RSK1(KinDom.2-C-terminal),6.142667503568732
6918454,PIK3CB,5.0
6450551,BRSK2,5.0
3081361,BMPR1A,5.0
176870,ULK3,6.036212172654444
11617559,FLT3(K663Q),5.0
11656518,NEK9,5.0
25127112,MST2,5.0
11667893,AURKB,5.0
24180719,RSK3(KinDom.2-C-terminal),5.0
11717001,BRAF,9.721246399047171
25127112,EPHA6,5.0
11717001,IGF1R,5.0
9915743,PDPK1,5.0
9929127,MST1R,5.0
51004351,ROCK2,5.638272163982407
11667893,IRAK4,5.0
3062316,EPHB1,9.346787486224656
176155,CDKL1,5.0
11667893,CLK4,5.0
644241,JAK3(JH1domain-catalytic),5.0
6918454,AKT2,5.0
3038525,ABL1(F317I),5.0
16007391,AKT2,5.0
10074640,TNNI3K,5.0
11427553,IRAK1,7.318758762624413
11314340,CDK4-cyclinD1,5.0
44150621,BIKE,7.267606240177032
10074640,PRKCI,5.0
11314340,KIT(A829P),5.0
10138260,CSF1R,8.443697499232712
10127622,GRK7,5.0
25127112,HIPK2,6.0
16007391,ICK,5.0
11617559,STK39,5.0
10138260,CDC2L1,5.0
176155,PIK3CA(H1047Y),5.0
11984591,PRKCI,5.0
156422,CSNK2A2,5.0
11427553,CAMK1,5.853871964321762
156422,FLT3(N841I),5.301029995663981
644241,PIK3CA,5.0
3062316,CHEK1,5.0
9926054,LIMK2,5.0
3081361,PHKG1,5.958607314841775
156422,MERTK,5.431798275933005
10138260,HPK1,7.823908740944319
24180719,IKK-alpha,5.0
11314340,LIMK2,5.0
5329102,MAP3K2,7.244125144327507
176870,RPS6KA4(KinDom.2-C-terminal),5.154901959985743
11617559,CSNK2A2,5.0
11364421,ABL1(T315I),5.0
24889392,AKT1,5.0
11314340,ALK,5.0
644241,AMPK-alpha1,5.0
16007391,WEE2,5.0
10138260,LRRK2,7.142667503568732
11656518,DYRK1A,5.0
9933475,PFPK5(Pfalciparum),5.0
9926054,STK33,5.0
44150621,MRCKB,5.0
10427712,ULK2,5.0
11667893,CTK,5.0
9926054,CSF1R,5.0
5287969,ABL1(Y253F),5.795880017344075
10074640,TGFBR1,5.0
11717001,PRKX,5.0
25243800,PRKG2,6.2839966563652006
644241,RET(M918T),5.958607314841775
11626560,CIT,5.0
24889392,NEK7,5.0
25127112,PIK3CA,5.0
10127622,PIK3CA(C420R),5.0
11314340,CDK9,6.744727494896694
24180719,PRKD3,5.0
10074640,PHKG2,5.0
17755052,NEK9,5.0
11364421,MAP3K2,5.0
10074640,MYLK4,5.0
11667893,AKT2,5.0
11314340,FYN,5.0
11667893,PLK4,5.0
44259,LOK,10.431798275933003
25127112,CHEK1,5.0
11617559,PHKG2,5.0
156422,TNNI3K,5.0
9915743,STK35,5.346787486224656
644241,ERN1,5.0
11626560,TGFBR2,5.0
176870,SRMS,5.0
10074640,PHKG1,5.0
3062316,MAP3K2,6.853871964321762
11427553,AMPK-alpha2,6.356547323513813
9926054,TBK1,5.0
176870,PAK3,5.0
5329102,TIE2,5.0
11314340,PRKD3,6.0
156422,MKNK1,5.200659450546419
24889392,FLT3(N841I),8.387216143280265
16007391,SRMS,5.102372908709558
644241,ERK3,5.0
44150621,RIOK1,6.376750709602099
176155,CSK,5.0
6918454,TESK1,5.0
3081361,ASK1,5.0
11626560,CAMK4,5.0
10138260,FER,7.468521082957745
16007391,FGR,5.0
644241,FGR,6.494850021680094
11656518,RET,6.823908740944319
11364421,FRK,5.0
17755052,TTK,5.366531544420414
25127112,PIM2,5.0
25243800,PAK4,6.0
11364421,BRK,5.0
5494449,ERK3,5.0
11717001,KIT(L576P),5.0
51004351,PHKG1,6.045757490560675
11427553,ERN1,5.455931955649724
11984591,BLK,7.602059991327962
9933475,TRKC,5.0
9929127,AKT1,5.0
644241,KIT(A829P),7.337242168318426
11626560,ABL1(Y253F),7.130768280269024
156422,RIPK4,5.0
51004351,TGFBR2,5.0
11427553,ICK,5.657577319177793
176870,RIOK1,5.0
9915743,EPHA5,5.0
11314340,AURKB,5.0
10427712,PAK3,5.0
5329102,CSNK1A1,7.00436480540245
11617559,RET(M918T),5.0
3081361,AURKB,5.0
10074640,PLK4,5.0
3081361,PYK2,5.0
44150621,TIE2,5.0
6918454,FGFR1,5.0
10138260,NEK7,5.494850021680094
11667893,ERBB2,5.0
51004351,EGFR(L858RT790M),8.05551732784983
11314340,BRSK1,5.0
10427712,AMPK-alpha2,5.0
10427712,MAP3K1,5.0
10138260,EPHB4,5.0
11314340,EPHA3,5.0
9933475,FRK,6.142667503568732
24180719,HIPK2,5.301029995663981
644241,PRKX,5.0
156422,PIK3CA(E545K),5.0
10138260,SRMS,7.207608310501746
3062316,RAF1,6.2441251443275085
16007391,MEK3,5.0
176155,TTK,5.6020599913279625
17755052,BRSK2,5.0
11656518,RET(V804M),7.050609993355088
11984591,IKK-beta,7.1487416512809245
176167,TBK1,5.0
9915743,EPHA7,5.0
3038525,TYRO3,5.0
11656518,MAST1,5.0
644241,PHKG2,5.0
11364421,RPS6KA4(KinDom.2-C-terminal),7.920818753952375
156414,ABL1(Y253F),7.376750709602099
9933475,CAMK1,5.0
25127112,PKN2,5.0
9915743,CSF1R,6.173925197299174
44150621,DAPK3,5.0
5329102,BRSK2,5.958607314841775
51004351,AKT1,6.022276394711152
3038525,TNNI3K,5.0
176167,FGFR1,5.3979400086720375
5329102,EGFR(L861Q),5.0
9926054,BRSK1,5.0
51004351,ABL1(Y253F),5.0
17755052,BMPR2,5.0
156422,JAK2(JH1domain-catalytic),5.0
11617559,PAK7,5.0
25243800,TRKA,5.0655015487564325
24889392,BRSK1,5.0
17755052,PIK3C2B,6.886056647693163
9929127,EGFR(G719S),5.0
44259,IRAK1,7.397940008672037
5287969,GSK3B,6.136677139879544
9926054,DLK,5.0
6450551,CSNK1A1,5.0
11667893,ABL1(F317I)p,5.0
3062316,FYN,9.102372908709558
3062316,CDC2L1,5.0
5329102,GCN2(KinDom2S808G),6.744727494896694
5329102,SIK2,6.236572006437063
644241,FYN,5.795880017344075
16007391,TBK1,5.0
24180719,TIE2,5.0
11626560,TRPM6,5.0
176155,PIK4CB,5.0
10074640,CDKL1,5.0
11364421,RIPK5,5.0
17755052,AURKB,5.0
3062316,PIK3CA(E545A),5.0
11656518,PRKCE,5.0
16725726,PFTK1,5.0
24180719,MEK1,6.259637310505756
3038525,BMPR2,5.0
156422,MST1R,5.0
11617559,LYN,5.0
6450551,INSR,5.0
5287969,RIOK1,5.0
9915743,CSNK1A1L,5.0
11626560,SIK2,6.698970004336019
11667893,PAK3,5.0
24889392,EPHB4,5.0
176155,PRP4,5.0
156422,AMPK-alpha2,5.0
44150621,MAP3K1,5.0
16007391,LCK,6.42021640338319
10138260,CLK3,5.0
176155,EPHA2,5.0
11717001,PFTK1,5.0
10127622,NEK5,5.0
5494449,PKMYT1,5.0
11617559,JAK1(JH1domain-catalytic),5.0
6450551,MELK,5.0
24889392,MST4,5.0
11626560,JNK1,5.0
16725726,TAOK2,5.853871964321762
9926054,ACVR2A,5.0
3081361,SRPK1,5.0
156414,EGFR(L861Q),9.657577319177792
3062316,VRK2,5.494850021680094
44150621,PYK2,5.0
9926054,CDK5,5.0
9926054,NEK3,5.0
3038525,PIK3CA,5.0
16725726,RPS6KA5(KinDom.2-C-terminal),6.795880017344075
16725726,TTK,5.0
5287969,TIE1,5.0
11364421,PKNB(Mtuberculosis),5.0
9929127,PIK3C2B,5.0
9933475,ERN1,6.292429823902063
11364421,IGF1R,5.0
16007391,AURKA,6.3979400086720375
25243800,RIPK5,6.292429823902063
10138260,SIK,5.568636235841013
10427712,PLK3,5.0
11717001,ERBB2,5.0
5494449,TNNI3K,5.0
16007391,YANK3,5.0
5287969,EPHB6,5.0
11717001,CAMK4,5.0
11656518,BMPR1B,5.0
25243800,IRAK1,5.431798275933005
3062316,PIK3CA(C420R),5.0
44259,CSNK1A1L,6.6020599913279625
9926054,GSK3B,5.0
176870,PDPK1,5.0
9929127,TTK,5.0
24889392,BRAF,5.0
176167,MAP4K4,5.0
16007391,INSR,5.0
11717001,PFPK5(Pfalciparum),5.0
11667893,PCTK2,5.0
16007391,FYN,5.0
44259,ERN1,7.67778070526608
10427712,ASK1,5.0
17755052,CDKL1,5.0
6918454,ALK,5.0
9915743,TYK2(JH1domain-catalytic),5.0
156422,NEK5,5.0
51004351,CHEK1,5.886056647693163
11717001,PAK7,5.0
11314340,ABL1(Q252H),5.0
156414,PIK3CA(H1047Y),5.0
3081361,EPHA1,6.638272163982407
9929127,PIK3CB,5.0
10427712,CSNK2A2,5.823908740944319
5287969,WEE2,5.0
11667893,EPHA4,5.0
156414,IRAK1,6.346787486224656
11617559,CAMK1D,5.0
11626560,BMPR2,5.0
11984591,JAK3(JH1domain-catalytic),7.443697499232713
5329102,LIMK1,5.0
24180719,DRAK2,5.0
11984591,RIPK4,6.657577319177793
6450551,TNIK,6.744727494896694
11314340,MST1,5.0
5329102,ABL1(T315I),6.823908740944319
44150621,GSK3B,6.455931955649724
24180719,CSNK1G2,5.3872161432802645
10427712,LOK,5.0
10127622,EGFR(L858R),5.096910013008056
24180719,MELK,5.0
25127112,LOK,5.0
176155,MARK3,5.0
11364421,MERTK,5.508638306165728
3038525,HIPK2,5.0
11984591,LYN,7.585026652029182
24889392,MYLK2,5.0
11667893,JNK1,5.0
6918454,EPHA3,5.0
11427553,TTK,6.958607314841775
25127112,CSK,5.0
176167,LIMK1,5.0
24180719,PYK2,5.0
11984591,PKN1,6.180456064458132
176870,FGR,5.958607314841775
176155,STK39,5.0
11626560,TAOK2,6.045757490560675
9926054,STK16,5.0
3081361,TGFBR1,5.0
16725726,FGFR1,5.0
44259,NEK5,6.091514981121351
5287969,RET,5.0
5494449,EPHB1,5.721246399047171
11626560,BRK,5.0
24889392,GAK,5.0
176155,ABL1(F317I),5.0
11984591,EPHB1,6.4089353929735005
44150621,PRKCI,5.0
3038525,FLT4,5.0
44150621,ERK3,5.0
176155,NEK7,5.0
44150621,DYRK2,5.221848749616356
3081361,STK33,5.853871964321762
156422,TRPM6,5.0
24180719,CSNK1D,5.0
9915743,FLT3(K663Q),5.309803919971486
9926054,SIK2,5.0
44259,PRKCI,7.585026652029182
9933475,TRPM6,5.0
11717001,PLK1,5.0
176167,TNNI3K,5.0
5494449,PIM2,5.0
156422,PRKCE,5.0
10138260,FRK,5.744727494896694
9933475,CAMK4,5.0
3081361,EGFR(G719S),8.229147988357855
6918454,JAK2(JH1domain-catalytic),5.0
176155,PKNB(Mtuberculosis),5.0
9929127,PKN2,5.0
6450551,STK35,5.0
10138260,JAK1(JH1domain-catalytic),5.229147988357856
6450551,CAMK1D,5.0
10138260,CAMK2A,6.455931955649724
9926054,CAMK1,5.0
16725726,ABL1(Q252H),5.0
17755052,STK16,5.958607314841775
11617559,NDR1,5.0
156414,PIM2,5.0
156414,ABL1(F317I),5.494850021680094
11984591,BRK,6.443697499232713
11656518,FAK,5.0
644241,YANK3,5.0
25127112,PLK1,6.886056647693163
11314340,PAK3,5.0
156414,JAK2(JH1domain-catalytic),5.0
176870,PIK3CA,5.0
10074640,MAP4K5,5.0
156414,HIPK3,5.0
24180719,CAMK1D,5.0
10138260,DYRK2,5.886056647693163
24889392,CSNK1D,5.0
10074640,IRAK1,5.0
156422,NEK9,5.0
17755052,FAK,5.0
10074640,GAK,5.0
6450551,PIK3CA(H1047Y),5.0
44150621,EGFR(L858R),5.0
9933475,ACVR2A,5.0
11617559,AKT2,5.0
11656518,RAF1,6.4089353929735005
24889392,DYRK2,5.0
5287969,AURKA,5.0
10127622,CDK9,5.0
5287969,BLK,5.0
11626560,MST2,6.00436480540245
44150621,HPK1,7.356547323513813
9929127,CSNK2A2,5.0
24889392,LRRK2,5.0
11427553,p38-beta,5.853871964321762
3038525,TBK1,5.0
10427712,PIK3CA(Q546K),7.0655015487564325
44150621,GSK3A,5.0
10074640,PAK1,5.0
644241,CDKL1,5.0
9926054,EGFR(L747E749del),5.0
156422,STK33,5.0
11314340,PKN2,6.229147988357856
9915743,RPS6KA5(KinDom.2-C-terminal),5.0
10427712,FLT3(K663Q),5.0
156414,TRPM6,5.0
11626560,PIK3C2B,5.0
16007391,STK35,5.0
9926054,PAK1,5.0
25127112,MINK,5.0
9926054,HUNK,5.0
10138260,FLT4,7.301029995663981
16725726,PLK1,5.0
24180719,PRKX,5.0
11656518,JNK1,5.0
10427712,TNNI3K,5.853871964321762
6918454,BMPR2,5.0
11717001,LYN,5.0
9929127,SRMS,5.0
9929127,STK16,5.0
11984591,BIKE,5.721246399047171
9926054,NEK5,5.0
10074640,ERK3,5.0
9929127,CSK,5.0
44259,GSK3B,7.161150909262744
11667893,FER,5.0
44150621,GRK7,5.886056647693163
17755052,PIK3CA,8.958607314841775
11656518,MERTK,5.0
6450551,MYLK2,5.886056647693163
24180719,LRRK2(G2019S),5.0
6450551,CAMK1,5.0
10427712,AKT1,5.0
5287969,SRPK1,5.0
25127112,PAK6,5.537602002101044
11626560,PFTK1,5.0
5494449,EPHA5,5.0
44259,PRKCE,9.602059991327964
11617559,FGFR1,5.0
9929127,PRKX,5.0
9915743,MINK,7.537602002101044
11984591,YSK4,7.173925197299174
17755052,PDPK1,5.0
25243800,PIK3CA(H1047Y),6.356547323513813
9933475,ULK3,5.0
10138260,DCAMKL1,6.259637310505756
11617559,TRPM6,5.0
10427712,ZAK,5.0
11667893,IKK-alpha,5.0
176167,PCTK2,5.0
5494449,MAP3K1,5.0
25243800,ABL1(T315I),6.0
10138260,AMPK-alpha2,6.537602002101044
176155,EGFR(G719S),5.886056647693163
5329102,RIPK5,5.886056647693163
11717001,HUNK,5.0
9929127,AMPK-alpha2,5.0
5329102,PDPK1,5.455931955649724
3038525,LOK,5.0
9929127,TYRO3,5.0
176155,LRRK2,5.0
25127112,RAF1,5.0
10427712,ADCK4,5.853871964321762
11617559,ROS1,5.0
11626560,PFPK5(Pfalciparum),5.0
176167,MLK3,5.0
16007391,KIT(A829P),6.221848749616356
44259,BRAF,5.0
11626560,p38-delta,5.0
24889392,PIK3CA(C420R),5.0
16007391,TRPM6,5.0
11617559,EPHB4,5.0
156422,PRP4,5.0
9915743,EGFR(L747S752del),9.031517051446064
5494449,CDKL1,5.0
16007391,MLK3,5.0
10427712,CSNK1D,5.886056647693163
10127622,MINK,5.0
10074640,SRPK1,5.0
176155,DAPK3,5.0
11617559,YSK4,5.0
176155,PAK3,5.0
3081361,SIK,5.721246399047171
16007391,PIK4CB,5.0
3062316,CAMKK1,5.0
16725726,CSF1R,5.0
16007391,NEK11,5.0
11667893,LATS2,5.0
176167,DYRK1A,6.795880017344075
176870,PRKR,5.886056647693163
51004351,HPK1,5.6777807052660805
9929127,RSK1(KinDom.2-C-terminal),5.0
3081361,DYRK1B,5.0
5287969,EGFR,5.431798275933005
11656518,GAK,5.0
156422,PCTK2,5.0
3038525,ARK5,5.0
176155,ABL1(F317I)p,5.0
11656518,EPHA3,5.0
6450551,CLK3,5.0
11984591,RET(V804L),8.657577319177793
156422,CDK7,5.508638306165728
644241,SGK3,5.0
156414,MAP3K15,5.0
9933475,LIMK2,5.0
11656518,EGFR,5.0
10138260,DMPK,5.0
44259,JAK3(JH1domain-catalytic),7.920818753952375
3038525,HUNK,5.0
11626560,CSK,5.0
6450551,PLK4,7.795880017344075
9929127,CSNK1G2,5.0
11617559,JNK1,5.0
11984591,NEK11,6.769551078621726
11626560,TRKA,7.022276394711152
11364421,MST1,5.0
6450551,HIPK3,5.0
3038525,PIM2,5.0
44259,PIK3CA(H1047Y),5.0
16725726,PKN2,5.508638306165728
6450551,KIT(L576P),8.769551078621726
11626560,MERTK,8.443697499232712
11626560,RIPK4,5.6777807052660805
156422,CDK4-cyclinD1,5.0
3038525,MAPKAPK2,5.0
11427553,MARK3,5.886056647693163
5494449,MAP3K2,5.958607314841775
10427712,CDK4-cyclinD1,5.0
5287969,RPS6KA4(KinDom.2-C-terminal),5.0
9926054,EGFR(L861Q),5.0
3081361,CLK1,5.0
11314340,CSNK1A1L,5.337242168318426
156422,MARK3,5.0
24889392,MTOR,5.0
5329102,AMPK-alpha2,7.050609993355088
9926054,ASK2,5.0
156422,CSK,5.0
9915743,EPHB4,5.0
16007391,NEK5,5.0
44259,CSF1R,7.920818753952375
10127622,YANK3,5.0
9933475,MEK3,5.0
5329102,EPHB1,6.318758762624413
17755052,RIOK1,5.0
9929127,LCK,5.0
11364421,ABL1(F317I)p,5.0
6918454,FLT4,5.0
11667893,p38-delta,5.0
10127622,CIT,5.0
11364421,EGFR(L858R),5.886056647693163
17755052,DMPK,5.0
5494449,CDC2L1,6.537602002101044
9933475,LOK,7.638272163982407
24889392,PLK4,5.0
10427712,PCTK1,5.0
10138260,TBK1,6.795880017344075
9933475,FGR,5.958607314841775
16007391,IKK-alpha,5.0
44259,MRCKA,7.244125144327507
10127622,MRCKB,5.0
25127112,CSNK1G2,5.0
10427712,MST1,5.0
3038525,KIT(D816V),5.0
11667893,ULK3,5.0
156414,ALK,5.113509274827518
9929127,TIE1,5.0
9933475,NEK3,5.0
24180719,ABL1(F317I)p,5.301029995663981
156414,YANK3,5.0
16725726,RET(V804L),5.0
44150621,ERBB3,5.0
17755052,ITK,5.0
644241,TYRO3,5.0
5287969,MST4,5.0
11717001,MLK3,5.0
11427553,MYLK,6.130768280269024
11717001,GCN2(KinDom2S808G),5.0
11314340,FER,5.0
9929127,PIK3C2G,5.0
5494449,RAF1,5.0
24180719,RPS6KA4(KinDom.2-C-terminal),5.0
11984591,TGFBR1,5.585026652029182
25127112,ADCK4,5.0
10074640,PIK3CA(Q546K),5.0
24180719,TGFBR1,5.0
24180719,ULK2,5.0
24889392,DAPK2,5.0
51004351,NEK7,5.0
156414,DYRK1B,5.0
9915743,MRCKA,5.0
156414,ROS1,5.0
11364421,MAST1,5.0
5329102,CTK,5.113509274827518
3038525,MAP3K15,5.0
3038525,MST1R,5.0
156414,INSR,5.0
16007391,CSK,5.42021640338319
9926054,RAF1,5.0
6450551,HUNK,5.823908740944319
16725726,WEE2,5.0
176870,TESK1,5.0
3081361,DCAMKL1,5.0
17755052,MET(M1250T),5.0
11427553,GSK3B,5.0
10074640,FLT3(N841I),5.0
5287969,MLK1,5.2441251443275085
11717001,MST2,5.0
11656518,SGK3,5.0
44259,EGFR(L747S752del),6.522878745280337
25243800,PRKCI,5.0
10074640,EPHB6,5.0
9929127,TIE2,5.0
9929127,MAP3K15,5.0
10138260,RET(M918T),7.619788758288394
11617559,MAST1,5.0
10074640,YSK4,5.0
16725726,KIT(V559D-V654A),5.455931955649724
9915743,JAK2(JH1domain-catalytic),5.0
11364421,TIE1,5.0
44259,PCTK1,7.619788758288394
10074640,JAK2(JH1domain-catalytic),5.0
11626560,MRCKA,5.0
3081361,PAK3,5.0
9926054,NEK11,5.0
644241,MELK,5.0
3062316,TNNI3K,7.958607314841775
10427712,BLK,5.0
3081361,MYLK2,5.0
9915743,PRKG2,5.0
10427712,ABL1(Q252H),5.0
6918454,ABL1(F317I)p,5.0
9933475,SRPK2,5.0
10127622,SIK,5.0
25127112,KIT(A829P),5.200659450546419
10138260,PIM3,5.619788758288394
10427712,HIPK3,5.0
10127622,PLK1,5.0
44150621,RET,7.1487416512809245
10127622,MARK3,5.0
10074640,LRRK2,5.0
5287969,FRK,5.920818753952375
9926054,PAK4,5.0
6450551,MAP4K2,5.886056647693163
16007391,DAPK2,5.0
11984591,MAST1,5.0
9926054,RSK3(KinDom.2-C-terminal),5.0
51004351,ROS1,6.366531544420414
176167,RIPK4,5.0
176167,HPK1,5.744727494896694
156414,MST1,5.0
24180719,HIPK3,5.013228265733755
644241,PIK4CB,5.0
16007391,ADCK4,5.0
11656518,RIOK1,5.0
9926054,RET(V804M),5.0
3038525,CSNK2A2,5.0
176167,MAST1,5.0
25243800,CSK,5.698970004336019
644241,YSK4,5.0
5329102,CDK4-cyclinD1,5.2076083105017466
11314340,MYLK4,5.823908740944319
5329102,JAK1(JH1domain-catalytic),5.221848749616356
156414,PLK4,5.0
5287969,PAK3,5.0
25127112,PHKG2,6.0
644241,MINK,5.0
10427712,ALK,5.0
3038525,EPHA7,5.0
51004351,EGFR(L747E749del),6.2076083105017466
10427712,BMPR2,5.0
6918454,EPHA2,5.0
176870,MRCKA,5.0
10127622,EGFR,5.154901959985743
11626560,FLT3(N841I),6.0655015487564325
6918454,CSNK1A1L,5.0
11427553,STK35,6.200659450546419
11617559,SIK2,5.0
25127112,HPK1,5.0
16007391,CSNK1G2,5.0
11626560,MAPKAPK2,5.0
51004351,LIMK1,5.0
10138260,p38-delta,5.0
44259,EPHA7,6.200659450546419
25127112,STK39,5.721246399047171
10074640,CSNK1D,5.0
5494449,TESK1,5.251811972993799
10127622,LATS2,5.0
11617559,PRKR,5.0
44259,CAMKK1,10.4089353929735
24180719,LRRK2,5.0
5494449,PDPK1,5.0
11667893,GRK7,5.0
3062316,KIT(D816V),8.585026652029182
6918454,RPS6KA5(KinDom.2-C-terminal),5.0
11617559,MAP3K2,5.0
176870,MARK3,5.0
25127112,DAPK3,7.050609993355088
3081361,HIPK3,5.0
5287969,PRP4,5.0
24180719,LOK,5.0
25243800,EPHA3,6.4089353929735005
11314340,GSK3B,6.455931955649724
24889392,DMPK,5.0
5287969,LIMK1,5.0
11717001,GSK3B,5.0
11314340,LATS2,6.2076083105017466
5287969,VRK2,7.200659450546419
6450551,DAPK2,5.0
6450551,DYRK1A,5.0
10427712,EPHA7,5.0
9926054,LYN,5.0
11656518,EGFR(L747S752del),5.0
156414,EPHA4,5.443697499232713
156414,FGR,5.552841968657781
11656518,IGF1R,5.0
11364421,NEK7,5.214670164989233
3038525,IGF1R,5.0
176870,BMPR1A,5.0
10138260,FYN,5.585026652029182
51004351,HIPK2,5.508638306165728
3081361,MKNK2,5.769551078621726
25243800,EPHA7,5.0
5287969,PLK3,5.0
11626560,RET(V804L),5.6777807052660805
9926054,MST1R,5.0
3038525,MYLK2,5.0
156422,AURKB,5.0
44150621,PAK3,6.113509274827519
51004351,HUNK,6.619788758288394
5287969,PAK6,5.0
51004351,STK39,5.0
10138260,BRSK1,5.301029995663981
11427553,PYK2,6.119186407719209
6918454,IKK-alpha,5.0
176870,ROCK2,5.0
5329102,CDK7,6.481486060122113
176155,AMPK-alpha1,5.0
9915743,CTK,5.0
9933475,PLK3,5.0
5287969,ABL1(T315I),5.0
5329102,PLK3,5.0
11717001,DMPK,5.0
11667893,CLK1,5.0
10427712,CAMKK1,5.0
156414,LOK,5.721246399047171
176155,PKMYT1,5.0
10127622,RSK3(KinDom.1-N-terminal),5.0
3038525,ROCK2,5.0
10074640,BMPR1B,5.0
11984591,LIMK2,5.853871964321762
11314340,ABL1(F317I)p,5.0
176167,ABL1(F317I),5.0
10127622,ERBB2,5.0
3062316,CSNK1D,5.0
11626560,EGFR,5.0
6918454,CAMK1,5.0
5287969,INSR,5.0
156414,TRKA,5.0
644241,DLK,5.0
10427712,ABL1(F317I)p,5.0
9929127,PIM3,5.0
11656518,TTK,5.0
156414,TRKC,5.0
11984591,CSK,6.795880017344075
3038525,FGFR2,5.0
5329102,PKMYT1,5.0
644241,KIT(D816H),6.267606240177032
5329102,JNK1,5.0
176155,FRK,5.744727494896694
11314340,ERBB2,5.0
9933475,RSK4(KinDom.2-C-terminal),5.0
44259,WEE2,5.0
6918454,DAPK3,5.0
44259,LIMK2,5.036212172654444
10127622,MST4,5.0
11667893,ABL1(F317I),5.3979400086720375
24180719,GSK3A,5.0
10138260,DRAK2,6.494850021680094
9933475,WEE1,5.0
5287969,NDR1,5.0
11364421,TBK1,5.0
9915743,MAP4K5,9.187086643357144
176155,FLT3(ITD),5.0
9926054,BMPR1B,5.0
24889392,DCAMKL1,5.0
10127622,BLK,5.0
9926054,DCAMKL1,5.0
176870,EPHA6,6.356547323513813
10427712,NEK7,5.0
16007391,PRKCH,5.0
5287969,p38-beta,5.0
10074640,RSK3(KinDom.2-C-terminal),5.0
10127622,CLK1,5.0
10074640,NEK9,5.0
51004351,MAP3K2,6.853871964321762
11617559,NEK3,5.0
176167,CDK4-cyclinD1,5.0
11656518,PAK3,5.0
6918454,PRKCH,5.0
25243800,CDK4-cyclinD1,5.136677139879544
156414,p38-delta,5.0
156414,CDK9,5.0
156414,TIE1,5.657577319177793
25127112,BIKE,6.6777807052660805
44259,EGFR(L858R),6.568636235841013
25243800,FGFR1,6.2441251443275085
3062316,NEK7,5.0
3062316,CTK,5.0
176155,EGFR(L858R),5.721246399047171
11667893,AAK1,5.0
51004351,TAOK2,5.0
6918454,MAP3K15,5.0
16725726,AMPK-alpha2,5.0
11717001,JAK1(JH1domain-catalytic),5.0
10127622,TGFBR2,5.0
156414,CDC2L1,5.0
3062316,EPHB4,9.468521082957745
6918454,ZAK,5.0
10074640,ABL1(Y253F),7.602059991327962
25127112,ABL1(Q252H),5.698970004336019
11717001,PIK3C2B,5.0
11617559,MYLK2,5.0
24180719,MKNK2,5.0
156422,RPS6KA5(KinDom.2-C-terminal),5.0
11667893,YANK3,5.0
11717001,EPHB6,5.0
44150621,CHEK1,5.920818753952375
51004351,ABL2,5.0
10074640,PCTK1,5.0
5287969,LOK,5.0
11617559,ERK3,5.0
25127112,FGFR1,5.0
3038525,TXK,5.0
16007391,FGFR2,5.0
3062316,DLK,5.0
3062316,PIK3C2G,5.0
156422,PKMYT1,5.0
10427712,CAMK2A,5.0
3038525,PAK1,5.0
51004351,EPHA6,5.0
3081361,BRAF,5.0
9933475,CDK5,5.0
24180719,LTK,5.0
11656518,MYO3B,5.0
11626560,PRKX,5.0
11617559,ULK3,5.0
10138260,MLK1,5.585026652029182
11626560,CSNK2A2,5.0
11617559,IKK-beta,5.0
16007391,NEK3,5.0
9915743,PRKD3,5.619788758288394
3081361,MAP4K4,5.853871964321762
6918454,RIPK5,5.0
11984591,PAK3,6.161150909262744
51004351,BMPR2,5.0
11717001,RPS6KA5(KinDom.2-C-terminal),5.0
3038525,MRCKA,5.0
24180719,IGF1R,5.0
9915743,IRAK4,5.0
16007391,MRCKA,5.0
10427712,FER,5.0
11314340,PAK4,6.008773924307505
10427712,JAK3(JH1domain-catalytic),5.0
6450551,PAK4,5.346787486224656
44150621,PRKX,5.0
3038525,PRKR,5.0
176155,MRCKB,5.568636235841013
644241,STK35,5.0
51004351,PIK3C2G,6.2441251443275085
51004351,KIT(D816H),7.795880017344075
10138260,NEK5,5.0
176155,GAK,7.721246399047171
24889392,RSK3(KinDom.1-N-terminal),5.0
3038525,MTOR,5.0
11717001,RSK3(KinDom.1-N-terminal),5.0
6450551,FLT3(N841I),6.698970004336019
11667893,MAP4K2,5.0
3062316,LCK,9.69897000433602
51004351,RSK1(KinDom.2-C-terminal),5.0
11667893,BRK,6.0
9933475,RET(V804M),5.42021640338319
156422,TBK1,5.0
25243800,AAK1,5.795880017344075
11717001,FER,5.0
156414,CLK3,5.0
9929127,EPHA4,5.0
17755052,PIK3CA(E545K),8.920818753952375
176167,TESK1,5.0
3038525,AKT1,5.0
176167,ARK5,5.0
11656518,FLT3(ITD),5.0
24180719,STK35,5.0
11314340,MTOR,5.0
9929127,KIT(V559D-V654A),5.0
644241,TNNI3K,6.443697499232713
5494449,STK16,6.214670164989233
3062316,ALK,5.0
25243800,TYK2(JH1domain-catalytic),6.552841968657781
156422,CLK3,5.0
11717001,DAPK2,5.0
16007391,TIE1,6.455931955649724
6450551,MAP4K4,6.455931955649724
16725726,PIK3CA(Q546K),5.0
10074640,NDR1,5.0
11617559,LATS2,5.0
6918454,MET(M1250T),5.0
3081361,NDR1,5.0
6450551,PCTK1,5.275724130399211
11314340,MYO3B,5.0
5494449,NDR1,5.0
5287969,TTK,5.0
3081361,MST1,5.0
10427712,RSK4(KinDom.2-C-terminal),6.013228265733755
10138260,PAK1,5.0
10427712,ABL1(T315I),5.10790539730952
156422,CAMK4,5.0
10074640,PRP4,5.0
25127112,STK35,5.0
10127622,DLK,5.0
5287969,MET(M1250T),5.0
3081361,ERN1,5.0
156414,PKN1,5.0
44150621,ICK,5.0
156422,NEK3,5.0
16725726,PAK3,5.0
11617559,NEK9,5.0
3081361,MARK3,5.0
11656518,EGFR(G719S),5.0
3062316,MARK3,5.0
11667893,EPHA5,5.0
156414,GRK7,5.0
156422,PRKX,5.0
5329102,RET(V804M),8.236572006437063
11364421,EPHA5,5.0
11626560,KIT(V559D-V654A),5.0
3038525,ROS1,5.0
11667893,ABL1(Y253F),5.346787486224656
51004351,JNK1,5.356547323513813
9915743,NEK3,5.619788758288394
3038525,PKNB(Mtuberculosis),5.0
17755052,CSNK1G2,5.0
11984591,MEK3,7.0
156422,MAP4K2,5.0
11364421,CDC2L1,5.0
9926054,ULK2,5.0
176870,TTK,5.431798275933005
3081361,p38-beta,5.0
10427712,HPK1,5.0
10138260,ALK,6.309803919971486
11984591,EPHA4,6.823908740944319
5494449,MAP4K2,5.585026652029182
24180719,ERBB2,5.0
16725726,TIE2,5.0
16725726,RET(M918T),5.886056647693163
11617559,PIK3C2B,5.0
11314340,EPHB1,5.0
10074640,BMX,5.0
9915743,FRK,5.0
10138260,MKNK2,5.259637310505756
51004351,CSNK2A2,5.0
5329102,TGFBR1,5.0
3062316,MST1,5.42021640338319
44259,TRPM6,5.0
25127112,YANK3,5.0
9926054,MLK1,5.0
10074640,PLK1,5.0
11717001,MYLK4,5.0
176870,CAMK1D,5.0
176870,MLK3,5.0
25127112,AKT2,5.0
44150621,MST1,6.698970004336019
11984591,ULK2,7.721246399047171
176155,DAPK2,5.0
9926054,EGFR(L858R),5.0
176167,AMPK-alpha2,5.301029995663981
5287969,CAMKK1,7.102372908709558
44150621,EPHB1,5.0
176870,STK35,5.0
11626560,PKNB(Mtuberculosis),5.0
17755052,CAMKK1,5.0
9915743,EGFR,8.958607314841775
3062316,EPHA4,8.920818753952375
10127622,CAMK2A,5.0
11984591,SRPK1,6.229147988357856
6450551,NEK11,5.0
11427553,STK16,7.537602002101044
11717001,NEK11,5.0
5329102,PIM2,5.0
10074640,DRAK2,5.0
176155,SRMS,5.0
17755052,FRK,5.0
11656518,MRCKA,5.0
11667893,CDC2L2,5.0
11314340,PIK3CA(E542K),5.0
10427712,PIK3C2G,8.494850021680094
176167,KIT(L576P),5.2839966563652006
644241,MAP4K4,5.0
11717001,ULK3,5.0
9915743,DCAMKL1,5.0
3081361,ABL1(F317I)p,6.769551078621726
11314340,TRPM6,5.0
156414,LRRK2(G2019S),5.958607314841775
11656518,BMPR1A,5.0
16725726,p38-beta,5.0
176167,PLK4,5.0
24889392,ABL1(F317I),5.0
10074640,FYN,6.853871964321762
11364421,DAPK3,6.886056647693163
11617559,LOK,5.0
44259,ABL1(T315I),8.075720713938118
156422,TIE2,7.698970004336019
10427712,NDR1,5.0
25127112,TBK1,5.769551078621726
44150621,EPHB6,6.657577319177793
176155,RSK4(KinDom.2-C-terminal),6.6020599913279625
6918454,GRK7,5.0
3038525,GAK,5.0
11364421,MYLK,7.013228265733755
24180719,EPHB6,6.0655015487564325
16007391,TRKA,5.0
11984591,BMX,6.744727494896694
10074640,YANK3,5.0
176167,STK35,5.0
10127622,NEK9,5.0
44150621,FLT3(K663Q),8.958607314841775
24180719,MET(M1250T),5.0
25243800,LCK,6.698970004336019
17755052,TIE2,5.0
25127112,CAMKK1,5.0
11364421,BRSK1,5.0
156422,ACVR2A,5.0
51004351,PRKR,5.161150909262744
10427712,PCTK2,5.0
6450551,ROCK2,5.0
176155,PYK2,5.0
176155,MAP3K2,5.0
9933475,PRP4,5.0
176167,RET,5.0
176155,CAMKK1,5.0
176167,ROS1,5.0
10074640,FLT4,5.0
9915743,PKN2,5.0
44259,ADCK4,5.0
3038525,MYLK4,5.0
11364421,FLT3(N841I),5.0
3062316,CLK1,5.0
644241,CAMK2A,5.0
156422,PRKCI,5.0
10138260,EPHA3,5.638272163982407
11984591,SGK3,5.0
11717001,MYLK2,5.0
6450551,AURKB,7.958607314841775
25243800,GCN2(KinDom2S808G),5.0
10127622,MRCKA,5.0
11314340,ABL1(F317I),5.0
44259,AAK1,8.920818753952375
156422,PRKCH,5.0
11984591,FGFR2,7.136677139879544
9929127,GCN2(KinDom2S808G),5.0
5494449,PIK3CB,5.0
156422,EPHA1,5.008773924307505
11984591,CDK5,5.0
9915743,MKNK2,5.0
6918454,EPHB1,5.0
11626560,TNNI3K,6.958607314841775
11626560,TGFBR1,6.0
24889392,EGFR(L858R),5.0
3062316,NEK11,6.327902142064283
11656518,ABL1(T315I),5.214670164989233
11364421,CSNK2A2,5.0
10427712,CSK,5.0
11984591,CDK7,5.113509274827518
9926054,LIMK1,5.0
16007391,PFTK1,5.0
9933475,AAK1,5.0
51004351,EPHA4,5.0
16007391,MLK1,5.0
11617559,AURKC,5.0
10138260,PCTK2,5.0
6918454,TGFBR1,5.0
9926054,PRKR,5.0
25243800,FER,5.0
11626560,DYRK1B,5.0
44150621,JAK3(JH1domain-catalytic),6.3872161432802645
6918454,TRPM6,5.0
6450551,PAK6,5.0
156414,TGFBR2,6.096910013008056
6450551,RPS6KA5(KinDom.2-C-terminal),5.0
9926054,AMPK-alpha1,5.0
44150621,RSK4(KinDom.2-C-terminal),5.0
156422,ABL1(T315I),7.229147988357856
3062316,SIK2,8.193820026016112
5287969,CAMK1D,5.0
10127622,MAP4K3,5.0
176870,MST4,5.0
644241,CAMKK1,5.0
44259,ABL1(Q252H),7.67778070526608
11364421,ADCK4,5.0
9933475,EPHA1,5.2839966563652006
25243800,PKNB(Mtuberculosis),5.537602002101044
24180719,BRSK1,5.0
9926054,RSK4(KinDom.2-C-terminal),5.173925197299174
176870,FLT3(ITD),6.086186147616283
3081361,BMPR1B,6.619788758288394
5287969,PLK4,5.075720713938119
10074640,CDK9,5.0
11656518,NEK3,5.0
3081361,RET(M918T),7.853871964321762
25243800,PLK4,7.154901959985743
11667893,TRKC,5.0
5329102,KIT(L576P),8.886056647693163
16007391,MAP4K3,5.0
11984591,INSR,5.958607314841775
11626560,ABL1(F317I),5.568636235841013
44259,PIK3CA(E545K),5.0
25243800,MAP3K1,5.6020599913279625
25127112,ICK,5.0
176870,PIK3CA(E545K),5.0
11717001,ASK2,5.0
644241,LRRK2(G2019S),5.0
10127622,ROS1,5.0
11984591,RPS6KA5(KinDom.2-C-terminal),6.823908740944319
17755052,MAP4K5,5.0
11717001,EGFR,5.0
6450551,HPK1,6.481486060122113
3038525,FER,5.0
9926054,FGFR2,5.0
9915743,ULK3,5.0
11656518,HIPK2,5.0
9929127,LRRK2(G2019S),5.0
10074640,CDK5,5.0
11717001,WEE1,5.0
176167,IRAK4,5.0
3038525,SGK3,5.0
5329102,JNK3,5.366531544420414
6918454,TAOK2,5.0
10138260,ACVR2A,5.0
11314340,TRKA,5.0
11427553,PIK3CA(Q546K),5.0
44259,CAMK4,7.387216143280264
10074640,ABL2,6.958607314841775
176155,MLK1,5.0
11427553,IKK-beta,6.366531544420414
176155,VRK2,5.0
156422,PRKG2,5.0
176155,ROCK2,5.0
9933475,MLK1,5.0
5329102,IRAK4,7.180456064458132
644241,PKN2,5.0
3062316,MET(M1250T),5.0
44150621,PCTK1,6.366531544420414
24180719,ULK3,5.0
9915743,ERN1,5.0
16007391,STK33,5.0
11717001,PHKG1,5.0
25127112,MYO3B,5.0
9933475,CSK,5.0
51004351,ARK5,7.387216143280264
156414,FLT3(N841I),5.619788758288394
5494449,TIE2,6.346787486224656
51004351,TESK1,5.0
176155,EGFR(L858RT790M),5.886056647693163
51004351,MARK3,7.67778070526608
176870,IKK-beta,5.0
3038525,LCK,5.337242168318426
3038525,TESK1,5.0
3062316,LYN,9.244125144327509
9926054,MERTK,5.0
11314340,RET(M918T),5.0
11314340,AKT2,5.537602002101044
11656518,LOK,7.221848749616356
24180719,FGR,7.207608310501746
5287969,ITK,5.0
11617559,PIK3CA(C420R),5.0
51004351,PRKG2,7.130768280269024
25243800,EGFR(L747S752del),5.619788758288394
17755052,PKN2,5.0
3062316,TIE1,5.0
11364421,PIK3CA,5.0
644241,GSK3A,5.0
24180719,PAK7,5.0
24180719,EPHA7,5.0
9926054,ARK5,5.0
9926054,ERK3,5.366531544420414
11626560,ROS1,8.387216143280265
9926054,MAP3K2,5.0
11626560,PIK3CA(Q546K),5.0
10074640,ROCK2,5.0
51004351,GCN2(KinDom2S808G),7.4089353929735005
25243800,ABL2,5.920818753952375
44150621,FLT3(N841I),8.318758762624412
176167,ADCK4,5.0
11984591,PCTK2,6.481486060122113
10127622,CSNK1A1L,5.0
156422,FGR,5.0
6450551,MEK3,5.0
11617559,NEK11,5.0
10127622,RIOK1,5.0
11717001,STK33,5.0
3038525,EPHA4,5.0
3062316,PLK4,5.0
644241,TGFBR1,5.0
156414,FLT3(ITD),5.522878745280337
10127622,ERK3,5.0
17755052,MELK,5.2441251443275085
11984591,ZAK,5.0
10138260,LTK,5.376750709602099
44150621,ASK2,5.0
10138260,ICK,5.920818753952375
3062316,AMPK-alpha1,5.0
176167,NDR1,5.0
10074640,FLT3(K663Q),5.0
11364421,MARK3,5.0
3062316,RET(M918T),6.4089353929735005
176155,CSNK1D,7.431798275933005
6450551,CIT,5.0
24180719,SIK2,5.721246399047171
17755052,JNK3,6.251811972993799
5494449,ROCK2,5.0
5329102,BRAF,5.0
3038525,BMPR1B,5.0
11314340,IKK-beta,5.0
5494449,CTK,5.0
5329102,FLT4,7.301029995663981
3081361,STK16,5.0
644241,KIT(L576P),7.657577319177794
16007391,EPHA5,5.0
3062316,RET(V804M),5.0
44259,STK35,6.853871964321762
16007391,ROCK2,5.0
16725726,PIK3CB,5.0
10427712,PHKG2,5.0
9926054,AURKC,5.0
44150621,PIM3,5.0
10138260,ADCK4,5.0
16007391,p38-delta,5.0
176167,GRK7,5.886056647693163
9915743,JAK3(JH1domain-catalytic),5.698970004336019
10138260,CSNK1G2,6.102372908709559
11656518,DRAK2,5.0
3038525,PIK3CA(Q546K),5.0
11984591,MST4,5.0
16725726,PIK3C2B,5.0
11626560,EPHB1,6.920818753952375
9933475,HPK1,6.036212172654444
16725726,MERTK,5.0
51004351,PIK3CA(Q546K),5.0
5329102,PLK1,5.0
10427712,EGFR(L858RT790M),5.657577319177793
9933475,CAMKK1,5.0
10427712,PDPK1,5.0
25243800,IRAK4,5.366531544420414
644241,EPHA4,6.481486060122113
10074640,LIMK1,5.0
10074640,MAST1,5.0
3081361,PAK7,5.0
44259,EGFR(L861Q),6.221848749616356
10074640,MARK3,5.0
6450551,ACVR2A,5.0
17755052,EPHB4,5.0
5494449,RPS6KA5(KinDom.2-C-terminal),5.0
25243800,MRCKB,5.0
10427712,PIM2,5.0
9926054,GCN2(KinDom2S808G),5.0
25243800,MELK,6.769551078621726
11984591,LRRK2(G2019S),7.568636235841013
10127622,CLK4,5.0
5287969,CLK1,5.769551078621726
6450551,PKNB(Mtuberculosis),5.0
11617559,PIK4CB,5.0
176167,CSNK1A1L,5.0
17755052,CIT,5.0
51004351,MELK,6.552841968657781
5329102,NEK9,5.0
176167,BMPR1B,5.0
176167,MLK1,5.0
6450551,PIM2,5.0
156414,TYK2(JH1domain-catalytic),5.0
51004351,ULK2,5.0
11717001,FYN,5.0
11667893,PRP4,5.0
11314340,AURKA,5.0
11314340,STK33,6.657577319177793
10427712,WEE2,5.0
9933475,PAK1,5.0
6918454,BMPR1B,5.0
25243800,PCTK1,5.0
16725726,GSK3A,5.2839966563652006
176155,IKK-alpha,5.0
10138260,PFTK1,5.958607314841775
11617559,DLK,5.0
16007391,BIKE,5.0
9926054,SRMS,5.0
6450551,RET(V804M),5.795880017344075
6450551,RIPK5,5.0
10074640,MLK3,5.0
5329102,RIPK4,5.6777807052660805
16725726,EPHA2,5.0
176155,PAK1,5.0
10427712,ACVR2A,5.0
10074640,CLK4,5.0
3062316,ABL1(F317I),10.0
51004351,PAK6,5.0
3062316,PRKR,5.0
11427553,MAP4K3,6.823908740944319
5329102,TYRO3,7.309803919971486
16007391,TGFBR1,5.0
156422,MAP4K5,5.0
10127622,MLK3,5.0
644241,CLK4,5.1487416512809245
17755052,RAF1,5.0
16725726,CSNK1A1L,5.0
3081361,CSNK2A2,5.0
11667893,MST2,5.0
24180719,CSNK2A2,5.0
11984591,AURKB,6.958607314841775
24889392,PKNB(Mtuberculosis),5.0
9926054,PIK3CB,5.0
176167,PRKD3,5.0
11667893,SRPK1,5.0
25243800,DAPK2,7.026872146400302
11656518,TBK1,5.0
11364421,SRPK1,5.0
24889392,CSNK1A1,5.0
3038525,PIK3CA(C420R),5.0
11626560,PAK1,5.0
176155,PIK3C2B,5.0
11656518,GCN2(KinDom2S808G),7.259637310505756
44150621,NEK5,5.638272163982407
644241,EGFR(T790M),5.0
176870,PAK4,5.0
16007391,EGFR(L861Q),6.292429823902063
6450551,PKMYT1,5.0
5287969,MKNK1,5.0
10427712,TYK2(JH2domain-pseudokinase),6.113509274827519
16007391,BMPR1B,5.0
11667893,STK39,5.0
10138260,ARK5,6.337242168318426
5494449,MKNK2,5.2839966563652006
156422,RET(V804M),5.0
10074640,MST1,5.0
3081361,LCK,7.769551078621726
11717001,PIK3CA(E542K),5.0
3038525,PIK3CB,5.0
3062316,PRKX,5.0
11617559,TBK1,5.0
176155,RIPK5,5.0
6450551,DRAK2,5.0
9926054,CAMKK1,5.0
6450551,JAK2(JH1domain-catalytic),5.481486060122113
9933475,SIK,5.0
51004351,JAK3(JH1domain-catalytic),7.920818753952375
176870,RAF1,5.0
25127112,LCK,5.0
11617559,TRKC,6.920818753952375
176167,TTK,5.0
9933475,TYK2(JH2domain-pseudokinase),5.0
9929127,EGFR(L858RT790M),5.0
644241,PIK3CA(E545K),5.0
9933475,MELK,5.0
10127622,RSK4(KinDom.2-C-terminal),5.0
10127622,MAP4K2,5.0
25243800,TGFBR2,6.6020599913279625
176167,RSK3(KinDom.2-C-terminal),5.0
11984591,DRAK2,8.036212172654444
11364421,GRK7,6.070581074285707
3062316,IRAK4,5.0
25243800,ERBB2,5.537602002101044
44150621,SRPK2,6.537602002101044
11427553,LIMK2,5.0
11667893,RPS6KA5(KinDom.2-C-terminal),5.0
11626560,STK35,6.214670164989233
44259,MST1,9.721246399047171
176155,PRKCH,5.0
17755052,TAOK2,5.0
10127622,FLT3(ITD),5.0
6450551,EPHB6,6.443697499232713
644241,IRAK4,5.0
176167,PAK6,5.0
11364421,ZAK,5.0
10427712,PIK3CA(C420R),7.008773924307505
6918454,FYN,5.0
24180719,PIK3CA(H1047Y),5.0
16725726,CIT,6.698970004336019
156414,HPK1,5.0
25243800,PIK3CB,6.920818753952375
3062316,IRAK1,5.0
44150621,TTK,5.0
9915743,LCK,6.920818753952375
10127622,EPHB6,5.0
9933475,EGFR(L747E749del),6.154901959985743
10074640,DYRK1A,5.0
11427553,MYLK4,6.769551078621726
176167,GCN2(KinDom2S808G),5.0
156414,PIK3CA(E545A),5.0
9926054,MYLK4,6.154901959985743
10138260,EGFR(L747S752del),5.0
10074640,CAMK1D,5.0
17755052,CSNK1D,5.920818753952375
176870,MAP4K4,5.0
44150621,JNK3,5.0
156422,MYLK4,5.0
644241,p38-beta,7.443697499232713
24180719,SIK,6.2839966563652006
11656518,KIT(V559D-V654A),6.070581074285707
3038525,IKK-beta,5.0
6450551,MAP3K15,5.0
16007391,MELK,5.0
17755052,EGFR(L861Q),5.0
24889392,ABL1(Y253F),5.0
3038525,STK33,5.0
44259,EGFR(L747E749del),7.017728766960432
176870,CSNK1D,5.455931955649724
3038525,PRP4,5.0
10127622,KIT(L576P),5.0
25243800,PHKG2,6.119186407719209
5494449,ERN1,5.251811972993799
5329102,AKT2,5.568636235841013
156422,TIE1,8.080921907623926
9915743,RSK4(KinDom.2-C-terminal),5.0
44259,RIPK4,6.958607314841775
176155,BRAF,6.1487416512809245
11364421,PIK3CB,5.0
25127112,PIK3CA(C420R),5.0
24889392,RIOK1,5.0
644241,BMPR1A,5.0
3038525,RET(V804L),5.0
17755052,DRAK2,5.0
5329102,MYLK2,7.309803919971486
11984591,MYLK,5.187086643357144
10427712,ARK5,5.0
10074640,AKT2,5.0
17755052,LIMK1,5.0
10138260,LYN,6.091514981121351
11617559,LIMK1,5.0
24889392,JAK1(JH1domain-catalytic),5.0
3062316,MST1R,5.0
10138260,KIT(D816V),6.468521082957745
24180719,MYLK,5.0
25243800,JAK2(JH1domain-catalytic),7.958607314841775
44259,NDR1,7.251811972993799
10127622,CSNK1G2,5.0
6450551,CSNK2A2,5.552841968657781
11626560,CDKL1,5.0
9915743,PIK3CA(H1047Y),5.0
51004351,CTK,5.0
6450551,GSK3A,5.0
5287969,CAMK4,5.494850021680094
11364421,AMPK-alpha2,5.0
10427712,EGFR,5.292429823902063
11984591,CDK9,5.0
11314340,IRAK4,5.6020599913279625
11626560,ADCK4,5.958607314841775
51004351,STK16,6.552841968657781
176167,PLK1,5.0
3038525,SIK,5.0
24180719,JAK1(JH1domain-catalytic),5.0
10138260,PIK3CA(E542K),5.0
9915743,BRSK2,5.0
9933475,BRSK1,5.0
44150621,ITK,6.275724130399211
11984591,p38-beta,5.0
10074640,PIM2,5.0
5494449,MLK1,6.4089353929735005
3062316,TRPM6,5.0
176167,TNIK,5.0
5287969,WEE1,5.0
11427553,EPHB4,5.537602002101044
24889392,WEE1,5.0
16725726,RSK3(KinDom.2-C-terminal),5.0
5494449,MYLK4,5.657577319177793
9926054,PIK3CA(C420R),5.0
176167,MST2,5.721246399047171
6918454,JAK1(JH1domain-catalytic),5.0
11984591,GSK3A,5.6020599913279625
9929127,PHKG1,5.0
44150621,MKNK1,5.0
156414,STK39,5.0
9929127,MAST1,5.0
5494449,CSK,5.318758762624413
11626560,ICK,5.0
6918454,EGFR(L747S752del),5.0
11626560,FER,6.568636235841013
11427553,EGFR(L858RT790M),6.1938200260161125
11617559,EPHA6,5.0
5329102,RET(V804L),8.060480747381382
9933475,STK33,6.267606240177032
156422,PIK3CA(C420R),5.0
44150621,ASK1,5.0
6450551,MKNK1,5.0
3062316,MAP4K3,6.1938200260161125
16007391,ERN1,5.0
11617559,RET(V804L),5.0
16725726,MKNK1,5.0
11314340,IRAK1,5.508638306165728
11717001,RSK3(KinDom.2-C-terminal),5.0
5329102,TNNI3K,5.0
11667893,PKNB(Mtuberculosis),5.0
9929127,CIT,5.0
51004351,PHKG2,5.853871964321762
5329102,PRP4,6.4089353929735005
6918454,HIPK3,5.0
11427553,TGFBR1,5.0
16007391,MRCKB,5.0
11656518,ADCK4,5.0
9933475,MAST1,5.0
10138260,FGR,6.4089353929735005
11364421,EPHB1,5.0
11617559,TAOK2,5.0
16007391,CSF1R,5.853871964321762
9915743,GSK3B,5.0
176155,LYN,5.0
5494449,MYLK2,7.366531544420414
156422,AKT1,5.0
10427712,GSK3A,5.0
11427553,EGFR(L858R),5.0
3081361,CSNK1A1,5.0
644241,DYRK1A,5.0
156422,ABL1(F317I),5.309803919971486
3062316,TXK,8.67778070526608
11427553,CDK7,6.721246399047171
156414,ASK2,5.0
5329102,MST1R,5.0
16725726,EGFR,5.0
10127622,YSK4,5.0
156422,IGF1R,5.0
9929127,ROCK2,5.0
11427553,DAPK3,6.508638306165728
10074640,BMPR1A,5.0
11656518,PRKX,5.0
51004351,ABL1(Q252H),5.0
644241,PRKCE,5.0
16725726,RET,5.0
11314340,PKNB(Mtuberculosis),5.0
9926054,ERBB2,5.0
5287969,JNK3,5.259637310505756
44150621,CSNK1A1L,5.0
176167,PKN2,5.0
10074640,EPHA3,5.6020599913279625
9915743,DYRK1B,5.0
9926054,LOK,5.0
16725726,FLT3(N841I),5.0
5494449,ABL1(T315I),8.013228265733755
6450551,MAPKAPK2,5.0
156422,MEK6,5.0
10138260,YSK4,7.920818753952375
11617559,PAK6,5.0
11364421,ICK,5.0
10127622,PRKCI,5.0
16725726,PRKG2,8.508638306165727
11626560,MEK1,5.0
9933475,PRKCH,5.0
44150621,BRAF,5.0
176870,MAP3K1,5.0
24889392,CSNK1G2,5.0
11427553,MAP4K4,7.481486060122113
5287969,EPHA5,5.455931955649724
11984591,PAK4,7.017728766960432
11656518,MYLK,5.0
11667893,INSR,5.0
176155,PFPK5(Pfalciparum),5.0
16007391,MAP3K2,5.0
3062316,YANK3,5.0
11984591,CSNK1A1L,5.0
176870,PIK3CA(E545A),5.0
11314340,MRCKA,6.42021640338319
10427712,CAMK1,5.0
51004351,PIK3CA(E542K),5.0
3062316,MST4,5.721246399047171
11717001,EPHA6,5.0
6450551,EGFR(G719S),5.2076083105017466
16007391,FAK,5.0
176870,EPHA3,5.619788758288394
25127112,PAK1,5.0
16725726,CSNK1A1,5.0
51004351,TYK2(JH1domain-catalytic),6.6020599913279625
11626560,TRKC,7.086186147616283
3081361,FLT3(ITD),5.744727494896694
176155,PAK4,5.0
11626560,MAP4K2,7.096910013008056
17755052,CAMK2A,5.0
16007391,MAP3K15,5.0
10074640,RAF1,5.0
11314340,PDPK1,5.0
44259,ACVR2A,5.050609993355088
5494449,PLK1,5.0
10138260,MST2,7.187086643357144
5287969,FLT3(N841I),5.187086643357144
3081361,EPHB6,7.119186407719209
10138260,CDK7,6.031517051446065
44150621,MINK,8.040958607678906
6450551,MRCKB,5.318758762624413
176870,LIMK2,5.0
3081361,CDK7,5.3872161432802645
11427553,MINK,7.602059991327962
16725726,MEK6,5.0
9915743,NEK11,5.0
6918454,NEK5,5.0
9929127,PLK1,5.0
10138260,PHKG1,7.080921907623926
44150621,KIT(L576P),8.795880017344075
5287969,MYLK4,5.0
3062316,ABL2,9.769551078621726
10074640,PCTK2,5.0
25243800,SGK3,5.0
5287969,TYK2(JH2domain-pseudokinase),7.455931955649724
44150621,ZAK,5.0
156422,FER,5.0
16725726,CAMK4,6.431798275933005
156414,ERN1,5.0
3038525,CLK3,5.0
24889392,TIE2,5.0
11427553,MAP4K5,6.585026652029182
11626560,STK39,5.0
5494449,SIK,5.6020599913279625
24180719,BMPR1B,5.508638306165728
11427553,LRRK2(G2019S),7.346787486224656
25243800,PRKD3,5.0
9929127,IKK-alpha,6.0
25243800,ROCK2,5.0
9926054,EPHB1,5.0
6450551,RSK3(KinDom.1-N-terminal),5.0
44259,CAMK1,7.568636235841013
9926054,IRAK1,5.0
24180719,MRCKB,5.0
51004351,IKK-beta,5.200659450546419
10127622,ERBB3,5.0
16007391,GSK3A,5.0
11656518,HIPK3,5.0
5329102,MYLK,6.552841968657781
11364421,ASK1,5.0
9915743,LTK,5.0
9915743,TGFBR1,5.0
17755052,ROCK2,5.0
11364421,RET,5.0
25243800,ARK5,5.0
156422,GCN2(KinDom2S808G),5.0
176155,RIPK4,5.0
11717001,EPHA7,5.0
16007391,BMPR2,5.0
5287969,TGFBR2,5.251811972993799
3062316,GCN2(KinDom2S808G),5.795880017344075
9926054,HIPK3,5.0
6918454,EGFR(L747E749del),5.0
11984591,PIK3CA(E545A),5.0
16725726,DMPK,5.0
11314340,PLK4,5.0
11667893,RIPK5,5.0
25243800,CDK5,5.0
16725726,FGR,5.0
10127622,CAMK1,5.0
17755052,CDK7,5.0
176870,CSF1R,5.0
11626560,MAP3K15,5.552841968657781
11667893,PKN1,5.0
10127622,ITK,5.0
156422,EPHB1,5.309803919971486
6918454,SGK3,5.0
6918454,CDK4-cyclinD1,5.0
10127622,ABL2,5.0
24180719,EPHA6,5.0
11314340,PCTK1,5.823908740944319
10138260,LIMK1,5.0
11314340,MEK1,5.0
3038525,SRPK2,5.0
3081361,MLK3,5.0
5287969,PIK3C2B,5.0
11364421,PIK3CA(Q546K),5.0
11427553,TNNI3K,5.0
9933475,PAK7,5.0
44259,IKK-beta,7.508638306165728
11617559,CAMKK1,5.0
3062316,TNIK,5.698970004336019
11984591,JNK1,7.42021640338319
11427553,MELK,6.6777807052660805
176167,MKNK2,5.0
10127622,MEK1,7.00436480540245
156422,DCAMKL1,5.0
156414,TYRO3,6.0
11364421,ERK3,5.0
9915743,FLT4,5.0
6450551,EPHA3,5.0
25243800,AURKB,5.0
6450551,FGFR2,6.958607314841775
25127112,NDR1,5.0
44150621,ULK2,7.267606240177032
3062316,GAK,8.585026652029182
10138260,GSK3B,5.0
644241,ADCK4,5.0
11427553,FAK,5.6777807052660805
9926054,PYK2,5.0
16725726,MET(M1250T),5.0
44150621,RET(M918T),7.327902142064283
44259,RPS6KA4(KinDom.2-C-terminal),5.657577319177793
176167,CHEK1,5.0
644241,ABL1(T315I),6.180456064458132
6450551,SGK3,5.0
5329102,PHKG1,8.259637310505756
16725726,MKNK2,5.0
156414,RAF1,5.0
44259,PFTK1,6.795880017344075
3081361,DYRK1A,5.0
5494449,AKT1,5.0
11656518,IKK-beta,5.0
51004351,FGFR2,5.619788758288394
11427553,p38-delta,5.0
3081361,PAK6,5.0
176870,CLK4,5.0
44259,PIK3C2G,6.366531544420414
10427712,CAMK4,5.0
6918454,WEE2,5.0
11656518,ZAK,7.200659450546419
16725726,RSK3(KinDom.1-N-terminal),5.0
176155,TRKC,5.0
176167,PIK3CB,5.0
5494449,ARK5,6.698970004336019
25127112,EPHA5,5.0
176155,MAPKAPK2,5.0
156422,LATS2,5.0
6918454,STK35,5.0
11427553,PIK3CA(E545K),5.0
11617559,WEE1,5.0
3062316,RPS6KA4(KinDom.2-C-terminal),5.0
10427712,PHKG1,5.0
11364421,EGFR(L858RT790M),6.619788758288394
5494449,PIK3CA(E542K),5.0
10138260,YANK3,5.0
16007391,DYRK1B,5.0
5329102,MST4,6.468521082957745
17755052,PAK6,5.0
11617559,GSK3B,5.0
16007391,ABL1(F317I),5.42021640338319
11667893,LCK,6.443697499232713
44259,FLT3(N841I),8.67778070526608
24180719,ALK,5.0
10127622,TNNI3K,5.0
44150621,DCAMKL1,5.0
11656518,PIK3CA(E545K),5.0
5287969,MERTK,5.167491087293763
25243800,ROS1,5.920818753952375
11667893,GSK3B,5.0
11364421,FGFR1,5.0
10074640,MEK3,5.0
3081361,ROCK2,5.443697499232713
17755052,MYLK2,5.0
11427553,TXK,6.236572006437063
9915743,PFPK5(Pfalciparum),5.0
25243800,PHKG1,5.0
9915743,ALK,5.0
11984591,PRKCH,5.0
11626560,CDK4-cyclinD1,5.0
11717001,AURKC,5.0
11626560,p38-beta,5.0
5329102,ARK5,7.318758762624413
11364421,EGFR(T790M),6.443697499232713
25243800,FLT4,6.619788758288394
5287969,EGFR(L861Q),5.920818753952375
11427553,PRKR,5.443697499232713
10138260,CSNK1A1,6.3979400086720375
44150621,MAST1,7.397940008672037
17755052,PIK3CB,7.795880017344075
11314340,AAK1,7.366531544420414
16725726,LRRK2,5.0
25243800,LRRK2,6.537602002101044
10138260,ABL2,5.0
11427553,AURKB,7.055517327849832
176167,AAK1,5.568636235841013
11626560,ERN1,5.0
17755052,PIM3,5.0
9915743,CLK4,5.0
11364421,ROCK2,5.0
3038525,EPHA1,5.327902142064283
10074640,SRPK2,5.0
5329102,MLK3,5.886056647693163
11667893,DYRK1A,5.0
16007391,LIMK2,5.0
9915743,TRPM6,5.0
25127112,PRKCE,6.275724130399211
6450551,LTK,5.0
176870,CTK,5.0
25127112,DAPK2,7.013228265733755
156414,RET(M918T),6.075720713938118
156422,LIMK2,5.0
11626560,CLK3,5.0
25243800,KIT(A829P),5.795880017344075
10427712,RET(V804M),5.0
11984591,KIT(D816H),8.187086643357144
6918454,AURKA,5.0
24889392,PIK3CA(E545A),5.0
44150621,NDR1,6.180456064458132
44150621,PIK3CA(E545K),5.0
644241,MEK6,5.0
3062316,PKN2,5.0
16007391,MST4,5.0
3062316,IKK-beta,5.0
9933475,FLT3(K663Q),5.638272163982407
9933475,IKK-alpha,5.0
11626560,BMX,5.443697499232713
11667893,FLT3(K663Q),7.267606240177032
5329102,PIK3CA(H1047Y),5.0
44150621,PKN2,5.00436480540245
11984591,TYRO3,5.721246399047171
6450551,PFPK5(Pfalciparum),5.0
10427712,DAPK3,5.0
16725726,PRKR,5.698970004336019
16725726,FLT3(K663Q),5.0
176155,LTK,5.0
10138260,MAP4K4,6.585026652029182
5287969,PRKCH,6.455931955649724
5287969,KIT(D816H),5.045757490560675
5494449,YSK4,7.292429823902063
5494449,FER,5.376750709602099
156422,IRAK4,5.0
9926054,TXK,5.0
25243800,AURKA,5.0
5494449,FAK,5.0
3062316,RSK3(KinDom.1-N-terminal),5.0
11364421,ASK2,5.0
176870,LRRK2(G2019S),5.318758762624413
11626560,MYLK,5.0
176870,EGFR(L747E749del),9.2839966563652
24889392,BMPR1A,5.0
3081361,PRKD3,5.0
5329102,KIT(A829P),7.366531544420414
156414,RET(V804L),5.0
16725726,LOK,5.0
10127622,IRAK4,5.0
44259,DYRK1A,8.397940008672037
3062316,TTK,5.0
25243800,p38-delta,5.0
5494449,PAK6,5.013228265733755
25243800,TGFBR1,7.0
156414,MRCKA,5.0
10427712,TRKC,5.0
16725726,PHKG1,5.0
644241,WEE1,5.0
11984591,EPHA6,6.920818753952375
5494449,DCAMKL1,5.0
11656518,TNIK,5.823908740944319
5287969,EPHA4,5.0
11626560,EPHA2,7.0
3062316,TBK1,5.0
5329102,RPS6KA5(KinDom.2-C-terminal),5.769551078621726
5287969,MARK3,5.0
10074640,MAP3K2,5.0
11717001,MELK,5.0
25243800,MKNK1,5.173925197299174
11364421,MINK,5.795880017344075
11656518,STK39,5.0
9929127,TESK1,5.0
6450551,IGF1R,5.0
44150621,CSNK1D,5.0
24889392,NDR1,5.0
24889392,TYK2(JH2domain-pseudokinase),5.0
5329102,LIMK2,5.0
24889392,ERBB2,5.0
644241,CTK,5.0
9933475,CLK1,5.0
11617559,BMPR1B,5.0
11717001,TRPM6,5.0
5494449,RSK3(KinDom.1-N-terminal),5.698970004336019
9926054,EGFR,5.0
176155,PRKR,5.0
3038525,CSNK1D,5.0
44259,JNK3,6.958607314841775
3038525,EGFR(L747S752del),5.0
11314340,EGFR,5.0
10427712,MYLK2,5.0
11427553,BMX,5.721246399047171
156422,PIK3CB,5.0
9929127,NEK5,5.0
10127622,PFPK5(Pfalciparum),5.0
5494449,AMPK-alpha1,5.958607314841775
5329102,CHEK1,6.522878745280337
176870,BMPR1B,5.0
11626560,PKN1,5.0
6450551,PRKD3,5.0
176870,ITK,5.0
5494449,DYRK2,5.0
11617559,JAK3(JH1domain-catalytic),5.0
156422,RET(V804L),5.0
11717001,AURKB,5.0
11427553,PRKG2,6.096910013008056
5287969,ABL1(F317I)p,5.229147988357856
176870,LTK,6.050609993355088
10138260,PIK3CA,5.0
16007391,EPHB1,5.0
11364421,HIPK2,5.537602002101044
11364421,CAMK1D,5.267606240177032
17755052,IKK-alpha,5.0
3038525,FGR,5.886056647693163
11617559,PAK4,5.0
156414,NDR1,5.0
11667893,LYN,6.795880017344075
10138260,PIK3CB,5.0
11617559,ABL1(F317I)p,5.0
3062316,CDK9,5.0
17755052,JAK1(JH1domain-catalytic),5.0
11617559,DAPK2,5.0
44150621,MAP4K2,5.721246399047171
10074640,FLT3(ITD),5.0
16725726,CDK4-cyclinD1,5.0
176155,LCK,5.552841968657781
176870,DCAMKL1,5.0
11314340,BMPR2,5.0
11427553,YSK4,8.2839966563652
11427553,TAOK2,5.0
11626560,STK33,5.0
176155,TRKA,5.0
176167,EPHA4,5.0
9933475,ALK,5.638272163982407
9929127,FLT3(K663Q),5.0
25127112,EGFR(G719S),5.0
5494449,EPHA4,5.366531544420414
44259,AKT1,7.698970004336019
156422,PLK1,5.0
16007391,PIK3C2B,5.0
11667893,MYLK,5.0
6450551,PKN2,5.568636235841013
9929127,ULK3,5.0
3062316,PRKG2,5.0
11364421,TAOK2,5.0
11717001,EPHA5,5.0
156422,CHEK1,5.0
10127622,IKK-alpha,5.0
11427553,TRPM6,5.0
51004351,MEK6,5.187086643357144
11617559,KIT(L576P),5.0
644241,PRKG2,5.0
10427712,MEK3,5.180456064458132
44259,CDK7,7.346787486224656
16007391,JAK1(JH1domain-catalytic),5.0
11984591,MERTK,6.769551078621726
5287969,MTOR,5.0
6450551,MAP3K1,5.0
9933475,YANK3,5.0
9915743,PRKCE,5.0
156414,CAMK1D,5.0
9915743,FYN,5.1938200260161125
11626560,PRKCI,5.0
11364421,PDPK1,5.0
9926054,MAPKAPK2,5.0
24889392,MST2,5.0
9926054,JNK3,5.0
25127112,PLK3,6.1487416512809245
9933475,MST1,5.366531544420414
9933475,BMPR1A,5.0
10074640,PIK3CA(H1047Y),5.0
3081361,MAP3K2,5.0
11667893,HIPK3,5.0
16725726,MELK,6.050609993355088
176155,DYRK2,5.0
11667893,MTOR,5.0
176167,ABL1(Y253F),5.0
5287969,MINK,5.886056647693163
176870,ASK2,5.0
25243800,EGFR,5.619788758288394
11427553,AURKA,6.187086643357144
3062316,STK16,5.0
3062316,ITK,5.0
10127622,MAP3K15,5.0
5287969,JAK2(JH1domain-catalytic),5.259637310505756
11984591,ABL1(T315I),6.173925197299174
10427712,PKMYT1,5.0
6450551,p38-delta,5.0
9915743,MLK1,5.267606240177032
3038525,PAK6,5.0
9915743,MAP3K1,5.0
10138260,PRKD3,5.568636235841013
3081361,PHKG2,5.102372908709558
11626560,LATS2,5.0
16725726,ALK,5.0
11314340,BIKE,6.920818753952375
11626560,LOK,7.356547323513813
10074640,MKNK2,5.0
16725726,BMPR1A,5.0
11364421,GSK3A,5.0
11656518,PAK4,5.0
44259,MEK1,7.67778070526608
644241,MYLK,5.0
44150621,MYLK2,7.036212172654444
3062316,DCAMKL1,5.0
176870,PKN1,5.0
176870,PIK4CB,5.0
3081361,EGFR(L747S752del),8.102372908709558
644241,RSK3(KinDom.2-C-terminal),5.0
51004351,MYO3B,5.0
11626560,CDK9,5.0
9929127,GRK7,5.0
11717001,p38-delta,5.0
644241,NEK7,5.0
44259,PRKCH,8.318758762624412
3081361,RIOK1,5.0
11667893,ZAK,8.096910013008056
5494449,EPHA2,6.075720713938118
176167,PAK3,5.366531544420414
17755052,EPHA7,5.0
10138260,LRRK2(G2019S),7.154901959985743
11364421,PLK4,5.0
11667893,CSNK1A1L,5.0
16725726,CLK4,5.0
11626560,JAK3(JH1domain-catalytic),6.698970004336019
24889392,PKMYT1,5.0
9915743,RET,5.0
176167,JAK2(JH1domain-catalytic),5.0
11656518,KIT(L576P),7.080921907623926
10138260,ULK2,7.187086643357144
9926054,STK35,5.0
25127112,EPHA7,5.0
11364421,CDC2L2,5.0
9933475,NEK5,5.0
44259,MAP3K2,8.619788758288394
16007391,ABL2,5.0
10427712,KIT(L576P),5.0
24889392,TAOK2,5.0
3081361,MRCKB,5.6020599913279625
24889392,MAP3K2,5.0
44259,BIKE,8.2518119729938
44259,ITK,7.721246399047171
10074640,PYK2,5.0
156422,RSK3(KinDom.1-N-terminal),5.0
24180719,FER,5.0
11364421,EGFR,5.657577319177793
17755052,SRPK2,5.0
9926054,CDC2L2,6.4089353929735005
9926054,YSK4,6.585026652029182
17755052,ERBB2,5.0
5494449,DYRK1A,5.0
3081361,LIMK1,5.0
9929127,FLT3(ITD),5.0
5494449,MST1R,5.886056647693163
11984591,RIPK5,5.0
44150621,ERN1,5.0
11364421,PRKR,6.337242168318426
24180719,JAK2(JH1domain-catalytic),5.0
6450551,PIK4CB,5.0
11626560,NEK9,6.102372908709559
25243800,ERBB3,6.920818753952375
9933475,STK39,5.0
11626560,JAK1(JH1domain-catalytic),6.481486060122113
176870,CAMKK1,5.0
3062316,RSK3(KinDom.2-C-terminal),5.0
11984591,PHKG1,5.0
25127112,EPHB1,5.0
11656518,PIK3CA(C420R),5.0
176870,HIPK2,5.0
17755052,CLK4,5.823908740944319
9933475,DLK,5.0
156414,RIOK1,5.075720713938119
5329102,CDC2L2,5.0
9926054,FLT4,5.0
17755052,PIK4CB,5.0
44259,DAPK2,8.795880017344075
156422,KIT(D816V),5.0
11626560,DRAK2,5.0
5494449,TYK2(JH1domain-catalytic),6.292429823902063
11667893,CSNK1A1,5.0
9926054,KIT(L576P),5.4089353929735005
11626560,BMPR1A,5.0
9915743,PIK3CA(Q546K),5.0
3081361,PIK3CA(E545K),5.0
5494449,PRKD3,5.0
16007391,EPHA4,5.0
156414,BLK,7.346787486224656
11656518,NEK11,5.0
5329102,WEE2,5.0
44150621,WEE2,5.0
25243800,MEK1,7.292429823902063
17755052,BMX,5.0
44150621,MST4,6.267606240177032
3038525,FLT3(N841I),5.0
17755052,EGFR(L858R),5.0
11314340,EPHA2,5.0
156414,FGFR2,5.0
644241,PIK3CA(Q546K),5.0
11427553,PRKD3,6.107905397309519
11984591,EPHB4,6.221848749616356
9929127,FGR,5.0
11656518,CHEK1,5.0
156414,LRRK2,6.301029995663981
3081361,GSK3B,5.0
10127622,MEK3,5.0
10074640,NEK7,5.0
176155,TYK2(JH2domain-pseudokinase),5.698970004336019
10138260,PRKG2,5.0
5287969,FGFR2,5.0
10127622,MAP4K5,5.0
10427712,STK35,5.0
176870,EGFR(T790M),6.853871964321762
10138260,LCK,5.638272163982407
24889392,BMPR2,5.0
5287969,EGFR(L747S752del),5.657577319177793
11656518,MYLK4,5.0
156414,MYLK2,5.0
3062316,CDKL1,5.0
10138260,CIT,7.026872146400302
9915743,YSK4,7.795880017344075
51004351,PLK3,5.0
6918454,MAP3K1,5.0
44259,KIT(D816V),9.193820026016112
9933475,PAK6,5.0
11364421,TYRO3,5.0
24889392,SIK,5.0
156414,PDPK1,5.0
3081361,PIK3CA(E545A),5.0
6450551,RET,6.920818753952375
11617559,WEE2,5.0
3038525,PFPK5(Pfalciparum),5.0
9915743,DAPK2,5.0
10074640,MST4,5.0
16007391,CLK1,5.0
156422,PAK4,5.0
10127622,CSK,5.0
25243800,WEE1,5.0
644241,RSK4(KinDom.2-C-terminal),5.0
10427712,MEK1,5.0
11364421,p38-delta,5.0
176870,JAK2(JH1domain-catalytic),5.431798275933005
5287969,TRKA,5.0
6450551,LRRK2,6.036212172654444
6450551,AURKA,7.142667503568732
176167,CSF1R,5.0
44150621,AMPK-alpha1,6.2839966563652006
44150621,BRSK1,5.0
25127112,FER,5.0
156422,KIT(D816H),5.0
5287969,PFPK5(Pfalciparum),5.481486060122113
6450551,SIK2,5.0
17755052,GAK,5.568636235841013
16725726,PIK3CA(H1047Y),5.0
156422,LIMK1,5.0
156422,PRKD3,5.0
9929127,TRKA,5.0
10074640,PFPK5(Pfalciparum),5.0
11656518,ASK2,5.0
176155,MKNK2,5.0
10138260,MYLK4,7.494850021680094
10127622,BMPR1A,5.0
11626560,YSK4,6.008773924307505
24180719,KIT(A829P),5.236572006437063
3081361,IKK-alpha,5.0
11626560,PIK3CA(C420R),5.0
6450551,ERN1,5.0
25243800,EGFR(G719S),5.522878745280337
156422,EPHA7,6.0655015487564325
9933475,MINK,6.267606240177032
25243800,JAK3(JH1domain-catalytic),7.0655015487564325
9933475,MET(M1250T),6.236572006437063
11617559,MLK1,5.0
11626560,MST1,6.236572006437063
16725726,PCTK1,5.0
3038525,LRRK2,5.0
176870,MAP3K2,5.6020599913279625
16007391,MET(M1250T),5.0
11427553,PKN1,6.236572006437063
11667893,RSK1(KinDom.2-C-terminal),5.0
156422,TXK,5.0
44259,FGFR1,7.045757490560675
644241,MEK1,5.0
5494449,ZAK,5.552841968657781
176167,RPS6KA5(KinDom.2-C-terminal),5.0
644241,PKMYT1,5.0
644241,TBK1,5.0
11667893,PIM3,5.0
11656518,PFTK1,5.0
25243800,CSNK1A1,6.443697499232713
11984591,ASK1,5.0
44259,RSK3(KinDom.1-N-terminal),8.050609993355087
16725726,KIT(A829P),5.744727494896694
11667893,PAK4,5.0
156414,MAP4K2,6.481486060122113
5287969,SRPK2,5.0
17755052,PRKR,5.0
9926054,SGK3,5.0
11656518,CDK5,5.0
10074640,MINK,5.0
11314340,PIK3CA(E545A),5.0
3062316,DYRK1B,5.0
9933475,CSNK1A1L,5.0
3062316,STK39,5.0
11667893,PIK3CA(E542K),5.0
644241,PYK2,5.0
6450551,MTOR,5.0
10427712,IRAK4,5.0
11364421,LIMK2,5.0
24180719,PIK3C2B,5.0
44259,DRAK2,7.67778070526608
24180719,SRPK1,5.0
11656518,PHKG2,5.0
51004351,TTK,6.455931955649724
11626560,LTK,7.920818753952375
176870,TRKC,5.0
16725726,PKMYT1,5.0
25243800,PRKCE,8.045757490560675
11656518,FRK,6.229147988357856
16725726,EPHA1,5.0
5329102,SRPK1,6.6020599913279625
11364421,ULK3,5.0
644241,RET(V804L),5.0
11314340,CAMK4,6.1487416512809245
44150621,LIMK1,5.0
9929127,CDK9,5.0
10074640,WEE2,5.0
24889392,ADCK4,5.0
176870,MAST1,5.0
6918454,HPK1,5.0
51004351,PRKCI,5.0
176155,ADCK4,5.508638306165728
3038525,NEK7,5.0
176167,CLK1,6.292429823902063
24889392,GRK7,5.0
176167,DMPK,5.657577319177793
10138260,PRKCI,5.0
11667893,TAOK2,5.0
156422,PAK3,5.0
11984591,MYLK4,6.091514981121351
9929127,MAPKAPK2,5.0
176870,FAK,5.0
25243800,EGFR(L858R),6.0
9929127,ASK2,5.0
10427712,EPHA4,5.0
3038525,LRRK2(G2019S),5.0
176167,CAMK1,5.0
9926054,AAK1,5.0
176155,RSK3(KinDom.1-N-terminal),5.0
24889392,CSF1R,8.0
176167,RET(V804L),5.0
9933475,EGFR(L861Q),6.920818753952375
11717001,RSK4(KinDom.2-C-terminal),5.0
9933475,PIK3CA(C420R),5.0
9933475,FLT4,8.366531544420413
9926054,BRSK2,5.0
25243800,CLK3,5.0
5494449,BMPR1A,5.0
10427712,PAK6,5.0
156422,TRKA,6.0
11427553,JAK3(JH1domain-catalytic),7.4089353929735005
11314340,CAMK1,5.0
11984591,WEE2,5.026872146400302
3062316,EPHA1,8.387216143280265
3038525,WEE1,5.0
11717001,EPHA3,5.0
11626560,PIM2,5.0
156414,EPHA3,5.6777807052660805
11656518,PRKD3,5.0
644241,MLK1,5.0
51004351,EGFR(G719S),5.275724130399211
24889392,CDK4-cyclinD1,5.0
3081361,AAK1,5.0
6918454,DCAMKL1,5.0
44259,PLK1,6.721246399047171
6450551,STK39,5.0
25127112,DCAMKL1,7.167491087293763
11626560,MLK1,5.0
44150621,MKNK2,5.0
11314340,PHKG1,5.920818753952375
6450551,NEK9,5.0
44259,PIK3CB,5.0
25243800,MAP4K3,5.0
156414,MTOR,5.0
10138260,EPHA4,5.0
11314340,MYLK,6.060480747381382
11667893,TXK,5.0
11364421,MRCKA,5.0
3081361,AMPK-alpha1,5.522878745280337
9926054,MINK,5.0
10074640,NEK5,5.0
9929127,WEE2,5.0
6918454,EPHA5,5.0
11656518,CDKL1,5.0
10127622,PHKG2,5.0
24889392,FRK,5.744727494896694
3038525,BRK,5.0
44150621,TGFBR1,5.0
16725726,ABL1(F317I),5.0
9933475,DMPK,5.0
25127112,ERBB2,5.0
11364421,RET(V804L),5.0
24180719,TESK1,5.823908740944319
176870,MYLK4,5.0
3062316,CAMK2A,5.0
644241,MERTK,5.0
11984591,PIM2,5.0
11667893,NEK3,5.0
25243800,ALK,5.958607314841775
17755052,PRKG2,5.0
644241,HIPK2,5.0
5329102,PAK1,5.0
9933475,MAP3K1,5.0
9915743,BMPR1B,5.0
9926054,ABL1(F317I),5.0
16007391,KIT(V559D-V654A),6.318758762624413
11667893,CLK3,5.0
44150621,PCTK2,5.522878745280337
17755052,ERBB3,5.0
176155,IRAK1,5.0
10074640,ULK3,5.0
176155,EPHB1,5.0
9933475,LATS2,5.0
6918454,CIT,5.0
176167,MAP3K2,5.0
9926054,ABL1(Q252H),5.0
11626560,PIK3CA(H1047Y),5.0
6450551,SIK,5.6777807052660805
9926054,MYLK2,5.0
16725726,MAP3K1,5.0
9929127,STK39,5.0
3081361,YANK3,5.0
25243800,MAP3K15,5.0
644241,EPHA2,6.638272163982407
11617559,GSK3A,5.0
44259,IGF1R,6.6777807052660805
44259,PLK4,9.113509274827518
3062316,MRCKA,5.698970004336019
11427553,CAMK1D,6.275724130399211
11427553,EPHB6,6.886056647693163
11656518,MAP4K5,6.080921907623926
17755052,AURKA,5.0
644241,TYK2(JH2domain-pseudokinase),5.0
16007391,EGFR(T790M),5.823908740944319
11617559,ERBB2,5.0
9915743,FER,6.292429823902063
16007391,ZAK,5.769551078621726
9929127,PRKCH,5.0
6450551,CSNK1D,5.0
17755052,RET(V804M),5.0
24180719,DMPK,5.0
176167,FGR,5.0
6450551,PRKCI,5.0
9929127,GAK,5.0
11656518,MST1R,5.0
176167,KIT(A829P),5.0
11626560,BRSK2,5.0
6918454,CSNK1A1,5.0
9933475,PRKD3,5.0
3062316,WEE1,5.154901959985743
3062316,MEK1,6.0
16725726,PAK1,6.259637310505756
25127112,MEK3,6.327902142064283
644241,TIE1,6.0
25127112,TESK1,5.0
17755052,SRMS,5.0
5494449,FGFR1,6.259637310505756
3081361,LYN,6.958607314841775
3038525,PAK3,5.0
25127112,RET(V804M),6.721246399047171
11626560,CSNK1A1L,5.0
9933475,CLK4,5.0
51004351,PYK2,6.180456064458132
5494449,EGFR(G719S),5.0
176155,RSK3(KinDom.2-C-terminal),5.0
11984591,AURKA,6.795880017344075
156414,KIT(D816H),6.221848749616356
6918454,RET(V804M),5.0
5494449,GSK3B,5.0
176870,PLK4,5.721246399047171
5287969,TRPM6,5.0
176167,IGF1R,5.0
16007391,EGFR(L858R),6.008773924307505
11656518,TGFBR2,5.0
24180719,CSK,5.657577319177793
10074640,MAPKAPK2,5.0
6450551,MAP3K2,5.0
51004351,EPHB6,5.508638306165728
17755052,KIT(L576P),5.0
176870,AKT1,5.0
644241,MST1R,5.0
5329102,LTK,5.744727494896694
24889392,ERBB3,5.0
11427553,TBK1,6.886056647693163
44259,MST1R,6.3979400086720375
44259,MST2,9.744727494896694
5329102,NEK7,5.3872161432802645
24180719,TYRO3,5.0
16725726,GAK,5.0
156422,YANK3,5.0
176870,HPK1,5.0
6450551,AKT2,5.0
3038525,EGFR(G719S),5.0
3062316,PRKCH,5.0
51004351,CAMK2A,7.698970004336019
25243800,EPHA4,6.008773924307505
156422,LRRK2,5.0
9915743,EGFR(L858RT790M),7.568636235841013
9933475,HIPK3,5.0
17755052,RSK1(KinDom.2-C-terminal),5.0
3038525,MELK,5.0
24180719,CDK9,5.0
6918454,CDC2L1,5.0
11364421,PYK2,6.508638306165728
3038525,MKNK2,5.0
44259,CSK,6.481486060122113
10138260,PRKX,5.0
176167,EGFR(T790M),5.0
11617559,NEK7,5.0
156422,KIT(L576P),6.585026652029182
5287969,LRRK2(G2019S),5.698970004336019
11984591,DYRK1B,5.0
5287969,CLK3,5.795880017344075
156414,PAK3,5.0
6450551,RIPK4,5.853871964321762
11364421,CDK5,5.0
44150621,LRRK2,5.823908740944319
11314340,PKN1,6.6777807052660805
16725726,ADCK4,5.0
5494449,PAK1,5.356547323513813
176167,PIM3,5.958607314841775
11717001,PCTK1,5.0
3081361,ABL1(Y253F),8.045757490560675
51004351,ERBB3,5.0
11656518,EGFR(L858RT790M),5.0
3081361,DMPK,5.0
11667893,GAK,5.0
11314340,MLK1,5.0
11667893,IKK-beta,5.0
9915743,YANK3,5.0
5329102,CSK,5.0
9933475,TNIK,6.091514981121351
11427553,CIT,6.187086643357144
644241,TRPM6,5.0
11667893,MARK3,5.0
25127112,HUNK,5.0
16725726,PRKCI,6.6020599913279625
10427712,TRPM6,8.102372908709558
176167,PCTK1,5.275724130399211
11626560,ROCK2,5.481486060122113
11364421,RIPK4,5.0
11984591,TIE2,6.508638306165728
25243800,AKT1,5.0
16007391,HIPK3,5.6020599913279625
3081361,LIMK2,5.0
24889392,MAP4K4,5.6020599913279625
25243800,DAPK3,7.387216143280264
6450551,CHEK1,5.0
6918454,BRSK1,5.0
6918454,DAPK2,5.0
6918454,GCN2(KinDom2S808G),5.0
11984591,CLK3,5.721246399047171
11364421,PIK3CA(H1047Y),5.0
3062316,JNK1,5.0
51004351,MST1,7.397940008672037
176155,EPHA4,5.0
6450551,TTK,5.4089353929735005
9926054,PIK4CB,5.0
9933475,EPHA3,5.431798275933005
51004351,DAPK2,6.050609993355088
11364421,RIOK1,5.657577319177793
176167,EPHA1,5.0
5287969,PIK3CA(H1047Y),5.0
5494449,EGFR(L747E749del),5.0
5494449,DRAK2,5.0
10138260,WEE1,5.522878745280337
176167,MAPKAPK2,5.0
24889392,IRAK4,5.0
156414,PAK4,5.0
16007391,PIK3CA(E545K),5.0
5287969,KIT(V559D-V654A),5.0
176870,KIT(L576P),5.455931955649724
17755052,AAK1,5.040958607678906
156414,NEK9,5.0
51004351,EGFR,5.886056647693163
44259,ALK,7.494850021680094
51004351,FLT3(ITD),7.958607314841775
24180719,JNK1,5.0
176870,AMPK-alpha2,5.0
6918454,MEK1,6.920818753952375
176870,FLT4,5.6777807052660805
156422,PKN1,5.0
51004351,MAPKAPK2,5.0
24180719,YANK3,5.0
176155,AKT2,5.0
11427553,FGFR1,6.431798275933005
5287969,JAK3(JH1domain-catalytic),5.795880017344075
9915743,MST1R,5.075720713938119
25127112,IGF1R,5.0
16007391,RPS6KA5(KinDom.2-C-terminal),5.0
51004351,PFPK5(Pfalciparum),5.0
10127622,BMPR1B,5.0
9933475,IRAK4,5.0
11667893,EPHA7,5.0
10138260,EGFR(L858R),5.0
156414,PRKCI,5.0
44150621,RSK1(KinDom.2-C-terminal),5.0
11364421,NEK3,6.142667503568732
11984591,BRAF,6.619788758288394
11667893,ULK2,5.0
11667893,EGFR(L747S752del),5.346787486224656
5287969,MAP3K2,5.214670164989233
11717001,CHEK1,5.0
9926054,PFTK1,5.0
44150621,AURKA,5.0
44259,PIK4CB,6.337242168318426
17755052,EGFR(G719S),5.0
11427553,DMPK,5.42021640338319
16007391,DYRK1A,5.0
176167,PYK2,5.0
176870,MKNK1,6.161150909262744
6918454,LYN,5.0
156414,PCTK2,5.0
9926054,RSK1(KinDom.2-C-terminal),5.481486060122113
24889392,EPHA3,5.187086643357144
51004351,ABL1(F317I)p,5.0
10427712,PLK4,5.0
9929127,EPHA2,5.0
11984591,MAP3K15,5.0
9915743,NEK9,5.0
3038525,KIT(L576P),5.0
10074640,TNIK,5.0
11617559,ABL2,5.0
10127622,SRPK2,5.0
16725726,TRPM6,5.0
3038525,AAK1,5.0
11364421,AURKB,5.0
10427712,CDK7,5.0
156422,PIK3CA(Q546K),5.0
3038525,NEK11,5.0
16725726,MST4,5.267606240177032
11427553,MYO3B,5.221848749616356
11617559,EGFR(L747S752del),5.0
11656518,MAP3K1,5.0
9929127,NEK7,5.0
11626560,EGFR(L747S752del),5.0
3062316,EPHA5,9.619788758288394
10427712,PRP4,5.0
156414,RET(V804M),5.0
11667893,TYRO3,5.0
3062316,PAK4,5.0
51004351,TNNI3K,5.0
16725726,INSR,5.0
10127622,LRRK2(G2019S),5.0
25243800,RSK1(KinDom.2-C-terminal),5.0
176870,ULK2,5.0
11717001,PHKG2,5.0
644241,ARK5,5.0
11717001,FLT3(N841I),5.0
10074640,TYK2(JH2domain-pseudokinase),5.0
24180719,TNIK,5.6020599913279625
644241,LYN,7.0
5287969,ASK1,5.0
644241,MLK3,5.0
11656518,PKN1,5.0
6450551,JNK1,5.4089353929735005
156414,LIMK1,5.0
10138260,CAMK4,5.568636235841013
11364421,JAK1(JH1domain-catalytic),5.0
11667893,JAK1(JH1domain-catalytic),5.2839966563652006
156414,MET(M1250T),5.769551078621726
5329102,TRKA,7.0
25127112,FGFR2,5.0
24180719,CSNK1A1L,5.0
10138260,BRAF,5.0
3062316,RSK4(KinDom.2-C-terminal),5.0
9929127,PRKCI,5.0
44259,CLK4,8.017728766960431
11617559,FGR,5.0
16725726,MRCKB,5.0
10074640,MST2,5.0
11667893,AMPK-alpha1,5.0
25243800,LATS2,5.3979400086720375
3081361,RIPK4,6.2076083105017466
11656518,ABL2,5.721246399047171
3062316,SRMS,7.886056647693163
5494449,HUNK,5.008773924307505
25127112,TYRO3,5.0
16725726,LCK,5.0
11626560,BLK,6.958607314841775
176167,IRAK1,5.0
5494449,PIK3C2G,5.0
11617559,IRAK4,5.0
5494449,ABL1(F317I)p,5.6777807052660805
11717001,ARK5,5.0
3038525,RSK4(KinDom.2-C-terminal),5.0
3038525,PRKCI,5.0
11667893,PIK3CA(E545A),5.0
10074640,CLK1,5.0
176167,STK33,5.309803919971486
17755052,ARK5,5.0
10138260,BMX,5.0
6450551,YANK3,5.0
11984591,EGFR(L858R),6.6020599913279625
3038525,MST1,5.0
25243800,CSNK2A2,6.026872146400302
644241,BLK,6.301029995663981
11667893,EGFR,5.886056647693163
24180719,MARK3,5.0
11984591,MEK1,6.494850021680094
44150621,FAK,5.0
11314340,CSK,5.0
11717001,MYLK,5.0
176167,PHKG2,5.0
11364421,CLK4,5.0
11656518,PIK3CA(E542K),5.0
51004351,HIPK3,5.638272163982407
176167,RIOK1,5.0
156414,EGFR(G719S),9.721246399047171
5329102,MST1,7.721246399047171
10138260,EGFR,5.0
11656518,CAMK1,5.0
11314340,NDR1,5.0
3038525,ULK2,5.0
3038525,ABL1(T315I),5.0
11667893,GCN2(KinDom2S808G),5.356547323513813
10427712,JAK1(JH1domain-catalytic),5.0
3038525,MERTK,5.0
9933475,LIMK1,5.0
24889392,MAST1,5.0
16007391,EPHA2,5.0
11427553,PIK3CA(E542K),5.0
16007391,ACVR2A,5.0
3062316,EPHA7,5.0
11626560,MEK6,5.0
25243800,TYRO3,5.0
11314340,ERK3,5.0
176155,EGFR(L747E749del),5.769551078621726
9933475,PIM2,5.0
9915743,LIMK1,5.0
11717001,ABL2,5.0
6918454,ABL1(F317I),5.0
6918454,PRKD3,5.0
10138260,DYRK1A,6.585026652029182
17755052,VRK2,5.0
10427712,ASK2,5.0
156414,CSNK1G2,5.0
11717001,FGFR2,5.0
11617559,AKT1,5.0
5494449,MARK3,5.6020599913279625
11427553,RIPK5,6.180456064458132
6918454,CSNK2A2,5.0
44259,CDC2L2,5.0
9929127,EGFR,5.0
9915743,CDC2L1,5.0
24889392,TGFBR1,5.0
176167,MET(M1250T),5.0
10138260,ABL1(Y253F),6.236572006437063
11617559,RIPK4,5.0
5287969,TXK,5.0
3038525,MEK6,5.0
9933475,PLK4,5.6777807052660805
10427712,RSK3(KinDom.1-N-terminal),5.0
176167,MYLK4,6.638272163982407
3038525,TRKC,5.0
9915743,PIK3CA(E545K),5.0
176870,GCN2(KinDom2S808G),5.356547323513813
6918454,ERK3,5.0
6450551,MET(M1250T),5.958607314841775
3062316,DAPK2,5.0
5329102,SIK,5.494850021680094
3062316,JAK1(JH1domain-catalytic),5.0
24180719,RAF1,6.769551078621726
11656518,ICK,5.0
6918454,RPS6KA4(KinDom.2-C-terminal),5.0
11626560,EPHA6,7.187086643357144
3038525,ALK,5.0
5494449,PLK4,8.036212172654444
3038525,p38-beta,7.130768280269024
16007391,ABL1(F317I)p,5.337242168318426
17755052,TYK2(JH1domain-catalytic),5.0
24889392,CAMKK1,5.0
11626560,HIPK3,5.0
156422,IKK-alpha,5.0
11314340,ULK2,5.221848749616356
10127622,RIPK5,5.0
11984591,ABL1(Y253F),5.744727494896694
11314340,BLK,5.0
11656518,FLT3(N841I),5.0
176155,PRKCE,5.0
11984591,DAPK3,7.886056647693163
11656518,MINK,5.0
9933475,p38-delta,5.0
11617559,RIPK5,5.0
11984591,ASK2,5.0
10127622,KIT(A829P),5.0
11667893,MAP3K15,5.0
11626560,CAMK1,5.0
9926054,CHEK1,5.0
10138260,TIE1,5.2441251443275085
5494449,GCN2(KinDom2S808G),5.721246399047171
176870,CDC2L1,5.0
17755052,CSNK1A1,5.0
24180719,MKNK1,5.0
11667893,KIT(D816H),6.744727494896694
11314340,NEK11,5.0
17755052,STK39,5.0
10427712,EPHA6,5.0
11626560,ASK2,5.0
156422,CSNK1A1L,5.0
9929127,FAK,5.0
156414,GSK3A,5.0
51004351,AURKA,6.920818753952375
5329102,PIK3CA(C420R),5.0
16007391,AAK1,5.522878745280337
5494449,PCTK1,6.638272163982407
11667893,EGFR(G719S),6.0
176167,PLK3,5.0
5287969,PFTK1,6.958607314841775
10074640,CAMK2A,5.0
25127112,PCTK2,5.0
3038525,TRKA,5.0
25127112,GRK7,6.267606240177032
16007391,IRAK4,5.0
5494449,LIMK1,5.585026652029182
51004351,MEK1,5.0
16007391,LYN,5.795880017344075
24180719,FYN,5.638272163982407
3038525,ABL2,5.721246399047171
176155,PFTK1,5.0
44259,SRPK2,7.173925197299174
176870,DRAK2,5.026872146400302
10127622,EGFR(L747E749del),5.522878745280337
11364421,IRAK4,5.6777807052660805
11667893,ROS1,5.0
16725726,RPS6KA4(KinDom.2-C-terminal),7.292429823902063
6450551,RSK1(KinDom.2-C-terminal),5.0
176155,IRAK4,5.0
11626560,LRRK2,5.0
11984591,GAK,6.6020599913279625
9933475,EPHB6,6.657577319177793
25127112,JNK3,5.0
10127622,TRKA,5.0
3081361,MINK,5.468521082957745
176870,RSK3(KinDom.1-N-terminal),5.0
3062316,PIK3CA(E545K),5.0
6918454,SRPK2,5.0
11656518,PCTK1,5.0
11717001,TNIK,5.638272163982407
6918454,FLT3(ITD),5.0
17755052,ALK,5.0
44150621,KIT(A829P),7.346787486224656
156422,JNK3,6.958607314841775
11427553,FLT3(N841I),7.886056647693163
11984591,PLK3,8.292429823902063
11364421,LIMK1,5.0
5329102,TRKC,5.292429823902063
5287969,FLT3(K663Q),5.0
24180719,SGK3,5.142667503568732
9933475,PRKCI,5.0
11717001,TYK2(JH2domain-pseudokinase),5.0
44150621,EGFR(L747E749del),5.0
44150621,HIPK3,5.292429823902063
11656518,KIT(A829P),6.00436480540245
11626560,AKT2,5.0
3062316,BMPR1A,5.154901959985743
11667893,MLK3,5.0
3038525,IRAK4,5.0
10427712,SIK,5.0
644241,EGFR,5.0
25127112,WEE1,5.0
5329102,INSR,6.301029995663981
17755052,SRPK1,5.0
9915743,RSK3(KinDom.1-N-terminal),5.3872161432802645
11984591,JAK2(JH1domain-catalytic),8.455931955649724
5329102,p38-delta,5.0
6450551,EGFR(L747E749del),5.0
10074640,LIMK2,5.0
10127622,CSNK1D,5.0
5494449,ABL2,8.397940008672037
5287969,PAK4,5.0
6918454,ERN1,5.0
176167,PIK3CA(E542K),5.0
16725726,TGFBR2,5.0
24180719,MERTK,5.0
644241,PRKR,5.0
11656518,RSK3(KinDom.2-C-terminal),5.0
644241,BRAF,5.769551078621726
10127622,PIK3C2B,5.0
11626560,MARK3,5.0
24889392,DYRK1B,5.0
25127112,CSF1R,5.0
9933475,CDK7,5.0
24889392,CLK1,5.0
11626560,MTOR,5.0
24180719,EPHA3,5.0
9929127,RIPK5,5.0
44259,RET,7.823908740944319
24180719,EPHA5,5.0
11667893,DAPK2,5.0
11617559,MST1R,5.0
6450551,PAK1,5.0
17755052,CAMK4,5.0
176870,ALK,5.920818753952375
9933475,EPHA5,5.0
3038525,ABL1(Y253F),5.0
10138260,SRPK1,5.3979400086720375
11617559,RSK3(KinDom.1-N-terminal),5.0
44259,TAOK2,7.920818753952375
176870,ERN1,5.0
176870,MEK1,5.0
44259,MYLK2,7.214670164989233
5287969,CSNK1G2,5.0
644241,MYO3B,5.0
9929127,MYO3B,5.0
11984591,PLK1,6.080921907623926
25243800,EGFR(L858RT790M),6.180456064458132
5287969,YANK3,5.0
644241,STK39,5.0
11667893,FAK,5.0
6450551,SRPK1,5.744727494896694
156422,EGFR(L858RT790M),5.0
5287969,RSK3(KinDom.2-C-terminal),5.823908740944319
9926054,ERN1,6.0
11667893,MRCKA,5.0
6450551,VRK2,5.0
156422,HUNK,5.0
11656518,PIM3,5.0
10127622,PRKX,5.0
24889392,CDK9,5.0
156414,PIK3CA(Q546K),5.0
51004351,DRAK2,5.327902142064283
44259,MRCKB,7.376750709602099
24180719,RET(M918T),5.0
6450551,MST4,5.0
16007391,EGFR(L747E749del),5.537602002101044
5287969,CTK,5.0
11717001,MINK,6.0
10074640,FGFR2,5.0
5287969,CAMK2A,5.769551078621726
176155,MAP4K3,5.0
11667893,NEK5,5.0
44150621,PIK3CA(C420R),5.0
11427553,PFTK1,6.060480747381382
9933475,KIT(V559D-V654A),9.508638306165729
6450551,TRKC,5.0
11314340,HPK1,5.0
156414,CLK1,5.0
156414,SGK3,5.0
16007391,ERK3,5.0
16725726,DYRK2,5.0
9915743,GAK,6.6020599913279625
11984591,TIE1,7.119186407719209
16725726,RSK1(KinDom.2-C-terminal),5.0
24180719,PCTK2,5.0
156414,BMX,5.585026652029182
5329102,SGK3,6.657577319177793
3038525,CDK5,5.0
11667893,TGFBR1,5.0
3081361,FLT4,5.958607314841775
11617559,FLT3(N841I),5.0
25243800,FGFR2,6.6777807052660805
17755052,RSK3(KinDom.1-N-terminal),5.0
11717001,ALK,5.0
10127622,PLK4,5.0
9929127,EPHA7,5.0
25127112,JAK3(JH1domain-catalytic),8.698970004336019
44150621,ABL1(F317I)p,5.346787486224656
9933475,YSK4,6.6020599913279625
16725726,RET(V804M),5.0
11984591,RPS6KA4(KinDom.2-C-terminal),7.356547323513813
3081361,TTK,5.0
17755052,EPHA4,5.0
176167,MARK3,5.0
9915743,MELK,5.795880017344075
10427712,EGFR(G719S),5.0655015487564325
44150621,MARK3,5.468521082957745
24889392,ABL1(F317I)p,5.0
25127112,TXK,5.0
11717001,TGFBR2,5.0
644241,BIKE,5.0
5494449,FLT3(N841I),8.366531544420413
10074640,AAK1,5.0
10138260,EPHA5,5.0
24889392,ARK5,5.0
5287969,DLK,5.0
11364421,LCK,5.0
16007391,AKT1,5.0
176155,CSNK2A2,5.0
24180719,RPS6KA5(KinDom.2-C-terminal),5.0
11984591,BRSK1,5.0
24180719,CAMK2A,5.0
44259,GAK,7.769551078621726
3081361,CAMK1,5.0
176155,CSNK1A1,7.1249387366083
176167,TGFBR2,5.0
6918454,TYK2(JH2domain-pseudokinase),5.0
25127112,JAK1(JH1domain-catalytic),8.468521082957745
5494449,PKNB(Mtuberculosis),5.657577319177793
9915743,LATS2,5.0
11717001,PRKCI,5.0
156422,ICK,5.0
10427712,YANK3,5.0
156422,SIK,5.0
11314340,ERN1,5.0
11656518,CAMKK1,5.0
11717001,MET(M1250T),5.0
9929127,RSK3(KinDom.1-N-terminal),5.0
11314340,PIK3CA(C420R),5.0
11427553,MLK3,6.638272163982407
5329102,ASK1,5.0
44259,ASK1,6.958607314841775
3062316,FLT4,5.0
6918454,ULK2,5.0
9933475,TGFBR1,5.769551078621726
24889392,PIK3C2G,5.0
25243800,ACVR2A,7.744727494896694
11626560,INSR,6.468521082957745
6918454,EGFR(L858R),5.0
9933475,JNK3,5.0
6450551,RET(V804L),5.886056647693163
9915743,DAPK3,5.0
9926054,FLT3(ITD),5.0
10427712,BMX,5.0
11717001,PAK1,5.0
5329102,ULK2,7.886056647693163
44150621,MRCKA,5.0
3038525,DRAK2,5.0
11314340,RIPK4,5.0
10074640,VRK2,5.0
9933475,MYLK4,5.0
11617559,CLK1,5.0
11364421,CDK7,5.455931955649724
176167,INSR,5.0
10138260,STK39,6.366531544420414
44259,PDPK1,8.769551078621726
25127112,SIK2,5.0
11427553,MST2,5.0
24889392,RAF1,5.0
176167,DCAMKL1,5.0
11314340,MLK3,5.0
11364421,EGFR(L747E749del),5.958607314841775
44150621,DAPK2,5.0
10127622,SRPK1,5.0
11364421,CSF1R,5.0
16007391,ABL1(Q252H),6.0655015487564325
11427553,PIK3CA(E545A),5.0
9915743,PIK3CA,5.0
176167,EPHA7,5.0
16725726,MYLK4,5.0
10138260,IRAK1,7.585026652029182
16725726,EPHA5,5.0
6450551,CTK,5.0
3038525,CDK9,5.0
9915743,PLK3,5.0
3062316,PIK3CB,5.0
16725726,MINK,5.0
10074640,DYRK1B,5.0
11717001,EPHB4,5.0
176870,MYO3B,5.0
176167,VRK2,5.0
3062316,TYRO3,5.0
10138260,FLT3(ITD),8.744727494896694
10138260,AAK1,7.180456064458132
44259,CAMK1D,8.958607314841775
11667893,PFTK1,5.0
644241,JNK1,6.346787486224656
10138260,MAP3K2,7.136677139879544
10138260,PIK3CA(Q546K),5.0
176155,PIM3,5.0
11984591,BRSK2,5.0
11717001,ADCK4,5.0
51004351,ITK,5.0
10074640,MRCKA,5.0
11656518,MKNK2,5.0
11626560,NEK11,5.0
11626560,PHKG1,5.0
24889392,ABL1(Q252H),5.0
5494449,BMX,5.585026652029182
5494449,LOK,6.920818753952375
24889392,LTK,5.0
16725726,DLK,5.0
11314340,BRK,5.0
5329102,MKNK1,5.4089353929735005
176167,JAK3(JH1domain-catalytic),5.769551078621726
644241,PIK3C2G,5.0
156422,FAK,5.1487416512809245
6918454,TRKA,5.0
11617559,PIK3CA(H1047Y),5.0
3038525,p38-delta,5.0
176167,PRKR,5.0
3062316,PCTK1,5.0
16725726,PRKD3,6.00436480540245
10427712,RIPK4,7.013228265733755
10427712,DYRK2,5.251811972993799
11626560,FLT4,5.0
5329102,AURKC,6.657577319177793
11364421,p38-beta,5.0
6450551,GCN2(KinDom2S808G),5.0
24889392,CTK,5.0
9929127,RPS6KA5(KinDom.2-C-terminal),5.0
9933475,PAK3,5.0
25127112,GSK3A,5.0
176167,CDK9,5.886056647693163
10127622,PAK3,5.0
17755052,CSNK1A1L,5.0
24180719,BRSK2,5.0
644241,CSF1R,7.346787486224656
3081361,ROS1,5.0
16725726,AAK1,5.0
11617559,TRKA,6.200659450546419
156422,PKNB(Mtuberculosis),5.0
176870,HIPK3,5.0
24180719,p38-delta,5.0
25243800,CSF1R,5.481486060122113
644241,FGFR1,5.0
10427712,AURKA,5.0
10074640,ROS1,5.0
3081361,CHEK1,5.0
25243800,JNK1,5.0
25243800,STK39,5.0
9915743,GRK7,5.0
176167,EPHA6,5.0
11427553,MEK3,6.823908740944319
9929127,NEK9,5.0
44259,TIE2,6.853871964321762
25127112,RIPK4,5.6777807052660805
16007391,KIT(D816H),5.537602002101044
5287969,NEK9,5.0
176155,BLK,5.0
44259,FLT3(ITD),8.619788758288394
10127622,PAK7,5.0
16007391,JAK3(JH1domain-catalytic),5.0
176155,EGFR(L861Q),5.494850021680094
11617559,PIK3C2G,5.0
156414,PRKG2,5.0
11617559,IKK-alpha,5.0
10127622,DRAK2,5.0
16007391,SIK2,5.0
156414,GSK3B,5.0
11314340,RAF1,5.0
3038525,BMX,5.0
25127112,LRRK2,6.537602002101044
176167,ABL1(Q252H),5.0
16725726,CAMK2A,5.0
9933475,CDC2L1,5.0
11364421,PKMYT1,5.0
5329102,EGFR(L747E749del),5.0
24889392,EGFR(L747E749del),5.0
3081361,JAK3(JH1domain-catalytic),5.0
44259,TYK2(JH2domain-pseudokinase),5.508638306165728
6450551,PIK3CA(E545K),5.0
11427553,PAK4,5.823908740944319
3062316,EGFR(T790M),5.638272163982407
24889392,BMX,5.0
10074640,HIPK3,5.0
10127622,LYN,5.0
176167,DAPK3,5.0
156414,NEK11,5.0
5329102,PIK3CA(E545K),5.0
176870,LATS2,5.0
25243800,EGFR(L747E749del),6.013228265733755
16007391,PHKG2,5.0
10138260,PCTK1,6.026872146400302
11427553,MAP3K2,7.142667503568732
11984591,PKMYT1,5.0
5329102,MINK,7.537602002101044
11314340,EGFR(G719S),5.0
25127112,MRCKB,5.0
25243800,MERTK,5.327902142064283
16007391,STK39,5.0
5329102,FAK,6.356547323513813
16725726,LIMK2,5.0
16007391,DRAK2,5.0
3062316,ARK5,5.0
644241,LATS2,5.0
9926054,MELK,5.0
644241,CDK4-cyclinD1,5.0
11656518,TIE1,6.823908740944319
10074640,NEK11,5.0
10074640,IKK-beta,5.0
25127112,CLK3,5.0
5287969,GRK7,6.008773924307505
9929127,p38-delta,5.0
44150621,KIT(D816H),6.769551078621726
9933475,ABL1(F317I),5.552841968657781
10427712,ERN1,5.0
11617559,IGF1R,5.0
3062316,ROS1,5.0
5329102,MEK3,5.769551078621726
25243800,AURKC,5.0
9933475,MARK3,5.0
176155,MAP3K1,5.0
10138260,EPHA6,5.698970004336019
3062316,ULK3,5.337242168318426
11984591,MAP4K3,5.619788758288394
176870,GAK,8.508638306165727
10427712,PIK3CA,7.229147988357856
17755052,HIPK3,6.221848749616356
11314340,NEK5,5.0
176155,SRPK2,5.0
3081361,BRSK1,5.0
5287969,TYRO3,5.0
44259,HPK1,8.366531544420413
44150621,CSNK2A2,6.698970004336019
6918454,TTK,5.0
10138260,MYLK2,6.721246399047171
176167,BMX,5.0
11667893,MST1R,5.0
11984591,PIK3C2G,5.0
11656518,BRSK2,5.0
9929127,EPHA3,5.0
16725726,MEK1,5.0
16007391,PRKD3,5.0
24180719,NDR1,5.0
11717001,CSNK1D,5.853871964321762
644241,ACVR2A,5.0
11656518,STK33,5.0
11364421,TNNI3K,5.0
9926054,PIK3CA(E545K),5.0
44259,AMPK-alpha2,7.920818753952375
6918454,PIK4CB,5.0
5494449,HPK1,7.142667503568732
6450551,GRK7,5.0
9915743,TESK1,5.0
176870,PIK3C2G,5.0
9933475,TTK,5.0
3081361,AKT1,5.0
5494449,BRAF,5.0
3038525,ERN1,5.0
11427553,PIK3C2B,5.0
5287969,ACVR2A,5.508638306165728
3038525,PKN2,5.0
176167,SGK3,5.0
3062316,LIMK1,6.2441251443275085
9926054,TRKC,5.0
9926054,EPHA1,5.0
11984591,GRK7,5.698970004336019
11364421,AURKC,5.0
10427712,NEK11,5.0
16007391,PIK3CA(C420R),5.0
10074640,PIM3,6.142667503568732
3062316,SRPK1,5.0
11717001,CLK3,5.0
6918454,NEK7,5.0
11427553,JNK1,6.236572006437063
24889392,ASK2,5.0
24889392,TNIK,5.552841968657781
176167,AURKB,5.0
5329102,EPHA4,5.0
25127112,EGFR(L747E749del),5.0
10127622,PIK3CA,5.0
16007391,SIK,5.0
11364421,PAK6,5.0
16725726,MTOR,5.0
11656518,INSR,5.0
10427712,RIOK1,5.236572006437063
11427553,CLK1,7.1938200260161125
5287969,GAK,6.431798275933005
51004351,TYK2(JH2domain-pseudokinase),5.0
5494449,GRK7,5.0
156414,PHKG2,5.0
5329102,GSK3A,5.0
25243800,ABL1(Q252H),6.619788758288394
11314340,DYRK1A,8.67778070526608
11427553,EGFR(L747S752del),5.0
17755052,CDK4-cyclinD1,5.0
176167,DRAK2,5.0
5329102,IKK-beta,5.0
9926054,LTK,5.0
3038525,MEK1,5.0
11656518,NDR1,5.0
11626560,CDC2L2,6.376750709602099
24180719,YSK4,5.0
10074640,PRKG2,5.0
644241,TYK2(JH1domain-catalytic),5.0
11656518,PIK3CB,5.0
156422,MST1,5.0
51004351,PIK3CB,5.0
644241,AMPK-alpha2,5.0
11656518,LATS2,5.0
5287969,PKN2,5.0
5329102,PIK3C2G,5.0
5494449,CSNK1A1,5.0
6918454,EPHB4,5.0
9929127,FER,5.0
156422,ZAK,6.0655015487564325
10074640,EGFR(T790M),5.0
5329102,RSK3(KinDom.2-C-terminal),5.075720713938119
176870,TRKA,5.0
11364421,PAK4,5.0
156414,IGF1R,5.0
644241,EPHA1,6.229147988357856
24180719,ABL1(T315I),5.0
51004351,NDR1,5.0
3062316,PCTK2,5.0
3038525,NEK5,5.0
25127112,ARK5,5.0
3038525,MKNK1,5.0
11314340,LCK,5.0
11717001,PLK4,5.0
11656518,AAK1,5.0
176155,LIMK1,5.0
6450551,TGFBR1,5.0
25127112,GAK,7.00436480540245
176155,FGR,5.0
5329102,PIK3CA(E545A),5.0
44150621,EGFR(T790M),5.853871964321762
5329102,TESK1,5.0
3038525,DLK,5.0
5287969,PIK3CA(E545A),5.0
5287969,HPK1,5.481486060122113
644241,PIK3CA(C420R),5.0
25243800,HIPK3,6.886056647693163
16725726,MLK3,5.0
9915743,TNIK,6.853871964321762
11667893,AMPK-alpha2,5.0
25243800,PIM2,6.619788758288394
156414,PAK6,5.0
11656518,JAK1(JH1domain-catalytic),5.0
644241,EPHB1,5.886056647693163
44150621,ABL1(Y253F),7.337242168318426
176155,SIK,5.0
11717001,IRAK4,5.0
3062316,ABL1(Y253F),10.236572006437065
176167,AURKC,5.0
25127112,EPHA2,5.0
5494449,RET(V804M),7.886056647693163
11626560,ABL1(F317I)p,5.494850021680094
25243800,PDPK1,5.0
24180719,RET(V804L),5.0
10427712,PLK1,5.0
25127112,DYRK1B,5.0
3081361,PIK3CA(C420R),5.0
10427712,MYLK,5.0
44150621,ABL2,5.0
11717001,CAMK1D,5.0
6450551,ULK2,5.00436480540245
11314340,ZAK,5.0
16725726,GRK7,6.42021640338319
16725726,HUNK,5.0
51004351,IRAK1,5.0
6918454,PRP4,5.0
9926054,EPHA4,5.0
10127622,MAP4K4,5.0
644241,ZAK,7.958607314841775
44259,YANK3,6.508638306165728
9926054,FLT3(K663Q),5.0
644241,CDC2L2,5.0
156414,ZAK,5.920818753952375
11656518,TIE2,5.886056647693163
17755052,FLT3(ITD),5.657577319177793
5287969,DMPK,6.187086643357144
3062316,EGFR(L858R),6.920818753952375
16725726,VRK2,5.0
3062316,PRKCE,5.0
10427712,TRKA,5.0
10138260,PRKCE,5.0
11667893,RET(M918T),7.698970004336019
9929127,ACVR2A,5.0
25243800,FGR,6.795880017344075
6918454,RSK1(KinDom.2-C-terminal),5.0
17755052,FGFR2,5.0
11656518,CSNK2A2,5.0
3062316,RIOK1,5.0
9915743,RET(V804L),5.0
11626560,GSK3A,5.0
5329102,WEE1,5.958607314841775
11717001,DCAMKL1,5.0
176155,FGFR2,5.0
5494449,NEK5,5.376750709602099
6918454,RIOK1,5.0
10427712,MARK3,5.0
10138260,DAPK2,6.3979400086720375
16007391,SGK3,5.0
9926054,KIT(V559D-V654A),5.0
51004351,KIT(V559D-V654A),5.795880017344075
6450551,MAST1,5.0
16007391,EGFR(G719S),6.769551078621726
9933475,MLK3,5.0
176870,BMX,5.0
11667893,PIK3CA(C420R),5.0
25243800,PIK3CA(E545A),6.638272163982407
17755052,MYLK4,6.107905397309519
10138260,KIT(D816H),6.508638306165728
11656518,DAPK2,5.0
3062316,DMPK,5.886056647693163
644241,PCTK2,5.0
9926054,AMPK-alpha2,5.0
17755052,HUNK,5.0
11427553,LCK,5.920818753952375
16725726,IRAK1,5.0
11427553,MEK6,6.086186147616283
25243800,ABL1(F317I),5.0
44259,CLK3,6.040958607678906
25243800,TAOK2,6.4089353929735005
9915743,MET(M1250T),5.173925197299174
156414,DYRK2,5.173925197299174
11314340,MERTK,5.0
9933475,NEK7,5.0
44150621,CDKL1,5.0
16725726,CSNK1D,5.0
9915743,DRAK2,5.958607314841775
11984591,PIK3CA(Q546K),5.0
24180719,EPHB4,5.0
11626560,PLK4,7.221848749616356
11427553,BMPR2,6.431798275933005
3081361,EPHA7,5.619788758288394
17755052,ABL1(T315I),5.0
10138260,MST1,6.886056647693163
176155,ERBB3,5.0
16007391,ITK,5.0
10074640,LRRK2(G2019S),5.0
9915743,PAK4,5.0
10427712,TAOK2,5.0
17755052,LIMK2,5.0
44150621,IKK-alpha,5.744727494896694
44150621,TRPM6,5.0
5287969,PIK3CA(E545K),5.0
9933475,PYK2,5.0
6450551,IKK-alpha,5.0
17755052,MAP3K15,5.0
16725726,PIM3,6.1249387366083
11656518,BIKE,5.0
9929127,PIM2,5.0
10127622,WEE2,5.0
51004351,MYLK2,5.0
10138260,MAP3K15,5.920818753952375
5287969,KIT(D816V),5.337242168318426
9915743,MARK3,5.0
11314340,RSK1(KinDom.2-C-terminal),5.0
10138260,ZAK,5.0
11717001,VRK2,5.0
9929127,PRKD3,5.0
11656518,PAK1,5.0
11314340,ADCK4,5.0
176155,LIMK2,5.0
11626560,NEK7,5.2441251443275085
6450551,RAF1,5.0
24180719,BLK,5.958607314841775
9915743,HPK1,7.031517051446065
3062316,TRKC,5.0
3081361,EPHA4,5.795880017344075
11984591,TAOK2,6.1938200260161125
176870,RET(V804M),5.0
3062316,AURKB,5.0
16007391,STK16,5.0
5494449,EPHA6,5.327902142064283
9929127,CDK7,5.0
10074640,EGFR(L747S752del),5.0
51004351,TBK1,8.031517051446064
44259,AURKA,7.769551078621726
44150621,PLK3,5.0
11717001,AMPK-alpha2,5.0
644241,MAP3K1,5.0
5287969,IRAK1,6.267606240177032
25127112,EPHA1,5.0
10074640,CSNK2A2,5.0
5494449,MKNK1,5.0
3038525,CDK4-cyclinD1,5.0
10427712,IKK-beta,5.0
11656518,SRPK1,5.0
24180719,MAP4K4,5.0
11314340,MARK3,5.0
11626560,STK16,5.0
644241,MST4,5.0
9929127,SGK3,5.0
5494449,PKN1,5.823908740944319
11427553,RSK4(KinDom.2-C-terminal),5.0
6918454,FAK,5.0
3038525,CSNK1A1L,5.0
156414,ERBB3,6.6777807052660805
10138260,CSK,5.0
11656518,CSNK1A1L,5.0
17755052,EPHA1,5.0
176870,BMPR2,5.0
3038525,BLK,5.508638306165728
11617559,DMPK,5.0
11984591,RIOK1,6.468521082957745
16725726,BRK,5.0
10427712,p38-delta,5.0
9915743,AURKA,5.0
11667893,PRKCH,5.0
644241,INSR,5.0
3062316,PHKG2,5.0
9926054,PRP4,5.0
11984591,PYK2,7.537602002101044
156414,ACVR2A,5.0
3062316,FRK,9.508638306165729
6918454,PFTK1,5.0
156414,LYN,6.091514981121351
25127112,CIT,5.0
10427712,RSK1(KinDom.2-C-terminal),6.657577319177793
3038525,RIPK5,5.0
10138260,PIK3CA(E545A),5.0
644241,CAMK1,5.0
25243800,ERK3,5.0
44259,MKNK1,6.769551078621726
9915743,TRKC,5.0
176155,MAP4K2,5.0
10074640,RSK1(KinDom.2-C-terminal),5.0
5287969,PAK1,5.0
3062316,FAK,5.0
11427553,NEK9,6.2839966563652006
24889392,DYRK1A,5.0
11717001,EGFR(L858R),5.0
16725726,CDK9,5.0
10427712,ERBB3,5.0
44150621,PIK3CB,5.0
25243800,CAMK4,5.0
10127622,TYK2(JH1domain-catalytic),5.0
9929127,PAK4,5.0
44259,SGK3,8.468521082957745
16007391,MAPKAPK2,5.0
10138260,JNK3,5.443697499232713
11427553,EPHA6,5.823908740944319
9926054,LRRK2(G2019S),5.0
9926054,SRPK1,5.0
10427712,PAK1,5.0
6450551,IRAK4,5.0
9929127,EPHA6,5.0
176167,ASK2,5.0
11617559,MTOR,5.0
11364421,PHKG1,5.0
5287969,FLT4,5.0
24180719,DYRK1A,5.0
10074640,SGK3,5.0
3038525,LYN,5.769551078621726
10074640,EPHA6,5.0
156422,JAK1(JH1domain-catalytic),5.0
9915743,FGR,5.721246399047171
11667893,BMPR1B,5.0
10138260,TGFBR2,5.0
24180719,FGFR1,5.275724130399211
10427712,IRAK1,5.0
176155,YANK3,5.0
10127622,JAK2(JH1domain-catalytic),5.0
3081361,CAMK4,5.0
9929127,EPHB1,5.0
9929127,MST2,5.0
6918454,HIPK2,5.0
9929127,GSK3A,5.0
11364421,TYK2(JH2domain-pseudokinase),5.0
10427712,EPHB1,5.0
9929127,MARK3,5.0
10427712,LATS2,5.744727494896694
5329102,PAK7,6.1938200260161125
44259,ABL1(Y253F),7.638272163982407
10138260,WEE2,5.0
10074640,CSK,5.0
11626560,MRCKB,5.0
24180719,CDKL1,5.0
24180719,CSF1R,5.568636235841013
10074640,PIK3CA(E542K),5.0
9929127,MAP4K5,5.0
44259,PIK3CA(Q546K),5.0
44150621,LATS2,6.275724130399211
11984591,EPHB6,6.508638306165728
11364421,PFPK5(Pfalciparum),5.0
10074640,RIPK4,5.0
156422,CAMK1D,5.0
11364421,VRK2,5.0
11314340,MET(M1250T),5.0
5329102,ZAK,5.0
25127112,TNIK,5.0
644241,ITK,5.0
44259,RIOK1,6.886056647693163
11626560,ERK3,5.0
3038525,PRKG2,5.0
9929127,YANK3,5.0
9929127,MYLK4,5.0
11717001,CAMKK1,5.0
11427553,MKNK1,5.0
11364421,HPK1,5.0
10127622,FER,5.0
156422,SRPK2,5.0
24889392,MET(M1250T),5.0
25127112,RPS6KA4(KinDom.2-C-terminal),6.468521082957745
10074640,CAMKK1,5.0
3081361,HIPK2,5.0
11717001,LATS2,5.0
9915743,GSK3A,5.0
25243800,GSK3A,5.0
6918454,PCTK2,5.0
5329102,MYO3B,5.346787486224656
11984591,EPHA7,7.4089353929735005
9933475,CDK9,5.0
9926054,EGFR(L747S752del),5.0
6918454,MAP4K2,5.0
3062316,PHKG1,5.0
10138260,CLK1,6.443697499232713
24180719,HPK1,5.0
156414,ABL1(F317I)p,6.0
5287969,CSNK1A1,5.508638306165728
5494449,MAST1,5.0
51004351,LRRK2,6.2441251443275085
10427712,LRRK2,5.0
176167,ITK,5.0
644241,RIOK1,5.0
17755052,CDK5,5.0
156414,IRAK4,5.920818753952375
5494449,PYK2,5.585026652029182
9915743,ASK2,5.0
5329102,FGFR1,6.2839966563652006
3038525,EGFR(L747E749del),5.0
25243800,TRKC,5.0
44259,TTK,7.214670164989233
10074640,TRKA,5.0
11717001,CIT,5.455931955649724
11314340,SIK,5.0
44150621,TNNI3K,5.0
156422,EPHA6,5.698970004336019
176155,GCN2(KinDom2S808G),5.0
6450551,PIK3C2B,5.0
6918454,PIK3C2G,5.0
24889392,PDPK1,5.0
6450551,DLK,5.769551078621726
10074640,DMPK,5.0
6450551,JAK3(JH1domain-catalytic),5.508638306165728
176155,PHKG2,5.0
25127112,AMPK-alpha1,5.0
3062316,p38-beta,6.3872161432802645
644241,FLT3(ITD),5.0
3062316,AURKC,5.0
3038525,YANK3,5.0
16725726,YSK4,7.481486060122113
11984591,CAMK2A,5.958607314841775
5329102,PFPK5(Pfalciparum),5.0
44259,ROCK2,9.619788758288394
16725726,EGFR(L861Q),5.0
44150621,p38-delta,5.0
44150621,EPHB4,5.0
9929127,p38-beta,5.0
3062316,RPS6KA5(KinDom.2-C-terminal),5.0
11617559,BLK,5.0
24889392,ERK3,5.0
11984591,IRAK1,8.013228265733755
11984591,MKNK2,6.886056647693163
10138260,DYRK1B,5.585026652029182
11717001,PIK3CA(E545A),5.0
10427712,EGFR(L858R),5.853871964321762
176167,JNK3,5.0
9933475,JAK2(JH1domain-catalytic),5.0
44150621,TIE1,5.3979400086720375
3062316,EGFR,6.920818753952375
11717001,GRK7,5.0
24180719,BRAF,6.481486060122113
11667893,CDK7,5.0
25127112,MARK3,5.0
11717001,DLK,5.0
176155,PIK3CB,5.0
6918454,MRCKB,5.0
10127622,EPHA2,5.0
3062316,BRK,8.10790539730952
24180719,RIPK4,5.0
24180719,ASK2,5.0
10427712,PFPK5(Pfalciparum),5.0
9915743,RPS6KA4(KinDom.2-C-terminal),5.0
10427712,PIK3CB,7.096910013008056
5287969,CDC2L1,5.0
10074640,PRKD3,5.0
11667893,PAK7,5.0
11626560,SRMS,5.0
10427712,AMPK-alpha1,5.0
176167,CAMK2A,5.0
11984591,PRKD3,5.4089353929735005
24180719,AURKB,5.638272163982407
176155,NEK9,5.0
11427553,EPHA7,6.4089353929735005
11626560,PRKCE,5.0
11667893,EPHA2,5.0
5494449,p38-delta,5.0
176167,FRK,5.0
10074640,TYK2(JH1domain-catalytic),5.0
9915743,BRAF,5.0
11656518,EGFR(L747E749del),5.0
176870,MELK,5.0
11427553,RIOK1,7.327902142064283
11656518,MRCKB,5.0
25243800,MAP4K5,5.0
9926054,DYRK1B,5.0
11427553,WEE1,5.552841968657781
3081361,TESK1,5.431798275933005
16007391,HIPK2,5.431798275933005
16007391,ULK2,5.0
10138260,LATS2,6.366531544420414
644241,LIMK2,5.0
11626560,DAPK2,5.0
11667893,PRKG2,5.0
10138260,IGF1R,5.0
3062316,PIK3CA,5.0
10127622,ASK1,5.0
25243800,ICK,5.0
44150621,PKNB(Mtuberculosis),6.522878745280337
11314340,RSK3(KinDom.1-N-terminal),5.0
176167,TRKA,5.0
5494449,PRKR,5.0
11656518,MAP3K15,5.0
9915743,ASK1,5.0
156414,BMPR1A,5.0
6450551,KIT(A829P),5.744727494896694
10074640,EPHA5,5.0
11984591,BMPR1A,5.0
6918454,TXK,5.0
10138260,MEK3,5.657577319177793
11984591,EGFR(L747S752del),6.251811972993799
24889392,CSNK1A1L,5.0
11656518,LRRK2,5.0
5494449,CDC2L2,6.585026652029182
644241,BMPR1B,5.0
24180719,MAP4K2,5.0
5329102,DCAMKL1,6.431798275933005
9915743,LOK,7.886056647693163
10127622,ABL1(T315I),5.0
24889392,SGK3,5.0
9933475,EPHB4,5.958607314841775
3081361,JAK2(JH1domain-catalytic),5.0
3081361,KIT(L576P),6.853871964321762
3081361,RPS6KA5(KinDom.2-C-terminal),5.0
17755052,TYRO3,5.0
44150621,YSK4,7.920818753952375
176167,NEK11,5.0
644241,AKT1,5.0
5329102,MRCKA,5.0
6918454,MKNK1,5.0
176155,NEK3,5.0
11667893,GSK3A,5.0
156422,ABL1(F317I)p,5.0
11656518,NEK5,5.494850021680094
156414,PLK1,5.0
6918454,PAK7,5.0
16007391,PIK3CA(E545A),5.0
9933475,CHEK1,5.0
11984591,MINK,5.0
16725726,TRKA,5.0
16725726,BRAF,5.0
176155,TXK,5.346787486224656
9933475,PIK4CB,5.0
44259,PIM3,9.292429823902063
9926054,EPHA3,5.0
44259,PAK7,8.920818753952375
9926054,PCTK1,6.050609993355088
3062316,FGFR2,5.853871964321762
5494449,EPHA3,5.823908740944319
3081361,ASK2,5.0
51004351,JNK3,5.443697499232713
11984591,ABL1(F317I),5.0
11984591,MST1R,6.327902142064283
176167,BRSK1,5.0
10138260,BIKE,7.568636235841013
11314340,RET(V804L),5.721246399047171
3081361,DYRK2,5.0
9929127,BLK,5.0
16007391,CSNK2A2,5.0
176870,EGFR(L747S752del),9.327902142064282
176155,PIK3CA(Q546K),5.0
24180719,PIK3CA(Q546K),5.0
176870,ROS1,5.0
16725726,JNK3,5.0
3081361,MAP4K5,6.346787486224656
11364421,DRAK2,5.0
24889392,IKK-beta,5.0
11717001,LRRK2,5.0
16007391,TTK,5.070581074285707
44150621,ABL1(Q252H),7.1249387366083
9929127,CAMK1,5.0
9929127,PYK2,5.0
17755052,AMPK-alpha1,5.0
16725726,TBK1,5.0
10074640,CLK3,5.0
10127622,FGFR1,5.0
176155,PKN2,5.0
44150621,BRSK2,5.0
176155,RPS6KA4(KinDom.2-C-terminal),5.0
11314340,PIK3CA(Q546K),5.0
11667893,FYN,5.552841968657781
11364421,MAP4K5,5.0
11364421,KIT(D816H),5.0
6918454,MARK3,5.0
644241,LIMK1,5.0
3081361,RSK1(KinDom.2-C-terminal),6.3979400086720375
25127112,RPS6KA5(KinDom.2-C-terminal),6.853871964321762
11656518,EPHA1,5.10790539730952
10074640,RSK4(KinDom.2-C-terminal),5.0
10127622,DYRK1A,5.0
11984591,EGFR,6.522878745280337
24889392,TYK2(JH1domain-catalytic),5.0
10427712,LYN,5.0
644241,MAPKAPK2,5.0
156422,MRCKA,5.026872146400302
156422,STK16,5.0
156414,ABL1(Q252H),7.040958607678906
9933475,MKNK1,5.0
3081361,AURKC,5.823908740944319
5287969,CLK4,5.0
9926054,PIK3CA,5.0
10427712,BRSK1,6.136677139879544
51004351,RET(M918T),6.886056647693163
176870,MET(M1250T),5.552841968657781
9933475,RAF1,5.0
16725726,ITK,5.0
10074640,AURKC,5.0
10074640,LCK,7.508638306165728
44259,EGFR(L858RT790M),9.455931955649724
16007391,BLK,5.823908740944319
11717001,ABL1(F317I)p,5.0
176155,RET,5.0
644241,EGFR(L861Q),5.0
176155,MEK6,5.0
9926054,PIK3C2B,5.0
24180719,NEK5,5.0
5287969,STK39,5.0
44150621,RSK3(KinDom.2-C-terminal),5.0
10074640,GRK7,5.0
51004351,DLK,5.0
11717001,CDK7,5.0
6918454,ICK,5.0
11626560,BMPR1B,6.638272163982407
11617559,EPHA1,5.0
5329102,TYK2(JH2domain-pseudokinase),6.443697499232713
644241,MST1,5.0
9915743,ABL2,5.0
11617559,MRCKA,5.0
176167,MAP3K15,5.0
11667893,LRRK2,5.0
11656518,ULK2,5.0
9929127,IRAK4,5.0
9929127,ABL1(Q252H),5.0
6450551,MLK1,5.522878745280337
24180719,ASK1,5.0
11314340,MAST1,5.0
11656518,TRPM6,5.0
10074640,EGFR(G719S),5.0
10074640,KIT(D816V),5.886056647693163
44150621,HUNK,6.3872161432802645
10427712,AKT2,5.0
3081361,ABL1(T315I),6.823908740944319
3081361,CDKL1,5.0
3038525,PYK2,5.0
11626560,FLT3(ITD),6.136677139879544
11427553,PCTK2,5.721246399047171
156422,NEK7,5.0
17755052,BRK,5.0
10127622,FLT4,5.0
24180719,PHKG2,5.0
6450551,JNK3,5.958607314841775
156414,PRKX,5.0
644241,ABL1(Y253F),7.886056647693163
11667893,HIPK2,5.0
44259,RET(V804L),7.823908740944319
17755052,CSK,5.0
44259,HUNK,6.2076083105017466
11717001,CSK,5.0
11984591,FGR,7.481486060122113
10074640,PLK3,5.0
51004351,GSK3B,5.744727494896694
9929127,DRAK2,5.0
11617559,CDK5,5.0
11656518,CTK,5.0
51004351,BRK,5.0
9915743,p38-beta,5.0
51004351,BRSK2,6.187086643357144
9933475,MEK1,5.0
176167,LRRK2(G2019S),5.0
51004351,TRPM6,5.0
176870,MYLK,5.0
11617559,PKN2,5.0
24180719,LYN,5.958607314841775
25127112,ERK3,5.0
44259,PIK3CA(C420R),5.0
6450551,EPHB1,5.0
51004351,NEK11,5.0
10427712,PRKCI,5.0
51004351,WEE2,5.0
11617559,MKNK1,5.0
25127112,PHKG1,5.2441251443275085
644241,STK33,5.0
10138260,PIK3CA(C420R),5.0
9933475,ULK2,5.0
9933475,FAK,5.0
51004351,CDC2L2,5.0
9929127,IRAK1,5.0
44150621,MAP4K3,6.251811972993799
10074640,PIK3CA(E545K),5.0
11656518,IRAK1,5.0
44150621,TXK,5.0
176870,EPHB1,5.958607314841775
6918454,BMPR1A,5.0
11427553,MRCKB,5.0
10138260,STK16,6.136677139879544
16725726,FLT4,5.0
9929127,PAK3,5.0
24889392,CLK4,5.0
10138260,TTK,6.744727494896694
16725726,CLK1,5.0
10074640,ZAK,6.113509274827519
25243800,MEK3,7.036212172654444
11427553,HUNK,6.337242168318426
644241,IGF1R,5.0
11717001,ROCK2,5.0
16725726,ASK1,5.0
156414,KIT(L576P),5.2441251443275085
11717001,EGFR(T790M),5.0
5329102,CDKL1,5.0
16007391,PLK3,5.0
6450551,TBK1,5.0
176155,EPHA5,5.0
11364421,KIT(D816V),5.0
9929127,MINK,5.0
9933475,KIT(D816H),6.086186147616283
3038525,AURKC,5.0
51004351,PLK4,7.180456064458132
5494449,ULK2,5.0
16725726,EPHB1,5.0
10074640,FAK,5.0
17755052,AMPK-alpha2,5.0
51004351,INSR,5.0
16007391,EGFR(L747S752del),5.055517327849832
11427553,MAP4K2,7.958607314841775
9926054,CIT,5.0
176167,CTK,5.0
156414,GCN2(KinDom2S808G),5.0
16725726,BRSK1,5.0
9929127,FGFR2,5.0
6450551,PRKG2,5.0
9926054,TRKA,5.0
156414,PRP4,5.0
156422,TGFBR1,5.0
11984591,CDKL1,5.6777807052660805
176167,DYRK2,5.0
11717001,FLT3(K663Q),5.0
44150621,LOK,6.259637310505756
10138260,CDKL1,5.0
5329102,CAMK1,6.013228265733755
3081361,MST1R,5.0
644241,NEK11,5.0
11617559,LIMK2,5.0
3081361,TIE1,5.823908740944319
44150621,EGFR(L747S752del),5.0
11626560,ZAK,5.0
11364421,MAP3K1,5.0
11984591,MYO3B,5.0
25127112,SGK3,5.0
16725726,PDPK1,5.0
5329102,RIOK1,7.455931955649724
11656518,ARK5,5.0
16725726,RIOK1,5.0
16007391,CLK3,5.0
44259,ABL1(F317I),6.259637310505756
11617559,PCTK1,5.0
10138260,MKNK1,5.292429823902063
17755052,ICK,5.031517051446065
9915743,CDK9,5.0
25243800,IGF1R,5.0
11667893,ITK,5.0
5329102,FLT3(N841I),8.619788758288394
176167,EGFR(L858R),5.0
16007391,HPK1,5.0
9933475,EPHA6,7.443697499232713
3081361,IRAK1,5.920818753952375
11656518,EPHA4,5.050609993355088
16725726,EPHA7,5.0
156414,PKMYT1,5.0
5329102,PCTK2,5.920818753952375
3038525,TGFBR1,5.0
9926054,HPK1,5.0
11314340,ICK,6.259637310505756
10127622,JAK3(JH1domain-catalytic),5.0
25127112,PIK3CA(E545K),5.0
3081361,INSR,5.0
176155,FAK,5.0
9915743,EGFR(T790M),8.823908740944319
11364421,AKT2,5.0
10427712,MYLK4,5.0
5494449,PIK3CA(C420R),5.0
5287969,AAK1,5.275724130399211
9929127,MEK6,5.0
5494449,ASK1,5.0
11717001,BRK,5.0
10138260,RPS6KA4(KinDom.2-C-terminal),5.698970004336019
44259,NEK7,5.346787486224656
10427712,PRKX,5.0
156414,SRMS,5.173925197299174
11427553,KIT(D816V),6.795880017344075
25127112,KIT(V559D-V654A),5.0
11717001,IRAK1,5.0
3081361,NEK7,5.0
44150621,AURKB,6.552841968657781
6450551,ERBB2,5.0
24889392,MELK,5.0
44259,GRK7,9.065501548756432
5329102,NEK11,5.0
11314340,PRKR,5.552841968657781
9915743,CAMK4,5.0
11427553,MAP3K1,5.0
11427553,MST4,5.958607314841775
9933475,ICK,5.0
9915743,SRPK1,5.0
44150621,DMPK,5.0
9929127,ABL2,5.0
9926054,PAK3,5.0
11314340,SRPK2,5.958607314841775
11717001,MEK1,5.0
156414,ICK,5.0
25243800,DYRK2,7.229147988357856
44150621,RPS6KA4(KinDom.2-C-terminal),5.0
5494449,MTOR,5.0
44150621,MST1R,5.0
9929127,ERBB2,5.0
5329102,ULK3,7.376750709602099
156414,AURKB,5.376750709602099
10074640,ABL1(Q252H),8.221848749616356
6918454,BRAF,5.0
176167,MYLK2,5.0
11667893,HUNK,5.0
16725726,SIK2,5.161150909262744
3038525,PRKCE,5.0
3081361,PIK3CA(Q546K),5.0
176870,PRKX,5.0
11364421,EGFR(G719S),5.886056647693163
5287969,MAP4K5,5.0
9915743,SIK,6.657577319177793
3038525,TYK2(JH1domain-catalytic),5.0
10127622,STK39,5.0
44259,MYLK4,6.327902142064283
156422,TGFBR2,5.0
6918454,FLT3(K663Q),5.0
5287969,MEK1,5.0
24889392,EGFR(L747S752del),5.0
10127622,PFTK1,5.0
11617559,CSNK1G2,5.0
5494449,DYRK1B,5.0
644241,PIK3CA(H1047Y),5.0
11364421,BRAF,5.0
44259,FAK,7.1938200260161125
44259,TESK1,6.494850021680094
11364421,PAK3,5.0
156414,EGFR(T790M),10.0
51004351,RSK3(KinDom.2-C-terminal),5.0
176870,BRAF,5.0
11656518,TYK2(JH2domain-pseudokinase),5.0
9915743,RSK1(KinDom.2-C-terminal),5.0
156414,SRPK1,5.0
11984591,AMPK-alpha1,6.522878745280337
11656518,RIPK5,5.0
44150621,CLK1,5.167491087293763
9915743,MAPKAPK2,5.0
25127112,EPHA4,5.0
11314340,FGFR2,5.0
25127112,KIT(D816H),5.200659450546419
11626560,WEE1,5.0
3081361,FGR,6.568636235841013
9933475,ABL2,6.136677139879544
5329102,PAK4,5.638272163982407
10074640,ABL1(F317I),8.096910013008056
11984591,RSK3(KinDom.1-N-terminal),5.0
44259,FRK,7.346787486224656
10427712,PIM3,5.0
156422,DYRK1B,5.0
44259,PRKX,7.886056647693163
11717001,JNK3,5.6020599913279625
44150621,CDK7,5.585026652029182
11667893,YSK4,6.698970004336019
11314340,PIK3CB,5.0
3038525,JAK2(JH1domain-catalytic),5.0
24180719,GSK3B,5.0
9929127,RSK3(KinDom.2-C-terminal),5.0
9915743,CSNK2A2,5.0
10427712,MKNK2,6.142667503568732
11717001,ITK,5.0
9915743,ULK2,5.0
156422,PHKG1,5.0
176155,TNIK,6.086186147616283
44259,INSR,6.958607314841775
11717001,TYK2(JH1domain-catalytic),5.0
11667893,LRRK2(G2019S),5.0
24180719,EPHA1,5.0
176155,JAK3(JH1domain-catalytic),5.0
11717001,NEK7,5.0
11626560,TIE1,6.958607314841775
644241,DRAK2,5.0
9926054,MARK3,5.0
10074640,PKN2,5.0
17755052,BLK,5.0
9933475,PRKR,5.0
10127622,MEK6,5.0
9933475,AMPK-alpha2,5.0
6918454,BIKE,5.0
156422,EGFR(T790M),5.619788758288394
9926054,MYLK,5.0
176167,FLT3(N841I),6.6020599913279625
10074640,ERBB2,5.920818753952375
5287969,PRKR,5.2839966563652006
44259,LCK,7.522878745280337
6450551,RSK3(KinDom.2-C-terminal),5.0
24180719,PIK3C2G,5.0
24180719,MLK3,5.0
6918454,KIT(L576P),5.0
51004351,RIPK4,5.0
3038525,TTK,5.0
16007391,ABL1(T315I),5.958607314841775
16007391,PRKR,5.0
156414,EGFR(L747S752del),9.585026652029182
9915743,p38-delta,5.0
11656518,RPS6KA5(KinDom.2-C-terminal),5.0
11427553,PLK1,5.0
5329102,MET(M1250T),5.920818753952375
6918454,EGFR(L861Q),5.0
11656518,PIK3C2G,5.0
156422,TAOK2,5.0
176870,TNIK,5.346787486224656
11617559,PIM2,5.0
176167,HUNK,5.0
11314340,MAP3K15,5.0
11984591,MAP3K2,7.026872146400302
5287969,PCTK2,6.318758762624413
644241,MAP4K2,5.0
9926054,MKNK1,5.0
11617559,ERBB3,5.0
10074640,BRK,5.0
644241,MAP4K3,5.0
24180719,FLT3(K663Q),5.638272163982407
9915743,PAK1,6.6777807052660805
10127622,CSF1R,5.0
156414,TNNI3K,5.251811972993799
16725726,MST1,5.0
44150621,ABL1(T315I),6.958607314841775
5494449,FLT3(ITD),7.346787486224656
3062316,PYK2,5.0
11364421,EPHA4,5.0
644241,IKK-beta,5.0
25243800,DYRK1A,5.638272163982407
17755052,ABL1(F317I),5.0
11717001,RIPK5,5.0
11626560,EGFR(G719S),5.0
644241,TXK,5.0
24180719,PIM2,5.0
25243800,EPHA6,6.6777807052660805
6450551,PLK3,5.0
5329102,PIK3CB,5.0
11984591,CAMK1D,6.698970004336019
24889392,CSK,5.0
176155,DYRK1A,5.0
5494449,CSNK1D,5.0
25243800,ULK3,5.00436480540245
5329102,JAK2(JH1domain-catalytic),6.3872161432802645
5494449,ICK,5.0
9929127,PHKG2,5.0
11667893,KIT(D816V),6.3872161432802645
24889392,TRPM6,5.0
3038525,MINK,5.0
156422,CSNK1D,5.0
9926054,TESK1,5.0
5287969,MEK3,5.920818753952375
11667893,MAPKAPK2,5.0
11427553,MAP3K15,5.0
156422,PFTK1,5.0
10074640,PKMYT1,5.0
44259,ARK5,8.356547323513812
44150621,HIPK2,6.301029995663981
5329102,MST2,7.251811972993799
17755052,TGFBR2,5.0
156414,EPHA6,6.568636235841013
156414,CSF1R,5.0
24889392,AURKC,5.0
3038525,MLK3,5.0
25127112,MAP3K1,5.376750709602099
24889392,FLT4,7.387216143280264
11314340,PRP4,5.337242168318426
176167,SRPK1,5.0
25127112,BRK,5.0
11427553,ULK2,6.886056647693163
11364421,AURKA,5.0
6450551,BMPR1B,5.537602002101044
44150621,CSK,5.0
11617559,MST2,5.0
3038525,DYRK1B,5.0
9915743,CDC2L2,5.0
25127112,PIK3CB,5.0
10074640,FGFR1,5.0
9933475,CSF1R,7.886056647693163
6450551,ASK1,5.0
10127622,IKK-beta,5.0
176155,MINK,5.0
25243800,SIK2,6.2839966563652006
11717001,ACVR2A,5.0
3081361,EGFR(L858R),8.060480747381382
11427553,CDK5,5.0
16007391,TRKC,5.0
6918454,RSK3(KinDom.2-C-terminal),5.0
176167,ROCK2,5.0
5494449,PFPK5(Pfalciparum),5.0
16725726,PFPK5(Pfalciparum),5.0
9926054,AURKA,5.0
3038525,DMPK,5.0
3081361,MEK6,5.0
25127112,PRKG2,6.161150909262744
644241,TIE2,6.0
25127112,MAP4K2,5.698970004336019
6450551,PIK3CA(C420R),5.0
11427553,DCAMKL1,5.698970004336019
25127112,PKNB(Mtuberculosis),5.376750709602099
3081361,PAK4,5.0
10074640,KIT(L576P),8.102372908709558
5287969,PCTK1,6.356547323513813
25127112,IRAK1,6.537602002101044
5494449,RIPK4,6.522878745280337
3081361,MLK1,5.0
3062316,PDPK1,5.0
644241,CIT,5.0
24180719,EGFR(L747E749del),5.0
25127112,FYN,5.0
11626560,PIK3C2G,5.0
5494449,AKT2,5.0
176870,YANK3,5.0
10427712,IKK-alpha,5.0
11427553,EPHA4,5.0
176167,PKN1,5.292429823902063
9926054,PIK3CA(E545A),5.0
3038525,CAMK4,5.0
9929127,GSK3B,5.0
176167,SRMS,5.0
176870,EPHB4,5.657577319177793
24180719,PIK3CA(C420R),5.0
17755052,WEE2,5.0
11617559,PIK3CA(E545A),5.0
11656518,STK35,5.0
11667893,CSF1R,8.2518119729938
176870,CSK,5.017728766960432
9929127,TAOK2,5.0
44150621,NEK11,5.0
11427553,BMPR1A,5.721246399047171
17755052,MINK,5.0
644241,GSK3B,5.0
24889392,CAMK1D,5.0
5287969,STK33,5.769551078621726
10074640,KIT(D816H),5.823908740944319
9915743,EPHA3,5.0
6918454,SRMS,5.0
24180719,DYRK2,5.568636235841013
16725726,MAP4K4,5.0
9933475,PKMYT1,5.0
176870,STK16,5.0
5329102,LRRK2(G2019S),7.119186407719209
9926054,GRK7,5.0
5287969,IRAK4,5.823908740944319
11717001,FGFR1,5.0
10074640,LOK,5.0
11617559,GCN2(KinDom2S808G),5.0
3062316,SGK3,5.0
11717001,PKN1,5.0
11626560,HUNK,5.0
176167,AURKA,5.0
9926054,JAK3(JH1domain-catalytic),5.0
24180719,TBK1,5.0
11314340,TIE1,5.0
10138260,STK35,8.086186147616283
176870,CDC2L2,5.0
44259,MLK1,8.0
156422,FLT3(ITD),5.522878745280337
44150621,RIPK4,5.0
10127622,JAK1(JH1domain-catalytic),5.0
5329102,LCK,6.638272163982407
176167,MELK,5.251811972993799
3081361,RPS6KA4(KinDom.2-C-terminal),5.0
16007391,CDK4-cyclinD1,5.0
11427553,PRKCE,5.0
5329102,RET(M918T),7.721246399047171
3038525,EPHB6,5.0
10127622,MYO3B,5.0
9926054,RET,5.0
17755052,PIM2,5.0
156422,AAK1,5.0
25243800,PIK3C2G,6.823908740944319
17755052,WEE1,5.0
11617559,RIOK1,5.0
9915743,CDK5,5.0
9933475,NDR1,5.0
25243800,RPS6KA4(KinDom.2-C-terminal),7.187086643357144
156414,FGFR1,5.0
9926054,MST4,5.0
16007391,NEK7,5.0
11656518,DMPK,5.0
9915743,MAST1,5.259637310505756
176167,EGFR(L861Q),5.0
10138260,TYK2(JH1domain-catalytic),5.292429823902063
10427712,EPHA5,5.0
25127112,PIK4CB,5.468521082957745
176155,EPHA3,5.0
11667893,MEK3,5.0
3081361,EPHA5,6.619788758288394
25127112,BLK,5.0
44150621,CLK3,5.0
9926054,TGFBR2,5.0
9926054,JAK1(JH1domain-catalytic),5.0
11656518,CLK4,5.0
11626560,ABL1(T315I),7.920818753952375
6918454,BRSK2,5.0
44259,RSK1(KinDom.2-C-terminal),5.920818753952375
9915743,CDKL1,5.0
11427553,ASK1,5.0
3081361,NEK3,5.0
176155,EGFR(L747S752del),5.795880017344075
11667893,AURKC,5.721246399047171
176870,DAPK3,5.221848749616356
156422,MST2,5.0
9933475,TIE1,6.537602002101044
176155,PCTK1,5.0
11626560,GRK7,5.0
9926054,STK39,5.0
17755052,p38-beta,5.0
176155,JAK2(JH1domain-catalytic),5.0
176870,MST1,5.0
10427712,NEK3,5.0
6450551,TAOK2,5.0
176155,JNK3,7.455931955649724
5494449,RIPK5,5.0
156414,PKNB(Mtuberculosis),5.0
176870,PIM2,5.0
176155,GSK3B,5.769551078621726
176167,PIK3CA(E545A),5.0
156414,EPHB4,5.744727494896694
10127622,EPHA5,5.0
17755052,LRRK2,5.0
5494449,BMPR1B,5.958607314841775
16007391,PKN1,5.0
156422,PIK3C2B,5.0
5494449,LTK,5.1249387366083
9933475,EGFR(L858R),6.853871964321762
156422,CAMKK1,5.0
644241,DCAMKL1,5.0
11427553,PAK3,6.337242168318426
10127622,ROCK2,5.0
11656518,PRKCI,5.0
11427553,PIM3,5.0
3062316,CAMK4,5.0
44259,SRPK1,8.259637310505756
11364421,GAK,6.744727494896694
11617559,EGFR(L861Q),5.0
9929127,CSF1R,5.0
9933475,CDK4-cyclinD1,5.0
11617559,TXK,5.0
9926054,MAP3K1,5.0
24889392,ULK2,5.0
25243800,NEK3,5.0
11314340,FLT3(ITD),7.080921907623926
10127622,EGFR(L858RT790M),5.0
6918454,STK33,5.0
51004351,ERN1,5.638272163982407
10127622,EPHA7,5.0
10427712,PAK4,5.0
156422,EPHA4,5.537602002101044
11717001,STK16,5.0
11617559,EPHA7,5.0
11717001,EPHA1,5.0
10138260,KIT(L576P),9.537602002101044
25127112,ERN1,5.6020599913279625
3062316,PKNB(Mtuberculosis),5.0
156422,YSK4,5.0
11667893,EPHA6,6.309803919971486
16725726,ABL1(Y253F),5.0
11717001,PIM3,5.0
10074640,CDC2L1,5.0
156422,EPHA3,6.055517327849832
3062316,TIE2,5.0
11717001,EPHA4,5.0
44150621,CDC2L1,5.0
25243800,PFPK5(Pfalciparum),5.0
51004351,IKK-alpha,5.42021640338319
11314340,CSF1R,5.0
156422,FYN,5.0
5287969,ERBB2,5.0
6918454,PIK3CA(E545A),5.0
176870,MYLK2,6.013228265733755
10138260,INSR,5.920818753952375
17755052,IGF1R,5.0
11626560,DMPK,5.853871964321762
10127622,CSNK2A2,5.0
11656518,YSK4,7.267606240177032
3038525,ERK3,5.0
24180719,KIT(V559D-V654A),5.318758762624413
6450551,MST1R,5.0
16725726,EGFR(L747E749del),5.0
16007391,PRKCE,5.0
9926054,MLK3,5.0
44259,EGFR,6.431798275933005
11656518,FGFR2,5.0
3062316,IGF1R,5.0
644241,JAK2(JH1domain-catalytic),5.0
6918454,EGFR(T790M),5.0
3038525,STK16,5.0
9933475,ROS1,5.0
9929127,TYK2(JH2domain-pseudokinase),6.301029995663981
11427553,FLT4,5.886056647693163
44259,MKNK2,7.769551078621726
6450551,CDC2L1,5.0
11626560,AKT1,5.0
10138260,IKK-beta,5.275724130399211
10138260,AKT1,5.0
51004351,MAP3K1,5.0
156422,MLK1,5.0
11984591,ERBB2,5.0
44150621,PRP4,6.251811972993799
17755052,CSF1R,5.0
11984591,STK33,6.013228265733755
5494449,CAMK1D,5.309803919971486
24180719,MINK,5.1487416512809245
3038525,PIK3CA(H1047Y),5.0
9915743,CAMKK1,5.0
156422,AMPK-alpha1,5.0
156414,ERBB2,7.251811972993799
11667893,MAP4K4,5.236572006437063
10127622,NEK3,5.0
44150621,LIMK2,5.0
16007391,PRKX,5.0
16725726,WEE1,5.0
25243800,RPS6KA5(KinDom.2-C-terminal),5.823908740944319
17755052,EGFR(L858RT790M),5.0
156414,MINK,5.6777807052660805
10138260,MAST1,6.522878745280337
44259,PAK1,9.244125144327509
176167,MAP4K3,5.0
11314340,PIK3CA(H1047Y),5.0
644241,IKK-alpha,5.0
156414,PRKD3,5.0
17755052,p38-delta,5.0
11667893,ROCK2,5.0
11427553,GRK7,5.301029995663981
5494449,MEK3,5.0
176155,EPHB6,5.508638306165728
11314340,EGFR(L747S752del),5.0
17755052,MEK1,5.0
24889392,PLK1,5.0
176167,TAOK2,5.0
644241,BRK,5.0
16007391,PAK7,5.0
3038525,MAP4K3,5.0
5329102,EGFR(L858R),5.0
176155,BMPR1A,5.0
3081361,RET,7.468521082957745
25127112,TYK2(JH1domain-catalytic),9.045757490560677
10127622,EPHA4,5.0
156422,LOK,7.920818753952375
10138260,EPHA2,5.0
11617559,PKMYT1,5.0
11314340,KIT(V559D-V654A),5.0
176155,GRK7,5.0
44150621,KIT(V559D-V654A),8.508638306165727
5329102,PRKD3,6.552841968657781
5287969,ZAK,5.0
176870,LOK,7.721246399047171
51004351,LIMK2,5.0
644241,PKNB(Mtuberculosis),5.0
24180719,AMPK-alpha2,5.0
10138260,VRK2,5.0
156414,YSK4,6.154901959985743
11314340,MAP4K3,5.0
25243800,BRSK2,7.376750709602099
9926054,PFPK5(Pfalciparum),5.0
5329102,AKT1,5.0
16725726,RSK4(KinDom.2-C-terminal),5.0
11667893,MAP3K1,5.0
3062316,CAMK1D,5.0
9929127,PIK3CA(E545A),5.0
9929127,MKNK1,5.0
17755052,YSK4,5.3979400086720375
176155,TIE1,5.0
10427712,MEK6,5.0
9926054,BMPR1A,5.0
644241,RSK3(KinDom.1-N-terminal),5.0
6918454,STK16,5.0
156422,ROS1,5.0
156422,CSNK1A1,5.0
16725726,RIPK4,5.0
11984591,RET(M918T),8.387216143280265
6918454,PIM3,5.0
6918454,AURKB,5.0
24180719,ABL1(Y253F),5.721246399047171
6918454,PIK3CA,5.0
51004351,CDK9,5.0
11656518,PRKG2,5.0
3062316,YSK4,7.102372908709558
10127622,TYK2(JH2domain-pseudokinase),5.0
3038525,DYRK2,5.0
25243800,PRKR,5.657577319177793
156414,FAK,5.0
24180719,MAP3K1,5.0
11656518,PCTK2,5.0
11717001,CAMK2A,5.0
176870,PRKCH,5.0
11717001,NEK9,5.0
9929127,PKMYT1,5.0
5287969,EGFR(L858R),5.769551078621726
644241,SRPK2,5.0
176870,BIKE,5.920818753952375
44259,STK39,6.886056647693163
11656518,SRMS,5.0
11626560,FAK,6.508638306165728
44150621,LCK,6.6020599913279625
5287969,CHEK1,5.0
9915743,HIPK2,5.0
9926054,PAK7,5.0
9933475,NEK11,5.0
11717001,BLK,5.0
9933475,RET(V804L),5.0
25243800,CIT,5.0
11626560,EGFR(T790M),5.0
10127622,STK35,5.0
5329102,LOK,7.721246399047171
10074640,MERTK,5.0
9929127,PIK3CA(H1047Y),5.0
11364421,BMPR2,5.0
24180719,ADCK4,5.0
11427553,PRKCH,5.0
11626560,PIK3CB,5.0
25127112,LATS2,5.0
10074640,TIE1,5.0
25127112,ALK,5.823908740944319
17755052,TXK,5.0
10074640,PAK7,5.0
9926054,CDKL1,5.0
10127622,FLT3(K663Q),5.0
156414,MAP4K4,5.0
10138260,CSNK1D,6.585026652029182
176167,BMPR2,5.0
24180719,ARK5,5.0
11364421,SRMS,5.0
10138260,MRCKA,5.0
25127112,TTK,6.318758762624413
25127112,MLK3,5.0
176870,SGK3,5.0
11717001,SIK,5.0
11984591,HIPK3,5.494850021680094
11656518,SIK,5.0
176167,PRKCE,8.050609993355087
11626560,PIK3CA,5.0
11717001,PLK3,5.0
44150621,FRK,5.638272163982407
10138260,CAMK1,5.481486060122113
176870,BLK,6.721246399047171
5287969,EGFR(T790M),5.795880017344075
176155,p38-delta,5.0
10127622,RIPK4,5.0
9929127,PLK3,5.0
156414,RIPK4,5.0
11717001,WEE2,5.0
176870,DAPK2,5.0
16007391,PIM3,5.0
11984591,MAP4K2,6.173925197299174
11984591,CSNK1G2,5.0
11717001,FGR,5.0
11667893,NDR1,5.0
10427712,DAPK2,5.0
24889392,MRCKA,5.0
176155,MAST1,5.0
5494449,PAK4,5.366531544420414
25243800,MAP3K2,6.060480747381382
44259,RAF1,5.0
11364421,CTK,5.0
16007391,RAF1,5.0
11617559,SGK3,5.0
10074640,MYLK,5.0
44150621,BRK,5.0
5494449,EPHA1,6.0
9915743,PIK3C2B,5.0
644241,CAMK4,5.0
9915743,STK16,5.0
10074640,BRSK2,5.0
5329102,HIPK3,7.387216143280264
51004351,ICK,5.229147988357856
44259,ERBB2,6.721246399047171
11364421,PIM2,5.0
24889392,MLK1,5.0
9933475,ARK5,5.0
176167,LOK,5.0
10427712,LRRK2(G2019S),5.0
5329102,MAPKAPK2,5.0
11717001,PRKCE,5.0
156422,HIPK2,5.0
176870,EGFR,9.173925197299171
9915743,TGFBR2,5.0
11656518,MEK6,5.0
10138260,RIOK1,6.229147988357856
11717001,TRKC,5.0
24180719,MST4,5.0
11984591,DLK,5.0
16007391,LATS2,5.0
11984591,LIMK1,6.2076083105017466
11364421,PCTK2,5.0
11717001,TTK,5.0
156422,BLK,6.167491087293763
9926054,MYO3B,5.0
156422,DAPK3,5.0
11364421,BRSK2,5.0
5287969,ASK2,5.0
10127622,CDC2L1,5.0
51004351,KIT(D816V),8.113509274827518
24180719,LIMK2,6.2076083105017466
11364421,MAPKAPK2,5.0
17755052,PKNB(Mtuberculosis),5.0
5494449,JNK1,5.0
16725726,GSK3B,7.0
11364421,ITK,5.0
9933475,RET,8.214670164989233
5329102,CDK5,5.161150909262744
5494449,MEK1,5.744727494896694
10427712,FLT3(ITD),5.0
24889392,DRAK2,5.0
11656518,LIMK2,5.0
644241,DMPK,5.0
176870,PCTK2,5.0
44259,JNK1,6.657577319177793
156414,LATS2,5.0
9929127,RPS6KA4(KinDom.2-C-terminal),5.0
156422,PIM3,5.0
5494449,SRMS,5.0
11717001,ABL1(Q252H),5.0
11617559,MYLK,5.0
24889392,ROS1,5.0
5494449,ERBB2,5.0
644241,PIK3C2B,5.0
16725726,FYN,5.0
16007391,MERTK,5.0
11717001,PRKR,5.0
11984591,RSK1(KinDom.2-C-terminal),5.42021640338319
11427553,MLK1,6.187086643357144
44150621,GCN2(KinDom2S808G),6.6020599913279625
11626560,PHKG2,5.0
11984591,NEK5,7.886056647693163
25127112,FLT3(K663Q),5.0
5287969,EPHB4,5.0
9915743,DMPK,5.0
51004351,SRPK2,6.481486060122113
644241,ERBB3,5.0
10427712,ABL1(Y253F),5.0
5287969,PKN1,5.455931955649724
10138260,MEK1,7.113509274827519
9926054,ROCK2,5.0
25127112,CDC2L1,5.0
24180719,DAPK2,5.0
11717001,LRRK2(G2019S),5.0
44150621,ACVR2A,5.0
176155,CLK1,5.0
16007391,CAMK2A,5.0
51004351,VRK2,5.0
11717001,MAP4K5,5.0
176167,PIK4CB,5.0
9929127,JNK1,5.0
9929127,MELK,5.0
16725726,PIK3C2G,5.0
6918454,MTOR,5.0
17755052,ABL1(Q252H),5.0
9915743,ABL1(F317I),5.0
25243800,RSK3(KinDom.1-N-terminal),5.0
644241,PRKCI,5.0
17755052,ROS1,5.0
9929127,PAK6,5.0
11626560,PRKCH,5.0
10127622,ABL1(Q252H),5.0
176155,MRCKA,5.2076083105017466
10427712,EGFR(L747S752del),5.6020599913279625
11626560,MET(M1250T),9.259637310505756
11984591,ICK,5.0
11364421,ERBB3,5.0
51004351,RET,6.455931955649724
6450551,LOK,5.920818753952375
9926054,KIT(A829P),5.0
17755052,MRCKA,5.0
44150621,AMPK-alpha2,6.086186147616283
3038525,CSNK1G2,5.0
5329102,TXK,5.0
9915743,PIK3CB,5.0
176870,PIK3CB,5.0
5329102,KIT(V559D-V654A),9.67778070526608
176167,MST1,5.0
10127622,PKMYT1,5.0
176167,MST4,5.161150909262744
44150621,RET(V804M),7.585026652029182
44259,MAP4K5,7.744727494896694
17755052,CDC2L1,5.0
9915743,FAK,5.721246399047171
11626560,PIK3CA(E545A),5.0
176155,FER,5.0
11427553,JNK3,7.292429823902063
3062316,KIT(D816H),8.795880017344075
176155,IGF1R,5.0
24180719,LIMK1,5.619788758288394
644241,RET,6.060480747381382
3062316,HIPK2,5.0
11617559,AMPK-alpha2,5.0
11626560,PLK3,5.0
51004351,EPHB4,5.0
16725726,IGF1R,5.0
25127112,RSK3(KinDom.1-N-terminal),5.0
11314340,PIK3C2B,5.0
11984591,EGFR(L747E749del),6.585026652029182
3038525,CAMK1,5.0
11667893,PDPK1,5.0
3038525,MYLK,5.0
5329102,RAF1,5.0
5329102,EGFR(L858RT790M),6.0655015487564325
3038525,IRAK1,5.0
5329102,YSK4,7.769551078621726
5329102,TNIK,7.602059991327962
5494449,PIM3,5.0
9933475,SIK2,5.6777807052660805
3038525,MAP4K5,5.0
5287969,AKT2,5.0
3062316,TESK1,7.481486060122113
10127622,FRK,5.0
11667893,EPHB4,5.0
176167,LCK,5.0
10127622,PIK3CA(E545A),5.0
3062316,ABL1(T315I),6.050609993355088
24180719,PAK6,5.0
5287969,DRAK2,5.721246399047171
10127622,LRRK2,5.0
11717001,JAK3(JH1domain-catalytic),5.0
51004351,CLK1,6.455931955649724
11314340,MST4,5.0
16725726,ABL1(F317I)p,5.0
17755052,TBK1,5.0
10138260,BLK,6.1249387366083
11314340,AKT1,7.119186407719209
11364421,PRKCE,5.0
11617559,TGFBR2,5.0
5287969,DYRK1B,7.075720713938118
176167,CSNK2A2,5.0
176870,MINK,5.886056647693163
51004351,PIK3CA(H1047Y),5.0
11427553,CSNK1A1,5.920818753952375
176870,RET(V804L),5.0
11717001,EPHA2,5.0
11617559,EGFR(L747E749del),5.0
11364421,MTOR,5.0
10427712,CDKL1,5.0
11314340,DYRK2,7.200659450546419
11626560,EPHA7,6.327902142064283
11427553,MAST1,5.0
176167,EGFR(L747E749del),5.0
9933475,TIE2,6.853871964321762
3062316,PRKCI,5.0
5494449,PIK3C2B,5.0
3038525,CAMK2A,5.0
11617559,MAPKAPK2,5.0
10127622,EGFR(G719S),5.2839966563652006
44150621,MAP3K2,7.1487416512809245
16725726,PLK3,5.0
6918454,MERTK,5.0
6918454,PHKG1,5.0
5494449,ABL1(Y253F),8.10790539730952
10138260,KIT(A829P),7.267606240177032
5329102,RSK1(KinDom.2-C-terminal),5.301029995663981
5494449,DMPK,5.0
156414,ARK5,5.0
11667893,MINK,5.0
11717001,NEK3,5.0
11626560,DYRK1A,5.0
9926054,DYRK2,5.6777807052660805
24889392,PFTK1,5.0
3038525,EGFR,5.0
176167,EPHA5,5.0
51004351,RSK3(KinDom.1-N-terminal),6.136677139879544
6450551,ZAK,5.585026652029182
25243800,PRKX,5.0
10074640,MAP3K15,5.0
24180719,ROS1,5.0
11717001,MEK6,5.0
10127622,MYLK,5.0
16725726,PAK6,7.67778070526608
9933475,STK16,5.0
9915743,AKT1,5.0
176870,CIT,6.167491087293763
11667893,ARK5,5.0
25243800,TRPM6,5.0
176870,MST2,5.0
25243800,PLK3,5.6020599913279625
9926054,CDK9,5.721246399047171
5287969,AURKB,5.0
9929127,CDKL1,5.0
5287969,LYN,5.0
44259,WEE1,5.795880017344075
10427712,FGR,5.0
9933475,FLT3(ITD),5.0
11667893,VRK2,5.0
176870,PKN2,5.0
9929127,IGF1R,5.0
9926054,CSNK1A1L,5.0
176167,CAMK1D,5.0
5287969,RET(V804M),5.0
10427712,MST1R,5.0
17755052,MAST1,5.0
156414,PIK4CB,5.0
25127112,AURKA,5.0
3062316,LOK,5.920818753952375
24889392,MAP4K3,5.0
16007391,LRRK2,5.0
17755052,MKNK1,5.0
24180719,KIT(D816H),5.0
11314340,JAK2(JH1domain-catalytic),5.0
11656518,WEE1,5.0
11717001,MEK3,5.0
3081361,MAP3K15,5.0
24180719,PFTK1,5.0
24180719,PRKR,5.0
176870,AURKB,5.853871964321762
10074640,PFTK1,5.0
10127622,TAOK2,5.0
44150621,TAOK2,5.0
16007391,PAK6,5.0
9933475,MEK6,5.0
176167,IKK-alpha,5.0
176155,BMPR1B,5.481486060122113
11364421,MYO3B,5.455931955649724
10138260,CSNK2A2,6.522878745280337
176155,SGK3,5.0
176167,STK16,5.6020599913279625
6918454,GSK3A,5.0
11626560,TTK,5.0
644241,FGFR2,5.0
5287969,AKT1,5.0
10427712,ABL1(F317I),5.0
9926054,KIT(D816H),5.0
10427712,CHEK1,5.0
25127112,VRK2,5.3979400086720375
51004351,BRSK1,5.920818753952375
11656518,ERK3,5.0
17755052,TNNI3K,5.0
10074640,RET(V804M),5.0
9933475,BRSK2,5.0
156414,EGFR,9.721246399047171
10427712,MAP4K3,5.0
644241,CSK,5.619788758288394
9933475,TBK1,5.0
11364421,STK35,5.0
3038525,ASK2,5.0
10127622,JNK1,5.0
10074640,EGFR,5.0
9933475,IRAK1,5.0
644241,PIM2,5.0
176870,PFPK5(Pfalciparum),5.0
156422,PIK3C2G,5.0
156414,JNK3,5.259637310505756
3081361,p38-delta,5.0
11427553,PIM2,5.0
5329102,MERTK,7.585026652029182
24889392,DLK,5.0
24889392,PIK3CA,5.0
44150621,PFPK5(Pfalciparum),5.0
16007391,FLT4,5.537602002101044
11667893,RSK4(KinDom.2-C-terminal),5.0
3062316,DAPK3,5.0
11427553,CSNK1G2,6.236572006437063
44259,CSNK2A2,6.638272163982407
16007391,PKNB(Mtuberculosis),5.0
11314340,ABL1(T315I),5.0
9915743,BIKE,5.0
16725726,BMX,5.0
11667893,ERN1,5.0
176167,CSNK1G2,5.0
51004351,YSK4,7.823908740944319
9915743,CAMK2A,5.0
11656518,PKMYT1,5.0
44259,CDK9,7.0
10427712,EGFR(L861Q),5.721246399047171
6918454,TGFBR2,5.0
176870,PIK3CA(Q546K),5.0
10427712,MST2,5.0
9926054,ROS1,5.0
10138260,AKT2,5.0
17755052,PRKD3,5.0
24889392,VRK2,5.0
176870,IKK-alpha,5.0
11364421,LATS2,5.0
10127622,LOK,5.0
11656518,EPHA6,5.823908740944319
176167,NEK5,5.0
9915743,NDR1,5.0
176167,KIT(D816V),5.958607314841775
44259,RET(M918T),7.552841968657781
25127112,MYLK4,5.0
3081361,HPK1,5.259637310505756
9915743,IKK-alpha,5.0
5287969,EGFR(G719S),5.3979400086720375
10127622,PIK3CA(E542K),5.0
9929127,JAK2(JH1domain-catalytic),5.0
156414,BRSK1,5.0
9929127,BIKE,5.0
9926054,ABL2,5.0
10074640,CIT,5.0
3081361,JNK3,5.0
156414,PIK3CA(E545K),5.0
11617559,CDC2L2,5.0
17755052,DCAMKL1,5.0
9915743,EGFR(L858R),9.173925197299171
11717001,LIMK2,5.0
24889392,PRP4,5.0
5287969,PKMYT1,5.0
17755052,DYRK2,5.119186407719209
11717001,MAST1,5.0
176167,PFTK1,5.823908740944319
11656518,PIK3CA(E545A),5.0
11626560,TXK,6.070581074285707
44259,LRRK2(G2019S),9.4089353929735
11314340,PHKG2,5.585026652029182
6450551,BRK,5.0
44259,JAK2(JH1domain-catalytic),8.008773924307505
17755052,PAK7,5.0
5329102,RSK3(KinDom.1-N-terminal),7.769551078621726
10427712,CTK,5.0
10427712,TIE2,5.0
11626560,PLK1,5.0
16725726,EPHB6,5.0
5329102,TTK,7.200659450546419
9933475,FGFR2,7.455931955649724
9933475,MAP4K3,5.698970004336019
5329102,BIKE,8.259637310505756
3081361,ERBB2,5.585026652029182
11667893,BRSK1,5.0
11427553,CSK,5.356547323513813
24180719,SRPK2,5.0
5494449,NEK7,5.060480747381382
176167,PIK3CA(Q546K),5.0
3038525,DCAMKL1,5.0
10427712,TXK,5.0
25243800,CAMK2A,5.251811972993799
24889392,BMPR1B,5.0
176155,TGFBR2,5.744727494896694
11364421,FGFR2,5.0
11314340,HIPK2,6.657577319177793
5287969,ICK,9.161150909262744
16725726,EPHB4,5.0
644241,PFPK5(Pfalciparum),5.0
6450551,BMX,5.0
644241,MET(M1250T),5.0
6450551,EGFR(L861Q),5.0
3062316,STK35,6.113509274827519
51004351,ERK3,5.0
3038525,MLK1,5.0
10127622,MELK,5.0
11617559,PHKG1,5.0
24889392,LCK,5.6020599913279625
11617559,LTK,5.0
11717001,PKN2,5.0
156414,ITK,5.251811972993799
6918454,NEK11,5.0
3062316,FLT3(N841I),5.154901959985743
11984591,ROS1,7.537602002101044
5494449,MERTK,5.769551078621726
16725726,EPHA4,5.0
644241,ABL1(F317I),7.744727494896694
176155,NDR1,5.0
16725726,DYRK1A,5.0
11626560,MAP3K1,5.958607314841775
16725726,PIK3CA(E542K),5.0
10127622,MET(M1250T),5.0
44150621,MET(M1250T),5.0
156414,PIM3,5.0
44150621,MERTK,5.744727494896694
9915743,RSK3(KinDom.2-C-terminal),5.0
10427712,VRK2,5.0
16007391,CLK4,5.0
16725726,NEK9,5.0
11667893,PIK3CA(E545K),5.0
156422,CDKL1,5.0
44150621,RSK3(KinDom.1-N-terminal),6.508638306165728
11427553,LATS2,5.823908740944319
10127622,BRAF,5.0
9926054,EPHB4,5.0
10074640,RSK3(KinDom.1-N-terminal),5.0
11984591,FLT3(ITD),9.267606240177033
25127112,SIK,5.0
10127622,PIK3CB,5.0
51004351,AMPK-alpha1,6.744727494896694
3038525,RIPK4,5.0
6918454,SIK2,5.0
25127112,PRKX,5.0
25127112,PCTK1,5.0
11617559,JAK2(JH1domain-catalytic),5.0
644241,RPS6KA4(KinDom.2-C-terminal),5.0
44150621,STK39,6.275724130399211
16007391,CSNK1A1L,5.0
44150621,MTOR,5.0
3081361,KIT(V559D-V654A),6.251811972993799
11617559,PAK1,5.0
11617559,EGFR(G719S),5.0
3081361,YSK4,6.008773924307505
16007391,PIK3CA,5.0
51004351,p38-delta,5.0
10427712,CIT,5.0
11667893,NEK7,5.0
9926054,JAK2(JH1domain-catalytic),5.0
11314340,ROS1,5.0
17755052,PLK3,5.0
24180719,PKN2,5.0
44259,CHEK1,8.494850021680094
16007391,MYLK4,5.0
10074640,INSR,5.0
3081361,IGF1R,5.0
9915743,TAOK2,5.0
11427553,CAMK4,5.0
644241,CSNK1D,5.0
11984591,AKT2,5.0
156422,DLK,5.0
11717001,LOK,5.886056647693163
10127622,IGF1R,5.0
9933475,PKN2,5.0
5494449,p38-beta,5.0
11656518,RSK3(KinDom.1-N-terminal),5.0
5329102,HIPK2,7.508638306165728
17755052,MAP4K3,5.0
9926054,TIE2,5.0
11314340,JNK3,5.0
11626560,EGFR(L858RT790M),5.0
11656518,STK16,5.0
11617559,MAP4K2,5.0
44259,TYRO3,6.552841968657781
176870,VRK2,5.0
9915743,ROS1,5.0
51004351,RSK4(KinDom.2-C-terminal),5.0
9926054,FER,5.0
11984591,LTK,6.096910013008056
156414,CHEK1,5.0
44259,TGFBR2,5.0
644241,ICK,5.0
16725726,TYRO3,5.0
6918454,RIPK4,5.0
16007391,DMPK,5.0
11984591,PRKX,5.0
11667893,AURKA,5.0
17755052,TGFBR1,5.0
6918454,PFPK5(Pfalciparum),5.0
11314340,BMPR1B,5.0
156422,FLT3(K663Q),6.050609993355088
11667893,DYRK2,5.0
51004351,p38-beta,5.0
5494449,AURKB,8.130768280269024
25243800,LYN,6.251811972993799
11984591,TNNI3K,6.508638306165728
3081361,PIM3,5.0
11617559,MST1,5.0
644241,PIK3CA(E545A),5.0
9929127,ALK,5.0
6450551,DCAMKL1,5.0
644241,STK16,5.0
5329102,DAPK3,7.657577319177794
44259,CDKL1,6.481486060122113
156414,PIK3C2G,5.0
5287969,BRK,5.0
10074640,MELK,5.0
10427712,ITK,5.0
6918454,RET(V804L),5.0
17755052,IRAK1,5.0
9926054,ALK,5.0
9929127,DMPK,5.0
6918454,CLK1,5.0
644241,TTK,5.0
25243800,FLT3(ITD),5.721246399047171
51004351,SIK2,6.251811972993799
44150621,EPHA3,5.0
11984591,STK35,5.853871964321762
11626560,LYN,6.026872146400302
44150621,FGFR1,6.823908740944319
10427712,PKN2,5.0
5329102,MAP3K15,5.886056647693163
51004351,PIK4CB,5.0
24889392,BIKE,5.0
5329102,DLK,7.0
5329102,PHKG2,8.229147988357855
25243800,PRP4,5.0
156422,IRAK1,5.0
644241,TRKC,6.221848749616356
25243800,AMPK-alpha1,5.0
11984591,MST1,5.0
11717001,PIK3CA(C420R),5.0
3038525,ZAK,5.0
176155,PAK7,5.0
156422,PIK3CA(H1047Y),5.0
11617559,BRSK1,5.0
6918454,MST2,5.0
11427553,MST1R,6.091514981121351
25243800,MST1,5.0
25127112,EGFR(L861Q),5.0
9915743,CSNK1A1,5.0
3062316,EGFR(L747E749del),6.958607314841775
3081361,LATS2,5.0
6450551,KIT(D816H),5.376750709602099
176167,MERTK,5.0
5494449,BLK,5.657577319177793
176167,TYK2(JH2domain-pseudokinase),5.0
17755052,ERN1,5.0
11364421,EPHA3,5.0
10074640,HUNK,5.0
11427553,MST1,6.251811972993799
24180719,PLK1,5.0
25243800,KIT(V559D-V654A),5.0
6918454,ERBB3,5.0
24889392,EPHA1,5.0
24180719,AKT2,5.0
10127622,NDR1,5.0
6450551,CDC2L2,5.0
176870,PRP4,5.0
11314340,ABL1(Y253F),5.0
16725726,KIT(D816V),6.886056647693163
10138260,RSK1(KinDom.2-C-terminal),5.236572006437063
644241,GCN2(KinDom2S808G),5.0
10127622,PCTK1,5.0
5287969,TESK1,5.0
11656518,RSK1(KinDom.2-C-terminal),5.0
9929127,TGFBR2,5.0
16007391,LIMK1,5.0
9926054,CDK4-cyclinD1,5.0
11427553,PDPK1,6.187086643357144
51004351,LRRK2(G2019S),6.744727494896694
24889392,ABL1(T315I),5.585026652029182
51004351,MKNK2,6.022276394711152
5287969,LRRK2,6.0
25243800,ABL1(F317I)p,5.920818753952375
51004351,DYRK2,5.0
25127112,KIT(D816V),5.1487416512809245
6450551,MEK1,5.568636235841013
9929127,FRK,5.0
6918454,MLK3,5.0
644241,RIPK5,5.0
11314340,p38-beta,5.0
11717001,CDK9,5.0
25127112,SRPK1,5.6777807052660805
3038525,TRPM6,5.0
176870,GSK3A,5.0
16725726,AKT1,8.657577319177793
25127112,LIMK2,5.0
44150621,WEE1,5.920818753952375
11667893,CSNK2A2,5.0
3038525,EPHA3,5.0
51004351,PRKCH,6.537602002101044
6450551,KIT(V559D-V654A),8.455931955649724
176870,ICK,5.0
11364421,ABL2,5.0
11314340,AMPK-alpha1,5.0
156414,IKK-alpha,5.0
25243800,HIPK2,6.455931955649724
9926054,TRPM6,5.0
16725726,KIT(D816H),6.443697499232713
9926054,MAP4K5,5.0
9933475,KIT(D816V),6.4089353929735005
11364421,PFTK1,5.0
10074640,LTK,5.0
5329102,FYN,6.2839966563652006
156422,PLK4,5.0
11984591,GCN2(KinDom2S808G),8.481486060122112
5287969,RSK4(KinDom.2-C-terminal),6.096910013008056
6918454,PKMYT1,5.0
6450551,PCTK2,5.0
11314340,PFPK5(Pfalciparum),5.0
11656518,MST1,5.0
25127112,PRKCH,5.0
10074640,STK33,5.0
10427712,MET(M1250T),5.0
11617559,CTK,5.0
11626560,EGFR(L858R),5.0
5329102,DRAK2,6.958607314841775
9933475,RIPK4,5.0
44150621,STK35,5.0
11656518,CDK4-cyclinD1,5.0
11984591,ARK5,7.1249387366083
176870,ABL1(Q252H),6.638272163982407
25243800,PAK3,5.0
156422,EGFR,5.154901959985743
44259,CDK5,7.075720713938118
10074640,EGFR(L861Q),5.327902142064283
176870,TBK1,5.508638306165728
44150621,MAP3K15,5.0
5329102,CSF1R,8.602059991327963
10127622,ASK2,5.0
51004351,CLK4,6.3872161432802645
3062316,CIT,5.0
176155,ERK3,5.0
24180719,RSK3(KinDom.1-N-terminal),5.0
10074640,JNK3,5.0
6450551,BRSK1,5.0
11314340,PAK7,6.173925197299174
3081361,KIT(A829P),7.468521082957745
24889392,EGFR(L858RT790M),5.0
11314340,CTK,5.0
11617559,PIK3CB,5.0
11617559,MAP3K15,5.0
11617559,PIK3CA(Q546K),5.0
5329102,EPHA5,5.920818753952375
11984591,FYN,7.552841968657781
3062316,MYLK,5.0
3081361,MEK3,5.0
11717001,ZAK,5.0
11656518,AURKC,5.0
44259,MERTK,8.193820026016112
11667893,PIK3CB,5.0
11626560,MKNK2,5.0
3062316,KIT(L576P),9.244125144327509
6918454,DLK,5.0
11626560,ITK,5.698970004336019
644241,MAP3K15,5.0
9929127,ROS1,5.0
9915743,RIPK5,5.1938200260161125
16725726,ERK3,5.0
11667893,AKT1,5.0
5287969,TNNI3K,7.259637310505756
11364421,BLK,5.0
51004351,FLT3(N841I),8.221848749616356
11314340,DLK,5.0
5287969,NEK5,5.0
11656518,LRRK2(G2019S),5.0
644241,EPHB4,6.136677139879544
11656518,EGFR(L861Q),5.0
44150621,BLK,6.721246399047171
11984591,FAK,6.6020599913279625
5494449,EGFR(L858R),5.0
51004351,CDK4-cyclinD1,5.0
11717001,YSK4,6.040958607678906
9929127,PIK4CB,6.568636235841013
9929127,BRK,5.0
5329102,PRKCE,5.0
10074640,SIK,5.0
11617559,TIE1,5.0
44259,BMPR1B,6.769551078621726
3062316,TAOK2,5.267606240177032
17755052,DLK,5.0
11626560,PIK4CB,5.0
176167,FYN,5.0
9929127,VRK2,5.0
24180719,CLK4,5.0
44150621,BMPR1A,5.0
44150621,CIT,5.086186147616283
16725726,CDC2L2,5.0
44150621,NEK3,5.0
9926054,TAOK2,5.0
11656518,ULK3,5.0
10127622,PRKG2,5.0
9915743,INSR,5.522878745280337
11717001,CSNK1A1L,5.0
24889392,KIT(V559D-V654A),7.443697499232713
5329102,PIM3,5.619788758288394
51004351,FAK,5.0
11427553,DYRK1A,6.744727494896694
11314340,SGK3,5.292429823902063
9929127,BRSK1,5.0
3038525,PIM3,5.0
11364421,FLT3(ITD),5.0
10127622,HIPK2,5.0
16007391,PFPK5(Pfalciparum),5.0
5287969,CDK4-cyclinD1,8.045757490560675
11667893,PFPK5(Pfalciparum),5.0
11364421,FAK,6.823908740944319
24889392,PAK6,5.0
25243800,RIPK4,6.537602002101044
6918454,MYO3B,5.0
3038525,KIT(V559D-V654A),5.0
6450551,PRP4,5.0
11656518,LIMK1,5.0
17755052,TIE1,5.0
11656518,GSK3A,5.0
25243800,DYRK1B,5.0
11617559,HIPK3,5.0
11717001,ABL1(F317I),5.0
24180719,MAP3K15,5.0
9929127,ABL1(F317I),5.0
9926054,ASK1,5.0
3038525,RET,5.0
9933475,RIOK1,5.0
5287969,LATS2,5.0
11717001,LCK,5.0
25127112,PLK4,6.698970004336019
11314340,LIMK1,5.0
10074640,AURKA,5.0
11984591,PKNB(Mtuberculosis),7.468521082957745
5287969,IKK-alpha,5.0
176870,SRPK2,5.0
11364421,ACVR2A,5.0
176167,YANK3,5.0
5494449,YANK3,5.0
24889392,KIT(L576P),8.200659450546418
3081361,BMPR2,5.0
11717001,MAP3K2,5.0
9933475,p38-beta,5.0
51004351,RIPK5,5.327902142064283
11717001,GAK,5.0
11314340,JAK1(JH1domain-catalytic),5.0
24889392,PRKX,5.0
3038525,WEE2,5.0
156422,PIM2,5.0
16725726,BRSK2,5.0
10127622,TRKC,5.0
25127112,CAMK1,6.327902142064283
11314340,MAP4K4,6.853871964321762
176167,CAMK4,5.0
644241,EPHA7,5.0
3038525,JNK1,5.0
3081361,TGFBR2,5.0
9929127,KIT(L576P),5.0
11617559,PDPK1,5.0
5494449,VRK2,5.0
5494449,PRKCE,5.0
51004351,MYLK,5.698970004336019
25127112,MST1,5.0
644241,FLT3(K663Q),5.0
11427553,PIK3CB,5.0
11617559,FRK,5.0
25127112,ERBB3,5.0
5494449,KIT(D816H),5.721246399047171
11314340,DRAK2,5.2839966563652006
24889392,NEK11,5.0
5329102,CAMK1D,6.292429823902063
176167,MRCKB,5.0
11667893,JAK3(JH1domain-catalytic),5.0
9926054,EPHA6,5.0
644241,KIT(V559D-V654A),6.585026652029182
11364421,JAK2(JH1domain-catalytic),5.0
11656518,DCAMKL1,5.0
3038525,SIK2,5.0
3038525,FLT3(ITD),5.0
3081361,RET(V804M),5.0
11656518,ERN1,5.0
6450551,DYRK1B,5.0
5494449,PRKCI,5.0
3062316,PIK4CB,5.0
24889392,MAP4K2,5.0
25243800,MYLK2,5.0
11617559,STK35,5.0
176870,SIK2,5.585026652029182
5287969,RAF1,5.0
17755052,MAP3K1,5.0
10074640,MET(M1250T),5.0
176155,TYK2(JH1domain-catalytic),5.0
11364421,TRKC,5.0
16725726,JAK3(JH1domain-catalytic),5.0
16007391,DCAMKL1,5.0
16725726,NEK11,5.0
11656518,PRKCH,5.0
11656518,WEE2,5.0
9929127,CAMK2A,5.0
176870,AKT2,5.0
24180719,GAK,5.0
24889392,EGFR(L861Q),5.0
16007391,IRAK1,5.0
9929127,EPHB6,5.0
16007391,RIPK4,5.0
10127622,RET(V804L),5.0
644241,CSNK1A1L,5.0
5494449,SIK2,5.769551078621726
24180719,MAST1,5.0
16725726,HIPK2,6.4089353929735005
11617559,HIPK2,5.0
5329102,AURKB,6.42021640338319
6918454,TYK2(JH1domain-catalytic),5.0
11617559,IRAK1,5.0
176155,PIK3CA(E545A),5.0
25127112,KIT(L576P),5.0
9929127,LIMK2,5.0
10427712,CSNK1A1,6.080921907623926
25243800,LIMK2,5.0
11314340,TYK2(JH2domain-pseudokinase),5.0
11984591,KIT(D816V),8.602059991327963
10127622,AAK1,5.0
11617559,EPHA4,5.0
17755052,NDR1,5.0
25243800,ASK2,5.0
5494449,STK35,5.0
25127112,RSK1(KinDom.2-C-terminal),6.920818753952375
3062316,DYRK2,5.0
25243800,CSNK1G2,5.522878745280337
25127112,PIK3CA(H1047Y),5.0
25127112,EPHA3,5.214670164989233
25127112,BMX,5.0
9915743,SRPK2,5.0
3081361,CIT,5.744727494896694
44150621,IKK-beta,5.0
5329102,MAP4K2,7.481486060122113
156422,RAF1,5.0
156414,RSK3(KinDom.2-C-terminal),5.0
24180719,NEK11,6.721246399047171
24180719,TTK,5.0
11667893,CSNK1D,5.0
24889392,AMPK-alpha2,5.0
3062316,MEK6,5.0
11314340,EGFR(L858RT790M),5.0
10427712,MINK,5.0
11617559,VRK2,5.0
11717001,MAPKAPK2,5.0
10138260,RET,7.431798275933005
11717001,STK35,5.0
25127112,PKMYT1,5.0
9926054,BLK,5.0
3081361,TYK2(JH1domain-catalytic),5.0
51004351,NEK5,5.0
16007391,BMX,5.0
10074640,PIK3CA(E545A),5.0
5494449,CDK4-cyclinD1,5.0
5494449,TXK,5.568636235841013
176155,BIKE,5.0
156414,HIPK2,5.0
51004351,PCTK2,5.0
9933475,VRK2,5.0
11626560,PDPK1,5.0
11984591,CAMK1,6.638272163982407
10127622,AKT1,5.0
11617559,MERTK,5.0
3062316,PRP4,5.0
176155,DMPK,5.0
9926054,DRAK2,5.0
44150621,PIK3CA(E542K),5.0
9933475,TAOK2,5.229147988357856
11314340,RIPK5,5.0
6450551,SRPK2,5.0
3081361,PRKR,5.0
25243800,BMPR2,7.050609993355088
5494449,CHEK1,5.060480747381382
5287969,TRKC,5.0
6918454,CAMK4,5.0
176167,KIT(D816H),5.0
9915743,AMPK-alpha2,5.0
11427553,DAPK2,5.744727494896694
176870,IRAK1,5.0
9926054,FGFR1,5.0
24889392,GSK3B,5.0
5329102,PKN2,5.886056647693163
17755052,TESK1,5.0
156414,MYLK,5.0
51004351,FLT4,6.173925197299174
9926054,PDPK1,5.0
11364421,MAP4K4,5.0
16007391,CAMK1,5.0
10427712,HUNK,5.0
644241,MKNK1,5.0
176155,INSR,5.0
10074640,CSNK1G2,5.0
11364421,LYN,5.0
10427712,CDC2L1,5.0
25243800,YSK4,8.292429823902063
3081361,MEK1,5.744727494896694
11656518,TYRO3,5.0
11626560,CDK7,6.481486060122113
44150621,BMPR2,5.508638306165728
44150621,LTK,5.0
25243800,BMPR1A,7.1938200260161125
17755052,RET,5.0
44259,AMPK-alpha1,8.431798275933005
16007391,LTK,5.494850021680094
176167,PIK3C2G,5.0
156414,FLT3(K663Q),5.795880017344075
6450551,AMPK-alpha2,5.0
11617559,CSF1R,8.657577319177793
5329102,BMX,5.0
176870,PRKCI,5.0
11656518,ASK1,5.0
9933475,HUNK,5.0
11656518,CDK9,5.0
24180719,LCK,5.744727494896694
6450551,WEE1,5.0
11617559,FAK,5.0
11617559,AAK1,5.0
3062316,MAPKAPK2,5.0
5329102,PKNB(Mtuberculosis),7.060480747381382
25243800,MINK,6.744727494896694
156414,PFPK5(Pfalciparum),5.0
44150621,ERBB2,5.0
9915743,BMX,5.0
5329102,CLK4,7.537602002101044
6450551,CDKL1,5.0
156422,GRK7,5.0
3081361,DAPK3,5.0
51004351,ERBB2,5.0
176870,TNNI3K,6.2441251443275085
24889392,TYRO3,5.0
51004351,MST2,6.657577319177793
11656518,TRKC,5.0
10074640,RPS6KA4(KinDom.2-C-terminal),5.0
9915743,MYLK4,5.0
10427712,RSK3(KinDom.2-C-terminal),5.0
11364421,RET(M918T),5.0
644241,SIK2,5.0
16725726,TYK2(JH1domain-catalytic),5.0
16725726,EGFR(L858RT790M),5.0
25243800,KIT(L576P),6.537602002101044
3038525,PIK4CB,5.0
24889392,JAK3(JH1domain-catalytic),5.0
9933475,MYO3B,5.0
176167,ASK1,5.0
24180719,PKMYT1,5.0
44150621,NEK7,5.251811972993799
51004351,EPHB1,5.0
9926054,FRK,5.0
176167,MRCKA,5.0
176870,ABL1(T315I),6.2076083105017466
11314340,CAMK2A,6.494850021680094
156414,KIT(V559D-V654A),5.102372908709558
5494449,FLT4,5.721246399047171
25127112,MEK6,5.0
5494449,IRAK1,5.0
3081361,EPHA3,5.698970004336019
10138260,CLK4,6.6020599913279625
44150621,DLK,5.6777807052660805
44259,RSK3(KinDom.2-C-terminal),6.721246399047171
11626560,JNK3,5.0
3062316,CSNK2A2,5.0
11667893,SIK,5.0
5287969,ABL1(Q252H),5.508638306165728
10074640,PIK3C2G,5.0
51004351,PKN1,8.031517051446064
11717001,DYRK2,5.0
9929127,AURKA,5.0
11717001,DYRK1A,5.0
25127112,AKT1,5.0
11717001,CAMK1,5.0
51004351,AMPK-alpha2,6.337242168318426
51004351,RET(V804L),7.568636235841013
5329102,AURKA,5.769551078621726
16725726,AURKB,5.0
3062316,MRCKB,5.6777807052660805
25243800,PYK2,5.0
3081361,BMX,5.0
5329102,EPHA7,5.619788758288394
156422,ADCK4,5.0
25127112,MKNK1,5.0
9915743,PCTK1,5.638272163982407
24889392,BRSK2,5.0
176155,PAK6,5.0
10427712,FRK,5.0
176870,FRK,5.698970004336019
16725726,CDK7,5.0
44259,PAK3,8.148741651280925
24180719,TXK,5.0
24180719,DCAMKL1,5.091514981121351
16007391,IKK-beta,5.0
10138260,MYLK,6.443697499232713
9926054,BMX,5.0
16007391,KIT(D816V),5.337242168318426
11314340,MINK,7.0
51004351,ULK3,5.886056647693163
5329102,CSNK2A2,6.795880017344075
11427553,ZAK,6.236572006437063
11617559,TYK2(JH2domain-pseudokinase),5.0
25127112,MEK1,5.721246399047171
3081361,EPHB4,6.2839966563652006
6918454,PCTK1,5.0
644241,LOK,5.167491087293763
10127622,ERN1,5.0
176167,PRP4,5.0
9926054,LCK,5.0
11717001,DYRK1B,5.0
10127622,MERTK,5.0
11364421,TESK1,5.0
176870,HUNK,5.0
44259,PKNB(Mtuberculosis),7.055517327849832
176155,STK35,5.0
11617559,MEK1,5.0
9933475,JAK3(JH1domain-catalytic),5.0
6450551,ITK,5.920818753952375
10427712,BIKE,6.1938200260161125
5287969,BRAF,5.0
3081361,FAK,5.0
6450551,PIK3CA(Q546K),5.0
6450551,PRKCE,5.0
5329102,BRK,5.337242168318426
11314340,RET(V804M),6.744727494896694
11717001,DAPK3,5.0
9915743,CDK7,5.292429823902063
3062316,NEK5,5.0
9933475,PKN1,5.0
9926054,BRK,5.0
11984591,MAP4K5,5.0
10138260,SIK2,6.1249387366083
25127112,PYK2,5.0
9915743,ABL1(Q252H),5.1487416512809245
11656518,ROCK2,5.0
6450551,PIK3CA,5.0
176155,TBK1,5.0
5329102,FER,5.958607314841775
9915743,PRKCH,5.0
176167,AKT1,5.0
176155,MELK,5.0
24180719,MRCKA,5.0
3081361,MST2,5.0
10427712,DMPK,5.0
16725726,TRKC,5.0
25243800,IKK-alpha,5.0
5329102,YANK3,5.0
10427712,LIMK1,5.0
9933475,TRKA,5.0
11984591,CIT,6.356547323513813
11314340,JNK1,5.0
9915743,MST2,7.236572006437063
11364421,STK33,5.958607314841775
9926054,WEE2,5.0
3081361,CAMKK1,5.0
11364421,CSK,5.0
5494449,RSK1(KinDom.2-C-terminal),5.0
9915743,KIT(D816V),5.0
10138260,EGFR(L861Q),5.0
3062316,MAP4K4,5.508638306165728
176167,PIK3CA,5.0
176870,ZAK,5.0
16007391,ASK1,5.0
5329102,AAK1,7.958607314841775
10127622,WEE1,5.0
16725726,HIPK3,6.698970004336019
44259,YSK4,9.065501548756432
11617559,PYK2,5.0
24180719,GRK7,5.0
11364421,PIK3CA(E545A),5.0
25127112,MTOR,5.0
3038525,PRKD3,5.0
9929127,LTK,5.0
3081361,ZAK,5.292429823902063
11427553,JAK1(JH1domain-catalytic),5.920818753952375
24889392,FAK,5.0
156422,SIK2,5.0
156422,EPHB6,5.0
3038525,ITK,5.0
9915743,DLK,6.431798275933005
24180719,CDK5,5.0
11984591,EPHA1,7.173925197299174
10127622,TYRO3,5.0
3038525,JNK3,5.0
11364421,NEK5,5.0
24180719,EPHA4,5.0
3081361,MAP3K1,5.0
176155,ASK1,5.0
16725726,CAMK1,5.0
11984591,STK16,8.769551078621726
51004351,RET(V804M),7.698970004336019
176167,PIK3CA(E545K),5.0
44150621,MYLK4,7.096910013008056
5494449,KIT(A829P),6.42021640338319
25127112,FLT3(ITD),5.0
11667893,CSNK1G2,5.0
44150621,FLT3(ITD),8.443697499232712
25243800,CHEK1,5.0
644241,CLK1,5.6777807052660805
176167,RSK3(KinDom.1-N-terminal),6.657577319177793
44259,TNIK,8.327902142064282
9915743,PIK3CA(C420R),5.0
5494449,NEK9,5.0
10127622,SIK2,5.0
44259,SRMS,6.130768280269024
11656518,GSK3B,5.0
24180719,IKK-beta,5.0
3038525,ULK3,5.0
11314340,ACVR2A,5.0
16725726,NEK7,5.0
16007391,PIK3CA(H1047Y),5.0
16007391,MKNK2,5.920818753952375
9933475,LRRK2,5.0
16007391,YSK4,5.619788758288394
156414,LTK,5.292429823902063
9933475,EGFR,6.638272163982407
51004351,PRP4,7.259637310505756
176870,GSK3B,5.0
16725726,STK16,5.0
10427712,FAK,5.0
3062316,NEK3,5.0
9926054,PLK1,5.0
17755052,FLT4,5.0
11717001,RIPK4,5.0
11617559,ERN1,5.0
176167,BMPR1A,5.0
5329102,PKN1,6.1487416512809245
44150621,ROCK2,5.508638306165728
156414,IKK-beta,5.0
11667893,EGFR(L747E749del),6.017728766960432
9926054,CDK7,6.167491087293763
11314340,PAK1,5.823908740944319
11656518,CIT,7.060480747381382
11717001,PIK3C2G,5.0
44150621,DYRK1B,5.0
176870,PIK3C2B,5.0
11656518,CSF1R,6.6020599913279625
5329102,BLK,7.187086643357144
176870,TRPM6,5.0
24889392,STK35,5.0
11617559,PLK4,5.0
10138260,STK33,6.886056647693163
6450551,PRKR,5.130768280269024
9929127,MAP3K1,5.0
176870,ADCK4,5.6020599913279625
44259,EPHA5,7.022276394711152
16007391,SRPK1,5.0
10427712,PKNB(Mtuberculosis),5.0
11717001,HIPK2,5.0
10427712,PFTK1,5.0
9926054,AKT2,5.0
17755052,MRCKB,5.0
3081361,PLK3,5.0
3081361,FGFR1,6.251811972993799
11314340,SRPK1,6.259637310505756
9926054,PKMYT1,5.0
11427553,ROCK2,6.6020599913279625
44150621,MST2,6.318758762624413
6450551,RSK4(KinDom.2-C-terminal),5.0
3062316,MAP3K15,5.0
11984591,MELK,5.0
24180719,EPHA2,5.0
44150621,CSNK1G2,5.0
9933475,FER,5.0
156414,NEK3,5.0
44259,FLT3(K663Q),8.481486060122112
51004351,MERTK,5.537602002101044
11427553,RPS6KA5(KinDom.2-C-terminal),5.721246399047171
44150621,MAPKAPK2,5.0
11626560,SRPK2,5.0
10074640,SRMS,5.0
3081361,CSNK1A1L,5.0
3062316,ASK2,5.0
3081361,FLT3(K663Q),6.721246399047171
24180719,MST2,5.0
6450551,TESK1,5.366531544420414
25127112,DMPK,5.455931955649724
11617559,INSR,5.0
11626560,FLT3(K663Q),6.045757490560675
11984591,PRKR,6.744727494896694
9929127,KIT(A829P),5.0
51004351,FYN,5.6777807052660805
11364421,ABL1(Y253F),5.0
3062316,ABL1(F317I)p,10.387216143280265
156414,PIK3CB,5.0
11626560,CAMKK1,5.0
11626560,DLK,6.769551078621726
11667893,ASK2,5.0
6450551,EGFR(L858R),5.0
44259,EPHA6,6.537602002101044
16725726,PRKCH,8.619788758288394
156414,CSNK1D,5.337242168318426
11427553,FGFR2,6.070581074285707
44259,FGR,7.769551078621726
9929127,AURKB,5.0
11984591,MRCKA,5.0
44150621,MLK1,5.00436480540245
51004351,MET(M1250T),5.6777807052660805
176167,EPHB4,5.0
11314340,HIPK3,6.958607314841775
10074640,TGFBR2,5.0
5494449,LCK,7.214670164989233
10127622,MST1R,5.0
6918454,TYRO3,5.0
176870,FGFR2,5.0
6918454,NEK9,5.0
10127622,FGR,5.0
6918454,TNIK,5.0
5287969,MEK6,5.0
3081361,TRKC,5.0
10127622,STK16,5.0
11984591,NDR1,5.026872146400302
44259,ERK3,5.508638306165728
24889392,PRKCE,5.0
6450551,CSF1R,7.67778070526608
11717001,SRPK1,5.0
9926054,FGR,5.0
176167,RPS6KA4(KinDom.2-C-terminal),5.0
11667893,KIT(V559D-V654A),7.638272163982407
16007391,GAK,5.0
51004351,STK35,5.0
3038525,TAOK2,5.0
10074640,CAMK4,5.0
44150621,JAK1(JH1domain-catalytic),5.0
24180719,CDK7,5.0
11984591,MST2,5.522878745280337
156422,MTOR,5.0
9929127,LIMK1,5.0
24889392,LOK,5.6777807052660805
644241,ROS1,5.0
156414,CIT,5.886056647693163
11984591,CDK4-cyclinD1,5.0
9933475,CIT,5.0
16007391,RET(V804L),6.853871964321762
3038525,RSK3(KinDom.1-N-terminal),5.0
6450551,NDR1,5.0
16725726,PRKX,8.142667503568731
3038525,CDKL1,5.0
25127112,JAK2(JH1domain-catalytic),10.443697499232712
5329102,PRKCH,5.0
9926054,NEK9,5.0
17755052,ULK3,5.0
25127112,FGR,5.0
11314340,DAPK2,5.6020599913279625
156422,ARK5,5.0
11717001,CDKL1,5.0
51004351,MST4,5.0
9926054,MAST1,5.0
3062316,NDR1,5.0
176870,ERBB2,5.537602002101044
644241,MEK3,5.0
11617559,HPK1,5.0
156414,SIK,5.0
11667893,PRKD3,5.0
3062316,TRKA,5.0
10127622,PRKD3,5.0
11427553,RIPK4,6.886056647693163
11984591,EGFR(L858RT790M),7.214670164989233
3081361,WEE2,5.0
9929127,MAP4K2,5.0
11617559,ALK,5.0
6450551,CDK7,5.0
644241,CSNK1A1,5.0
176155,TYRO3,5.0
10127622,MYLK4,5.0
11427553,IGF1R,6.036212172654444
10074640,AURKB,5.0
9929127,DYRK2,5.0
6918454,PHKG2,5.0
24180719,NEK7,5.0
10138260,RPS6KA5(KinDom.2-C-terminal),5.823908740944319
176167,FAK,5.0
5329102,CSNK1G2,6.958607314841775
44150621,FER,5.0
5287969,RET(V804L),5.0
24180719,EGFR(L858R),5.0
644241,CLK3,5.0
176167,PIK3C2B,5.0
10427712,WEE1,5.0
3062316,MYLK2,5.455931955649724
11364421,BMPR1B,5.0
9915743,ABL1(Y253F),5.0
9915743,PKN1,5.0
24889392,MERTK,5.0
9915743,MYLK,5.0
10074640,MYO3B,5.0
10074640,TAOK2,5.0
11364421,ROS1,5.0
3038525,RSK1(KinDom.2-C-terminal),5.0
25127112,CAMK4,5.0
11656518,MET(M1250T),5.0
44259,FLT4,7.552841968657781
11656518,AMPK-alpha1,5.346787486224656
24180719,CAMKK1,5.0
24889392,ABL2,5.0
156414,HUNK,5.1938200260161125
3038525,BIKE,5.0
11364421,CLK1,6.026872146400302
11984591,TYK2(JH2domain-pseudokinase),5.0
10074640,AMPK-alpha1,5.0
176167,TYRO3,5.0
11667893,ACVR2A,5.0
11617559,PRKCE,5.0
9926054,PIK3C2G,5.0
10427712,CAMK1D,5.0
11314340,CLK3,6.795880017344075
3062316,EGFR(G719S),7.102372908709558
6450551,TNNI3K,5.0
6450551,RIOK1,5.920818753952375
3038525,INSR,5.0
3038525,AURKA,5.0
44150621,PRKCH,5.0
11656518,PAK7,5.0
9929127,ICK,5.0
644241,ABL2,7.585026652029182
25243800,MLK1,5.537602002101044
156414,MST1R,5.0
11667893,DAPK3,5.0
25243800,AKT2,5.0
156422,ROCK2,5.0
11427553,HPK1,7.200659450546419
16725726,PKN1,7.468521082957745
3081361,FRK,6.769551078621726
11617559,KIT(D816V),5.0
11626560,IKK-beta,5.259637310505756
17755052,LTK,5.0
51004351,EPHA7,5.0
25127112,ZAK,5.0
17755052,MST1,5.0
9926054,MAP4K4,5.0
9915743,PYK2,5.096910013008056
11364421,MET(M1250T),5.0
11667893,ASK1,5.0
176167,ERBB2,5.0
9915743,MST4,8.130768280269024
6450551,FGFR1,6.42021640338319
16007391,RET(M918T),6.920818753952375
11984591,TRPM6,5.0
9915743,MST1,6.568636235841013
11427553,LIMK1,5.0
176870,PAK1,5.0
11314340,MST1R,5.0
5287969,DAPK2,5.0
10427712,SGK3,5.0
9926054,HIPK2,5.0
6918454,MLK1,5.0
10138260,FGFR2,6.102372908709559
11314340,FLT3(N841I),6.698970004336019
3081361,PIK3C2G,5.0
44259,LATS2,7.769551078621726
9926054,MEK1,5.0
176870,AURKC,6.221848749616356
9926054,TYK2(JH2domain-pseudokinase),5.698970004336019
11626560,RET(M918T),5.886056647693163
176870,RET(M918T),6.481486060122113
644241,GRK7,5.0
644241,DYRK1B,5.0
9915743,JNK3,5.6020599913279625
5287969,MAP3K15,5.0
11984591,CLK4,6.443697499232713
11314340,DMPK,7.036212172654444
51004351,CAMK4,5.0
3038525,HPK1,5.0
3038525,ERBB2,5.0
25127112,PIM3,5.0
10127622,FLT3(N841I),5.0
3038525,CAMKK1,5.0
5329102,DAPK2,6.823908740944319
25127112,MYLK,6.443697499232713
644241,PFTK1,5.0
9933475,SGK3,5.0
11984591,HUNK,5.0
11427553,TNIK,7.552841968657781
25127112,BRSK1,5.0
6450551,LIMK1,5.0
9933475,DYRK2,5.0
51004351,MAST1,6.721246399047171
11617559,CDK7,5.0
9933475,AKT1,5.0
3062316,FGFR1,5.431798275933005
11364421,MLK3,5.0
9926054,CSNK1G2,5.0
6918454,RAF1,5.0
3062316,CSNK1A1,5.0
16725726,MYLK,5.0
11617559,AURKB,5.0
11656518,BRSK1,5.0
10427712,MAP4K2,5.0
11717001,CLK4,5.0
10427712,TIE1,5.0
10127622,CDKL1,5.0
51004351,MAP4K3,6.920818753952375
24889392,TBK1,5.0
6450551,EPHA5,5.0
5494449,IRAK4,5.431798275933005
156414,LIMK2,5.0
156414,ROCK2,5.0
10138260,MAP4K2,5.769551078621726
11626560,RET,5.0
51004351,JAK1(JH1domain-catalytic),6.173925197299174
16725726,MAP3K15,5.0
44150621,PAK4,5.0
11314340,CSNK1G2,6.42021640338319
9929127,DCAMKL1,5.0
10138260,IRAK4,7.086186147616283
11667893,SIK2,5.0
3038525,KIT(D816H),5.0
6918454,MINK,5.0
11667893,MST1,5.0
176155,CIT,6.376750709602099
17755052,SGK3,5.0
156422,BRK,5.0
11617559,PRKCH,5.0
6918454,PRKG2,5.0
176870,MRCKB,5.0
11364421,ABL1(F317I),5.0
5494449,BIKE,7.187086643357144
24180719,PRKCI,5.0
17755052,DYRK1B,5.42021640338319
3062316,BMPR1B,7.275724130399211
24180719,MST1,5.0
6918454,MYLK4,5.0
44259,PIK3CA(E542K),5.0
5494449,FGFR2,6.2441251443275085
156422,MAP4K3,5.0
24889392,PHKG1,5.0
10138260,ROS1,5.0
24180719,ITK,5.0
9926054,SIK,5.0
156414,PIK3C2B,5.0
11314340,TRKC,5.0
11617559,RSK4(KinDom.2-C-terminal),5.0
5287969,BRSK2,5.0
9929127,LYN,5.0
176167,ERK3,5.0
9929127,MST4,5.0
176870,MAP4K3,5.0
156414,STK33,5.0
6918454,BMX,5.0
156422,ERBB3,5.0
24889392,CLK3,5.0
9929127,CLK3,5.0
11617559,BMPR2,5.0
11984591,LATS2,5.3979400086720375
6450551,LIMK2,5.0
11626560,MAP3K2,7.142667503568732
11427553,BMPR1B,6.920818753952375
10138260,PAK3,6.721246399047171
17755052,MEK6,5.0
11314340,BMPR1A,5.0
156414,CDK5,5.0
11427553,ITK,6.619788758288394
10138260,TRPM6,5.0
24180719,EGFR(G719S),5.0
16725726,AMPK-alpha1,5.0
24889392,MEK3,5.0
24180719,MTOR,5.0
9915743,PAK3,5.0
51004351,BIKE,6.657577319177793
11427553,PIK3CA(C420R),5.0
11364421,BMPR1A,5.0
44150621,PIM2,5.0
10138260,FGFR1,5.721246399047171
17755052,KIT(D816H),5.0
11656518,HPK1,5.0
16007391,DLK,5.0
11617559,TYK2(JH1domain-catalytic),5.0
24889392,PIK3CA(E545K),5.0
6918454,LCK,5.0
24889392,MYO3B,5.0
5329102,ALK,6.769551078621726
16007391,JNK3,5.0
16007391,PAK3,5.0
156414,AAK1,5.0
9915743,PKNB(Mtuberculosis),5.0
3062316,ERBB2,5.853871964321762
5329102,PYK2,7.086186147616283
3062316,ERN1,5.0
11667893,SRPK2,5.0
176870,BRSK1,5.0
3081361,TYRO3,7.031517051446065
44259,TYK2(JH1domain-catalytic),7.251811972993799
25243800,TESK1,6.522878745280337
25127112,EPHB6,5.508638306165728
5329102,TRPM6,5.0
17755052,MYO3B,5.0
11984591,ERK3,5.0
11427553,LRRK2,6.455931955649724
644241,CHEK1,5.0
10427712,MST4,5.0
5494449,TGFBR1,5.075720713938119
11617559,ADCK4,5.0
16007391,PCTK1,5.200659450546419
10127622,DYRK2,5.0
10427712,DRAK2,5.0
25243800,RAF1,5.0
176167,KIT(V559D-V654A),5.0
6918454,MAP4K4,5.0
156422,RSK3(KinDom.2-C-terminal),5.0
24180719,PAK1,5.853871964321762
6918454,PRKX,5.0
11656518,DYRK1B,5.0
16725726,ERBB3,5.0
24889392,CDKL1,5.0
24180719,KIT(D816V),5.508638306165728
10127622,RSK1(KinDom.2-C-terminal),5.0
11427553,PIK3CA,5.0
25243800,MARK3,5.0
25243800,PIK3CA,6.823908740944319
3062316,ZAK,7.346787486224656
156414,MYO3B,5.0
176870,RPS6KA5(KinDom.2-C-terminal),5.0
25127112,MET(M1250T),5.0
5329102,KIT(D816H),6.958607314841775
644241,ASK1,5.0
6918454,EPHA6,5.0
24889392,TRKA,5.638272163982407
9915743,PRKX,5.0
5287969,DYRK1A,7.113509274827519
10074640,MST1R,5.0
176870,BRSK2,5.0
9933475,GCN2(KinDom2S808G),5.0
10127622,PKN2,5.0
11314340,CHEK1,5.0
24180719,ABL2,5.568636235841013
11427553,ERBB3,5.0
3062316,HIPK3,5.0
16007391,MEK1,5.721246399047171
176155,ABL1(Y253F),5.0
3062316,TGFBR2,5.537602002101044
9929127,NEK3,5.0
25243800,FRK,6.2441251443275085
11314340,LRRK2,5.721246399047171
11656518,RSK4(KinDom.2-C-terminal),5.0
25127112,CAMK2A,7.337242168318426
11667893,TTK,5.0
11667893,CAMK4,5.0
176167,DLK,5.0
9933475,FGFR1,7.275724130399211
11626560,ERBB3,5.0
9933475,EPHB1,5.0
16725726,CDK5,5.0
5287969,CIT,6.958607314841775
10127622,TIE1,5.0
5494449,FLT3(K663Q),8.318758762624412
9915743,FGFR1,5.0
11427553,SRPK1,7.259637310505756
5494449,CSNK2A2,5.0
17755052,MAP4K4,5.0
11656518,DAPK3,5.0
11984591,ULK3,8.148741651280925
156414,AURKA,5.0
3038525,LTK,5.0
11984591,PFTK1,5.0
6918454,LIMK2,5.0
25243800,FLT3(N841I),5.920818753952375
24889392,CDC2L2,5.0
24889392,LIMK1,5.0
25127112,TIE2,5.0
24180719,FRK,5.721246399047171
5494449,BRSK1,5.075720713938119
25243800,GRK7,5.853871964321762
24889392,RPS6KA5(KinDom.2-C-terminal),5.0
176870,EPHA1,5.0
9929127,EGFR(L747S752del),5.0
44259,PLK3,6.040958607678906
11427553,YANK3,5.0
644241,PRKD3,5.0
11364421,KIT(V559D-V654A),5.0
9933475,DAPK3,5.0
11314340,CDKL1,5.0
176167,EGFR(L747S752del),5.0
11364421,SGK3,5.0
5287969,EPHA7,5.0
24180719,AAK1,5.0
25243800,FLT3(K663Q),5.853871964321762
44150621,TYRO3,5.031517051446065
11656518,LYN,6.431798275933005
11427553,CAMKK1,6.6777807052660805
5287969,PRKG2,5.0
9929127,MEK1,5.0
11717001,PIK3CB,5.0
24889392,FYN,5.0
6450551,KIT(D816V),5.886056647693163
16007391,MYLK,5.0
11717001,ICK,5.0
10127622,FAK,5.0
156414,CAMK1,5.0
11717001,PRKG2,5.0
11626560,MST4,5.552841968657781
9933475,WEE2,5.0
9926054,CAMK2A,5.0
10427712,PIK3C2B,8.136677139879545
9915743,CLK3,5.0
24180719,RIOK1,5.0
11314340,PFTK1,6.102372908709559
156422,MAP3K15,5.0
3038525,MST4,5.0
16007391,ALK,5.0
3062316,CLK3,5.0
176155,NEK5,5.0
5329102,PLK4,6.721246399047171
10127622,PAK4,5.0
9933475,ERBB3,6.744727494896694
10427712,DYRK1B,6.136677139879544
11626560,BIKE,6.130768280269024
11617559,MINK,5.0
10127622,VRK2,5.0
5287969,DCAMKL1,5.6777807052660805
3062316,ICK,5.0
44150621,TBK1,6.886056647693163
11667893,RET(V804M),5.0
11617559,EPHA3,5.0
176167,EPHB1,5.0
24180719,TRKC,5.0
25243800,GSK3B,5.0
9929127,HIPK3,5.0
5494449,CAMKK1,5.337242168318426
9926054,PIK3CA(E542K),5.0
24180719,CDC2L2,5.0
24889392,PRKCI,5.0
11984591,MAP4K4,5.0
6450551,PAK7,5.0
9933475,BIKE,5.0
176870,EGFR(L858RT790M),6.721246399047171
6918454,CDKL1,5.0
5494449,CDK5,5.0
11617559,PLK3,5.0
10427712,INSR,5.0
9929127,ERK3,5.0
24889392,DAPK3,5.0
11314340,CLK1,8.853871964321762
176155,RET(V804M),5.0
24180719,EGFR(L747S752del),5.0
11314340,RIOK1,6.2076083105017466
10427712,TNIK,5.0
44150621,NEK9,5.040958607678906
11667893,BMX,5.0
16725726,ABL1(T315I),5.0
9933475,CSNK2A2,5.0
9929127,BRAF,5.0
11984591,RSK3(KinDom.2-C-terminal),5.0
25243800,BLK,6.619788758288394
11364421,HUNK,5.013228265733755
11984591,FGFR1,7.356547323513813
11427553,EGFR(G719S),5.337242168318426
16007391,CTK,5.0
176155,RET(M918T),5.0
9926054,CSK,5.0
11364421,SRPK2,5.0
25243800,CAMKK1,5.0
11667893,WEE2,5.0
6450551,AURKC,8.886056647693163
176155,CAMK2A,5.0
156414,STK35,5.537602002101044
11984591,IGF1R,5.886056647693163
10074640,TTK,5.0
11984591,ERBB3,5.0
644241,MTOR,5.0
51004351,MLK1,7.823908740944319
11717001,CLK1,5.0
5494449,LIMK2,5.585026652029182
9933475,MAP3K15,5.0
156414,MAP4K5,5.585026652029182
11717001,RET(M918T),5.0
44259,LRRK2,8.508638306165727
156422,PCTK1,5.0
9915743,PHKG2,5.0
16725726,ABL2,5.0
11984591,PCTK1,5.0
24889392,AAK1,5.0
16725726,ZAK,5.0
6918454,CSF1R,5.0
5287969,PRKD3,6.769551078621726
5329102,MEK1,6.886056647693163
176155,FLT4,5.0
11626560,EPHA4,6.443697499232713
24889392,RSK3(KinDom.2-C-terminal),5.0
9915743,PLK4,5.0
51004351,EGFR(L747S752del),5.769551078621726
6918454,FGR,5.0
16007391,ERBB2,5.366531544420414
25127112,AURKB,5.0
11656518,ERBB2,5.0
11427553,ARK5,5.0
3062316,EPHA6,5.6777807052660805
3062316,MTOR,5.0
6450551,TYK2(JH2domain-pseudokinase),5.0
5287969,FGR,5.0
10127622,STK33,5.0
156422,AURKC,5.0
44259,TIE1,7.187086643357144
156414,BRK,5.42021640338319
44259,IKK-alpha,8.236572006437063
10138260,PLK3,5.0
24889392,FLT3(ITD),8.05551732784983
176870,CSNK1G2,5.0
24180719,SRMS,7.67778070526608
176870,CAMK4,5.0
156414,MEK6,5.0
11626560,EPHB4,6.2441251443275085
156422,CDK5,5.698970004336019
11364421,YANK3,5.0
11364421,IKK-alpha,5.0
5494449,DAPK3,5.00436480540245
9915743,SGK3,5.0
11667893,NEK9,5.0
11427553,ALK,6.180456064458132
44150621,VRK2,5.0
11626560,MYLK4,5.0
44259,ERBB3,5.0
644241,CDK9,5.0
3081361,DRAK2,5.0
10138260,PRP4,5.886056647693163
3081361,TNIK,5.638272163982407
17755052,PHKG2,5.0
10138260,DAPK3,6.769551078621726
11667893,FLT3(ITD),6.0
11667893,TYK2(JH2domain-pseudokinase),5.0
10074640,DYRK2,5.0
9915743,CLK1,5.0
10074640,LYN,7.214670164989233
25243800,YANK3,5.0
44259,CSNK1G2,6.107905397309519
3081361,PRKCH,5.0
11617559,CSNK1A1L,5.0
9929127,TGFBR1,5.0
10074640,STK16,5.0
176155,ERBB2,5.0
176870,FLT3(K663Q),5.886056647693163
6450551,TRPM6,5.0
17755052,ACVR2A,5.0
644241,TESK1,5.0
11717001,RSK1(KinDom.2-C-terminal),5.0
11314340,EPHA4,5.0
6450551,ABL2,7.154901959985743
11314340,DYRK1B,8.4089353929735
176870,FYN,5.0
3062316,MERTK,5.0
156422,DMPK,5.0
11626560,TESK1,6.42021640338319
9929127,EPHB4,5.0
24180719,CHEK1,5.0
10074640,MAP4K2,5.0
6450551,PIK3CB,5.0
9926054,FYN,5.0
25243800,NDR1,5.0
10427712,IGF1R,5.0
3038525,TNIK,5.0
5329102,STK39,6.853871964321762
10427712,RET,5.0
3062316,JNK3,5.0
10138260,EGFR(L858RT790M),5.0
51004351,BRAF,5.0
10427712,BMPR1B,5.0
11626560,MAP4K3,7.1249387366083
9915743,TIE2,5.522878745280337
24889392,CAMK1,5.0
5329102,BRSK1,5.455931955649724
44150621,EGFR(L861Q),5.0
11314340,ERBB3,5.0
5494449,EGFR(L858RT790M),5.0
176155,ICK,5.0
9926054,IKK-alpha,5.769551078621726
17755052,CDK9,5.0
9929127,ADCK4,5.0
11717001,TNNI3K,5.0
6450551,IKK-beta,5.0
6450551,MAP4K5,6.259637310505756
11364421,MYLK2,5.0
11314340,BMX,5.0
24180719,CAMK4,5.0
24889392,CDK5,5.0
11427553,ABL1(F317I),5.795880017344075
156414,NEK7,5.0
11617559,ABL1(Y253F),5.0
6450551,JAK1(JH1domain-catalytic),5.0
24889392,CDK7,5.0
9915743,STK39,5.0
6918454,PLK1,5.0
11314340,NEK7,5.0
10138260,RSK4(KinDom.2-C-terminal),5.0
3062316,PIK3CA(Q546K),5.0
9926054,RIPK5,5.0
10138260,ERN1,5.721246399047171
6918454,JNK3,5.0
24180719,PAK3,5.0
11617559,TNNI3K,5.0
17755052,LCK,5.0
11656518,RPS6KA4(KinDom.2-C-terminal),5.0
44259,EPHB1,6.619788758288394
3081361,LRRK2(G2019S),5.0
11626560,IGF1R,6.107905397309519
10138260,CDK5,5.0
5287969,MST1R,5.0
10427712,AURKC,5.0
644241,EGFR(L747E749del),5.0
3038525,TYK2(JH2domain-pseudokinase),5.0
11626560,CSNK1D,5.0
10427712,RET(M918T),5.0
11364421,TIE2,5.0
44259,CSNK1A1,6.013228265733755
11717001,PIK3CA(H1047Y),5.0
176167,CDKL1,5.0
9926054,PRKCE,5.0
9926054,TYRO3,5.0
3081361,NEK11,5.0
44259,MLK3,7.698970004336019
16007391,RSK1(KinDom.2-C-terminal),5.0
644241,RPS6KA5(KinDom.2-C-terminal),5.0
156422,BRSK2,5.0
11617559,PKN1,5.0
3062316,AURKA,5.031517051446065
9929127,HUNK,5.0
9926054,BIKE,5.0
25243800,PLK1,5.0
6918454,AMPK-alpha1,5.0
9926054,GAK,5.0
644241,PIM3,5.0
10074640,MRCKB,5.0
11667893,PKMYT1,5.0
10138260,PIM2,5.0
176155,MAP4K5,5.0
176155,JNK1,5.958607314841775
51004351,PKMYT1,5.0
11667893,PRKCE,5.0
16725726,ROCK2,6.698970004336019
5494449,AMPK-alpha2,6.455931955649724
156414,MKNK1,6.585026652029182
11984591,PRKG2,5.443697499232713
176870,KIT(A829P),5.0
11984591,PDPK1,6.920818753952375
9929127,MYLK,5.0
9926054,PRKCI,5.0
10074640,LATS2,5.0
16007391,EGFR,6.346787486224656
5329102,FGFR2,6.2441251443275085
11626560,SRPK1,5.744727494896694
6450551,FER,5.0
11427553,IKK-alpha,6.744727494896694
9929127,RET,5.0
11984591,PAK6,6.508638306165728
17755052,CSNK2A2,5.619788758288394
25127112,CDK5,5.0
25243800,IKK-beta,5.0
156414,RSK3(KinDom.1-N-terminal),5.0
11364421,EGFR(L747S752del),5.200659450546419
24180719,BRK,7.318758762624413
44150621,PIK3CA(Q546K),5.0
11717001,DRAK2,5.0
9933475,KIT(L576P),9.267606240177033
9929127,PKNB(Mtuberculosis),5.0
17755052,PKN1,5.0
9915743,ICK,5.0
24180719,RIPK5,5.0
51004351,AKT2,6.107905397309519
6918454,ASK2,5.0
5329102,CDC2L1,5.0
11717001,IKK-alpha,5.0
25127112,NEK5,5.0
11984591,MAPKAPK2,5.0
644241,PRP4,5.0
176155,ASK2,5.0
5287969,BRSK1,5.0
11656518,BMX,5.0
644241,CSNK2A2,5.0
24889392,SRPK1,5.0
3038525,MRCKB,5.0
156414,FER,5.0
176870,MAP3K15,5.0
44259,EPHB4,5.657577319177793
17755052,MKNK2,5.0
10138260,PRKR,5.886056647693163
11717001,YANK3,5.0
10138260,TRKC,6.657577319177793
25127112,IRAK4,5.0
176155,STK16,5.0
16007391,NDR1,5.0
3081361,PCTK1,5.0
10427712,DYRK1A,6.173925197299174
11656518,VRK2,5.0
17755052,KIT(D816V),5.0
25127112,JNK1,5.318758762624413
5494449,TRPM6,5.0
10427712,BRAF,5.6777807052660805
156414,JNK1,5.0
11667893,p38-beta,5.0
9926054,MST1,5.0
11617559,CDC2L1,5.0
11617559,CLK4,5.0
176167,FER,5.0
156422,BMPR2,5.0
176870,FGFR1,5.0
9929127,MAP3K2,5.0
44150621,EPHA5,5.0
11364421,MEK3,5.0
3081361,ABL1(F317I),6.113509274827519
3062316,ACVR2A,6.6777807052660805
5494449,PHKG1,5.657577319177793
11984591,TYK2(JH1domain-catalytic),6.721246399047171
11427553,CAMK2A,5.3979400086720375
11667893,EGFR(L861Q),5.4089353929735005
5287969,EGFR(L747E749del),5.638272163982407
5287969,ADCK4,5.0
24180719,CLK3,5.0
156422,MLK3,5.0
6918454,LATS2,5.0
5287969,CSK,5.0
156422,SRPK1,5.0
11364421,CSNK1G2,5.2441251443275085
11667893,EGFR(L858R),5.1487416512809245
44259,PIK3CA,5.0
10138260,ASK2,5.0
3081361,PIK3CB,5.0
25127112,RET(M918T),6.200659450546419
6450551,CSK,5.958607314841775
9926054,MST2,5.0
9926054,PKN2,5.0
10127622,p38-beta,5.0
176870,PCTK1,5.0
156422,EPHB4,5.0
11667893,PIM2,5.0
24180719,ERK3,5.0
3062316,LIMK2,7.0655015487564325
11314340,IKK-alpha,5.0
25243800,RIOK1,5.0
10127622,PRKR,5.0
11626560,EPHA1,6.853871964321762
25127112,EGFR(L747S752del),5.0
11984591,WEE1,6.050609993355088
11364421,PIK3CA(E545K),5.0
3081361,CAMK2A,5.0
11717001,ERBB3,5.638272163982407
9926054,MRCKA,5.0
176155,CDC2L2,5.0
44259,LIMK1,6.318758762624413
11656518,PIK3CA,5.0
3038525,RET(M918T),5.0
24180719,AURKA,5.0
11617559,PLK1,5.0
9929127,PRKCE,5.0
11717001,PIK3CA(Q546K),5.0
11717001,MKNK2,5.0
10127622,KIT(D816V),5.0
25127112,PRKCI,5.0
176870,NEK3,5.0
9915743,PCTK2,5.0
17755052,PAK4,5.0
176167,EPHB6,5.0
176155,MERTK,5.0
11656518,CSNK1A1,5.0
5494449,EPHA7,5.0
11314340,PLK3,5.0
11717001,MARK3,5.0
5287969,DYRK2,5.0
9933475,RPS6KA4(KinDom.2-C-terminal),5.0
5287969,MAP4K3,5.346787486224656
3081361,MKNK1,6.443697499232713
11617559,PFPK5(Pfalciparum),5.0
3081361,PKN1,5.0
44150621,TYK2(JH2domain-pseudokinase),5.657577319177793
11717001,LTK,5.0
11984591,PLK4,8.3767507096021
6918454,KIT(A829P),5.0
5494449,RET(V804L),8.065501548756432
156414,EPHB6,6.1938200260161125
11984591,KIT(L576P),8.2518119729938
51004351,FLT3(K663Q),8.698970004336019
5287969,AURKC,5.0
6918454,BLK,5.0
11364421,PAK7,5.0
11984591,NEK7,7.958607314841775
3062316,EPHA2,9.070581074285707
11667893,PRKR,5.0
24889392,TESK1,5.0
24180719,FLT3(N841I),5.4089353929735005
9933475,PIK3CA(E545A),5.0
11427553,ABL1(Q252H),7.327902142064283
10074640,TXK,5.0
16007391,IGF1R,5.0
11427553,PKN2,6.055517327849832
11667893,TBK1,5.0
11314340,MELK,6.229147988357856
5287969,BMPR1B,6.346787486224656
11364421,WEE2,5.0
156414,MAST1,5.0
11314340,RPS6KA5(KinDom.2-C-terminal),5.552841968657781
9929127,NDR1,5.0
10138260,BMPR1B,5.431798275933005
5494449,AURKC,8.200659450546418
11984591,BMPR2,5.0
3081361,MELK,5.0
9926054,PIM2,5.0
16007391,LOK,5.552841968657781
3038525,MAP3K1,5.0
11364421,FGR,5.0
176870,AURKA,5.657577319177793
16007391,PIK3CA(Q546K),5.0
156422,JNK1,5.040958607678906
10427712,CLK3,5.1487416512809245
3062316,EPHB6,10.4089353929735
11314340,RPS6KA4(KinDom.2-C-terminal),5.494850021680094
6918454,ERBB2,5.0
3081361,EGFR(L858RT790M),6.638272163982407
644241,ALK,5.0
17755052,RSK4(KinDom.2-C-terminal),5.0
44259,KIT(A829P),9.221848749616356
11314340,WEE1,5.0
5494449,SRPK1,7.086186147616283
9926054,MTOR,5.0
156414,MRCKB,5.0
6450551,ABL1(F317I),5.585026652029182
5329102,JAK3(JH1domain-catalytic),5.920818753952375
16007391,MARK3,5.0
11314340,ROCK2,5.0
11364421,PRKCI,5.0
3062316,DYRK1A,5.0
176155,MAP4K4,5.431798275933005
11626560,MELK,5.0
11314340,MEK3,5.920818753952375
9933475,PIK3CA(Q546K),5.0
16725726,PIK3CA(C420R),5.0
11427553,ACVR2A,6.494850021680094
10138260,CDK9,5.0
10138260,GAK,7.356547323513813
10427712,MAP4K4,5.0
3062316,PIK3C2B,5.0
17755052,AURKC,5.0
11364421,MLK1,5.0
9929127,FGFR1,5.0
16725726,ULK3,5.0
5287969,PHKG1,5.657577319177793
11427553,AKT1,5.0
6450551,PYK2,5.0
11984591,RET,8.387216143280265
9933475,CDKL1,5.0
6450551,EPHA4,5.0
51004351,MAP4K2,5.6020599913279625
25243800,ULK2,5.309803919971486
11717001,PKMYT1,5.0
644241,PIK3CA(E542K),5.0
6450551,PRKCH,5.0
11717001,MAP3K1,5.0
16007391,RSK3(KinDom.1-N-terminal),5.0
3038525,EGFR(T790M),5.0
9929127,SIK2,5.0
156414,TBK1,5.0
17755052,MST4,5.0
6918454,FRK,5.0
3081361,LOK,7.091514981121351
11626560,TYRO3,6.096910013008056
156422,PAK6,5.0
9926054,TTK,5.0
644241,KIT(D816V),6.113509274827519
11626560,WEE2,5.0
51004351,STK33,6.721246399047171
10138260,NEK11,5.0
51004351,CSF1R,6.481486060122113
3038525,CDK7,5.0
176870,DYRK1B,5.0
17755052,TNIK,5.0
25243800,JAK1(JH1domain-catalytic),6.522878745280337
25127112,TGFBR1,5.0
176155,PRKG2,5.0
10138260,TRKA,6.318758762624413
10427712,ABL2,5.0
176167,CSNK1A1,5.0
11667893,JAK2(JH1domain-catalytic),5.0
16725726,DAPK3,6.251811972993799
176167,MEK3,5.0
11626560,BRAF,5.0
44150621,PAK1,5.0
44259,TBK1,9.050609993355089
16007391,MAP3K1,5.0
9929127,RAF1,5.0
44259,AURKC,7.638272163982407
11364421,JNK3,5.958607314841775
25127112,TRKA,5.823908740944319
10127622,PRKCE,5.0
11656518,PAK6,5.0
176155,PDPK1,5.0
156422,TTK,5.481486060122113
5287969,LIMK2,5.0
11617559,PCTK2,5.0
44259,MYO3B,6.522878745280337
10138260,PIK4CB,5.0
9915743,SIK2,5.481486060122113
24180719,TYK2(JH2domain-pseudokinase),5.0
6450551,FAK,5.0
11364421,EGFR(L861Q),5.568636235841013
11667893,NEK11,5.0
11427553,CSF1R,6.920818753952375
11717001,RIOK1,5.0
176870,KIT(V559D-V654A),5.0
25127112,MAP4K5,5.0
24889392,GCN2(KinDom2S808G),5.0
11617559,RSK1(KinDom.2-C-terminal),5.0
44150621,FYN,6.356547323513813
24180719,ZAK,7.387216143280264
9933475,ITK,5.0
3038525,BMPR1A,5.0
644241,PKN1,5.0
11667893,MYLK2,5.0
176870,EPHA4,5.0
176870,TGFBR2,5.0
11626560,EPHB6,8.221848749616356
3062316,RSK1(KinDom.2-C-terminal),5.0
176155,ABL1(T315I),5.0
3062316,CDK4-cyclinD1,5.0
44150621,PHKG1,6.1938200260161125
3038525,TIE1,5.0
25243800,DCAMKL1,5.0
3081361,TYK2(JH2domain-pseudokinase),5.0
11667893,DRAK2,5.0
6918454,PAK1,5.0
16007391,VRK2,5.0
3081361,IRAK4,7.1249387366083
11364421,PHKG2,5.795880017344075
176167,MTOR,5.0
10427712,PRKCE,5.0
25127112,FRK,5.0
25127112,PRKD3,5.0
3081361,CSK,5.6020599913279625
11314340,CIT,7.886056647693163
3062316,STK33,5.0
11667893,RAF1,6.055517327849832
25243800,BMPR1B,8.67778070526608
5287969,SGK3,5.0
9915743,MERTK,6.3979400086720375
3081361,EPHB1,6.537602002101044
5329102,LRRK2,6.958607314841775
6450551,NEK3,5.0
11364421,MST4,5.0
11667893,MELK,5.0
11314340,EPHA7,5.0
16725726,DRAK2,5.0
9915743,AURKC,5.0
24889392,MRCKB,5.0
11626560,FGR,6.173925197299174
9915743,DYRK2,5.0
3038525,ERBB3,5.0
11314340,FLT4,5.0
11364421,LOK,5.309803919971486
3062316,MINK,6.366531544420414
51004351,FRK,5.619788758288394
11427553,RSK3(KinDom.2-C-terminal),5.1249387366083
9933475,EPHA4,5.0
9929127,EGFR(L861Q),5.0
11984591,LCK,7.522878745280337
6918454,CSNK1G2,5.0
44150621,IRAK1,6.769551078621726
24889392,IGF1R,5.0
176167,PDPK1,5.0
16725726,PIM2,6.167491087293763
51004351,PKNB(Mtuberculosis),5.0
16007391,CDC2L1,5.920818753952375
25127112,MAP3K2,7.387216143280264
24889392,KIT(D816V),6.823908740944319
25127112,MST1R,5.0
3062316,PAK1,5.0
176167,SRPK2,5.0
16007391,GCN2(KinDom2S808G),5.0
9929127,PRP4,5.0
11656518,FYN,5.6777807052660805
156414,CAMK2A,5.0
25127112,CDK9,5.0
16007391,MAP4K5,6.795880017344075
156414,TYK2(JH2domain-pseudokinase),5.0
5494449,BRK,5.0
17755052,DYRK1A,5.0
44259,MAP3K1,6.455931955649724
17755052,ADCK4,5.0
25243800,STK16,5.3979400086720375
25243800,ASK1,5.0
11626560,MAP4K4,5.0
176870,JNK3,5.366531544420414
6918454,YANK3,5.0
644241,BRSK1,5.0
24889392,EPHA5,5.0
10427712,FGFR1,5.0
44150621,TESK1,5.0
10138260,SRPK2,6.698970004336019
10427712,RPS6KA5(KinDom.2-C-terminal),5.0
11984591,PIK3CA(H1047Y),5.0
24180719,EGFR(L858RT790M),5.0
11617559,TNIK,5.0
44259,SIK,8.657577319177793
156422,EGFR(L858R),5.0
5494449,FYN,6.275724130399211
6450551,PIK3CA(E545A),5.0
11984591,CLK1,5.920818753952375
644241,NEK9,5.0
9926054,TNNI3K,5.0
10074640,AKT1,5.0
9926054,PRKCH,5.0
5494449,ABL1(F317I),5.142667503568732
3081361,NEK5,5.0
25243800,CDKL1,5.0
3062316,PIM2,5.0
10138260,PAK7,5.886056647693163
11717001,PAK3,5.0
11984591,CSNK1D,5.0
10138260,RIPK4,5.0
3062316,MST2,5.0
176870,ERK3,5.0
11656518,ROS1,5.0
10074640,PRKCH,5.0
11314340,EGFR(T790M),5.0
25243800,BIKE,5.221848749616356
6450551,CAMKK1,5.853871964321762
6918454,PIK3CA(E542K),5.0
24889392,PIM2,5.0
11427553,CSNK2A2,6.638272163982407
51004351,NEK3,5.0
9933475,SRPK1,5.0
10138260,JNK1,5.0
5329102,HPK1,7.795880017344075
176155,MKNK1,5.0
9929127,NEK11,5.0
24889392,IKK-alpha,5.0
11984591,KIT(A829P),8.455931955649724
10427712,NEK9,5.0
9933475,ADCK4,5.0
156422,MELK,5.0
51004351,MEK3,5.275724130399211
10127622,ABL1(F317I),5.0
10427712,TTK,5.113509274827518
10138260,PKN1,5.721246399047171
25127112,AURKC,5.060480747381382
9926054,CAMK4,5.0
156422,FLT4,5.1487416512809245
10427712,TGFBR1,5.0
11314340,EGFR(L747E749del),5.0
3062316,MKNK1,5.0
176870,SRPK1,5.0
11617559,RET(V804M),5.0
3038525,ABL1(F317I)p,5.0
10138260,NEK9,5.0
44259,MAP4K3,8.086186147616283
51004351,NEK9,5.0
11314340,CDC2L2,5.0
156414,MERTK,5.0
5287969,PKNB(Mtuberculosis),5.0
51004351,CDKL1,5.0
11617559,MKNK2,5.0
11427553,ULK3,6.920818753952375
3062316,BMX,8.853871964321762
11427553,CLK3,5.2076083105017466
17755052,SIK,5.0
44259,PRKR,6.443697499232713
9929127,CTK,5.0
9929127,PIK3CA(C420R),5.0
17755052,PRKCH,5.0
5287969,CDKL1,5.0
5329102,PRKX,5.0
25127112,ROCK2,7.2839966563652
11626560,ULK2,5.795880017344075
5494449,IKK-alpha,5.0
3038525,PCTK1,5.0
44150621,TGFBR2,5.0
11314340,MYLK2,5.0
3038525,EPHA5,5.0
9929127,PCTK2,5.0
25243800,EPHA2,6.2076083105017466
9933475,JNK1,5.0
24180719,PRKCH,5.0
16725726,CDKL1,5.0
6918454,DMPK,5.0
11984591,TNIK,5.886056647693163
11667893,PIK3CA(H1047Y),5.0
11427553,KIT(L576P),7.67778070526608
176155,ITK,5.0
11314340,DCAMKL1,5.0
176167,NEK9,5.0
11717001,PDPK1,5.0
5329102,MYLK4,7.823908740944319
11626560,RAF1,5.0
10427712,EPHB4,5.0
156414,MST2,5.0
6450551,MKNK2,5.0
11667893,CAMKK1,5.0
11656518,PIK3CA(H1047Y),5.0
156422,PIK3CA(E542K),5.0
11984591,MAP3K1,5.0
17755052,EPHA6,5.0
51004351,PIK3C2B,5.0
11617559,p38-beta,5.0
16725726,JAK1(JH1domain-catalytic),5.0
11717001,MLK1,5.0
11717001,AMPK-alpha1,5.0
176167,TYK2(JH1domain-catalytic),5.0
6450551,BLK,5.508638306165728
16725726,LTK,5.0
3038525,MET(M1250T),5.0
11364421,PIK3CA(E542K),5.0
11656518,SRPK2,5.0
16725726,EPHA6,5.0
3081361,PRP4,5.0
3081361,MAPKAPK2,5.0
5494449,WEE1,5.494850021680094
25127112,ABL1(F317I)p,5.0
44150621,EPHA7,5.0
11364421,TRKA,5.0
176870,DYRK2,5.886056647693163
44150621,LYN,6.1249387366083
3081361,MYLK4,5.0
176167,ABL2,5.0
176167,CDC2L1,5.0
10138260,ERK3,5.0
11667893,TRKA,5.0
9926054,ABL1(T315I),5.0
156414,CSNK2A2,5.0
25127112,ABL2,5.0
176167,ICK,6.167491087293763
11626560,GSK3B,5.0
11364421,PIM3,5.0
156414,PYK2,5.0
11364421,DAPK2,6.031517051446065
6918454,RET(M918T),5.0
11667893,CAMK1D,5.0
176870,LRRK2,5.537602002101044
9929127,AAK1,5.0
10074640,EPHB1,5.0
44259,CDC2L1,5.0
25243800,BMX,6.173925197299174
5329102,CAMK2A,7.096910013008056
6918454,PAK4,5.0
176167,JNK1,5.0
176870,MTOR,5.0
5329102,MKNK2,5.2441251443275085
9915743,ITK,5.0
11984591,PKN2,5.585026652029182
9926054,PKN1,5.0
3062316,PIK3CA(H1047Y),5.0
11617559,BRK,5.0
3062316,PKMYT1,6.886056647693163
25243800,MET(M1250T),5.0
16007391,CDK5,5.0
10138260,TNNI3K,5.0
6450551,DMPK,5.0
3081361,MTOR,5.0
10138260,MET(M1250T),5.494850021680094
9933475,MERTK,5.585026652029182
176870,CDK9,5.0
3062316,NEK9,5.0
44259,ULK3,8.920818753952375
3062316,FLT3(K663Q),5.494850021680094
11717001,PCTK2,5.0
5329102,EGFR(T790M),5.619788758288394
44150621,EPHA4,5.0
11617559,CAMK1,5.0
24180719,MST1R,5.0
5494449,JAK1(JH1domain-catalytic),5.229147988357856
6450551,PLK1,5.0
11656518,MAPKAPK2,5.0
11656518,PKNB(Mtuberculosis),5.0
3081361,MYO3B,5.0
17755052,CTK,5.0
11364421,RPS6KA5(KinDom.2-C-terminal),6.568636235841013
51004351,GAK,6.42021640338319
5494449,TBK1,6.309803919971486
11364421,JAK3(JH1domain-catalytic),5.0
9933475,DCAMKL1,5.0
176870,PRKG2,5.0
10138260,PKMYT1,5.0
10127622,ICK,5.0
9915743,CSK,6.259637310505756
16725726,PKNB(Mtuberculosis),8.494850021680094
11314340,TBK1,5.0
9926054,MEK6,5.0
5287969,MRCKB,5.481486060122113
10074640,MEK1,5.0
5494449,MELK,6.619788758288394
11364421,DYRK1B,5.0
24889392,SIK2,5.0
6918454,MEK3,5.0
156414,TIE2,5.0
9933475,RIPK5,5.0
44259,FYN,7.481486060122113
6450551,ARK5,5.0
156422,MAST1,5.0
11717001,BRSK1,5.0
5494449,PIK4CB,5.0
5287969,CSNK2A2,5.0
11656518,BLK,5.102372908709558
44259,TRKC,7.769551078621726
156414,CAMKK1,5.0
25243800,PKMYT1,5.0
10074640,RIPK5,5.0
24889392,PCTK1,5.0
10138260,TIE2,5.0
11656518,BMPR2,5.0
17755052,FGFR1,5.0
5329102,CLK1,7.657577319177794
9929127,EGFR(L858R),5.0
11626560,PIM3,5.0
25127112,EGFR(L858RT790M),5.0
5287969,HIPK2,5.376750709602099
11427553,CDKL1,5.0
16007391,RET,7.096910013008056
24180719,TAOK2,5.0
176155,LOK,5.0
25243800,MYLK4,5.0
11626560,CLK1,5.0
24889392,TIE1,5.494850021680094
6450551,ABL1(Y253F),6.638272163982407
3038525,SRPK1,5.0
11617559,EPHB6,5.0
6450551,ALK,5.0
9926054,RET(V804L),5.0
25127112,LTK,6.356547323513813
24180719,RET,5.0
3038525,FAK,5.0
5287969,ERK3,5.0
9926054,p38-beta,5.0
9933475,STK35,8.267606240177031
3081361,PRKCI,5.0
51004351,TIE2,5.721246399047171
10138260,PLK1,5.0
3062316,ULK2,5.0
9926054,LRRK2,5.0
10138260,TYRO3,5.619788758288394
644241,CSNK1G2,5.0
17755052,PIK3CA(E545A),9.065501548756432
9929127,CSNK1A1,5.0
176167,GAK,5.0
11617559,MYLK4,5.0
44259,NEK11,5.508638306165728
644241,FRK,7.0655015487564325
3038525,PDPK1,5.0
9915743,AKT2,5.0
51004351,ABL1(T315I),5.309803919971486
11617559,ABL1(Q252H),5.0
3062316,CSNK1A1L,5.0
24180719,ROCK2,5.0
156414,RSK4(KinDom.2-C-terminal),5.0
44259,CLK1,7.494850021680094
11656518,PKN2,5.0
9933475,FYN,5.920818753952375
9915743,FLT3(ITD),5.0
9915743,IGF1R,5.0
25127112,CDKL1,5.0
25243800,PKN1,5.0
11626560,RPS6KA5(KinDom.2-C-terminal),5.0
176870,LYN,6.275724130399211
10127622,DYRK1B,5.0
11427553,NDR1,6.4089353929735005
44259,DMPK,8.455931955649724
24889392,PAK3,5.0
25127112,YSK4,6.568636235841013
156422,STK35,5.0
6918454,MYLK,5.0
176167,PHKG1,5.376750709602099
176870,EPHA5,6.1487416512809245
156414,CDC2L2,5.0
9926054,WEE1,5.0
44259,ASK2,6.585026652029182
11667893,ABL1(Q252H),6.173925197299174
11667893,RIOK1,5.0
3081361,ERK3,5.823908740944319
11427553,NEK7,6.6777807052660805
11314340,WEE2,5.0
176167,LIMK2,5.0
16007391,SRPK2,5.0
5494449,LRRK2(G2019S),5.0
11314340,TXK,5.0
5494449,TYK2(JH2domain-pseudokinase),5.180456064458132
11427553,RET,6.823908740944319
5329102,PAK3,7.795880017344075
5287969,PYK2,5.508638306165728
11984591,LRRK2,7.443697499232713
25127112,EGFR(L858R),5.0
176155,KIT(D816H),5.0
44259,PKN1,8.886056647693163
11984591,AMPK-alpha2,6.1249387366083
6918454,MST1,5.0
156414,CSK,5.214670164989233
11314340,EPHB4,5.0
156422,WEE2,5.0
9929127,BMPR1A,5.0
9929127,STK33,5.0
6918454,VRK2,5.0
11667893,MAP4K5,5.0
5494449,PRKCH,5.0
5494449,JAK3(JH1domain-catalytic),6.200659450546419
176155,PRKX,5.0
176167,CLK3,5.0
9926054,PRKX,5.0
5494449,JAK2(JH1domain-catalytic),6.721246399047171
9915743,STK33,6.026872146400302
51004351,ALK,6.568636235841013
11656518,RET(V804L),6.494850021680094
16007391,TYK2(JH2domain-pseudokinase),5.0
5329102,KIT(D816V),6.42021640338319
16725726,PCTK2,5.0
24889392,HUNK,5.0
51004351,CSK,5.060480747381382
156414,GAK,7.0
10138260,EPHB6,5.920818753952375
6450551,EGFR(T790M),5.0
176155,TAOK2,5.0
5287969,CDK9,8.193820026016112
11617559,GAK,5.0
3081361,ABL1(Q252H),7.744727494896694
44259,BMPR1A,5.431798275933005
11617559,ABL1(F317I),5.0
3038525,RSK3(KinDom.2-C-terminal),5.0
25243800,RET(V804L),6.455931955649724
17755052,PIK3CA(H1047Y),8.387216143280265
11667893,MEK1,5.0
51004351,AAK1,7.318758762624413
6918454,YSK4,5.0
24889392,ALK,5.0
11656518,PIM2,5.0
6450551,CDK5,5.0
24180719,PIK3CA(E545K),5.0
176870,STK39,5.0
10427712,ERK3,5.0
6450551,p38-beta,5.0
11364421,YSK4,6.318758762624413
16725726,MAPKAPK2,5.0
156422,BMPR1B,5.0
25127112,CSNK2A2,5.481486060122113
156414,TESK1,5.494850021680094
9926054,RSK3(KinDom.1-N-terminal),5.0
11427553,CHEK1,6.1487416512809245
6450551,YSK4,6.568636235841013
11617559,ZAK,5.0
5329102,ACVR2A,5.0
9929127,AURKC,5.0
644241,RAF1,5.4089353929735005
44150621,CDK5,5.0
11314340,PIK3C2G,5.0
11427553,PRKCI,5.0
16007391,KIT(L576P),7.468521082957745
10138260,FLT3(K663Q),9.154901959985745
11656518,MAP4K3,5.1249387366083
24180719,FLT4,5.0
11717001,ABL1(Y253F),5.0
10127622,MST1,5.0
156414,PKN2,5.0
3081361,CDK9,5.0
11427553,TYK2(JH1domain-catalytic),6.795880017344075
11427553,AKT2,5.0
44259,AKT2,7.356547323513813
51004351,ABL1(F317I),5.0
51004351,PIK3CA(C420R),5.0
9926054,MAP4K2,5.0
176155,p38-beta,7.154901959985743
44150621,CAMK1,5.0
5494449,TGFBR2,5.0
11626560,PAK7,5.0
10138260,MAP3K1,5.0
44150621,RAF1,5.0
6450551,PHKG2,5.0
16725726,PRP4,5.0
176870,CHEK1,5.0
644241,LTK,5.0
11626560,AURKC,5.366531544420414
11427553,MERTK,6.1249387366083
24180719,PKNB(Mtuberculosis),5.0
17755052,MEK3,5.0
9929127,BMPR1B,5.0
3038525,RIOK1,5.0
9929127,PAK7,5.0
3081361,LRRK2,5.0
5329102,ERBB2,5.0
9926054,AKT1,5.0
6918454,NEK3,5.0
11717001,KIT(D816H),5.0
5329102,IKK-alpha,6.2839966563652006
11617559,CDK9,5.0
44150621,PLK4,5.0
24180719,EGFR(T790M),5.0
25243800,NEK11,5.0
51004351,TIE1,5.853871964321762
11364421,EPHA1,5.0
24889392,RET,8.096910013008056
11717001,AURKA,5.0
5287969,p38-delta,5.0
3062316,CSK,9.0
6918454,PAK3,5.0
9933475,PAK4,5.0
156414,AMPK-alpha1,5.0
9915743,EPHA1,5.0
10427712,JNK3,5.0
11717001,FLT3(ITD),5.0
9915743,PAK7,5.0
25243800,TBK1,5.0
9929127,PRKR,5.0
17755052,TYK2(JH2domain-pseudokinase),5.744727494896694
10127622,TGFBR1,5.0
176167,SIK2,5.0
11427553,PHKG2,6.853871964321762
16725726,IRAK4,5.0
6450551,CLK1,5.0
