drug_id,prot_id,affinity
6918454,ERBB4,5.0
11485656,MET(Y1235D),5.585026652029182
10138260,AURKA,5.0
6450551,SRMS,5.0
3081361,PIK4CB,5.0
16007391,TNIK,5.070581074285707
176155,PIK3CA(C420R),5.0
9926054,GRK1,5.0
5287969,MAST1,5.0
3062316,ERK3,5.0
10113978,SRMS,5.6020599913279625
176155,MET,5.0
4908365,ICK,5.0
11234052,NEK9,5.0
11364421,SIK,5.0
11656518,YANK3,5.0
3081361,MARK4,5.0
24180719,EGFR,5.0
11617559,JNK3,5.0
9884685,ULK1,5.0
42642645,TXK,6.275724130399211
9926791,MST4,5.0
4908365,TAOK2,5.0
11717001,AKT2,5.0
6450551,MYLK,5.0
10461815,PIM1,5.0
9926791,MEK4,5.0
16038120,ERK4,5.0
9884685,SRPK3,5.0
156414,STK16,5.0
156414,ERK3,5.769551078621726
208908,MERTK,5.0
9809715,EPHA5,5.0
208908,MYLK2,5.0
11626560,CDK8,5.0
9884685,ABL1p,5.0
11717001,ACVR2B,5.0
11617559,ROCK1,5.0
151194,AURKA,5.0
9884685,AURKB,5.0
11626560,MAST1,5.0
10113978,CAMK1D,5.0
151194,GCN2(KinDom2S808G),5.0
16038120,PIK3CA(C420R),5.0
156422,CDK11,6.698970004336019
24180719,MAP4K5,5.494850021680094
208908,CSNK2A2,5.0
42642645,DRAK2,5.0
16007391,TAOK1,5.0
11626560,GCN2(KinDom2S808G),5.0
11314340,MLCK,6.3979400086720375
151194,PKNB(Mtuberculosis),5.0
5287969,STK35,6.346787486224656
11485656,AURKC,7.1487416512809245
10184653,PIK3CA(E545K),5.0
11234052,TYRO3,5.0
3062316,PCTK3,5.0
9933475,PRKD1,5.0
9809715,PIK3CD,5.0
6918454,KIT(V559D),5.0
208908,NEK1,5.0
11314340,NEK4,5.0
6918454,NEK4,5.0
156414,PKAC-alpha,5.0
11984591,ROCK2,6.251811972993799
11984591,DMPK,5.0
9915743,FLT3(D835Y),5.508638306165728
4908365,CSF1R,8.494850021680094
6450551,NEK7,5.0
11626560,KIT(D816H),5.0
9884685,JNK3,5.0
11364421,DMPK,5.537602002101044
11667893,PRKCQ,5.0
156414,IRAK3,5.522878745280337
156414,MLK2,5.0
176155,ROCK1,5.0
11626560,PIK3CA(E545K),5.0
176155,CAMK2B,5.0
9809715,CDKL3,5.0
208908,MARK4,5.0
10138260,ABL1(E255K),6.508638306165728
10184653,SLK,5.431798275933005
208908,ABL1(Q252H)p,5.0
24180719,MEK4,6.721246399047171
3081361,MAK,5.0
16038120,ABL1(M351T),7.022276394711152
3025986,MLCK,5.769551078621726
3025986,TYRO3,5.0
11427553,DYRK2,6.4089353929735005
9884685,MLCK,5.0
3025986,EGFR(L747T751del),5.0
208908,CAMK2A,5.0
156422,EPHA2,5.2076083105017466
11364421,MST1R,5.0
11717001,STK36,5.0
16007391,FRK,5.0
11656518,ABL1(F317I),5.10790539730952
11667893,AXL,5.0
3062316,ABL1p,10.337242168318426
6918454,HUNK,5.0
11485656,CAMK2D,5.0
9809715,ABL1(F317I)p,5.585026652029182
11984591,ACVR2A,5.0
11234052,CIT,5.0
6450551,STK16,6.431798275933005
9933475,CDKL5,5.0
11717001,MYO3B,5.0
176155,RAF1,6.008773924307505
10138260,TLK1,6.200659450546419
9809715,ROS1,5.431798275933005
11617559,EPHB2,5.0
24180719,JNK3,5.0
16038120,PFTK1,5.0
10184653,ACVR2A,5.0
42642645,RIOK2,5.0
11984591,EPHA5,6.0655015487564325
24889392,PFPK5(Pfalciparum),5.0
9809715,MET(Y1235D),6.337242168318426
9926054,PIM1,5.0
42642645,JAK1(JH2domain-pseudokinase),5.0
176167,MYO3B,5.0
9926054,MEK3,5.0
11656518,ERK1,5.0
10184653,MLCK,5.0
11717001,LIMK1,5.0
11984591,NLK,5.0
9809715,TESK1,5.0
11427553,FRK,5.6777807052660805
6918454,RIOK3,5.0
11485656,JNK2,6.619788758288394
3081361,JAK1(JH1domain-catalytic),5.0
10113978,MAP4K3,5.795880017344075
9809715,PRKX,5.0
9933475,YANK1,5.0
4908365,CDK8,5.0
16007391,PDGFRB,7.387216143280264
16007391,CAMK2D,5.0
11717001,MAP4K3,5.0
156414,PFTK1,5.0
11617559,KIT(D816H),5.0
24889392,NEK4,5.0
10138260,AMPK-alpha1,7.0
9915743,ANKK1,5.0
208908,MAP4K5,5.0
10184653,DLK,5.0
176155,ERN1,5.0
9884685,PRKG2,5.0
151194,ASK1,5.0
9933475,CDK4-cyclinD3,5.0
10138260,FGFR3(G697C),6.42021640338319
156414,RET,5.376750709602099
156414,DMPK,5.154901959985743
9926054,PHKG2,5.0
9926791,BRAF,5.0
176155,MST3,5.0
10184653,FGFR3,5.0
6450551,MYO3B,5.0
208908,DDR2,5.0
3081361,DAPK1,5.0
151194,PIK3CA(E545K),5.0
11667893,PKN2,5.0
11427553,AURKC,7.229147988357856
10461815,MUSK,5.0
9926791,MEK1,5.0
9884685,CIT,5.0
16007391,CSNK1A1,5.0
6918454,ABL1(Q252H),5.0
156414,AKT2,5.0
11364421,CAMK2A,5.886056647693163
9884685,IKK-alpha,5.769551078621726
5287969,AXL,5.455931955649724
11485656,SgK110,5.0
16725726,MAP3K2,6.468521082957745
5287969,EPHB1,5.823908740944319
11626560,FGFR2,5.0
9926791,FRK,5.0
24180719,TNK2,5.958607314841775
24889392,TXK,5.0
11234052,BMPR2,5.0
9884685,FGFR3(G697C),5.0
4908365,MAP3K2,7.0655015487564325
10184653,VEGFR2,5.0
11626560,TEC,5.0
11427553,MEK1,6.275724130399211
9915743,BTK,6.795880017344075
9809715,TRKB,7.721246399047171
11234052,CDKL2,5.0
11234052,MKNK1,5.0
11717001,PFTAIRE2,5.0
11656518,FGR,5.0
11667893,FGR,5.161150909262744
10113978,MYO3B,5.0
4908365,MKNK1,5.0
16725726,AURKC,5.0
11717001,TEC,5.0
10461815,DRAK2,5.455931955649724
16007391,CAMK4,5.0
10138260,BMPR2,6.698970004336019
3081361,PIK3C2B,5.0
11667893,ERK3,5.0
156422,AKT2,5.0
9933475,DYRK1A,5.0
11485656,CAMK4,5.0
10113978,EPHB6,7.091514981121351
151194,MAP4K5,5.0
9884685,EPHA6,5.0
9884685,PRKD2,5.0
11314340,TESK1,5.0
176167,PIK3CA(H1047L),5.0
9884685,INSRR,5.0
9933475,PCTK3,5.0
9884685,PRKCQ,5.0
9915743,EGFR(L747T751del),9.0
16007391,CDKL3,5.0
176155,RET(V804L),5.0
16038120,CASK,6.036212172654444
16007391,JAK1(JH2domain-pseudokinase),5.0
4908365,PAK1,5.0
11364421,EPHB4,5.0
42642645,SRPK2,5.0
9926054,CSNK1A1,5.0
4908365,EGFR(L747T751del),5.0
10113978,MLK3,6.130768280269024
5287969,NEK1,5.0
6918454,CDC2L5,5.0
156414,RPS6KA5(KinDom.2-C-terminal),5.0
16725726,STK33,5.0
156422,DYRK2,5.0
16725726,TNNI3K,5.0
11626560,DCAMKL1,6.481486060122113
11626560,MINK,5.356547323513813
11314340,NIM1,5.0
11617559,PRKCI,5.0
5287969,RET(M918T),5.0
11234052,AURKB,5.0
42642645,BIKE,5.0
176167,CLK4,5.795880017344075
6918454,RSK4(KinDom.2-C-terminal),5.0
11717001,FES,5.0
9809715,PLK1,5.0
11667893,LIMK1,5.0
9926791,TYRO3,5.0
11617559,RPS6KA5(KinDom.2-C-terminal),5.0
9933475,LTK,5.366531544420414
42642645,CAMK2A,5.0
9915743,MLCK,5.0
9915743,FGFR4,5.0
11667893,TAOK1,5.0
11364421,LTK,5.920818753952375
16725726,CSNK2A2,5.0
9884685,MET,5.0
42642645,MAP4K5,8.397940008672037
208908,PIK3CA,5.0
208908,CSF1R,5.0
9809715,BMPR2,7.251811972993799
11364421,AMPK-alpha1,5.0
16038120,DCAMKL2,7.795880017344075
11364421,CDC2L5,5.0
11364421,BMX,5.0
11984591,FGFR3,7.251811972993799
11617559,CSNK1A1,5.0
24889392,JAK2(JH1domain-catalytic),5.0
11984591,KIT(V559D),8.244125144327509
156422,ASK1,5.0
24889392,PIK3CA(Q546K),5.0
9926791,PIK3CA(H1047L),5.0
42642645,ERK2,5.0
24889392,CIT,5.0
24889392,PHKG2,5.0
10461815,MET(Y1235D),9.080921907623926
11656518,EGFR(G719C),5.0
11427553,STK39,6.050609993355088
6450551,ABL1(F317I)p,6.096910013008056
9933475,MAP4K2,6.267606240177032
16722836,STK35,5.0
3025986,ADCK3,5.0
156422,ASK2,5.0
6918454,SNARK,5.0
176155,DYRK1B,5.0
11364421,DYRK1A,5.0
4908365,MEK4,5.468521082957745
156422,RET(M918T),6.619788758288394
9926791,RET,5.0
11234052,PAK4,5.0
3081361,AKT2,5.0
156422,TESK1,5.0
176167,ERN1,5.0
11984591,DAPK2,7.207608310501746
156414,FLT3,5.568636235841013
5287969,TIE2,5.0
11656518,EPHB1,5.0
5287969,PIM2,6.113509274827519
6450551,TLK2,5.0
151194,LIMK1,5.0
24180719,ICK,5.0
156422,RSK4(KinDom.2-C-terminal),5.0
151194,AURKC,5.0
11617559,DCAMKL1,5.0
24180719,PFPK5(Pfalciparum),5.0
3025986,ABL1p,5.0
11427553,PKNB(Mtuberculosis),6.619788758288394
156422,YANK2,5.0
176155,MYO3A,5.0
42642645,EPHB2,8.4089353929735
10461815,VEGFR2,5.0
24180719,MLK1,5.0
6450551,RET(M918T),7.0
11485656,CDK11,7.130768280269024
208908,AURKA,5.0
11617559,YANK1,5.0
9884685,DLK,5.0
4908365,EPHB2,5.481486060122113
11427553,RET(V804L),7.455931955649724
11364421,MAPKAPK5,5.0
11314340,PIK3CD,5.0
10184653,SNRK,5.0
11364421,CAMK1,5.0
176167,ABL1(Q252H)p,5.0
9926054,NLK,5.0
5287969,MAP4K2,7.050609993355088
11984591,CSNK2A2,7.853871964321762
11717001,MAP4K2,5.0
5287969,EPHA2,5.6020599913279625
16038120,TLK1,5.0
10184653,ROCK1,5.0
11656518,PIK3CA(Q546K),5.0
3062316,MLK1,5.0
9926791,RPS6KA5(KinDom.1-N-terminal),5.0
11656518,EPHB4,5.0
16725726,SRPK3,5.0
16722836,PIK4CB,5.769551078621726
9933475,BRAF,5.0
156422,MLK2,5.0
10461815,EPHB3,5.0
11234052,PFTK1,5.0
11717001,PDGFRB,5.0
3062316,ERK1,5.0
156422,RIOK3,5.0
5287969,RIOK3,5.0
11314340,MET,5.0
156414,CDK4-cyclinD3,5.0
24889392,CDC2L5,5.0
151194,BIKE,5.0
3062316,EGFR(L861Q),6.958607314841775
16038120,CIT,5.0
10113978,ASK1,5.0
11656518,HUNK,5.0
9915743,DAPK1,5.0
9809715,TAOK1,5.0
11314340,FGFR1,5.0
156414,MAP3K2,5.42021640338319
9926791,EGFR(G719C),5.0
9926791,DAPK2,5.0
16725726,MAP4K2,5.0
10461815,YANK3,5.0
3081361,PKN2,5.0
3081361,LZK,5.0
208908,PFPK5(Pfalciparum),5.0
10113978,NDR1,5.0
10184653,RET(M918T),5.0
11984591,ABL2,6.142667503568732
11364421,NEK9,5.0
11485656,STK35,5.0
11717001,EGFR(G719S),5.0
11717001,TESK1,5.0
156414,FYN,5.275724130399211
156414,PAK1,5.0
10138260,FLT3(N841I),8.267606240177031
11485656,FGFR1,5.0
3025986,SNRK,5.0
11364421,PRKCH,5.0
10184653,HCK,5.657577319177793
10138260,HIPK2,7.036212172654444
11717001,TYRO3,5.0
16038120,LCK,7.309803919971486
11485656,PRKCI,5.0
9915743,MKNK1,5.0
16722836,RPS6KA5(KinDom.2-C-terminal),5.657577319177793
11314340,TNNI3K,5.0
9884685,JAK2(JH1domain-catalytic),5.0
24180719,RSK4(KinDom.1-N-terminal),5.0
11667893,PIK3CA,5.0
208908,PRKCQ,5.0
11485656,PRKCH,5.0
9933475,PFTK1,5.0
10138260,AURKB,6.468521082957745
16038120,CAMK4,7.522878745280337
9933475,SRMS,5.0
156422,CAMK2D,5.0
9933475,MYLK,5.0
11667893,TRKB,5.0
156422,LRRK2(G2019S),5.0
9809715,CSNK1A1L,5.0
16722836,BRSK2,5.0
11485656,SNARK,5.0
10184653,TNIK,5.0
151194,MKNK1,5.0
9926054,PLK2,5.0
156414,AKT3,5.0
3081361,PFTK1,5.0
16038120,NLK,5.0
11234052,MST4,5.0
3081361,KIT(D816V),6.537602002101044
42642645,PAK4,5.0
11485656,EPHB4,5.853871964321762
3025986,BRSK2,5.251811972993799
11234052,CDK9,5.0
5287969,MLK3,5.0
11427553,PIK3CA(H1047L),5.0
176155,MARK4,5.0
176167,SNRK,5.0
24180719,FLT3(D835Y),5.187086643357144
11617559,EGFR(E746A750del),5.0
11364421,MARK4,5.0
16007391,PYK2,5.0
42642645,IGF1R,6.366531544420414
11314340,ULK1,5.096910013008056
9809715,PIK3CA(E545K),5.0
10184653,EPHB6,5.508638306165728
10461815,AURKA,5.0
11984591,HIPK2,5.318758762624413
3062316,MEK5,8.481486060122112
11667893,TESK1,5.0
11364421,FYN,5.0
208908,PFCDPK1(Pfalciparum),5.0
151194,MYLK2,5.0
9915743,MAP3K2,6.346787486224656
9926791,PIM2,5.0
5287969,FAK,5.0
156414,MAP3K4,5.075720713938119
4908365,ABL1(Q252H)p,6.638272163982407
6918454,MEK5,5.0
11314340,YANK3,5.0
11717001,PIM2,5.0
11626560,YANK2,5.0
16038120,MST1R,6.214670164989233
176155,PIK3CA(E545K),5.0
9933475,AURKB,5.494850021680094
6450551,TAOK1,5.0
11617559,FYN,5.0
151194,PRKCQ,5.0
11485656,MLK1,5.0
176167,BRAF,5.0
9933475,AURKC,5.6777807052660805
9933475,DRAK2,5.0
5287969,MLK2,5.2839966563652006
208908,HCK,5.0
11234052,JNK2,5.0
9933475,SLK,7.657577319177794
4908365,NEK6,5.0
10138260,PFTAIRE2,5.0
208908,ULK1,5.0
16007391,RSK4(KinDom.2-C-terminal),5.0
11984591,PIK3C2B,5.0
42642645,HCK,7.823908740944319
6918454,RET,5.0
9926054,LATS2,5.0
11485656,SLK,6.346787486224656
9915743,CHEK1,5.2441251443275085
10113978,EGFR(G719S),5.0
11717001,MAP3K4,5.0
11717001,RET(V804M),5.0
3062316,EGFR(G719C),6.769551078621726
10461815,CAMK1G,5.0
9809715,VEGFR2,8.537602002101044
11667893,LTK,5.0
3081361,EGFR(L747T751del),8.050609993355087
11626560,MYLK2,5.0
11626560,RSK4(KinDom.2-C-terminal),5.0
156414,ABL1(E255K),7.522878745280337
11364421,PIK3CD,5.119186407719209
9926791,PRKD1,5.0
10113978,AURKC,6.1249387366083
208908,ABL1(F317I),5.0
11617559,CDKL3,5.0
24180719,WEE1,5.0
10138260,ADCK3,5.0
9926054,EPHB6,5.0
11427553,p38-gamma,5.0
9809715,PDGFRA,7.795880017344075
176155,MYLK2,5.0
11984591,CAMK4,5.0
11617559,SRMS,5.0
16722836,PKNB(Mtuberculosis),7.0
11234052,AMPK-alpha1,5.0
16722836,PRKD1,5.0
11485656,PRKCQ,5.0
9809715,PAK4,5.522878745280337
16725726,PRKD1,5.455931955649724
9809715,DLK,6.853871964321762
156414,DYRK1A,5.823908740944319
5287969,IRAK3,5.0
3025986,PYK2,5.0
6918454,PKN2,5.0
10113978,NEK4,5.0
208908,AAK1,5.0
11234052,NEK4,5.0
10138260,MYO3B,5.0
11984591,MLK3,7.958607314841775
11626560,CAMK2B,5.0
24180719,CDK11,6.154901959985743
3081361,ACVR2A,5.0
9926791,KIT(V559D),5.0
6450551,TYRO3,5.0
11234052,MAPKAPK5,5.0
176167,CDKL3,5.0
10184653,HIPK1,5.0
11717001,MTOR,5.0
11667893,PIK3C2B,5.0
3062316,FLT3(D835Y),5.318758762624413
11617559,CHEK1,5.0
24180719,SNRK,5.0
10138260,IKK-alpha,6.173925197299174
10461815,DCAMKL1,5.853871964321762
11364421,PKN2,5.0
6918454,LRRK2(G2019S),5.0
10461815,PDGFRB,5.721246399047171
16722836,MAP3K15,5.0
11626560,RSK3(KinDom.1-N-terminal),5.0
11626560,LIMK1,6.080921907623926
11427553,SRMS,5.568636235841013
3025986,ABL1(H396P)p,5.0
3062316,EPHB2,9.4089353929735
16007391,TYRO3,5.0
16725726,GRK1,6.214670164989233
4908365,BMX,6.107905397309519
16725726,CHEK1,5.0
6450551,AAK1,5.920818753952375
16725726,PIK3CA,5.0
9884685,EGFR(L747T751del),5.0
10184653,STK35,5.0
11984591,PIK3CA,5.0
11314340,FGFR3,5.0
176155,WEE1,5.0
156414,PRKCH,5.0
156414,EGFR(L747E749del),9.769551078621726
24889392,HIPK3,5.0
11984591,NEK9,7.795880017344075
176155,CAMK1,5.0
9915743,TLK1,5.0
11485656,CDK7,5.537602002101044
11656518,TRKA,5.0
11234052,DCAMKL2,5.0
11984591,ERK5,5.0
4908365,PKNB(Mtuberculosis),6.769551078621726
11427553,MET(Y1235D),6.2441251443275085
151194,ASK2,5.0
9926791,PIM1,5.0
176167,LZK,5.0
6918454,LIMK1,5.0
3025986,YANK2,5.0
10113978,PIK3C2B,5.0
156414,PCTK3,5.0
11984591,TRKC,6.2441251443275085
16725726,PIK4CB,5.0
11314340,PRKX,7.013228265733755
11364421,FLT3(D835Y),5.522878745280337
42642645,PRKD1,5.0
6918454,PIK3CA(Q546K),5.0
5287969,TAOK2,6.6020599913279625
9926791,ADCK3,5.0
11626560,IKK-alpha,5.0
11485656,EPHA2,5.0
11984591,DCAMKL1,5.0
9926791,MEK3,5.0
11314340,MAPKAPK5,5.0
9933475,MYLK2,5.0
11617559,SIK,5.0
9933475,BMX,5.0
9926054,INSRR,5.0
24889392,STK16,5.0
3062316,RET,6.136677139879544
24180719,DYRK1B,5.0
9926791,PKN2,5.920818753952375
9926054,ABL1(F317I)p,5.0
6450551,NEK1,5.0
11667893,RIPK1,5.0
11626560,AURKB,7.119186407719209
11667893,MERTK,5.0
208908,ABL1(Q252H),5.0
11314340,MKNK1,5.0
11314340,GCN2(KinDom2S808G),5.0
176155,TNK2,5.0
11234052,ASK1,5.0
6450551,DAPK1,5.0
11314340,AURKC,5.075720713938119
3062316,RIOK3,5.0
3062316,LTK,5.0
156422,SRMS,5.0
9915743,LRRK2,5.0
10113978,MST4,5.0
11314340,STK36,5.0
9915743,RAF1,5.0
156422,BMX,5.0
156422,PAK1,5.0
16725726,GCN2(KinDom2S808G),5.0
16007391,PLK1,5.0
9926791,MUSK,5.0
24180719,MEK3,5.0
24180719,BIKE,5.0
42642645,FLT3,9.045757490560677
16007391,MTOR,5.0
16722836,ANKK1,5.366531544420414
10184653,ERK1,5.0
3025986,EGFR(E746A750del),5.0
16725726,MAST1,5.0
156414,LCK,6.494850021680094
156422,CASK,5.0
11984591,IKK-alpha,6.920818753952375
10113978,MARK3,5.3979400086720375
16038120,MARK4,7.920818753952375
208908,DYRK2,5.0
11617559,TIE2,5.0
10113978,PFCDPK1(Pfalciparum),6.431798275933005
16038120,FLT3(N841I),7.958607314841775
9933475,JAK1(JH1domain-catalytic),5.0
10184653,MAP3K15,5.0
9926791,ABL2,5.0
156414,CDKL3,5.0
10113978,DCAMKL2,5.0
9809715,RSK3(KinDom.1-N-terminal),7.236572006437063
24180719,AKT1,5.0
9915743,MLK3,5.236572006437063
3081361,EGFR(L861Q),7.958607314841775
16038120,MST3,5.537602002101044
11656518,MLK1,5.0
10138260,GRK1,5.958607314841775
3025986,MEK3,5.0
11656518,IKK-alpha,5.0
42642645,CLK4,6.070581074285707
10113978,CSNK2A2,5.0
16725726,FLT3,5.0
5287969,KIT(V559D),5.0
208908,MET,5.0
11364421,ABL1(Q252H),5.0
10461815,ABL1(F317I)p,5.0
11364421,MUSK,5.0
208908,SgK110,5.0
3062316,JAK3(JH1domain-catalytic),6.1938200260161125
16725726,LIMK1,5.0
42642645,FGFR3,6.040958607678906
176155,CDK7,5.0
176155,PLK1,5.0
10461815,EPHB2,5.0
9915743,FES,6.229147988357856
10138260,EGFR(G719S),5.0
3081361,TEC,5.0
24180719,CDK4-cyclinD3,5.0
9884685,MAK,5.0
208908,CSNK1A1L,5.0
11234052,MLK2,5.0
3062316,TEC,7.886056647693163
11626560,FES,6.346787486224656
11427553,LTK,6.036212172654444
16007391,EPHB4,5.0
10138260,ERK2,5.0
208908,CAMK2G,5.0
9926791,HIPK2,5.0
24889392,CAMK4,5.0
11717001,AKT3,5.0
11314340,PLK1,5.0
11984591,TRKA,6.769551078621726
10184653,SRPK3,5.0
156414,AXL,5.2441251443275085
11667893,p38-gamma,5.0
9884685,AKT3,5.0
11234052,ACVRL1,5.0
42642645,FES,6.958607314841775
16722836,CAMK1,5.795880017344075
42642645,SRMS,7.744727494896694
9915743,WEE1,5.3872161432802645
3062316,MAPKAPK5,5.0
16038120,MEK2,6.200659450546419
9926791,EGFR,5.0
9933475,FGFR4,6.0655015487564325
10113978,RSK4(KinDom.1-N-terminal),5.0
10138260,GCN2(KinDom2S808G),6.327902142064283
16722836,MAPKAPK5,5.0
11314340,MEK5,5.0
4908365,PIK3CA(E545K),5.0
10138260,HIPK3,7.080921907623926
156422,AURKA,5.0
4908365,PDGFRB,7.552841968657781
9884685,MAP3K4,5.0
10138260,CAMK1D,6.013228265733755
6918454,SgK110,5.0
11717001,EGFR(L747E749del),5.0
3081361,FGFR2,5.958607314841775
9915743,SRPK3,5.0
11617559,MAP4K5,5.0
42642645,NEK4,5.0
176167,NLK,5.0
11485656,HIPK2,5.0
156422,PIK3CA,5.0
9933475,ERK1,5.0
151194,CSNK1A1L,5.0
11485656,PHKG2,5.0
42642645,EPHB1,7.920818753952375
6918454,TNK2,5.0
11427553,SRPK2,7.823908740944319
16725726,STK39,5.0
16725726,STK36,5.585026652029182
176155,RSK4(KinDom.1-N-terminal),5.0
9933475,AKT2,5.0
11234052,RIPK1,5.0
11717001,PIM1,5.0
208908,SNRK,5.0
11427553,MST3,5.958607314841775
11234052,CAMK1,5.0
11984591,PKAC-alpha,6.221848749616356
10184653,LRRK2(G2019S),5.0
24180719,HUNK,5.0
16007391,MINK,5.0
4908365,ERK2,5.0
3081361,TRKA,5.0
9926791,ABL1(F317I)p,5.0
16038120,DDR2,5.3872161432802645
6918454,TIE2,5.0
6918454,HCK,5.0
9926054,PIK3CA(M1043I),5.0
6918454,PIK3C2B,5.0
176155,TGFBR1,5.1487416512809245
10113978,BRAF(V600E),6.366531544420414
5287969,JAK1(JH1domain-catalytic),5.0
6450551,MLK3,5.0
16038120,RSK3(KinDom.1-N-terminal),7.481486060122113
11617559,SNARK,5.0
16007391,CAMK2G,5.0
11984591,PDGFRB,8.481486060122112
4908365,YANK3,5.0
5287969,ADCK3,5.0
4908365,TRKB,6.920818753952375
3062316,IKK-alpha,5.0
9933475,MST1R,5.537602002101044
6450551,ERK2,5.0
10184653,YANK1,5.0
10184653,RPS6KA5(KinDom.2-C-terminal),5.0
3062316,RIPK1,5.0
9915743,PLK1,5.0
16007391,PRKCI,5.0
9926791,DAPK1,5.0
11427553,RIOK2,5.301029995663981
11717001,NEK1,5.0
16725726,NEK4,5.0
176155,EGFR,5.769551078621726
9915743,PRKCQ,5.0
3081361,PRKX,5.0
42642645,ERK5,5.0
9915743,AXL,6.721246399047171
16007391,WEE1,5.0
3081361,HUNK,5.3872161432802645
11667893,RSK3(KinDom.1-N-terminal),5.0
176167,ANKK1,5.0
10184653,MAP3K2,5.0
9926054,PDGFRA,5.0
16038120,AURKC,7.481486060122113
4908365,MAK,5.0
11617559,DYRK1A,5.0
4908365,MAP3K4,5.173925197299174
9933475,LCK,7.173925197299174
11667893,JNK3,5.0
10138260,BRSK2,5.3872161432802645
6450551,MARK4,5.0
11667893,IGF1R,5.0
16722836,LCK,7.142667503568732
16038120,AKT3,5.0
11314340,YANK2,5.0
11984591,ABL1(E255K),6.657577319177793
11485656,FYN,5.0
24889392,ACVRL1,5.0
4908365,ABL1(Q252H),6.468521082957745
176155,AKT1,5.0
11427553,CAMK1G,5.6777807052660805
11717001,PCTK3,5.0
9884685,CDC2L5,5.0
3081361,PIM2,5.0
4908365,FGFR4,5.0
16007391,CAMK1D,5.0
11656518,EPHA2,5.537602002101044
24889392,ACVR2A,5.0
9809715,PIK3CA(M1043I),5.0
9884685,JAK1(JH1domain-catalytic),5.0
11717001,MAP3K15,5.0
24180719,BMPR2,5.0
208908,PFTAIRE2,5.0
3081361,BIKE,5.0
9926791,MYLK,5.0
10184653,PLK1,5.0
11485656,ACVR2A,5.0
151194,JNK3,5.0
6918454,STK39,5.0
5287969,PDGFRB,5.0
11984591,AKT1,5.0
3081361,KIT(V559D),6.744727494896694
9809715,SNRK,5.0
16722836,TAOK1,5.886056647693163
3062316,ASK1,5.0
6918454,TLK2,5.0
11314340,EPHA6,5.0
10113978,PRKX,5.0
10113978,FRK,6.1249387366083
10138260,SRPK3,6.920818753952375
6450551,TXK,5.619788758288394
11617559,MARK3,5.0
5287969,BRAF(V600E),5.0
24889392,RSK4(KinDom.2-C-terminal),5.0
6918454,CASK,5.0
10113978,EPHA6,5.0
11364421,CDK8,5.0
9809715,CLK4,7.744727494896694
16725726,EPHB2,5.0
11364421,CAMK4,5.0
3025986,MET,5.0
5287969,HCK,5.0
11717001,SRPK2,5.0
6450551,ICK,5.0
42642645,MARK4,5.0
11626560,MEK3,5.481486060122113
16725726,ABL1p,5.0
11427553,KIT(V559D),7.638272163982407
24180719,MEK5,9.795880017344077
10461815,PYK2,6.040958607678906
9809715,LCK,8.207608310501746
6918454,MAP4K5,5.0
11427553,MYLK2,7.2839966563652
5287969,FYN,5.0
11364421,SNARK,5.0
176167,PDGFRB,5.481486060122113
3081361,MET,5.2441251443275085
16038120,PDGFRA,6.075720713938118
9915743,PFCDPK1(Pfalciparum),5.0
6918454,PRKCI,5.0
3062316,CDK4-cyclinD3,5.0
11656518,AKT2,5.0
11314340,ABL1(H396P)p,5.0
11485656,CDKL2,5.0
16007391,FGFR3,5.0
11984591,RSK4(KinDom.1-N-terminal),5.0
6918454,NEK1,5.0
6918454,MYLK2,5.0
16038120,EPHB4,6.1249387366083
208908,TRKC,5.0
11617559,PFTK1,5.0
11626560,TAOK1,5.920818753952375
11717001,PIK4CB,5.0
6918454,CDKL2,5.0
11656518,MEK3,5.0
9933475,CSNK1A1,5.0
11314340,MAP3K2,5.0
208908,BIKE,5.0
6918454,EGFR,5.0
9933475,p38-gamma,5.0
11656518,ANKK1,5.0
3025986,TNIK,5.0
176155,CDKL2,5.0
10461815,YANK1,5.0
9809715,CDKL2,5.886056647693163
5287969,GCN2(KinDom2S808G),5.0
11364421,ERBB4,5.0
16038120,CAMK1,5.958607314841775
16725726,EGFR(L747T751del),5.0
10461815,RET,6.161150909262744
208908,AKT1,5.0
11427553,ADCK3,5.0
151194,CSF1R,7.346787486224656
9884685,TAOK1,5.0
24180719,ABL1(Q252H)p,5.3979400086720375
3025986,EPHA2,5.0
11485656,TAOK2,5.0
156422,FRK,5.920818753952375
4908365,PRKD2,6.494850021680094
10184653,RSK4(KinDom.1-N-terminal),5.0
11656518,TRKB,5.0
176167,TNK2,5.0
10113978,EPHB1,5.0
10113978,FLT3(N841I),5.795880017344075
151194,PIM2,5.0
9915743,CAMK1G,5.0
9926054,PCTK3,5.0
11364421,MAP3K15,5.0
10138260,MAP4K3,6.6777807052660805
11314340,FAK,5.0
11717001,MKNK1,5.0
176155,ABL2,5.0
11656518,ROCK1,5.0
176167,PRKG2,6.769551078621726
9933475,PIK3CA(H1047L),5.0
11984591,NIM1,6.180456064458132
3062316,RSK4(KinDom.1-N-terminal),5.0
16038120,ACVRL1,7.244125144327507
11656518,MEK1,5.0
24180719,FGFR2,5.508638306165728
9809715,ADCK3,5.0
10138260,MARK3,5.958607314841775
6450551,MINK,6.251811972993799
176167,RPS6KA5(KinDom.1-N-terminal),6.431798275933005
156414,BIKE,5.42021640338319
16038120,GCN2(KinDom2S808G),5.958607314841775
11626560,CDKL5,5.0
24889392,CHEK1,5.0
3062316,SRPK2,5.0
10138260,RET(V804L),7.744727494896694
16038120,PIK3CA(M1043I),5.0
11667893,PHKG2,5.0
5287969,STK16,5.0
11427553,GCN2(KinDom2S808G),6.481486060122113
16722836,ROS1,6.221848749616356
3081361,CAMK1D,5.0
156414,MARK4,5.0
6918454,MARK4,5.0
4908365,BRAF,5.0
156422,MST4,5.0
156414,FGFR4,5.0
24889392,TNNI3K,5.0
42642645,CDK11,7.060480747381382
9926791,ERK3,5.0
6450551,AMPK-alpha1,5.0
9933475,PRKG2,5.0
16007391,PAK4,5.0
24889392,PKN2,5.0
16722836,FGR,7.086186147616283
16722836,EPHB2,5.4089353929735005
11427553,RET(V804M),7.455931955649724
42642645,AKT3,5.0
16725726,MARK4,5.0
3062316,AXL,5.0
3025986,HIPK3,5.698970004336019
176167,PKNB(Mtuberculosis),5.0
208908,LRRK2,5.0
6450551,BIKE,6.0
9915743,ERK3,5.0
16007391,FLT3(N841I),7.366531544420414
156422,CLK4,5.0
176167,HIPK2,6.142667503568732
11364421,MAP4K3,5.0
11617559,FER,5.0
9933475,AURKA,5.0
4908365,ULK2,6.346787486224656
3081361,RSK3(KinDom.1-N-terminal),5.0
176167,MYLK,5.0
11234052,LRRK2(G2019S),5.0
16725726,AURKA,5.0
24180719,CSNK1A1,5.0
16007391,TLK2,5.0
24180719,ACVR2A,5.0
16038120,ERK5,7.318758762624413
176167,MST1R,5.0
208908,AXL,5.0
11485656,TRKB,5.958607314841775
9933475,DAPK2,5.0
11667893,MAPKAPK5,5.0
11314340,PIK3CA,5.0
4908365,SgK110,5.958607314841775
11717001,STK39,5.0
10184653,LATS2,5.0
11717001,FRK,5.0
11626560,AMPK-alpha1,5.619788758288394
11984591,TESK1,6.443697499232713
3081361,EGFR(L747E749del),7.920818753952375
16722836,PLK1,6.552841968657781
3081361,AURKA,5.0
11485656,CSNK2A2,5.0
42642645,MLK1,6.0
11234052,YANK2,5.4089353929735005
10184653,ASK2,5.0
24889392,MST1R,5.0
9926054,YANK2,5.0
11626560,SNRK,5.0
10138260,LZK,6.267606240177032
11427553,HIPK3,6.236572006437063
10461815,CDK9,5.744727494896694
11667893,STK16,5.0
9809715,KIT(V559D),8.200659450546418
5287969,EPHB3,5.0
156422,EPHA5,5.853871964321762
10461815,MLK2,5.0
10184653,CDKL5,5.0
10461815,LTK,5.0
11314340,DDR2,5.0
11427553,MTOR,5.0
11364421,HIPK3,5.443697499232713
151194,IKK-alpha,5.0
9884685,EPHB2,5.0
9926054,TNIK,5.0
9915743,AURKB,5.0
6918454,JAK3(JH1domain-catalytic),5.0
24889392,SRPK2,5.0
11234052,LIMK1,5.0
11656518,ERK4,5.0
151194,BMX,5.0
208908,PCTK3,5.0
11234052,ULK1,5.0
16038120,MAST1,5.481486060122113
11427553,JAK2(JH1domain-catalytic),7.119186407719209
11717001,NDR1,5.0
16722836,CAMK4,5.0
10461815,JAK3(JH1domain-catalytic),6.327902142064283
10184653,MKNK1,5.744727494896694
11314340,NEK6,5.0
11314340,ADCK3,5.0
16725726,KIT,5.0
176167,RET(M918T),5.0
156422,MAPKAPK5,5.0
10113978,PRKCI,5.0
11427553,TESK1,5.0
5287969,PIK3CA(M1043I),5.0
3062316,MEK3,5.0
11617559,MST4,5.0
11427553,MET,6.769551078621726
9926791,SIK,5.0
24889392,KIT(D816H),6.494850021680094
6450551,SNARK,5.886056647693163
208908,ICK,5.0
5287969,ROCK1,5.920818753952375
11626560,ACVR2B,5.0
3062316,p38-gamma,5.0
3062316,MAP4K5,7.346787486224656
5287969,SIK,5.0
6450551,ULK1,5.0
42642645,LRRK2(G2019S),5.0
3081361,ABL1(E255K),7.886056647693163
10184653,KIT(D816V),5.0
6918454,RSK3(KinDom.1-N-terminal),5.0
16038120,FGFR1,7.327902142064283
208908,ROCK1,5.0
156414,MLK1,5.0
10461815,MAST1,5.0
208908,PIK3CA(H1047L),5.0
3025986,RPS6KA5(KinDom.2-C-terminal),5.0
6450551,FGR,5.744727494896694
208908,MAP3K15,5.0
16725726,MST1R,5.0
11485656,MYO3B,5.494850021680094
208908,AKT2,5.0
16007391,CDK11,5.0
156422,CDC2L5,5.958607314841775
10138260,TNIK,7.045757490560675
11667893,EGFR(L747T751del),5.585026652029182
4908365,STK33,6.107905397309519
9933475,FGFR3(G697C),7.455931955649724
9926791,ICK,5.0
11364421,PIM1,5.0
9933475,MEK2,5.508638306165728
11984591,TRKB,6.045757490560675
9933475,MYO3A,5.0
3081361,EGFR,8.022276394711152
151194,CAMK4,5.0
11626560,ABL1(Q252H),7.013228265733755
16038120,PIK3CA,5.0
42642645,NIM1,5.0
16725726,DCAMKL1,5.619788758288394
176155,CDK9,5.0
11427553,BRAF(V600E),5.0
11626560,RIPK1,5.795880017344075
208908,CDK7,5.0
176155,CASK,5.0
11485656,JAK3(JH1domain-catalytic),5.0
10138260,ERBB4,5.0
4908365,PKN2,5.327902142064283
11717001,RAF1,8.18045606445813
9884685,MERTK,5.0
11234052,PRKX,5.0
10138260,EGFR(L747E749del),5.0
9933475,FLT3(N841I),5.0
16038120,NIM1,5.585026652029182
11427553,AXL,6.744727494896694
11717001,PKNB(Mtuberculosis),5.0
4908365,RIPK1,6.619788758288394
3081361,STK35,7.251811972993799
176167,TGFBR1,5.0
11717001,EGFR(L747T751del),5.0
16038120,TNIK,5.920818753952375
16725726,ERN1,5.0
10184653,CAMK2A,5.0
16725726,FAK,5.0
11364421,PDGFRB,5.0
16038120,BIKE,5.721246399047171
6918454,DYRK1B,5.0
151194,TNIK,5.0
10138260,MYO3A,5.853871964321762
9809715,EPHB1,6.259637310505756
11485656,WEE1,5.0
16722836,MEK4,5.00436480540245
11656518,DDR2,6.017728766960432
11364421,AXL,5.0
11485656,EGFR(G719C),5.187086643357144
11984591,CHEK1,5.6020599913279625
16725726,RIOK2,5.0
176155,LATS2,5.0
11234052,CDKL5,5.0
6450551,EPHB4,5.0
176167,ERK5,5.0
3025986,DCAMKL2,6.0
11485656,HCK,5.0
16007391,KIT(V559D),7.823908740944319
24889392,EGFR(G719C),5.0
4908365,RPS6KA5(KinDom.2-C-terminal),5.0
10461815,AKT3,5.0
10184653,YANK3,5.0
10113978,IGF1R,5.0
11314340,STK16,5.0
9884685,BRAF,5.537602002101044
11427553,EPHB3,5.0
9915743,GCN2(KinDom2S808G),7.017728766960432
9915743,DDR2,5.0
16007391,AURKC,8.356547323513812
10113978,MST3,5.0
6918454,GRK1,5.0
9809715,JAK1(JH1domain-catalytic),5.6020599913279625
208908,CDK4-cyclinD3,5.0
151194,PKN2,5.0
9915743,TYRO3,5.0
6918454,PIK3CA(C420R),5.0
11617559,EGFR(L747T751del),5.0
10138260,YANK1,5.0
9884685,PIK3CA(E545K),8.823908740944319
16725726,MAP4K3,5.0
16038120,MERTK,7.721246399047171
9915743,CASK,5.0
24889392,ROCK2,5.0
9809715,ACVR2A,5.0
16038120,MYO3A,7.173925197299174
176167,EGFR(G719S),5.0
3062316,INSRR,5.0
6450551,AXL,6.376750709602099
10113978,DRAK2,5.0
3025986,PIK3C2B,5.0
208908,VEGFR2,5.0
176155,CLK4,5.0
10138260,TAOK2,5.0
176167,MINK,5.455931955649724
24889392,SNRK,5.0
10138260,RET(V804M),7.853871964321762
11314340,PIK3CA(M1043I),5.0
3062316,FER,5.0
11314340,ROCK1,7.431798275933005
10184653,RAF1,5.0
11485656,CAMK1,5.0
10461815,TRKC,6.031517051446065
3062316,PFTK1,5.0
11364421,RSK4(KinDom.2-C-terminal),5.886056647693163
24180719,CAMK2G,5.0
11314340,FGFR3(G697C),5.0
24889392,CDK11,5.0
11626560,RIOK3,5.3979400086720375
156422,DAPK2,5.0
5287969,PKAC-alpha,5.0
10113978,SRPK2,5.0
24889392,MKNK1,5.0
11234052,JNK3,5.0
11656518,DYRK2,5.0
11717001,FLT3,5.0
4908365,STK16,7.744727494896694
10113978,RPS6KA5(KinDom.2-C-terminal),5.0
9915743,RET(V804M),5.0
11984591,PAK1,6.585026652029182
5287969,ABL1(Q252H)p,5.920818753952375
11656518,MARK4,5.0
9884685,EGFR(L861Q),5.0
11364421,DCAMKL1,5.229147988357856
156422,TYRO3,5.0
16725726,PAK4,7.744727494896694
11667893,SRMS,5.0
11717001,HIPK3,5.0
9809715,STK39,6.2839966563652006
9933475,DDR2,7.318758762624413
11617559,MEK3,5.0
3081361,EPHB2,6.356547323513813
176155,DLK,5.0
11617559,MAP4K3,5.0
10184653,NIM1,5.0
6918454,MAST1,5.0
24180719,EPHB2,5.0
176167,PRKD2,5.0
208908,ABL1(H396P)p,5.0
11314340,PRKCH,8.022276394711152
5287969,CSF1R,5.552841968657781
10184653,EGFR(G719S),9.721246399047171
16725726,SRMS,5.0
16725726,LZK,5.0
24889392,NIM1,5.0
156422,ULK2,5.0
10184653,PIK3CA(M1043I),5.0
11667893,MAP3K2,5.161150909262744
10113978,ERK3,5.0
9884685,EGFR(L747E749del),5.0
11984591,PHKG2,6.026872146400302
10113978,ACVRL1,5.0
176155,DCAMKL2,5.0
11485656,CHEK1,5.0
16725726,MYLK2,5.0
9809715,EPHB6,6.853871964321762
156414,CSNK1A1L,5.0
208908,MEK1,5.0
11656518,EPHB3,5.0
11485656,RET,7.0
156414,MEK1,5.744727494896694
176167,SRPK3,5.0
11984591,MAK,5.0
11427553,PCTK3,5.0
11485656,FLT3(D835Y),7.958607314841775
9926791,PFPK5(Pfalciparum),5.0
11617559,ULK2,5.0
16038120,PCTK3,5.0
10184653,EGFR(L747E749del),9.853871964321762
10184653,TLK1,5.0
16038120,MYLK2,5.0
16007391,AURKB,8.337242168318426
24889392,CDKL5,5.0
6918454,WEE1,5.0
3062316,CAMK2B,5.0
9884685,PRKX,5.0
9926791,INSRR,5.0
11364421,PIK4CB,5.0
156422,PKN2,5.0
176155,MAP3K15,5.0
9926791,CHEK1,5.0
9915743,PIK3CA(H1047L),5.0
10461815,SRMS,5.0
16038120,STK35,6.585026652029182
5287969,ABL1(F317I),5.0
3025986,TAOK2,5.744727494896694
176155,MEK5,5.853871964321762
3062316,ACVRL1,6.337242168318426
9926791,ABL1(H396P)p,5.173925197299174
10113978,FER,5.568636235841013
11364421,PRKD2,6.292429823902063
11656518,MLK3,5.022276394711152
6918454,CDK4-cyclinD3,5.0
3025986,CDK4-cyclinD3,7.180456064458132
16725726,MLK2,5.0
3081361,PIK3CA,5.0
156414,TNIK,5.086186147616283
11717001,PIK3CA(E545K),5.0
11364421,PIK3C2B,5.0
10184653,NEK4,5.0
11234052,MAK,5.0
156414,CLK4,5.0
42642645,FLT3(D835Y),8.698970004336019
9933475,INSRR,5.0
11617559,TEC,5.0
156422,ULK1,5.0
11234052,HIPK3,5.0
11656518,CAMK2A,5.0
156422,ABL1(Q252H),6.080921907623926
11717001,PAK4,5.0
9884685,MEK4,5.0
156422,HIPK3,5.0
10113978,HUNK,5.0
11984591,MTOR,5.0
176167,FLT3,6.481486060122113
9884685,TNNI3K,5.0
9915743,MARK4,5.0
6450551,LCK,5.568636235841013
176167,AMPK-alpha1,5.0
6450551,BRAF(V600E),5.0
9915743,AAK1,5.0
208908,ASK2,5.0
11314340,CDKL2,6.154901959985743
3081361,PLK1,5.0
24889392,ABL1(H396P)p,5.0
9884685,EGFR(G719C),5.0
16722836,PIK3C2B,5.0
10113978,TNK2,5.0
5287969,HIPK3,5.366531544420414
16722836,JNK2,6.619788758288394
24889392,ERK5,5.0
11234052,PRKG2,5.0
156414,FRK,5.468521082957745
11314340,BRSK2,5.0
208908,ABL2,5.0
10461815,MAPKAPK5,5.0
11656518,PIK3CA(M1043I),5.0
11485656,AURKA,5.795880017344075
11717001,MST1R,5.0
16007391,FER,5.0
9809715,SRPK3,7.920818753952375
3025986,DDR2,5.0
9926791,MARK4,5.0
9809715,ERK5,5.6020599913279625
9933475,PFCDPK1(Pfalciparum),5.0
16038120,AAK1,6.327902142064283
5287969,IGF1R,5.0
9926054,ABL1(M351T),5.0
11364421,NDR1,5.0
42642645,AURKA,6.356547323513813
11364421,TNK2,5.0
11626560,PKAC-alpha,5.0
11364421,MELK,5.0
11717001,SRMS,5.0
3025986,MEK5,5.0
24180719,FGFR4,5.0
176167,YANK1,5.0
176167,MKNK1,5.0
16038120,JAK3(JH1domain-catalytic),7.769551078621726
176155,TRKB,5.0
11626560,JAK1(JH2domain-pseudokinase),5.0
156422,ERBB4,5.0
10184653,ABL1p,6.2441251443275085
11314340,RSK4(KinDom.2-C-terminal),5.0
24889392,FER,5.0
3062316,HUNK,5.0
6918454,FGFR3,5.0
9926791,MYLK2,5.0
3081361,RPS6KA5(KinDom.1-N-terminal),5.0
156422,SNRK,5.0
176167,EGFR(E746A750del),5.0
10138260,RIOK3,5.013228265733755
16038120,RET(M918T),6.853871964321762
11364421,ABL1(M351T),5.0
11667893,MST4,5.0
3025986,PRKCQ,5.0
9915743,JAK1(JH1domain-catalytic),5.0
10184653,CASK,5.0
11427553,PAK1,5.6777807052660805
5287969,PRKCI,5.0
3062316,CLK4,5.0
11667893,DMPK,5.0
6918454,MAK,5.0
11626560,CLK4,5.0
16007391,MKNK1,5.0
16722836,DCAMKL1,6.721246399047171
9915743,RIOK2,5.0
9915743,MLK2,5.337242168318426
4908365,MAP4K3,6.6777807052660805
11717001,PRKCH,5.0
11234052,TXK,5.0
156422,KIT,6.769551078621726
16007391,MYO3B,5.0
4908365,NLK,5.0
9933475,PRKX,5.0
11364421,AKT1,5.0
9884685,ABL1(Q252H),5.0
16007391,FGFR1,5.0
9926791,PRKCH,5.0
3081361,KIT(D816H),6.376750709602099
9809715,CASK,5.0
11626560,MST1R,7.602059991327962
11626560,JAK2(JH1domain-catalytic),6.537602002101044
9915743,DYRK1A,5.0
11485656,TRKC,6.6777807052660805
10113978,ASK2,5.0
9884685,EPHA2,5.0
208908,MAP3K2,5.0
16725726,PLK2,5.0
9809715,LIMK1,5.0
16038120,RPS6KA5(KinDom.2-C-terminal),5.0
24889392,LATS2,5.0
11427553,TRKA,6.568636235841013
11364421,PRKG2,5.0
3062316,PFCDPK1(Pfalciparum),6.1938200260161125
6450551,LATS2,5.0
16007391,MLCK,5.0
16007391,EPHB2,5.0
151194,PFTAIRE2,5.0
9926054,DMPK,5.0
24180719,MAP3K4,5.0
10138260,PLK2,5.0
11626560,LCK,7.522878745280337
11656518,CAMK2G,5.0
11717001,CDK4-cyclinD3,5.0
11364421,PIK3CA(C420R),5.0
11364421,GCN2(KinDom2S808G),5.0
16725726,LATS2,6.853871964321762
16038120,IRAK3,6.795880017344075
11485656,BRAF,5.0
176155,RIOK2,5.0
9926054,ERK2,5.0
3062316,MELK,5.0
4908365,CDC2L5,5.0
9926054,PIK3CD,5.0
11485656,ABL1(Q252H)p,5.0
10184653,PRKCH,5.0
24889392,PYK2,5.0
4908365,PFTAIRE2,5.0
11626560,SgK110,6.619788758288394
6918454,AKT3,5.0
9926791,ABL1(M351T),5.0
3025986,ERK3,6.301029995663981
10138260,HIPK1,6.013228265733755
11717001,EGFR(L861Q),5.0
16038120,MEK4,6.823908740944319
11314340,JAK3(JH1domain-catalytic),5.823908740944319
5287969,DAPK1,5.0
11626560,FGFR1,5.0
16722836,EGFR(L861Q),5.236572006437063
9915743,MEK1,7.853871964321762
16725726,AKT2,8.67778070526608
42642645,MYO3A,5.552841968657781
16038120,DYRK2,5.0
11234052,RPS6KA5(KinDom.1-N-terminal),5.0
9884685,HCK,5.0
10138260,JAK2(JH1domain-catalytic),5.795880017344075
10138260,MET(Y1235D),5.0
10184653,IGF1R,5.0
10113978,JNK3,5.721246399047171
11617559,FGFR3(G697C),5.0
16722836,TRKB,5.508638306165728
11485656,PDGFRA,8.3767507096021
156422,CDKL3,5.0
24180719,MARK4,5.0
9926054,NDR1,5.0
11656518,FGFR1,5.327902142064283
176155,FLT3(N841I),5.0
208908,TIE2,5.0
9926054,TAOK1,5.0
11314340,TYRO3,5.0
11656518,CDK7,5.0
9926054,MAP4K3,5.0
3062316,PLK1,5.0
3081361,PLK2,5.0
11234052,PIK3CA(Q546K),5.0
42642645,RET(M918T),9.173925197299171
11427553,KIT(D816H),6.619788758288394
11717001,NIM1,5.0
4908365,MEK5,7.00436480540245
11485656,LATS2,5.769551078621726
10138260,STK36,5.0
24180719,GCN2(KinDom2S808G),5.886056647693163
11314340,FGR,5.0
16722836,RET(V804L),7.1487416512809245
3025986,CDK8,5.920818753952375
156414,EPHB2,5.568636235841013
11617559,SRPK3,5.0
10138260,MEK5,7.1249387366083
9809715,AURKA,5.0
156422,ACVR2B,5.0
3081361,RSK4(KinDom.2-C-terminal),6.619788758288394
24889392,HCK,5.0
9926791,TAOK2,5.0
16725726,BIKE,5.0
9933475,TXK,5.0
10113978,FGFR1,6.00436480540245
9809715,ROCK2,5.0
3081361,CLK4,5.0
9926791,CASK,5.0
9915743,CAMK2B,5.0
10184653,JAK2(JH1domain-catalytic),5.0
9915743,TBK1,5.0
11656518,MST4,5.0
9926791,MST1R,5.0
11667893,MLK1,5.0
11485656,PKN2,5.0
11314340,SRMS,5.0
11427553,SLK,7.886056647693163
24180719,ABL1(M351T),5.585026652029182
176155,IRAK3,5.0
16038120,PRKG2,6.619788758288394
9933475,RPS6KA5(KinDom.1-N-terminal),5.0
9884685,YANK1,5.0
11984591,PFTAIRE2,5.0
5287969,CDKL2,5.0
11364421,ERK4,5.0
16722836,FGFR2,6.327902142064283
9809715,MARK3,6.113509274827519
16722836,CSNK1A1L,5.0
6450551,MET(Y1235D),6.00436480540245
11314340,FGFR4,5.0
9926791,TNIK,5.0
11427553,EGFR,5.0
9809715,ERN1,5.698970004336019
9809715,HCK,5.275724130399211
16007391,TNNI3K,5.0
9809715,RET(M918T),7.522878745280337
4908365,MAP4K5,6.443697499232713
9884685,STK35,5.0
3062316,MAP3K4,6.508638306165728
11314340,TNIK,6.853871964321762
9933475,PLK1,5.0
3025986,PKNB(Mtuberculosis),5.0
11485656,TYRO3,5.0
16722836,KIT(V559D),7.236572006437063
10461815,MAK,6.050609993355088
10184653,SRMS,5.0
16722836,NDR1,5.236572006437063
176155,ULK2,5.0
9809715,MAP4K5,6.4089353929735005
176167,CDK11,5.0
156414,VEGFR2,5.0
9926791,ROCK1,6.327902142064283
5287969,NIM1,5.0
9884685,ABL1(M351T),5.0
11667893,TNIK,5.0
11667893,PYK2,5.0
9884685,NEK4,5.0
3081361,KIT,6.585026652029182
176167,MAP4K2,5.0
16722836,TLK2,5.698970004336019
11667893,SNRK,5.0
11656518,MYLK2,5.0
16038120,EPHA6,6.920818753952375
11626560,FLT3,6.070581074285707
176155,PRKD1,5.0
9926791,MINK,5.0
16038120,SIK,7.823908740944319
10113978,STK33,5.0
11234052,TRKC,5.0
176167,TXK,5.0
11717001,MERTK,5.0
3081361,ULK2,5.0
4908365,EGFR(G719S),5.0
16007391,RIPK1,5.0
4908365,MLK3,5.0
156414,CSNK1A1,5.0
6918454,PIM2,5.0
3062316,FGR,9.30102999566398
176155,MTOR,5.0
16007391,YANK2,5.0
9926054,CAMK1D,5.0
10138260,PRKCH,5.0
9933475,TLK1,5.0
11314340,RET,5.0
3025986,PFTAIRE2,6.130768280269024
11314340,PYK2,5.0
24889392,EGFR(E746A750del),5.0
10184653,AKT1,5.0
9884685,MYO3B,5.0
16007391,RET(V804M),6.619788758288394
6918454,EGFR(G719S),5.0
16722836,MEK2,5.508638306165728
11984591,STK39,5.0
176155,MYLK,5.0
11617559,CDK8,5.0
11656518,MKNK1,5.0
11427553,ROS1,5.0
156422,CAMK2A,5.0
16007391,MYLK2,5.0
11667893,PIK3CA(Q546K),5.0
11485656,NEK1,5.0
11234052,BIKE,5.0
10461815,PRKCQ,5.0
176155,JAK1(JH1domain-catalytic),5.0
11667893,MET,5.0
42642645,ERK1,5.0
11485656,NLK,5.0
6918454,NIM1,5.0
5287969,EGFR(E746A750del),5.920818753952375
11984591,TLK2,6.42021640338319
42642645,PKAC-alpha,5.0
9915743,SRMS,5.0
6450551,MAP4K3,5.920818753952375
3062316,PFPK5(Pfalciparum),5.0
16038120,ERK1,6.366531544420414
11626560,PAK4,5.0
24180719,PIK3CA,5.0
176155,EPHB4,5.0
11626560,ABL2,6.337242168318426
151194,KIT(D816H),5.0
156422,ANKK1,6.0
10461815,CAMK2G,5.698970004336019
3081361,MST4,5.0
3025986,PIM2,5.0
9933475,PIK3CA,5.0
9809715,INSRR,7.67778070526608
16722836,ABL1(F317I),5.6777807052660805
156422,PIK4CB,5.0
16038120,MINK,6.481486060122113
156414,PIK3CA(M1043I),5.0
11667893,WEE1,5.0
16007391,LZK,5.0
11717001,TIE2,5.0
151194,EPHB4,5.0
9809715,MLK2,5.638272163982407
6450551,EGFR,5.0
9926791,PIK3CA(C420R),5.0
9926054,ABL1(H396P)p,5.0
5287969,LZK,5.0
11234052,PHKG2,5.0
10113978,MAP3K4,5.0
11314340,LZK,5.0
3062316,MST3,5.0
24889392,PIK4CB,5.0
11717001,BMPR2,5.0
5287969,FGFR1,5.0
156422,AKT3,5.0
24889392,CAMK2G,5.0
11667893,ABL1(H396P)p,5.0
156422,MINK,6.508638306165728
3062316,MLK3,5.0
6918454,PRKCQ,5.0
11667893,MAP4K3,5.0
10113978,PLK2,5.0
9926054,PFTAIRE2,5.0
10184653,PIM2,5.0
24889392,MEK5,5.0
11485656,p38-gamma,5.698970004336019
10138260,MAPKAPK5,5.552841968657781
11314340,CSNK2A2,5.42021640338319
16038120,EPHB2,5.823908740944319
156422,FGFR3(G697C),5.0
24889392,CDKL2,5.0
208908,ACVR2B,5.0
5287969,MET,5.0
6918454,KIT(D816H),5.0
10138260,EGFR(L747T751del),5.0
10113978,CSNK1A1L,5.0
10138260,TAOK1,5.920818753952375
16722836,ABL2,6.2441251443275085
176155,FGFR1,5.0
42642645,PIK4CB,5.0
11364421,ABL1(H396P)p,5.585026652029182
11717001,MLCK,5.0
11617559,DYRK1B,5.0
11234052,MINK,6.508638306165728
24180719,FAK,5.0
6450551,NEK6,5.0
4908365,LRRK2(G2019S),6.431798275933005
11667893,CDKL2,5.0
3062316,RPS6KA5(KinDom.1-N-terminal),5.0
11984591,MLCK,5.0
16038120,ASK2,5.744727494896694
5287969,RSK3(KinDom.1-N-terminal),5.366531544420414
176155,MST1R,5.0
6450551,TRKA,5.744727494896694
9809715,MAST1,5.337242168318426
16725726,TAOK1,6.2076083105017466
11234052,TESK1,5.0
208908,DCAMKL2,5.0
16725726,PRKCQ,7.795880017344075
9884685,PAK1,5.0
208908,NEK7,5.0
11234052,TNIK,6.795880017344075
208908,STK35,5.0
9915743,FLT3(N841I),5.1938200260161125
208908,CAMK2B,5.0
11717001,KIT(D816V),5.0
156414,MLK3,5.0
24889392,PRKG2,5.0
9884685,TNIK,5.0
10138260,MAP4K5,6.522878745280337
9926054,EGFR(G719S),5.0
151194,ACVR2A,5.0
16722836,ABL1p,7.356547323513813
9933475,CAMK2B,5.0
11626560,ACVR2A,5.0
16722836,BRAF,5.008773924307505
10461815,CHEK1,5.0
16007391,JAK2(JH1domain-catalytic),5.0
156422,PIK3CA(M1043I),5.0
11667893,PLK1,5.0
3062316,CAMK1G,5.0
11485656,TNIK,5.552841968657781
156422,PHKG2,5.0
9926791,SLK,5.0
156422,LTK,5.853871964321762
3025986,ERN1,5.0
3025986,CSNK1A1,6.0
10461815,IGF1R,5.0
6918454,AURKC,5.744727494896694
10461815,JAK1(JH1domain-catalytic),5.0
9926791,MLK1,5.0
9926054,CDC2L5,6.096910013008056
156422,MEK1,5.0
4908365,BIKE,6.853871964321762
16038120,RSK4(KinDom.2-C-terminal),6.795880017344075
9809715,CAMK2D,5.0
156422,MUSK,5.721246399047171
3081361,RIPK1,5.0
9809715,IRAK3,5.275724130399211
9884685,LTK,5.0
11717001,JNK2,5.0
9809715,MST1R,5.0
10138260,MAK,5.0
176167,CAMK1G,5.0
11485656,MKNK1,5.309803919971486
11485656,JAK1(JH2domain-pseudokinase),5.0
11314340,CDKL5,6.698970004336019
11656518,MAP4K2,5.301029995663981
11314340,MEK2,5.0
3081361,PRKD2,5.0
156414,CDK8,5.0
5287969,SRMS,5.853871964321762
24180719,JAK3(JH1domain-catalytic),5.0
11617559,YANK3,5.0
11626560,LRRK2(G2019S),5.0
208908,LIMK2,5.0
4908365,FYN,6.468521082957745
9915743,AMPK-alpha1,5.0
10113978,MKNK1,5.0
11485656,ROCK1,5.0
156414,ERK5,5.0
11364421,PFCDPK1(Pfalciparum),5.0
11717001,VEGFR2,5.0
11485656,PIK3CA(E545K),5.0
176167,INSRR,5.0
9933475,CAMK1G,5.0
5287969,ULK2,6.327902142064283
5287969,TNK2,5.0
6450551,CAMK4,5.0
3081361,FYN,6.443697499232713
3081361,FER,5.0
3025986,CLK4,6.096910013008056
9884685,NEK6,5.0
176155,STK36,5.886056647693163
10461815,EPHB4,5.0
3062316,PDGFRA,9.327902142064282
11984591,MARK3,5.721246399047171
5287969,PIK3CA(C420R),5.0
10138260,MTOR,5.0
3062316,ANKK1,5.0
11617559,DYRK2,5.0
9933475,TESK1,5.0
151194,JNK2,5.0
11717001,PIK3CA,5.0
10184653,STK16,5.0
4908365,HIPK2,5.443697499232713
16725726,NEK1,5.0
24180719,AMPK-alpha1,5.0
11667893,NEK4,5.0
208908,NEK4,5.0
11364421,FER,5.0
151194,EGFR(E746A750del),5.0
3025986,KIT,5.0
11984591,CDKL3,5.0
156414,ACVRL1,5.0
10184653,DRAK2,5.0
10184653,PIK3CA(C420R),5.0
11984591,FRK,7.167491087293763
156422,ERK3,5.0
4908365,PRKD1,6.376750709602099
11234052,TBK1,5.0
9933475,ABL1(E255K),7.187086643357144
11364421,ADCK3,5.0
9915743,MAK,5.0
11717001,RET,5.0
9884685,TGFBR1,5.0
9884685,AURKA,5.0
11626560,KIT(D816V),5.431798275933005
11667893,LIMK2,5.0
9809715,NIM1,5.0
11717001,ERBB4,5.0
16038120,GRK1,6.3872161432802645
24180719,MST3,5.0
11427553,AAK1,7.318758762624413
11656518,TESK1,5.0
9933475,ASK1,5.0
176167,ACVR2A,5.0
3081361,MAST1,5.0
11364421,MAK,5.0
11234052,AURKC,5.0
16725726,CDKL3,5.0
9809715,ABL1(M351T),7.2839966563652
9915743,HUNK,5.0
3081361,STK39,5.0
10461815,EGFR(G719S),5.0
4908365,PDGFRA,7.568636235841013
10138260,DCAMKL2,5.431798275933005
11984591,MYLK2,5.0
11626560,EGFR(L861Q),5.568636235841013
9926791,EGFR(G719S),5.0
24889392,CDKL3,5.0
11717001,ERK5,5.0
208908,MAP4K2,5.0
6918454,PFCDPK1(Pfalciparum),5.0
24889392,AMPK-alpha1,5.0
10138260,FAK,5.920818753952375
156414,PIK3CA(C420R),5.0
10113978,CDKL2,5.0
156422,MYO3B,5.0
9884685,ERN1,5.0
24889392,PDGFRB,8.113509274827518
11314340,BRAF(V600E),5.0
24889392,EGFR(L747T751del),5.0
151194,MET,5.0
11656518,ACVR2A,5.0
42642645,CSNK1A1,5.0
4908365,ERK5,5.0
16725726,DYRK1B,5.0
10138260,PFCDPK1(Pfalciparum),5.0
24889392,RET(V804L),7.886056647693163
42642645,YANK1,5.0
11984591,ERN1,5.795880017344075
9926054,KIT(D816V),5.0
6918454,CDKL3,5.0
10184653,PFPK5(Pfalciparum),5.0
11656518,TNNI3K,5.229147988357856
10461815,JAK2(JH1domain-catalytic),6.366531544420414
6918454,CAMK2B,5.0
16007391,PAK1,5.0
11656518,MTOR,5.0
16038120,INSRR,8.207608310501746
11717001,AKT1,5.0
9915743,CAMK1D,5.251811972993799
9933475,ANKK1,5.0
11485656,BRAF(V600E),5.0
42642645,PIK3CD,5.0
42642645,PKN2,5.0
10138260,FLT3,9.267606240177033
42642645,ABL1(M351T),7.443697499232713
16722836,STK36,6.060480747381382
11626560,ERK2,5.0
11485656,IRAK3,5.0
3025986,EGFR,5.0
24889392,JNK2,5.0
16725726,ROS1,5.0
11234052,SNARK,5.0
156414,DAPK1,5.0
176167,EPHA2,5.0
24180719,STK16,5.721246399047171
42642645,LATS2,5.0
10113978,CAMK2D,5.0
6450551,SLK,6.0
11314340,EPHA5,5.0
10184653,EPHA2,5.0
3025986,CDKL5,8.769551078621726
3062316,BRAF,6.301029995663981
176155,CAMK4,5.0
9926791,MAP4K2,5.318758762624413
3062316,CAMK2G,5.0
11617559,CDK11,5.0
24889392,CSNK2A2,5.0
10184653,TAOK1,5.0
10138260,TNK2,5.309803919971486
11485656,MAP3K2,5.0
16038120,PFPK5(Pfalciparum),5.0
11626560,PIM1,5.0
6450551,MLK2,5.0
11427553,MUSK,6.698970004336019
151194,TLK1,5.0
3081361,SRPK2,5.0
11984591,AAK1,6.3872161432802645
208908,ERK3,5.0
24889392,LIMK2,5.0
176167,STK39,5.0
11427553,EGFR(L747T751del),5.0
11234052,CAMK2D,5.0
16007391,NEK9,5.0
9884685,ABL1(Q252H)p,5.0
11656518,TXK,5.0
208908,PAK1,5.0
11427553,CDK9,5.0
11234052,MET(Y1235D),5.0
3062316,SgK110,5.0
11427553,AMPK-alpha1,6.366531544420414
9809715,FGFR1,7.036212172654444
16722836,CAMK2G,6.267606240177032
16722836,SRPK3,6.769551078621726
3025986,ABL1(F317I)p,5.0
156422,CAMK1,5.0
16725726,CAMK2G,5.0
11984591,DDR2,7.366531544420414
176155,PIM2,5.0
11626560,AAK1,5.638272163982407
208908,ROCK2,5.0
156422,SNARK,5.0
9809715,CSNK1A1,5.0
16722836,ABL1(F317I)p,6.251811972993799
9926791,SRMS,5.0
10184653,MYO3B,5.0
11617559,STK16,5.0
4908365,NEK9,5.0
151194,TAOK1,5.0
11234052,ERBB4,5.0
10461815,DMPK,5.0
10461815,MARK3,5.0
10184653,FAK,5.0
9884685,MELK,5.0
176167,LRRK2,5.0
11485656,EGFR(L747T751del),5.0
11984591,AURKC,7.387216143280264
4908365,EPHB6,5.958607314841775
11717001,ERN1,5.0
3081361,ICK,5.0
3081361,CDK8,5.0
16038120,JAK2(JH1domain-catalytic),7.795880017344075
3062316,MAST1,5.0
11984591,EPHA2,6.853871964321762
9884685,MST4,5.0
9926791,DCAMKL2,5.0
16038120,CSNK2A2,5.017728766960432
6918454,CAMK1D,5.0
11364421,AKT3,5.0
16725726,ROCK1,6.552841968657781
16722836,YANK2,5.0
11364421,LRRK2(G2019S),5.0
11485656,DAPK1,5.0
16007391,FLT3(D835Y),6.173925197299174
151194,AKT1,5.0
9933475,MLCK,5.0
11667893,CDK4-cyclinD3,5.0
9926054,CAMK2B,5.0
16038120,KIT(V559D),7.091514981121351
42642645,TEC,6.508638306165728
11667893,ADCK3,5.0
11234052,FGFR3(G697C),6.823908740944319
3062316,JAK2(JH1domain-catalytic),6.0
16722836,MAP4K5,5.0
11617559,PIK3CA(E545K),5.0
208908,CAMK1D,5.0
176155,PRKCI,5.0
16725726,ASK2,5.0
11984591,DCAMKL2,5.0
11626560,FRK,5.537602002101044
11617559,SRPK2,5.0
10461815,FLT3(N841I),6.327902142064283
11626560,SIK,5.0
24180719,NEK4,5.0
176155,MLK2,5.0
9933475,IGF1R,5.0
176155,ACVR2A,5.0
9926791,EGFR(L861Q),5.0
10113978,ULK1,5.0
4908365,EPHA5,5.259637310505756
176167,ULK1,5.0
10461815,TLK1,5.0
11427553,FER,5.958607314841775
16038120,PFCDPK1(Pfalciparum),6.1487416512809245
11234052,SgK110,5.0
208908,FGR,5.0
6918454,FER,5.0
24889392,MYLK,5.0
176167,HIPK3,5.0
11617559,CIT,5.0
9915743,CIT,5.0
11717001,ANKK1,5.0
5287969,PRKX,5.0
176155,PLK2,5.0
9915743,MTOR,5.0
9884685,TIE2,5.0
11314340,CDK7,7.154901959985743
176155,MST4,5.0
176155,BMX,5.0
156422,MAP3K2,5.0
9884685,NLK,5.0
11656518,TGFBR1,5.0
6450551,AKT1,5.0
10461815,MST1R,5.698970004336019
16722836,PAK1,5.508638306165728
10113978,NEK1,5.0
11717001,CSF1R,5.0
24180719,RET(V804M),5.0
9933475,ERK3,5.0
9926791,PIK3CA,5.0
16725726,YANK3,5.0
156422,RPS6KA5(KinDom.1-N-terminal),5.0
11984591,TXK,6.853871964321762
42642645,CAMK2D,5.0
9915743,CDKL5,5.0
10461815,MERTK,5.886056647693163
11364421,EPHA6,5.0
5287969,INSRR,5.0
9809715,TNNI3K,5.0
10138260,PHKG2,7.0
9809715,MST4,7.309803919971486
9926791,EPHB1,5.0
16038120,EGFR(L747E749del),7.142667503568732
11656518,LTK,5.0
11626560,PIK3CA(H1047L),5.0
9926054,IGF1R,5.0
6450551,MAK,5.0
5287969,STK36,5.0
11314340,ERK2,5.0
5287969,PIK3CA,5.0
10138260,TGFBR1,5.0
10113978,JAK1(JH2domain-pseudokinase),5.0
9915743,NIM1,5.0
42642645,CSF1R,8.744727494896694
10138260,MELK,6.468521082957745
6918454,DYRK1A,5.0
10461815,HIPK3,7.200659450546419
6450551,HIPK2,5.0
9915743,KIT(D816H),5.0
10184653,LRRK2,5.0
6918454,ABL1(M351T),5.0
151194,PFTK1,5.0
176155,MAK,5.0
11427553,CASK,5.0
10113978,ABL1(H396P)p,6.154901959985743
9926791,DMPK,5.920818753952375
11485656,FRK,6.3979400086720375
4908365,PIM1,5.638272163982407
11234052,DDR2,5.0
11984591,FER,6.886056647693163
11427553,CLK4,7.309803919971486
3081361,ABL1(M351T),7.823908740944319
11427553,PDGFRA,6.886056647693163
11364421,NLK,5.0
16007391,NEK4,5.0
11234052,MYLK,5.0
11617559,EPHA5,5.0
10138260,RSK3(KinDom.1-N-terminal),6.585026652029182
11617559,EGFR,5.0
151194,LATS2,5.0
10184653,BRAF(V600E),5.0
3025986,AAK1,5.0
16725726,ULK2,5.638272163982407
11427553,BTK,6.0
11626560,PRKG2,5.0
6918454,NDR1,5.0
11617559,LRRK2(G2019S),5.0
10461815,RSK3(KinDom.1-N-terminal),5.0
9915743,PRKCI,5.0
156414,KIT(D816V),5.4089353929735005
11314340,MAK,5.0
11234052,ICK,5.0
156414,CAMK4,5.0
10461815,ABL2,5.161150909262744
11234052,EGFR(G719C),5.522878745280337
42642645,DCAMKL2,5.0
11717001,BIKE,5.0
11364421,MAP4K2,5.0
16038120,MYLK,6.657577319177793
156414,BMPR2,5.0
11314340,PIM1,6.744727494896694
3081361,WEE1,5.0
11626560,TBK1,6.161150909262744
16007391,IRAK3,5.102372908709558
11984591,SgK110,6.721246399047171
9926791,HIPK1,5.0
11617559,RSK4(KinDom.1-N-terminal),5.0
11314340,KIT(D816H),5.366531544420414
11656518,SRPK3,5.0
9884685,PKN2,5.0
9926791,CAMK1D,5.795880017344075
9809715,EGFR(E746A750del),5.0
11626560,TIE2,6.568636235841013
16722836,TXK,5.823908740944319
11485656,ABL1(F317I),5.0
24180719,MLK2,5.0
42642645,DMPK,5.0
10184653,PRKCI,5.0
11656518,FLT3(D835Y),5.0
11617559,ASK2,5.0
9809715,DDR2,7.376750709602099
16725726,NDR1,5.0
16007391,ABL1(M351T),5.657577319177793
16725726,ACVR2A,5.0
9915743,EPHA2,5.0
11427553,ASK2,5.0
5287969,CSNK1A1L,5.619788758288394
3062316,TGFBR1,6.638272163982407
6918454,CDK7,5.0
11656518,ABL1(F317I)p,5.0
6450551,ERK3,5.0
176167,IRAK3,5.0
156422,PFPK5(Pfalciparum),5.0
11485656,MAP3K4,5.0
3081361,PRKD1,5.0
11984591,FLT3(N841I),8.823908740944319
10138260,LIMK2,5.0
16007391,MST1R,5.0
11667893,PIK4CB,5.0
9933475,PIM1,5.0
16007391,EGFR(G719C),6.920818753952375
176167,CDK7,5.585026652029182
11626560,CAMK2A,5.0
11984591,JAK1(JH1domain-catalytic),7.67778070526608
16722836,MUSK,6.096910013008056
11364421,NEK6,5.0
3081361,ABL2,7.161150909262744
151194,PIK3CA(C420R),5.0
9926054,CAMK1G,5.0
16038120,PIM1,5.0
9915743,TNNI3K,5.0
11314340,LTK,5.0
4908365,CAMK1,5.0
11234052,ERK5,5.0
10113978,EPHA5,5.0
10184653,PIM1,5.0
16038120,FRK,7.568636235841013
208908,PIM1,5.0
16007391,MAST1,5.0
11234052,p38-gamma,5.0
42642645,TNK2,6.698970004336019
5287969,MLCK,5.0
9809715,CAMK1,5.229147988357856
10184653,MEK3,5.0
9926791,RIOK2,5.0
11364421,RAF1,5.0
4908365,CDK7,5.0
4908365,PRKX,5.0
24889392,EPHB6,5.920818753952375
9809715,TGFBR1,5.376750709602099
16038120,NEK6,5.886056647693163
11667893,DCAMKL1,5.0
9915743,NEK7,5.0
156422,EGFR(G719S),5.040958607678906
9926791,FES,5.0
16038120,TNK2,8.698970004336019
9933475,AMPK-alpha1,5.0
16038120,ROS1,9.309803919971486
9884685,KIT,5.0
42642645,SRPK3,5.0
9915743,MEK3,5.0
9926054,TEC,5.0
6918454,MAP3K2,5.0
9926054,BMPR2,5.0
11427553,PIK4CB,5.0
9933475,MAP3K2,5.0
151194,DAPK2,5.0
10184653,AURKC,5.0
10184653,CHEK1,5.0
3025986,LCK,5.0
42642645,JAK1(JH1domain-catalytic),5.0
3025986,PRKD2,5.4089353929735005
151194,ULK1,5.0
16007391,ACVR2B,5.0
9926791,FYN,5.958607314841775
11626560,EGFR(E746A750del),5.0
11234052,CDKL3,5.0
16038120,TBK1,6.327902142064283
11364421,TRKB,5.0
151194,LIMK2,5.0
3081361,BRSK2,5.0
6450551,MARK3,5.0
3081361,DCAMKL2,5.0
176155,VEGFR2,5.0
16725726,ABL1(Q252H)p,5.0
11364421,CDK9,5.0
11717001,MARK4,5.0
11626560,RET(V804M),5.0
3081361,JNK2,5.0
11667893,BIKE,5.0
24889392,MEK1,5.0
9884685,MAPKAPK5,5.0
9926791,PDGFRB,5.0
3025986,CDKL2,7.387216143280264
10113978,KIT(V559D),8.638272163982407
11427553,TYRO3,5.0
16725726,EPHB3,5.0
10461815,RET(V804L),6.337242168318426
11234052,KIT,7.443697499232713
176167,RET(V804M),5.0
5287969,PLK1,5.0
4908365,PAK4,5.823908740944319
9915743,ABL1(E255K),5.0
11667893,MAST1,5.0
3025986,HIPK2,5.823908740944319
156422,DRAK2,5.0
156422,MEK3,5.0
176155,CDC2L5,5.0
156422,ERK1,5.0
9809715,PYK2,7.091514981121351
156414,AURKC,5.552841968657781
42642645,MAK,5.744727494896694
6450551,PFTK1,5.0
24180719,ABL1(Q252H),6.698970004336019
4908365,AAK1,6.2839966563652006
11314340,FES,5.0
3025986,RET(V804L),5.0
3081361,SRMS,5.721246399047171
9915743,VEGFR2,5.0
11626560,CHEK1,5.0
10461815,MKNK1,5.0
3062316,ABL1(Q252H),10.431798275933003
4908365,VEGFR2,6.337242168318426
3025986,AMPK-alpha1,5.086186147616283
3081361,MERTK,5.853871964321762
3081361,TNNI3K,5.552841968657781
11717001,RSK4(KinDom.1-N-terminal),5.0
3062316,MET(Y1235D),5.0
3081361,PAK1,5.0
156414,MELK,5.0
10184653,CDC2L5,5.0
3025986,EPHA6,5.0
11485656,RET(V804M),7.267606240177032
6450551,EPHA2,5.0
11656518,FER,5.0655015487564325
11485656,MUSK,8.0
9926054,FGFR4,5.0
10138260,MST4,6.481486060122113
5287969,ERN1,5.0
11364421,PAK1,5.0
9926054,MAP3K15,5.0
9933475,MUSK,5.0
6450551,ABL1(Q252H),6.537602002101044
3025986,MARK4,5.0
10461815,TAOK1,6.337242168318426
24180719,TAOK1,5.0
9926054,TLK2,5.0
24889392,ROCK1,5.0
3062316,ROCK2,5.0
9809715,CSF1R,7.318758762624413
24889392,LZK,5.0
11984591,EGFR(L747T751del),6.468521082957745
11717001,BMX,5.0
10138260,MET,5.0
16007391,PIM2,5.0
9809715,SLK,7.292429823902063
11656518,EPHB2,5.0
10138260,PIM1,5.0
9926054,DAPK2,5.0
24180719,MAP4K3,5.0
3025986,NEK1,5.0
11427553,MARK4,6.6777807052660805
5287969,PLK2,5.0
24889392,STK33,5.0
3025986,PAK4,5.0
16007391,GRK1,5.0
4908365,TESK1,5.0
11234052,CSF1R,5.721246399047171
9926054,MAP3K4,5.0
6450551,FYN,5.0
10138260,CAMK2D,6.119186407719209
9933475,EPHB3,5.0
11667893,EPHB1,5.0
4908365,MEK2,6.376750709602099
9809715,RIOK3,7.443697499232713
9933475,NLK,5.0
11626560,LZK,6.638272163982407
11656518,LCK,6.1938200260161125
3081361,NEK6,5.0
11626560,CSNK1A1,5.0
16725726,FGFR2,5.0
11314340,RPS6KA5(KinDom.1-N-terminal),5.0
11667893,TNNI3K,6.657577319177793
24889392,ABL1(Q252H)p,5.0
6918454,p38-gamma,5.0
151194,FGFR2,5.0
11617559,DRAK2,5.0
11617559,RET,5.0
176167,AKT3,6.0
11667893,CAMK1,5.0
11667893,ROCK1,5.0
3062316,DRAK2,5.0
156422,PYK2,6.00436480540245
176167,MEK4,5.0
11427553,BRSK2,5.920818753952375
11617559,STK33,5.0
11667893,CDK9,5.0
9933475,PKNB(Mtuberculosis),5.0
10138260,AXL,7.075720713938118
11485656,ABL1(M351T),5.0
11656518,RET(M918T),7.142667503568732
11656518,BRAF,5.920818753952375
11626560,HIPK2,5.0
10184653,SNARK,5.0
6450551,DYRK2,5.0
9926791,PIK3CA(Q546K),5.0
24889392,ERK2,5.0
16038120,FLT3(D835Y),8.698970004336019
11617559,JNK2,5.0
16038120,MKNK1,5.0
24180719,ERN1,5.0
176167,MARK4,5.0
24180719,BMX,5.0
16725726,PHKG2,5.0
10184653,CDK11,5.0
24180719,CAMK1G,5.0
3062316,CAMK2D,5.0
9926054,BRAF,5.0
9933475,FGFR3,7.638272163982407
9884685,BRAF(V600E),5.638272163982407
3081361,DLK,5.0
176167,ROCK1,5.0
4908365,ROS1,5.346787486224656
208908,TNIK,5.0
16725726,FGFR3,5.0
11617559,HUNK,5.0
176155,CHEK1,5.0
6918454,EPHB6,5.0
176167,NEK4,5.0
16007391,EPHB6,7.301029995663981
11667893,FLT3,7.1487416512809245
11984591,DYRK1A,6.585026652029182
5287969,PIK3CD,5.0
24180719,MEK2,5.958607314841775
3081361,AXL,6.6020599913279625
10138260,JAK3(JH1domain-catalytic),6.236572006437063
24889392,EPHB1,5.0
11485656,CAMK1D,5.0
156422,DYRK1A,5.0
11617559,GRK1,5.0
16725726,FRK,5.0
10461815,TLK2,5.0
3025986,SgK110,5.0
16722836,LIMK1,6.026872146400302
9926791,ABL1(E255K),5.0
24180719,ACVRL1,5.0
9933475,PIK3C2B,5.0
16007391,ANKK1,5.823908740944319
11485656,CAMK2A,5.0
3081361,RAF1,5.0
9926791,FGFR4,5.0
16007391,EPHA6,5.0
42642645,MARK3,5.0
11717001,AAK1,5.0
10184653,LTK,5.0
11617559,EPHB3,5.0
151194,TESK1,5.0
10113978,MERTK,5.481486060122113
3081361,CAMK2D,5.0
11314340,CDK11,5.886056647693163
9915743,MYO3A,5.0
10184653,MAP4K2,5.0
11485656,TGFBR1,5.0
10113978,TLK2,5.0
10113978,LCK,5.920818753952375
176155,RIPK1,5.0
9884685,EGFR(E746A750del),5.0
156422,RET,6.301029995663981
11717001,EGFR(G719C),5.0
151194,CAMK2B,5.0
11667893,MUSK,5.0
10138260,NDR1,6.154901959985743
9915743,MAP3K15,5.0
176155,ABL1(H396P)p,5.4089353929735005
11656518,PLK1,5.0
16725726,STK35,5.0
9915743,MAPKAPK5,5.0
10113978,MEK2,5.0
156422,MYLK2,5.0
6918454,ROS1,5.0
176167,ACVR2B,5.0
6450551,KIT(V559D),9.309803919971486
11364421,PLK1,9.721246399047171
11617559,ERBB4,5.0
16725726,TGFBR1,5.0
11427553,EGFR(L747E749del),5.0
156414,PIK3CA,5.0
11234052,CAMK1G,5.0
10184653,CSNK1A1,5.0
208908,STK33,5.0
11667893,SLK,5.886056647693163
11626560,NIM1,5.337242168318426
16007391,DYRK2,5.0
11314340,HUNK,5.0
42642645,ERK3,5.0
16725726,SgK110,5.0
16038120,PFTAIRE2,5.6777807052660805
208908,PIK3CA(M1043I),5.0
11364421,CAMK2B,5.376750709602099
5287969,DCAMKL2,5.0
42642645,p38-gamma,6.4089353929735005
11234052,CAMK2G,5.0
16038120,AURKB,6.823908740944319
11656518,ERK5,5.0
3081361,MAP4K2,5.795880017344075
9915743,ABL1(H396P)p,5.0
151194,EPHB1,5.0
11427553,PFPK5(Pfalciparum),5.0
9926054,RPS6KA5(KinDom.1-N-terminal),5.0
11667893,ABL1(E255K),5.0
11984591,MET(Y1235D),6.119186407719209
5287969,EPHA6,5.0
11656518,STK36,5.080921907623926
9809715,YANK1,5.0
156414,TAOK2,5.0
11364421,CSNK1A1,5.508638306165728
208908,DRAK2,5.0
11314340,PRKG2,7.721246399047171
10138260,ABL1(F317I)p,5.619788758288394
16725726,BMPR2,5.0
9933475,TAOK1,5.0
156422,TNIK,6.853871964321762
11314340,STK39,5.0
9926054,NEK6,5.0
24889392,ERN1,5.0
42642645,GRK1,5.0
24180719,ANKK1,5.0
11717001,TRKA,5.0
11984591,RSK4(KinDom.2-C-terminal),5.0
11656518,CAMK1D,5.0
16007391,CDK7,5.2076083105017466
208908,CDK8,5.0
24889392,EGFR(G719S),5.0
10461815,TNK2,5.0
176155,PIK3CA,5.0
10461815,PIK3CA(M1043I),5.0
10184653,CIT,5.537602002101044
156414,DRAK2,5.136677139879544
9915743,PIM2,5.0
16007391,TAOK2,5.0
151194,PHKG2,5.0
11617559,BMX,5.0
156414,DAPK2,5.0
176167,WEE1,5.0
9809715,LTK,6.823908740944319
208908,MYO3A,5.0
11617559,DDR2,5.0
42642645,TGFBR1,5.0
16038120,PKNB(Mtuberculosis),5.920818753952375
3062316,CAMK1,5.0
16722836,FGFR3(G697C),6.119186407719209
11314340,SNARK,5.376750709602099
11485656,DLK,5.0
11427553,RSK3(KinDom.1-N-terminal),6.2076083105017466
11717001,BRSK2,5.0
9915743,PIM1,5.0
16038120,SLK,7.67778070526608
151194,LZK,5.0
5287969,TBK1,6.327902142064283
156414,BRAF,5.0
24889392,RET(V804M),8.040958607678906
11485656,FGFR2,5.0
11617559,PKNB(Mtuberculosis),5.0
5287969,AMPK-alpha1,5.0
6918454,TEC,5.0
6918454,LTK,5.0
3025986,CAMK2B,5.0
11427553,ERK2,5.0
156414,MET,5.251811972993799
6918454,PKAC-alpha,5.0
16725726,ERBB4,5.0
11667893,STK35,5.267606240177032
10184653,TLK2,5.0
10461815,KIT(D816H),5.3979400086720375
10113978,MET,5.698970004336019
10461815,KIT(V559D),5.6020599913279625
11485656,DRAK2,5.0
10461815,PIM2,5.0
11617559,BIKE,5.0
10184653,RIOK2,5.0
11656518,PIK3C2B,5.0
9926791,NDR1,5.0
10184653,MEK4,5.0
11485656,NDR1,5.0
9926791,YANK2,5.0
11234052,HIPK2,5.0
11617559,AURKA,5.0
11667893,CAMK2A,5.0
11656518,ABL1p,5.443697499232713
11626560,ERBB4,5.0
16725726,LRRK2(G2019S),5.0
6450551,FES,5.0
156422,TAOK1,5.0
176167,SIK,5.0
11656518,SNARK,5.0
9809715,JAK2(JH1domain-catalytic),7.853871964321762
3081361,PIM1,5.0
11626560,MYO3B,5.0
10113978,TAOK1,6.619788758288394
208908,PIM2,5.0
42642645,DLK,7.657577319177794
9809715,TNIK,7.275724130399211
10461815,DAPK2,5.0
11626560,CAMK1D,5.0
11427553,ERK3,5.259637310505756
11485656,CAMK2B,5.0
9915743,EGFR(G719S),9.040958607678906
11717001,CSNK2A2,5.0
9915743,EPHA6,5.0
16038120,PIK3CA(Q546K),5.0
16007391,LRRK2(G2019S),5.0
176167,RSK4(KinDom.2-C-terminal),5.0
11656518,PYK2,5.0
176167,TRKB,5.0
3025986,STK16,5.0
11984591,MYO3A,5.0
176155,CSNK1A1L,5.769551078621726
10184653,PRKX,5.0
208908,PDGFRB,5.0
11427553,DYRK1B,6.026872146400302
208908,PRKG2,5.0
10138260,ERK1,5.0
11427553,ABL1(E255K),7.443697499232713
11656518,EPHA5,5.0
6918454,CAMK2A,5.468521082957745
176155,ERK2,5.0
10461815,FGR,5.721246399047171
9926791,CIT,5.0
9915743,ROCK2,5.0
6918454,PKNB(Mtuberculosis),5.0
16722836,CSNK2A2,6.920818753952375
176155,DCAMKL1,5.0
9926791,PRKD2,5.0
10113978,PLK1,5.0
176155,STK33,5.0
24889392,NEK9,5.0
9809715,SRPK2,7.443697499232713
24889392,ASK1,5.0
176155,AURKA,5.0
10138260,ANKK1,6.795880017344075
24180719,TRKA,5.0
11656518,EPHB6,7.366531544420414
208908,MAK,5.0
9926791,PLK1,5.0
10461815,PRKG2,5.0
11667893,VEGFR2,7.585026652029182
176155,MEK4,5.0
16725726,PDGFRB,5.4089353929735005
9884685,CDK9,5.0
9884685,MST3,5.0
11485656,MLK3,5.0
176155,EPHB3,5.0
9926791,TLK1,5.0
9933475,PIK3CA(E545K),5.0
10184653,ERK3,5.0
24180719,EGFR(L861Q),5.0
9809715,JNK3,6.568636235841013
16722836,BTK,6.070581074285707
4908365,CDK11,5.0
151194,CDC2L5,5.0
156414,ULK2,5.0
176155,RPS6KA5(KinDom.1-N-terminal),5.0
10461815,EGFR(G719C),5.0
156422,TRKC,6.721246399047171
6918454,ASK1,5.0
156422,FGFR1,5.366531544420414
11984591,ACVR2B,5.0
11314340,TAOK2,5.309803919971486
10113978,ERN1,5.0
16725726,DAPK2,5.0
24180719,CIT,5.0
176155,PIK3CA(M1043I),5.0
9915743,LRRK2(G2019S),5.0
11234052,DAPK2,5.0
176167,PRKD1,5.0
11364421,CDKL3,5.0
11626560,MLK3,5.0
11984591,CSNK1A1,5.0
3062316,CDKL2,5.0
156422,RIOK2,5.0
11314340,IGF1R,5.0
3025986,CDK9,7.119186407719209
208908,MYO3B,5.0
3081361,EPHA6,7.301029995663981
11984591,ABL1(Q252H)p,6.366531544420414
10138260,PYK2,6.221848749616356
11984591,SIK,7.275724130399211
9915743,MAP4K2,6.657577319177793
24889392,LRRK2(G2019S),5.0
5287969,TNIK,5.0
10461815,MEK1,5.958607314841775
9926054,EPHA2,5.0
3081361,TBK1,5.0
156422,BIKE,5.0
16722836,MET,5.070581074285707
3025986,SLK,5.0
24889392,FGR,5.0
5287969,CDKL3,5.0
4908365,ASK2,5.096910013008056
11427553,RAF1,5.0
9926791,LRRK2(G2019S),6.259637310505756
11656518,MARK3,5.0
5287969,RPS6KA5(KinDom.2-C-terminal),5.0
16038120,HIPK3,5.161150909262744
16725726,PYK2,5.0
11656518,ABL1(Q252H),6.356547323513813
3062316,SNARK,5.0
11626560,ABL1(H396P)p,7.060480747381382
16725726,FES,5.0
6450551,FRK,5.0
11485656,KIT,8.698970004336019
4908365,PLK2,5.0
151194,MAPKAPK5,5.0
9933475,NEK1,5.0
16725726,IRAK3,5.0
208908,MET(Y1235D),5.0
9809715,ABL1(E255K),7.200659450546419
24180719,NEK9,5.0
156414,EPHA5,5.920818753952375
9933475,PHKG2,5.0
11485656,CDK9,5.522878745280337
11984591,STK36,6.638272163982407
11427553,DAPK1,6.443697499232713
6918454,PIK3CA(H1047L),5.0
24180719,PIK4CB,5.920818753952375
6918454,KIT(D816V),5.0
11364421,LRRK2,5.0
11314340,PIM2,6.657577319177793
176167,ABL1p,5.0
42642645,HUNK,5.267606240177032
10138260,MINK,7.161150909262744
24889392,RET(M918T),8.522878745280337
11427553,ULK1,7.275724130399211
176155,ERK1,5.0
6450551,MERTK,5.494850021680094
10461815,EPHB6,5.537602002101044
3025986,PIK3CD,5.0
208908,RPS6KA5(KinDom.2-C-terminal),5.0
4908365,PIK3CA(M1043I),5.0
10461815,PAK4,5.0
151194,ROCK2,5.0
24889392,MLK3,5.0
11485656,EPHB1,6.055517327849832
11314340,BRAF,5.0
9809715,CDK4-cyclinD3,6.142667503568732
11314340,PDGFRA,5.0
9884685,CLK4,5.0
3025986,HCK,5.0
3025986,IGF1R,5.0
16722836,PFTK1,5.585026652029182
11667893,DLK,5.0
151194,JAK1(JH2domain-pseudokinase),5.0
10461815,JAK1(JH2domain-pseudokinase),5.568636235841013
176155,MLCK,5.0
3081361,ERK2,5.0
11364421,STK36,5.0
176167,JAK1(JH1domain-catalytic),5.0
11656518,AKT1,5.0
11364421,AAK1,5.552841968657781
9884685,PLK1,5.0
9933475,PRKD2,5.0
5287969,MYO3B,5.0
11656518,CDKL5,5.0
9926054,CDK8,5.0
9926791,TIE2,5.0
3081361,HIPK1,5.0
11485656,MAST1,5.0
16722836,JAK1(JH1domain-catalytic),7.744727494896694
9809715,EPHB4,5.958607314841775
24180719,TNNI3K,5.0
11427553,HIPK1,6.366531544420414
9926054,ERK5,6.2076083105017466
9884685,FLT3,5.6020599913279625
9809715,FRK,5.568636235841013
9926054,RPS6KA5(KinDom.2-C-terminal),5.0
11485656,BIKE,5.0
11667893,BRAF,6.200659450546419
11626560,ASK1,5.0
9933475,PIK3CA(M1043I),5.0
4908365,CDKL2,5.0
4908365,TIE2,5.0
11656518,RSK4(KinDom.1-N-terminal),5.0
11234052,NEK1,5.0
9933475,MST4,5.346787486224656
10461815,EGFR(L861Q),5.0
156414,TXK,6.154901959985743
11667893,STK33,5.0
9926791,RSK4(KinDom.1-N-terminal),5.0
11364421,ERK2,5.0
24889392,STK39,5.0
9933475,VEGFR2,8.958607314841775
3062316,LATS2,5.0
5287969,TGFBR1,5.0
11364421,CHEK1,5.0
3081361,CASK,5.0
6918454,EPHB3,5.0
5287969,ROS1,5.0
42642645,EPHB6,8.886056647693163
24180719,PRKG2,5.0
11626560,KIT(V559D),5.0
9884685,PYK2,5.0
16725726,AXL,5.0
3025986,ABL1(Q252H),5.0
9884685,EPHB3,5.0
11717001,ERK3,5.0
11626560,PRKD1,6.00436480540245
16038120,PKN2,6.167491087293763
156422,BRAF,5.568636235841013
11717001,MST3,5.0
24180719,CAMK1,5.721246399047171
42642645,MAP3K2,5.721246399047171
11364421,RSK3(KinDom.1-N-terminal),5.0
9926791,RSK4(KinDom.2-C-terminal),6.267606240177032
176155,RIOK3,5.0
9809715,NEK4,5.0
6450551,ASK2,5.0
11667893,FGFR1,5.2076083105017466
5287969,ABL2,5.0
10113978,ERBB4,5.0
24889392,PRKCQ,5.0
16722836,NEK9,6.823908740944319
42642645,DYRK2,5.698970004336019
24889392,PRKD2,5.0
3062316,BRSK2,5.0
11364421,TNIK,5.0
156414,TGFBR1,5.017728766960432
176155,ACVRL1,5.0
9915743,SgK110,5.0
11427553,CDKL2,5.853871964321762
11984591,PIK3CA(E545K),5.0
10138260,ABL1(F317I),5.468521082957745
6918454,MST4,5.0
11485656,MINK,5.0
16038120,FGFR3(G697C),6.920818753952375
176167,BRSK2,5.0
24180719,CDKL5,5.0
16038120,CAMK2G,6.107905397309519
42642645,NEK1,5.0
10461815,ICK,6.3979400086720375
16007391,TIE2,5.721246399047171
16722836,JAK2(JH1domain-catalytic),8.958607314841775
9933475,MAP4K5,7.0
16722836,DYRK1B,5.022276394711152
16722836,AMPK-alpha1,5.619788758288394
10113978,ABL2,5.522878745280337
10184653,JAK3(JH1domain-catalytic),5.0
11234052,PFPK5(Pfalciparum),5.0
9933475,CDK8,5.0
3062316,MLK2,5.0
10113978,RIOK3,5.0
24889392,KIT,8.318758762624412
16722836,PDGFRA,5.568636235841013
16007391,PDGFRA,7.42021640338319
11626560,TNIK,5.0
11364421,EPHA2,5.0
156414,AKT1,5.0
11617559,BRAF,5.0
11617559,ABL1(H396P)p,5.0
6918454,MELK,5.0
208908,MEK4,5.0
9884685,ASK1,5.0
3025986,SRPK2,5.0
176155,AURKB,5.0
16038120,ABL1(F317I),7.031517051446065
10113978,PRKCH,5.0
10113978,PIM2,5.0
10113978,DDR2,7.008773924307505
24180719,RIOK2,6.113509274827519
6918454,TRKC,5.0
10113978,PKN2,5.0
42642645,MST1R,8.522878745280337
156414,ASK1,5.0
156422,CSF1R,5.091514981121351
176167,MAP4K5,5.0
11427553,ABL1(F317I)p,6.275724130399211
9926791,TRKA,5.0
16007391,CHEK1,5.0
4908365,EPHB1,5.823908740944319
3062316,CASK,5.0
156414,ABL2,6.060480747381382
16722836,SLK,6.167491087293763
3081361,PRKG2,5.0
11984591,ABL1(F317I)p,5.0
9926054,PDGFRB,5.0
11485656,RPS6KA5(KinDom.1-N-terminal),5.920818753952375
9915743,EPHB3,5.0
208908,FLT3(D835Y),5.0
9926054,DYRK1A,5.0
11314340,PCTK3,5.113509274827518
11984591,ABL1(Q252H),6.200659450546419
9926054,PIK3CA(Q546K),5.0
16038120,EGFR,6.744727494896694
10113978,CAMK1G,5.431798275933005
156422,DCAMKL2,5.0
42642645,PAK1,5.0
11667893,AKT3,5.0
11626560,INSRR,6.221848749616356
3025986,GRK1,5.0
156414,ABL1(M351T),7.42021640338319
11626560,FYN,5.886056647693163
11626560,CSF1R,6.6777807052660805
6450551,BRAF,5.0
16725726,SRPK2,5.0
9915743,CAMK1,5.0
24180719,ULK1,5.0
156422,NDR1,5.0
9884685,TYRO3,5.0
3025986,TRKC,5.0
11617559,EPHA2,5.0
10138260,PIK3C2B,5.0
42642645,AURKB,7.366531544420414
3081361,CSF1R,5.920818753952375
11234052,EPHA5,5.0
16038120,FYN,5.853871964321762
9926054,YANK1,5.0
176155,NEK1,5.0
11984591,AKT3,5.0
3062316,SIK,8.4089353929735
11234052,FLT3(D835Y),5.0
11656518,MAP3K2,5.0
3062316,MYO3B,5.0
11314340,FRK,5.0
9933475,CAMK2A,5.0
16725726,PFCDPK1(Pfalciparum),5.0
24889392,AURKB,5.0
24889392,SRMS,5.0
11984591,TBK1,7.638272163982407
6918454,CHEK1,5.0
11314340,PRKCI,5.0
5287969,ACVR2B,5.619788758288394
16725726,RIPK1,5.0
10184653,MELK,5.0
11427553,TEC,5.0
11364421,ERK5,5.494850021680094
176167,TRKC,5.0
176167,PFPK5(Pfalciparum),5.0
11617559,AMPK-alpha1,5.0
11234052,GCN2(KinDom2S808G),5.0
176155,AAK1,5.0
6918454,FLT3,5.0
11617559,ACVR2A,5.0
11485656,MEK4,5.0
10113978,MAP4K5,5.522878745280337
11617559,PIK3CA,5.0
9926054,YANK3,5.0
10113978,RSK4(KinDom.2-C-terminal),5.0
10184653,MYLK,5.0
4908365,TEC,5.698970004336019
11234052,RET(M918T),6.443697499232713
3025986,CAMK1D,5.0
11984591,PIK4CB,6.031517051446065
24889392,HIPK2,5.0
9884685,RET,5.0
176155,AURKC,5.0
11667893,CHEK1,5.0
5287969,NEK7,5.0
9926054,ICK,5.0
11617559,NEK6,5.0
176167,BIKE,5.537602002101044
10113978,AKT3,5.0
16725726,FGFR3(G697C),5.0
11234052,PRKCH,5.0
16725726,EGFR(G719S),5.0
6450551,RPS6KA5(KinDom.1-N-terminal),5.0
156414,EPHB1,5.823908740944319
10113978,PRKD2,5.0
6450551,PRKX,5.0
11717001,JAK2(JH1domain-catalytic),5.0
10461815,ABL1(F317I),5.0
6918454,AAK1,5.0
16725726,DAPK1,5.522878745280337
10138260,RAF1,5.0
11314340,CASK,5.0
10113978,TAOK2,5.744727494896694
9915743,EGFR(L747E749del),9.214670164989233
3081361,FLT3(N841I),5.920818753952375
3025986,RIOK2,5.823908740944319
9933475,TYRO3,6.080921907623926
11234052,PIK3CA(E545K),5.0
9884685,MEK1,5.0
11234052,FLT3(N841I),5.0
11667893,MKNK1,5.0
11364421,STK39,5.0
16722836,TGFBR1,5.0
151194,PRKD2,5.0
9926791,LATS2,5.0
24180719,PDGFRA,6.721246399047171
6450551,ROS1,5.494850021680094
208908,HUNK,5.0
24889392,PAK1,5.0
156422,DDR2,7.481486060122113
6450551,STK33,5.0
3025986,MEK4,5.0
6918454,TBK1,5.0
11717001,MAPKAPK5,5.0
11427553,PFCDPK1(Pfalciparum),5.619788758288394
11427553,PRKX,5.920818753952375
151194,CAMK1D,5.0
11984591,SRMS,6.214670164989233
11667893,PAK1,5.0
16038120,EPHA5,5.431798275933005
24180719,INSRR,5.0
151194,EPHB2,5.0
10113978,CDKL5,5.0
9926791,ASK1,5.0
11314340,SRPK3,5.823908740944319
9884685,DYRK1A,5.0
156414,CASK,5.0
9809715,EGFR(G719S),5.0
9933475,NEK9,5.0
11717001,ABL1(Q252H)p,5.0
11314340,PIK3CA(E545K),5.0
4908365,CAMK2A,5.0
6918454,ERK2,5.0
3081361,PFPK5(Pfalciparum),5.0
16007391,CIT,5.2441251443275085
11427553,TRKC,6.6020599913279625
16725726,MAP4K5,5.0
16722836,PFTAIRE2,5.0655015487564325
9926791,ULK1,5.0
16722836,INSRR,5.795880017344075
24889392,MARK3,5.0
11485656,PIM1,5.0
11234052,TNNI3K,5.0
11667893,EPHB3,5.0
9809715,PRKCQ,5.259637310505756
16722836,FLT3,7.886056647693163
11656518,MET(Y1235D),5.853871964321762
9933475,ASK2,5.0
9884685,TNK2,5.0
11667893,RET(V804L),5.0
10113978,PIK3CA(M1043I),5.0
3062316,TLK2,5.0
16007391,CDK4-cyclinD3,5.0
16038120,EGFR(G719S),5.795880017344075
156414,EPHB3,5.0
176167,PIK3CA(C420R),5.0
11656518,CDKL3,5.0
24180719,AURKC,5.6020599913279625
10138260,RIOK2,6.853871964321762
3025986,TESK1,5.0
176155,TESK1,5.0
11717001,FAK,5.0
11717001,MST4,5.0
11364421,CIT,5.2839966563652006
24889392,JNK3,5.0
16725726,IKK-alpha,5.0
3081361,YANK1,5.301029995663981
11617559,MEK5,5.0
9933475,DYRK1B,5.0
24889392,ABL1(E255K),5.0
9926791,PKAC-alpha,5.0
9933475,EGFR(G719S),7.075720713938118
6450551,PIK3CD,5.0
156414,MARK3,5.0
151194,PRKCH,5.0
151194,PDGFRB,7.602059991327962
11656518,INSRR,5.0
11364421,EGFR(G719C),6.200659450546419
11234052,CAMK2A,5.0
16038120,FES,8.318758762624412
4908365,PIK4CB,5.0
11364421,WEE1,5.0
10461815,RIPK1,5.823908740944319
11427553,DLK,7.173925197299174
16725726,MYO3A,5.0
24889392,ICK,5.0
42642645,LZK,7.795880017344075
3025986,DMPK,5.0
6450551,CLK4,5.0
11984591,RET(V804M),8.508638306165727
176155,PIK3CD,5.0
11656518,CAMK4,5.0
9884685,TEC,5.0
11984591,ABL1(M351T),6.4089353929735005
11314340,LRRK2(G2019S),5.853871964321762
16725726,ACVR2B,5.0
176155,CAMK1D,5.0
10461815,FGFR3(G697C),5.0
9926791,MST3,5.0
151194,CDKL2,5.0
6450551,ROCK1,5.0
11717001,ULK2,5.0
156414,SRPK2,5.0
10184653,ERN1,5.0
156422,ERN1,5.0
11364421,MKNK1,5.0
11234052,HUNK,5.0
24889392,SNARK,5.0
156422,CDK9,5.0
9915743,FGFR3,5.0
156414,MST4,5.0
10184653,EGFR,9.602059991327964
9915743,CAMK2G,5.0
42642645,FLT3(N841I),8.823908740944319
9933475,RET(M918T),8.1249387366083
11717001,PYK2,5.0
10113978,FYN,5.568636235841013
24889392,MAP3K15,5.0
16722836,MLCK,5.013228265733755
11364421,TLK1,5.0
11984591,PFPK5(Pfalciparum),5.0
16007391,TXK,5.0
11656518,YANK2,5.0
176167,NEK7,5.0
11234052,TAOK2,5.0
11626560,PKN2,5.0
9933475,ABL1(Q252H),7.0
11626560,MARK4,5.0
11314340,PIK4CB,5.2839966563652006
11717001,TBK1,5.0
9926791,CLK4,5.0
11364421,KIT,5.0
9809715,AKT1,5.0
9884685,NDR1,5.0
11364421,CAMK1G,5.0
9884685,EGFR(G719S),5.0
11314340,ABL1(M351T),5.0
16038120,PRKD2,6.795880017344075
208908,KIT,5.0
11427553,FYN,6.180456064458132
3025986,STK39,5.0
16038120,RIOK2,5.0
16007391,FLT3,8.086186147616283
176155,PDGFRB,5.0
9884685,ABL1(F317I),5.0
5287969,MUSK,5.0
176155,ABL1(Q252H),5.0
9926054,PRKCQ,5.0
11626560,MKNK1,5.0
3081361,TRKB,5.0
3062316,AKT2,5.0
11656518,AURKB,5.0
208908,MELK,5.0
11617559,ICK,5.0
11617559,MELK,5.0
156414,CAMK2G,5.0
16722836,ROCK2,5.657577319177793
9884685,MLK2,5.0
208908,KIT(D816V),5.0
9915743,EGFR(L861Q),9.431798275933003
24889392,PAK4,5.0
3081361,PIK3CA(H1047L),5.0
176155,HIPK2,5.0
6450551,TIE2,6.508638306165728
9915743,PFTK1,5.0
16725726,MUSK,5.0
176155,EPHA6,5.920818753952375
11427553,ABL2,6.6020599913279625
156422,EGFR(L861Q),5.0
9809715,NEK7,5.0
3081361,DAPK2,5.0
176155,FYN,5.0
176167,PIM2,6.060480747381382
10138260,YANK2,5.0
11717001,HIPK1,5.0
11314340,EGFR(L861Q),5.0
4908365,RAF1,5.0
9915743,EPHB6,5.552841968657781
11984591,PIK3CA(C420R),5.0
11314340,TEC,5.0
10461815,CDKL2,5.619788758288394
11667893,FRK,7.00436480540245
9884685,PKNB(Mtuberculosis),5.0
6450551,MLCK,5.769551078621726
9926791,ABL1p,5.0
176167,MEK2,5.0
11667893,FLT3(N841I),5.958607314841775
151194,RSK4(KinDom.2-C-terminal),5.0
9926791,PIK3CA(E545K),5.0
11234052,MELK,5.0
5287969,BMX,5.0
11314340,MST3,5.0
11427553,NEK4,5.958607314841775
3081361,TXK,5.431798275933005
11984591,SRPK2,5.0
11617559,EPHB1,5.0
208908,CLK4,5.0
11626560,KIT,5.0
11427553,DRAK2,8.318758762624412
16007391,INSRR,5.0
9915743,FGFR2,5.0
11717001,TGFBR1,5.309803919971486
11717001,TXK,5.0
176155,MEK3,5.0
4908365,PRKCQ,5.0
42642645,FGFR1,6.161150909262744
9809715,LZK,6.853871964321762
10138260,MERTK,7.180456064458132
9915743,HIPK3,5.0
10113978,TRKA,5.0
4908365,ERN1,5.2441251443275085
11667893,BTK,5.0
9915743,EPHB1,5.0
5287969,HUNK,5.0
11427553,STK33,6.853871964321762
11314340,MLK2,5.0
10461815,EGFR(L747T751del),5.0
11626560,MAP4K5,7.102372908709558
11667893,FGFR2,5.0
10138260,PKN2,5.42021640338319
9809715,RIPK1,6.619788758288394
10461815,LZK,5.494850021680094
11427553,FGR,6.356547323513813
11667893,TLK2,5.0
11364421,ULK2,5.0
151194,RPS6KA5(KinDom.1-N-terminal),5.0
11314340,ASK1,5.0
156422,NLK,6.0
6918454,TAOK1,5.0
24889392,EPHA2,5.0
11667893,ABL2,5.346787486224656
10113978,DYRK2,5.0
16722836,BRAF(V600E),5.031517051446065
3081361,TIE2,6.0
11984591,EGFR(L861Q),6.721246399047171
6918454,ABL1(H396P)p,5.0
6450551,CSNK1A1L,5.0
6918454,TNNI3K,5.0
9809715,IGF1R,7.207608310501746
24180719,LATS2,5.0
11656518,DLK,5.0
16007391,MAP4K2,5.0
11234052,RET(V804L),5.0
11234052,EPHB6,5.853871964321762
16007391,BTK,5.920818753952375
11717001,HCK,5.0
11717001,ROS1,5.0
9915743,MEK5,7.200659450546419
176167,PRKX,5.0
16722836,RET(M918T),6.823908740944319
156422,MYLK,5.0
11656518,CAMK1G,5.0
3062316,BMPR2,5.0
24180719,ERK1,5.0
24180719,STK33,5.0
208908,EPHB2,5.0
10461815,TYRO3,5.698970004336019
16722836,EPHB3,5.0
3025986,PIK3CA(C420R),5.0
6918454,FGFR2,5.0
11364421,ROCK1,5.0
24180719,SLK,5.292429823902063
9809715,FES,5.920818753952375
10138260,RSK4(KinDom.1-N-terminal),5.508638306165728
10138260,SLK,6.337242168318426
208908,FES,5.0
11656518,CDK11,5.292429823902063
9915743,HIPK1,5.0
10113978,RIOK2,6.214670164989233
10113978,MYLK,5.0
3025986,PFTK1,6.161150909262744
42642645,PFPK5(Pfalciparum),5.0
156422,CIT,5.6777807052660805
16722836,TNIK,5.0
11234052,MUSK,5.0
24889392,TRKC,6.259637310505756
3025986,LRRK2(G2019S),5.0
156422,MARK4,5.0
156422,ABL2,5.886056647693163
176155,CSF1R,5.0
6918454,DYRK2,5.0
11427553,ABL1(Q252H)p,7.657577319177794
10184653,TRKC,5.0
16007391,MST3,5.0
9926791,AAK1,5.0
176155,MUSK,5.0
11617559,ROCK2,5.0
16722836,DYRK2,5.0
5287969,PHKG2,5.537602002101044
10113978,STK39,5.0
24889392,PIK3C2B,5.0
11717001,CDKL3,5.0
151194,RET,5.0
3025986,PIK3CA(H1047L),5.0
11667893,CDC2L5,5.0
10138260,PAK4,5.920818753952375
9884685,PFTK1,5.0
9809715,FLT3(N841I),8.585026652029182
42642645,AXL,10.031517051446064
3062316,MUSK,5.0
3062316,VEGFR2,5.537602002101044
156422,JAK1(JH2domain-pseudokinase),5.0
9884685,CDKL2,5.0
11667893,MAK,5.0
9915743,ERK2,5.0
9884685,BMX,5.0
11656518,KIT(D816H),5.060480747381382
16038120,DRAK2,5.1487416512809245
3062316,AKT3,5.0
11656518,PIK3CA(H1047L),5.0
11314340,TIE2,5.0
6450551,TRKB,5.0
3081361,MAP4K3,5.823908740944319
10461815,PRKD1,5.0
176167,DYRK1B,6.0
16007391,PIK3CD,5.0
11314340,ERBB4,5.0
10113978,HCK,5.2441251443275085
9915743,TRKA,5.0
11984591,RAF1,6.075720713938118
156422,FGFR2,5.0
3081361,NEK9,5.0
16007391,CDC2L5,5.958607314841775
10138260,MLCK,7.376750709602099
9933475,ABL1(F317I)p,5.886056647693163
16722836,AKT2,5.0
9809715,FLT3(D835Y),9.3767507096021
3025986,TXK,5.0
11617559,MARK4,5.0
16725726,RAF1,5.0
9926791,PKNB(Mtuberculosis),5.698970004336019
16007391,ASK2,5.0
11656518,PLK2,5.0
11626560,CDK11,5.0
6918454,PYK2,5.0
11485656,INSRR,5.4089353929735005
11984591,BRAF(V600E),6.42021640338319
16007391,PRKG2,5.0
151194,SNARK,5.0
10113978,PDGFRA,8.309803919971486
11667893,ACVR2B,5.0
9926791,ERK1,5.0
10138260,VEGFR2,8.638272163982407
11314340,ASK2,5.0
10113978,PIK4CB,6.017728766960432
11617559,TYRO3,5.0
151194,RIPK1,5.0
9926054,CDKL3,5.0
11656518,PIK4CB,5.0
3062316,AKT1,5.0
16722836,HIPK3,5.886056647693163
11667893,PRKCI,5.0
10184653,MLK1,5.0
11656518,KIT(D816V),5.2076083105017466
176155,MEK1,5.0
11656518,MELK,5.0
11485656,KIT(D816V),7.091514981121351
3062316,CSF1R,9.236572006437065
11485656,PDGFRB,8.721246399047171
9915743,ERK5,5.0
11234052,TGFBR1,5.0
11364421,HCK,5.0
5287969,PIK4CB,5.0
6918454,CDK9,5.0
11314340,TGFBR1,5.0
10184653,EGFR(L747T751del),9.920818753952377
10138260,MLK3,5.769551078621726
11667893,TNK2,5.0
176167,ABL1(F317I)p,5.0
4908365,DAPK1,5.301029995663981
11626560,EPHA5,6.0
11234052,MTOR,5.0
11617559,PRKX,5.0
11667893,RET,7.853871964321762
3062316,PKAC-alpha,5.0
11314340,MAP4K2,5.721246399047171
24180719,EPHB1,5.0
10461815,RAF1,5.0
24180719,STK39,5.0
5287969,BMPR2,5.0
16722836,ERK3,5.920818753952375
10184653,CSNK1A1L,5.0
5287969,PRKCQ,6.455931955649724
10461815,DLK,6.173925197299174
3062316,RET(V804L),5.494850021680094
10461815,HIPK1,7.031517051446065
11364421,DLK,5.0
24889392,EGFR,5.0
11364421,KIT(V559D),5.0
11667893,DAPK1,5.0
24889392,EPHB2,5.0
9915743,PIK4CB,5.0
176155,TNNI3K,5.455931955649724
11234052,BRAF(V600E),5.0
6450551,CDK9,5.0
151194,ERK2,5.0
9926791,MAK,5.0
11364421,BIKE,5.0
9933475,CDKL2,5.0
11984591,PRKD1,5.0
176167,TIE2,5.0
176167,BRAF(V600E),5.0
9933475,PDGFRB,9.494850021680094
9933475,IRAK3,5.0
11667893,PRKX,5.0
16007391,HUNK,5.0
9884685,CAMK2B,5.0
10461815,KIT(D816V),6.229147988357856
16038120,STK36,5.853871964321762
16722836,SRPK2,7.0
9884685,SRPK2,5.0
11656518,PFPK5(Pfalciparum),5.0
10138260,PKNB(Mtuberculosis),6.494850021680094
16725726,MYO3B,5.0
9809715,PIK3CA,5.0
9933475,MLK2,5.0
6918454,MAP4K3,5.0
10138260,ABL1(H396P)p,6.251811972993799
11314340,CAMK1D,5.619788758288394
10113978,JAK2(JH1domain-catalytic),5.769551078621726
16038120,MARK3,7.920818753952375
3062316,CDK7,5.0
3081361,PDGFRB,7.055517327849832
11617559,TLK2,5.0
24889392,YANK3,5.0
16722836,ERBB4,5.698970004336019
156422,LCK,5.920818753952375
176167,EGFR,5.0
6918454,MUSK,5.0
10138260,ROCK2,6.180456064458132
3081361,SLK,7.022276394711152
9926791,TNNI3K,5.0
11314340,CAMK2B,6.013228265733755
176167,PAK4,5.0
176167,MEK1,5.0
3025986,MET(Y1235D),5.0
11667893,BRSK2,5.0
10184653,PIK3C2B,5.0
11626560,NDR1,5.0
4908365,CIT,5.0
5287969,CDK7,7.638272163982407
11656518,TAOK1,5.4089353929735005
16722836,EPHA6,5.4089353929735005
9915743,CDKL2,5.0
10113978,STK36,6.327902142064283
10138260,PFPK5(Pfalciparum),5.0
176155,FES,5.0
10184653,DYRK1B,5.552841968657781
4908365,MST3,5.6777807052660805
156414,JAK3(JH1domain-catalytic),6.200659450546419
24180719,ABL1(F317I),5.886056647693163
9926791,BRSK2,5.0
5287969,PIK3CA(Q546K),5.0
6450551,BMPR2,5.0
11427553,TIE2,5.958607314841775
5287969,MYLK,5.0
3081361,ERK4,5.0
11314340,EPHB2,5.0
9915743,PRKD2,5.958607314841775
11427553,SNARK,7.267606240177032
156422,p38-gamma,8.537602002101044
11617559,SLK,5.0
208908,PYK2,5.0
11984591,SRPK3,6.3979400086720375
16038120,CAMK2D,6.2441251443275085
156422,EGFR(L747E749del),5.275724130399211
151194,MLK3,5.0
24180719,MYO3B,5.0
16007391,RIOK3,5.0
9926791,BMX,5.0
3025986,CSNK2A2,5.0
6918454,IGF1R,5.0
176155,HUNK,5.0
11667893,YANK1,5.0
11617559,MAPKAPK5,5.0
5287969,LCK,5.0
24180719,RIPK1,5.292429823902063
9933475,JNK2,5.0
11364421,EPHB6,5.0
9926791,ABL1(F317I),5.0
10138260,CHEK1,5.920818753952375
16725726,FER,5.0
5287969,LTK,5.657577319177793
11234052,EPHA6,6.721246399047171
9884685,JNK2,5.0
11656518,JNK3,5.0
9933475,TNNI3K,5.0
11626560,BTK,5.10790539730952
176155,ROS1,5.0
9926791,DYRK2,5.0
16007391,YANK1,5.0
3062316,MAP4K2,5.886056647693163
156422,DAPK1,5.0
156414,MYO3A,5.0
24889392,NLK,5.0
9809715,ACVR2B,5.0
11617559,LCK,5.0
10113978,EGFR(E746A750del),5.0
9926054,TGFBR1,5.0
16725726,MLK1,5.0
156414,GRK1,5.0
208908,JAK1(JH1domain-catalytic),5.0
3081361,MEK2,5.958607314841775
16722836,RPS6KA5(KinDom.1-N-terminal),5.356547323513813
6918454,ROCK2,5.0
156422,JAK3(JH1domain-catalytic),5.0
16722836,ERK1,5.0
3025986,PKN2,5.0
176167,LTK,5.0
9926054,CLK4,5.0
42642645,CAMK2B,5.0
208908,EPHA6,5.0
16722836,MST3,5.0
176167,PRKCI,5.0
6450551,RIOK2,5.0
176155,AKT3,5.0
9884685,FGFR3,5.0
16725726,MARK3,5.0
208908,MEK2,5.0
9809715,HIPK1,5.886056647693163
6918454,PLK2,5.0
24180719,DDR2,5.3872161432802645
10461815,ULK1,5.698970004336019
11234052,FYN,5.0
6450551,FGFR3,6.6777807052660805
10138260,DLK,6.251811972993799
16038120,CDK4-cyclinD3,6.3979400086720375
3025986,MYLK,5.0
16007391,BRAF,5.0
3081361,p38-gamma,5.0
24180719,IRAK3,5.0
151194,AMPK-alpha1,5.0
10113978,DAPK1,5.0
24180719,PLK2,5.0
16007391,BRSK2,5.0
42642645,RIOK3,5.0
151194,ROS1,5.0
5287969,JAK1(JH2domain-pseudokinase),5.0
11656518,CDKL2,5.0
16038120,MET(Y1235D),6.744727494896694
11427553,ABL1p,7.1249387366083
11234052,MET,5.0
9809715,CDK8,5.0
4908365,AKT2,5.0
208908,MYLK,5.0
9933475,HIPK2,5.0
16725726,MEK3,5.0
10138260,ABL1(Q252H),6.060480747381382
10138260,TXK,5.0
4908365,ERBB4,5.0
9933475,CAMK1D,5.0
4908365,RIOK3,5.698970004336019
11667893,CDKL5,5.0
11667893,CIT,6.522878745280337
6450551,JNK2,5.0
9926054,EPHA5,5.0
11234052,PLK2,5.0
6918454,TLK1,5.0
11667893,BMPR2,5.0
11485656,ADCK3,5.0
10113978,ANKK1,5.0
3081361,LTK,6.259637310505756
24889392,PKAC-alpha,5.0
11427553,BRAF,5.0
176155,KIT(V559D),5.0
4908365,CASK,5.0
176155,HIPK3,5.0
176155,DRAK2,5.0
9926791,FLT3(D835Y),5.0
11364421,ERN1,5.0
16722836,TNK2,7.1938200260161125
42642645,KIT(V559D),8.67778070526608
11485656,MAK,5.0
11667893,EPHB6,5.0
11617559,ASK1,5.0
3025986,BRAF(V600E),5.795880017344075
9933475,LRRK2(G2019S),5.0
16725726,MAP3K4,5.0
16007391,ROS1,5.0
10461815,PHKG2,5.619788758288394
4908365,EPHB4,5.568636235841013
9926054,NEK7,5.0
9926791,LTK,5.0
10184653,PIK3CA(Q546K),5.0
42642645,IRAK3,6.431798275933005
176155,KIT(D816V),5.0
11656518,AURKA,5.0
16725726,PIK3CD,5.0
6450551,CASK,5.0
9933475,RPS6KA5(KinDom.2-C-terminal),5.0
16725726,TEC,5.0
10184653,EGFR(E746A750del),9.958607314841776
24180719,TRKB,5.0
9926791,CDK11,5.0
16722836,MARK3,6.522878745280337
11485656,PIK4CB,5.0
16725726,TRKB,5.0
208908,MTOR,5.0
9926791,JAK1(JH1domain-catalytic),8.795880017344075
6450551,LRRK2(G2019S),6.00436480540245
9809715,PDGFRB,7.823908740944319
176155,HCK,5.0
10113978,SRPK3,5.0
11984591,MKNK1,6.638272163982407
156422,MLCK,5.0
10138260,AURKC,6.091514981121351
11364421,CSNK1A1L,5.0
11617559,MEK4,5.0
156414,ERK2,5.0
9933475,EPHA2,5.0
11667893,ICK,5.0
9915743,ACVR2A,5.0
11626560,PCTK3,5.0
3081361,PKNB(Mtuberculosis),5.0
10138260,HUNK,8.431798275933005
11984591,PLK2,7.468521082957745
3062316,LRRK2(G2019S),5.0
208908,TRKB,5.0
5287969,MEK4,5.638272163982407
11364421,NIM1,6.113509274827519
11427553,CDK4-cyclinD3,6.136677139879544
6918454,PIK3CA(E545K),5.0
208908,PKNB(Mtuberculosis),5.0
16007391,AMPK-alpha1,5.0
6918454,MET(Y1235D),5.0
42642645,TAOK1,5.431798275933005
208908,EGFR(E746A750del),8.065501548756432
10461815,CIT,5.0
11984591,MLK1,8.366531544420413
11364421,INSRR,5.0
9926054,FAK,5.0
11427553,RET(M918T),7.327902142064283
9926054,RET(M918T),5.0
24889392,PRKCH,5.0
16722836,NEK6,6.920818753952375
24889392,MINK,5.0
16007391,CDK9,5.0
9933475,ROCK2,5.0
11656518,IRAK3,5.0
156414,DLK,5.0
9926791,PAK4,5.0
11617559,TRKB,7.443697499232713
11617559,MYO3B,5.0
156422,AXL,5.0
156414,ACVR2B,5.0
176155,MLK3,5.0
11617559,MST3,5.0
3025986,PKAC-alpha,5.0
9915743,TXK,5.318758762624413
16725726,TNIK,5.0
16725726,BRAF(V600E),5.0
11485656,VEGFR2,8.09151498112135
9884685,CDK7,5.142667503568732
16722836,CDKL3,5.0
156414,MEK3,5.0
11364421,TXK,5.0
11626560,YANK3,5.0
16007391,PKN2,5.0
11984591,VEGFR2,7.397940008672037
16007391,ABL1p,5.259637310505756
11314340,EPHB6,5.0
3081361,GCN2(KinDom2S808G),5.0
9926054,CSNK2A2,5.0
11667893,TIE2,5.0
10138260,TESK1,5.0
9884685,CAMK2A,5.0
11485656,MAP4K3,5.494850021680094
11617559,BRSK2,5.0
9884685,MEK3,5.0
11314340,MAP4K5,5.0
6918454,LRRK2,5.0
24889392,FGFR2,5.0
5287969,NEK6,5.0
10461815,DYRK1B,5.0
9933475,SNARK,5.0
156414,CDK7,5.0
16725726,ABL1(H396P)p,5.0
6918454,ABL2,5.0
24889392,NEK1,5.0
3081361,FES,5.0
9926791,TNK2,5.0
6450551,MEK2,5.585026652029182
176155,ABL1p,5.0
11485656,HIPK3,5.638272163982407
16722836,ACVR2B,5.0
9809715,ASK1,5.0
9809715,MEK5,8.744727494896694
10461815,FGFR1,5.0
11364421,DYRK2,5.0
9926054,FLT3(N841I),5.0
24180719,PFCDPK1(Pfalciparum),8.769551078621726
11485656,AKT1,5.0
6450551,CDC2L5,5.0
16722836,EPHA2,5.356547323513813
42642645,PDGFRA,8.346787486224656
9809715,BRSK2,5.0
11427553,EGFR(L861Q),5.0
11314340,ABL2,5.0
151194,PIK3CA(M1043I),5.0
10113978,CDK9,5.0
11984591,EGFR(G719S),5.0
11656518,JAK2(JH1domain-catalytic),5.0
11984591,DYRK2,6.327902142064283
11626560,EGFR(L747T751del),5.0
3081361,EPHA2,5.958607314841775
11717001,EPHB1,5.0
156414,JAK1(JH1domain-catalytic),5.0
151194,PLK1,5.0
176155,BMPR2,5.0
24180719,DLK,5.0
11485656,KIT(D816H),5.958607314841775
3081361,AKT3,5.0
6918454,ADCK3,5.0
3081361,GRK1,5.0
16038120,AKT1,5.0
11234052,NEK7,5.0
156422,PDGFRA,5.920818753952375
16038120,PIM2,5.0
11617559,MET,5.0
11427553,HIPK2,6.522878745280337
5287969,RIPK1,5.0
11626560,YANK1,5.0
24180719,HCK,5.568636235841013
11427553,ABL1(H396P)p,7.619788758288394
16722836,JAK1(JH2domain-pseudokinase),5.698970004336019
176167,PRKCH,7.337242168318426
9926054,SRPK2,5.0
11667893,MYO3B,5.0
11485656,HIPK1,5.0
16722836,LATS2,5.096910013008056
11364421,RPS6KA5(KinDom.1-N-terminal),5.0
11234052,TLK2,5.0
3081361,EGFR(E746A750del),8.318758762624412
11314340,MAP3K4,5.0
16725726,PIM1,6.026872146400302
10138260,ERK4,5.0
3081361,PIK3CD,5.0
10113978,MAP3K15,5.0
208908,RIPK1,5.0
11617559,CAMK4,5.0
3081361,JAK1(JH2domain-pseudokinase),5.0
24889392,AKT2,5.0
11717001,DAPK1,5.0
10138260,CSNK1A1L,5.823908740944319
11656518,NEK7,5.0
176155,TAOK1,5.0
9933475,RSK3(KinDom.1-N-terminal),5.0
151194,STK39,5.0
6450551,EPHB2,5.0
11717001,AXL,5.0
9884685,TBK1,5.0
11656518,JAK3(JH1domain-catalytic),5.0
24889392,ERK1,5.0
11984591,RIPK1,5.0
3081361,MYLK,5.0
176155,TIE2,5.0
10184653,AKT3,5.0
9933475,AKT3,5.0
208908,CDKL5,5.0
151194,ULK2,5.0
6918454,ACVR2A,5.0
10461815,TAOK2,5.920818753952375
5287969,ROCK2,5.823908740944319
9926054,PRKG2,5.0
176155,NEK6,5.0
156414,RSK4(KinDom.1-N-terminal),5.0
11314340,KIT(D816V),6.0
9915743,ABL1(M351T),5.0
10461815,TEC,5.0
176155,MYO3B,5.0
6918454,AKT1,5.0
11364421,RET(V804M),5.0
9915743,JAK1(JH2domain-pseudokinase),5.0
9926054,PRKD1,5.337242168318426
11626560,LIMK2,6.161150909262744
11364421,PRKX,5.0
42642645,TRKC,8.468521082957745
11427553,SIK,6.173925197299174
16038120,TYRO3,5.142667503568732
156422,STK39,5.0
10184653,MST3,5.0
11717001,MLK2,5.0
9926791,EGFR(L747T751del),5.0
156414,MAP4K3,5.0
10113978,ABL1(Q252H),6.275724130399211
11234052,BRSK2,5.0
208908,LATS2,5.0
11626560,PIK3CA(M1043I),5.0
24889392,EPHA6,5.040958607678906
24180719,PRKD2,5.0
9926791,PIK4CB,5.0
208908,EPHB3,5.0
176155,RPS6KA5(KinDom.2-C-terminal),5.0
6918454,ACVR2B,5.0
11626560,MAK,5.0
11626560,PIK3CD,5.0
9926054,TNK2,5.0
9926054,PKNB(Mtuberculosis),5.619788758288394
16038120,NEK7,5.638272163982407
11314340,CSNK1A1,5.6777807052660805
10461815,FLT3(D835Y),7.017728766960432
9926791,CSF1R,5.0
6450551,ANKK1,5.443697499232713
4908365,CDKL5,5.0
11617559,FGFR2,5.0
16725726,ULK1,5.229147988357856
11984591,PRKCQ,5.0
4908365,NDR1,5.0
9809715,MKNK1,5.0
16038120,RIPK1,5.0
11364421,STK16,5.958607314841775
16722836,ABL1(E255K),7.397940008672037
176167,MAPKAPK5,5.0
6450551,ERK5,5.0
156414,BRSK2,5.0
11485656,CLK4,5.795880017344075
151194,BRSK2,5.0
6918454,SIK,5.0
176167,CIT,5.0
3025986,AURKB,5.0
16007391,FES,5.0
16725726,JAK2(JH1domain-catalytic),5.0
9926791,EPHB6,5.0
9933475,PRKCQ,5.0
16007391,TESK1,5.0
9915743,SLK,7.180456064458132
6918454,FLT3(N841I),5.0
11364421,TEC,5.0
11656518,TAOK2,6.853871964321762
16722836,AKT3,5.0
9884685,LATS2,5.0
11485656,SRMS,5.0
10184653,TRKA,5.0
24889392,MAP4K5,6.356547323513813
176167,ULK2,5.0
11314340,CLK4,9.275724130399212
6450551,CDKL5,5.0
24180719,ERK2,5.0
11617559,ABL1(M351T),5.0
11656518,ACVR2B,5.0
24889392,CAMK2A,5.0
16725726,PIK3CA(E545K),5.0
11485656,BMPR2,5.10790539730952
11314340,NEK9,5.0
6450551,CAMK2A,5.0
9809715,DCAMKL1,6.267606240177032
208908,CIT,5.0
11667893,MAP3K4,5.0
11234052,MLCK,5.0
10184653,HIPK3,5.0
11984591,FLT3,9.148741651280924
176167,PAK1,5.0
11626560,PYK2,6.721246399047171
11667893,DYRK1B,5.0
16007391,ROCK1,5.0
5287969,MEK2,5.0
6450551,EPHA6,5.0
16722836,CDK4-cyclinD3,6.060480747381382
11234052,ADCK3,5.0
5287969,CAMK1,5.0
9915743,RET(M918T),5.0
16725726,CAMK1D,5.6020599913279625
10113978,KIT(D816V),6.301029995663981
208908,SIK,5.0
11427553,EPHB1,5.6020599913279625
9915743,MYLK2,5.0
11234052,KIT(D816V),5.3979400086720375
24180719,MYLK2,5.0
24180719,PAK4,5.0
10138260,ASK1,5.0
9915743,LIMK2,5.0
10138260,PIK3CA(E545K),5.0
9809715,ERBB4,5.0
16725726,TXK,5.0
151194,TLK2,5.0
11314340,STK35,5.0
11984591,JNK3,7.431798275933005
5287969,BIKE,5.0
9884685,FGFR2,5.0
151194,STK35,5.0
9926054,AURKB,5.0
16725726,SIK,5.0
11234052,PIK3C2B,5.0
10184653,p38-gamma,5.0
9884685,CDKL5,5.0
6450551,RIPK1,5.6020599913279625
16725726,CAMK2D,5.0
5287969,FER,5.0
11984591,CSF1R,7.508638306165728
11617559,MLK3,5.0
9809715,CDKL5,5.0
156422,MST3,5.0
151194,YANK3,5.0
10184653,PRKCQ,5.0
24889392,PLK2,5.0
176167,DCAMKL2,5.0
3025986,MAP3K15,5.0
24180719,RSK4(KinDom.2-C-terminal),5.0
176167,AKT2,5.0
11717001,KIT(V559D),5.0
176155,NEK4,5.0
11234052,CDK11,5.0
11717001,TAOK2,5.0
3025986,MAP4K5,5.0
11427553,EPHA2,5.823908740944319
3062316,AAK1,5.0
10184653,AXL,5.275724130399211
16038120,PKAC-alpha,5.3979400086720375
9926791,ERBB4,5.0
11234052,VEGFR2,8.301029995663981
11364421,TGFBR1,5.0
11485656,RPS6KA5(KinDom.2-C-terminal),5.0
11314340,JNK2,5.0
11617559,TGFBR1,5.0
156414,WEE1,5.0
3062316,LRRK2,5.0
11717001,ASK1,5.0
6918454,MST1R,5.0
9926791,MAST1,5.0
9915743,JNK2,5.0
6918454,EPHB2,5.0
3062316,BIKE,5.0
24180719,MAP3K2,5.0
3081361,TAOK2,5.0
10184653,PDGFRA,5.0
16725726,ICK,5.0
10184653,BTK,5.0
10138260,ACVRL1,5.0
16725726,TESK1,5.0
176167,RAF1,5.0
176167,DAPK2,5.0
10184653,TNK2,5.0
11626560,MEK2,5.0
11667893,ABL1(Q252H)p,5.0
10184653,LCK,6.2441251443275085
11427553,CSNK1A1L,5.0
6450551,EPHB3,5.0
9933475,MTOR,5.0
11626560,AURKA,6.585026652029182
11427553,EPHA5,5.0
16007391,PIK3CA(H1047L),5.0
151194,STK36,5.0
6918454,DRAK2,5.0
11617559,LRRK2,5.0
6918454,CLK4,5.0
24889392,CAMK2B,5.0
11617559,RAF1,5.0
156414,EPHA2,5.0
11364421,DAPK1,6.267606240177032
11984591,PIK3CA(H1047L),5.0
11717001,RET(V804L),5.0
176167,LATS2,5.0
9926054,KIT,5.0
9809715,YANK2,5.0
176155,BRSK2,5.0
11617559,PRKG2,5.0
156422,WEE1,5.0
9926054,SNARK,5.0
16722836,ASK2,5.0
11626560,EGFR(L747E749del),5.0
11667893,PFTAIRE2,5.0
10461815,HUNK,5.853871964321762
9915743,ABL1(F317I)p,5.0
9926791,EGFR(L747E749del),5.0
4908365,TRKA,7.251811972993799
11667893,CDKL3,5.0
10113978,CASK,5.0
11314340,PKAC-alpha,7.251811972993799
11626560,RSK4(KinDom.1-N-terminal),5.0
11427553,YANK2,5.0
176167,FGFR2,5.0
11427553,BIKE,8.017728766960431
3081361,EPHB3,5.0
9933475,BMPR2,5.0
3025986,FGFR4,5.0
5287969,MELK,5.0
9915743,BMPR2,5.0
11485656,CAMK2G,5.0
9926791,STK35,5.0
24889392,AURKA,5.0
9933475,CAMK2D,5.0
176167,PFTAIRE2,5.309803919971486
176155,LRRK2(G2019S),5.0
3025986,DAPK1,5.0
10461815,MYO3A,5.0
24889392,FGFR1,5.0
5287969,MYLK2,5.0
3025986,RET,5.0
11617559,TESK1,5.0
9926791,FER,5.0
4908365,ABL2,5.275724130399211
11364421,MEK1,5.0
11717001,CSNK1A1,5.0
16038120,KIT(D816V),7.585026652029182
151194,EGFR,5.0
10461815,MYLK2,6.017728766960432
11617559,CAMK2A,5.0
9933475,HCK,6.229147988357856
11314340,NLK,5.0
16722836,PIM2,5.0
10138260,MST1R,5.0
10138260,PIK3CA(M1043I),5.0
24889392,TAOK1,5.0
9884685,MAP3K15,5.0
16038120,FAK,8.958607314841775
9915743,MAP4K3,8.113509274827518
9915743,MYO3B,5.0
10184653,MUSK,5.0
156414,DCAMKL1,5.0
42642645,DDR2,8.443697499232712
16007391,VEGFR2,6.301029995663981
176167,CDK8,5.0
3081361,RET(V804L),5.0
11234052,TRKB,5.0
11984591,YANK3,5.0
151194,ADCK3,5.0
11485656,FGFR3(G697C),5.0
16038120,ROCK1,7.431798275933005
10138260,EPHB1,5.366531544420414
11626560,DYRK2,5.3979400086720375
11617559,NIM1,5.0
176155,EGFR(G719C),6.1487416512809245
6450551,BRSK2,5.0
10461815,ABL1(Q252H)p,5.031517051446065
42642645,PLK2,5.0
11656518,NEK9,5.0
10138260,ABL1p,6.2076083105017466
11667893,FGFR3(G697C),5.0
11667893,AURKB,5.0
11717001,BRAF,9.721246399047171
6918454,MET,5.0
176155,AXL,5.0
9809715,PFCDPK1(Pfalciparum),5.920818753952375
11717001,IGF1R,5.0
3062316,EPHB1,9.346787486224656
176167,TLK1,6.292429823902063
11667893,CLK4,5.0
11234052,PRKD1,5.0
208908,NLK,5.0
6918454,AKT2,5.0
16007391,AKT2,5.0
24889392,HIPK1,5.0
11984591,IRAK3,7.958607314841775
11717001,BRAF(V600E),9.744727494896694
176167,MLK2,5.0
11314340,NEK1,5.0
10461815,CAMK1,5.6777807052660805
10138260,CSF1R,8.443697499232712
9926791,MLK3,5.0
16007391,ICK,5.0
11617559,STK39,5.0
16038120,TAOK1,7.602059991327962
11234052,EGFR,5.0
9884685,PFCDPK1(Pfalciparum),5.0
11984591,PRKCI,5.0
156422,CSNK2A2,5.0
11427553,CAMK1,5.853871964321762
24889392,FLT3,8.886056647693163
156422,FLT3(N841I),5.301029995663981
42642645,PCTK3,6.6020599913279625
16722836,MAP4K3,5.744727494896694
3062316,CHEK1,5.0
151194,GRK1,5.0
9926054,LIMK2,5.0
156422,MERTK,5.431798275933005
9915743,GRK1,5.0
4908365,CDK4-cyclinD3,5.0
24180719,IKK-alpha,5.0
10113978,TNNI3K,5.0
11314340,LIMK2,5.0
11617559,CSNK2A2,5.0
24180719,CDKL3,5.0
24889392,AKT1,5.0
156422,PCTK3,5.0
10138260,LRRK2,7.142667503568732
11656518,DYRK1A,5.0
9933475,PFPK5(Pfalciparum),5.0
9926054,STK33,5.0
9926054,CSF1R,5.0
11717001,PRKX,5.0
11626560,CIT,5.0
208908,JNK2,5.0
24889392,NEK7,5.0
24889392,MUSK,6.0
11427553,KIT,7.275724130399211
11485656,MEK2,5.0
11314340,CDK9,6.744727494896694
11364421,FGFR3,5.0
11364421,MAP3K2,5.0
11667893,AKT2,5.0
11314340,FYN,5.0
3081361,PFCDPK1(Pfalciparum),5.0
10184653,CAMK1G,5.0
11485656,ABL1(F317I)p,5.0
11617559,PHKG2,5.0
156422,TNNI3K,5.0
4908365,RET(V804L),8.920818753952375
16725726,PRKD2,5.0
9915743,STK35,5.346787486224656
11617559,p38-gamma,5.0
6918454,RIOK2,5.0
3062316,MAP3K2,6.853871964321762
9926054,TBK1,5.0
156422,MKNK1,5.200659450546419
24889392,FLT3(N841I),8.387216143280265
16007391,SRMS,5.102372908709558
9884685,CAMK1G,5.0
11364421,p38-gamma,5.0
24889392,MLCK,6.3872161432802645
6918454,TESK1,5.0
9809715,HUNK,5.0
3081361,ASK1,5.0
11485656,ANKK1,5.0
11626560,CAMK4,5.0
9933475,EPHB2,5.0
10138260,FER,7.468521082957745
16007391,FGR,5.0
11656518,RET,6.823908740944319
11364421,FRK,5.0
9926791,ANKK1,5.0
11234052,FAK,5.0
11717001,ERK4,5.0
11717001,TRKB,5.0
6918454,ERK5,5.0
16725726,MET,5.0
11427553,ERN1,5.455931955649724
6450551,ERK4,5.0
9933475,TRKC,5.0
9884685,TLK1,5.0
11667893,CASK,5.0
3025986,MELK,5.251811972993799
11427553,ICK,5.657577319177793
9884685,FRK,5.0
9915743,EPHA5,5.0
11314340,AURKB,5.0
11667893,ACVRL1,5.0
208908,ACVR2A,5.0
11656518,JNK2,5.0
11617559,RET(M918T),5.0
3081361,AURKB,5.0
3081361,PYK2,5.0
6918454,FGFR1,5.0
10138260,NEK7,5.494850021680094
24889392,AXL,5.0
16038120,TGFBR1,6.721246399047171
24180719,MAPKAPK5,5.0
11364421,DDR2,5.0
9933475,STK36,5.0
11717001,INSRR,5.0
3025986,EPHA5,5.0
156414,ROCK1,5.0
10138260,EPHB4,5.0
9933475,FRK,6.142667503568732
24180719,HIPK2,5.301029995663981
10113978,TYRO3,5.0
156422,PIK3CA(E545K),5.0
10138260,SRMS,7.207608310501746
9926791,TGFBR1,5.0
3062316,RAF1,6.2441251443275085
16007391,MEK3,5.0
3062316,HIPK1,5.0
11314340,MEK4,5.0
11656518,RET(V804M),7.050609993355088
176167,TBK1,5.0
3025986,DRAK2,5.0
42642645,EGFR(L747E749del),6.795880017344075
10184653,RSK4(KinDom.2-C-terminal),5.508638306165728
208908,YANK2,5.0
11656518,MAST1,5.0
4908365,MAPKAPK5,5.0
11617559,DCAMKL2,5.0
3062316,MEK4,5.0
9933475,CAMK1,5.0
9915743,CSF1R,6.173925197299174
9809715,CAMK2B,5.0
10461815,CSNK2A2,5.251811972993799
10461815,RPS6KA5(KinDom.2-C-terminal),5.958607314841775
16722836,NIM1,5.356547323513813
10184653,MAP4K5,5.0
176167,FGFR1,5.3979400086720375
11984591,MAP3K4,6.075720713938118
3025986,FGFR3(G697C),5.0
9809715,FLT3,8.42021640338319
156422,BRAF(V600E),5.0
156422,JAK2(JH1domain-catalytic),5.0
9926054,DLK,5.0
6450551,CSNK1A1,5.0
11667893,ABL1(F317I)p,5.0
10138260,NLK,5.0
3062316,FYN,9.102372908709558
11626560,PRKD2,5.0
16007391,TBK1,5.0
24180719,TIE2,5.0
176155,PIK4CB,5.0
10461815,MEK4,5.0
16038120,ERBB4,6.552841968657781
16725726,PFTK1,5.0
24180719,MEK1,6.259637310505756
11667893,ULK1,5.0
151194,BMPR2,5.0
156422,MST1R,5.0
4908365,EGFR(E746A750del),5.0
11984591,MEK5,7.387216143280264
9915743,CSNK1A1L,5.0
11617559,AKT3,5.0
3025986,MEK1,5.0
42642645,PIM1,5.0
3025986,KIT(D816H),5.0
24889392,EPHB4,5.0
24180719,MET(Y1235D),5.0
24889392,MEK2,5.0
16007391,LCK,6.42021640338319
176155,EPHA2,5.0
16007391,EGFR(E746A750del),5.0
156422,TLK1,5.0
11717001,PFTK1,5.0
9884685,ANKK1,5.0
11427553,IRAK3,6.619788758288394
9926791,PFTAIRE2,5.0
16038120,KIT(D816H),6.853871964321762
11617559,JAK1(JH1domain-catalytic),5.0
6450551,MELK,5.0
24889392,MST4,5.0
16007391,PRKD2,5.0
16725726,TAOK2,5.853871964321762
9884685,CDK11,5.0
9926054,ACVR2A,5.0
11485656,ERK1,5.0
11314340,TNK2,5.0
11626560,CAMK2D,5.0
11617559,INSRR,5.0
11617559,RIOK3,5.0
3025986,ERK1,5.0
156414,EGFR(L861Q),9.657577319177792
10184653,TESK1,5.0
9809715,TNK2,5.795880017344075
176167,JAK1(JH2domain-pseudokinase),5.0
10461815,PIK3C2B,5.0
6918454,MEK2,6.431798275933005
24180719,TLK2,5.0
4908365,ASK1,5.0
11427553,FGFR3,5.920818753952375
10113978,BMPR2,5.0
42642645,PIK3CA(C420R),5.0
9926791,SNARK,6.619788758288394
16725726,RPS6KA5(KinDom.2-C-terminal),6.795880017344075
11364421,PKNB(Mtuberculosis),5.0
9933475,ERN1,6.292429823902063
11364421,IGF1R,5.0
16007391,AURKA,6.3979400086720375
208908,STK39,5.0
10138260,SIK,5.568636235841013
9884685,HUNK,5.0
6450551,PRKD2,5.0
10461815,ROS1,5.522878745280337
24889392,EPHB3,5.0
16007391,YANK3,5.0
5287969,EPHB6,5.0
11717001,CAMK4,5.0
3062316,PIK3CA(C420R),5.0
16038120,PIK3CA(E545K),5.0
42642645,MYLK2,5.638272163982407
176167,JNK2,5.0
10113978,TNIK,6.508638306165728
176167,TLK2,5.853871964321762
9809715,MLCK,6.958607314841775
151194,ICK,5.0
24889392,BRAF,5.0
11717001,PFPK5(Pfalciparum),5.0
9809715,LIMK2,5.0
4908365,MINK,7.091514981121351
24889392,ABL1p,5.0
16007391,FYN,5.0
11234052,ABL1(Q252H)p,5.920818753952375
11984591,CAMK2B,5.0
16722836,p38-gamma,5.0
11314340,ABL1(Q252H),5.0
10184653,MAPKAPK5,5.0
11364421,ABL1(Q252H)p,5.0
10113978,MAST1,5.0
9933475,CAMK2G,5.0
16038120,MLK2,5.958607314841775
9884685,ACVRL1,5.0
208908,TEC,5.0
4908365,LIMK2,5.0
11717001,MET,5.0
16007391,CAMK2B,5.0
16038120,PYK2,8.958607314841775
11617559,CAMK1D,5.0
11626560,BMPR2,5.0
4908365,TLK1,5.0
11984591,JAK3(JH1domain-catalytic),7.443697499232713
9915743,ERK4,5.0
42642645,ABL1p,7.251811972993799
24180719,DRAK2,5.0
6450551,TNIK,6.744727494896694
16722836,DRAK2,7.346787486224656
151194,PCTK3,5.0
4908365,SRPK2,5.657577319177793
24180719,MELK,5.0
176155,MARK3,5.0
9915743,PRKD1,6.086186147616283
9926054,DDR2,5.0
11364421,MERTK,5.508638306165728
3062316,TAOK1,5.0
42642645,MAP3K4,5.721246399047171
24889392,MYLK2,5.0
10113978,EPHB3,5.0
208908,TAOK1,5.0
11234052,TRKA,5.0
3025986,AXL,5.0
6450551,JAK1(JH2domain-pseudokinase),5.0
9809715,JNK2,5.0
176167,LIMK1,5.0
3062316,DCAMKL2,5.0
24180719,PYK2,5.0
16722836,VEGFR2,5.2839966563652006
11984591,ERK2,5.0
176155,STK39,5.0
16722836,ICK,5.721246399047171
11626560,TAOK2,6.045757490560675
9926054,STK16,5.0
24180719,ABL1(H396P)p,5.301029995663981
3081361,TGFBR1,5.0
176155,NIM1,5.0
151194,AURKB,5.0
11626560,TLK1,5.0
16725726,FGFR1,5.0
5287969,RET,5.0
176155,ABL1(F317I),5.0
11984591,EPHB1,6.4089353929735005
16038120,FGR,6.920818753952375
16722836,LTK,5.200659450546419
16038120,ABL1p,6.769551078621726
176155,NEK7,5.0
3081361,STK33,5.853871964321762
156414,SgK110,5.0
10184653,PIK3CD,5.0
11717001,PLK1,5.0
176167,TNNI3K,5.0
156422,PIK3CD,5.0
156422,PRKCQ,5.0
3025986,DYRK1B,6.698970004336019
16038120,PAK4,5.698970004336019
10461815,PRKX,5.0
10138260,FRK,5.744727494896694
9933475,CAMK4,5.0
10113978,RET,6.508638306165728
10113978,MEK1,5.0
10184653,WEE1,5.0
3081361,EGFR(G719S),8.229147988357855
11717001,MEK4,5.0
11485656,DYRK2,5.0
10461815,HCK,5.0
3081361,HCK,6.443697499232713
9926791,FGFR3(G697C),5.0
11364421,IRAK3,5.0
11234052,RIOK3,5.0
6918454,JAK2(JH1domain-catalytic),5.0
176155,PKNB(Mtuberculosis),5.0
10184653,IKK-alpha,5.0
4908365,CAMK2B,5.0
6450551,STK35,5.0
10138260,JAK1(JH1domain-catalytic),5.229147988357856
6450551,CAMK1D,5.0
10138260,CAMK2A,6.455931955649724
9926054,CAMK1,5.0
3025986,p38-gamma,5.0
10113978,MELK,5.0
10184653,FGFR1,5.0
10461815,TNNI3K,5.0
16725726,ABL1(Q252H),5.0
11485656,MEK5,5.920818753952375
16007391,NEK1,5.0
3025986,FLT3(D835Y),5.522878745280337
11617559,NDR1,5.0
156414,PIM2,5.0
156414,ABL1(F317I),5.494850021680094
16007391,TRKB,5.0
11485656,TAOK1,6.494850021680094
11656518,FAK,5.0
151194,MAP4K2,5.0
4908365,TNIK,6.823908740944319
156414,JAK2(JH1domain-catalytic),5.0
156414,HIPK3,5.0
24180719,CAMK1D,5.0
10138260,DYRK2,5.886056647693163
9926054,CDKL2,5.0
156422,NEK9,5.0
4908365,DYRK1A,5.0
11617559,LZK,5.0
10184653,MTOR,5.0
10113978,YANK2,5.0
176155,PFTAIRE2,5.0
10461815,ROCK1,5.0
9933475,ACVR2A,5.0
11617559,AKT2,5.0
156422,ACVRL1,5.0
9884685,MYLK,5.823908740944319
11656518,RAF1,6.4089353929735005
24889392,DYRK2,5.0
16722836,PRKCQ,5.0
16722836,MLK2,5.161150909262744
9926791,RSK3(KinDom.1-N-terminal),5.0
3081361,STK36,5.0
176167,MET(Y1235D),5.075720713938119
11234052,MEK1,5.0
5287969,AURKA,5.0
9809715,MAP3K4,5.0
10461815,EPHA6,5.0
24889392,YANK1,5.0
11617559,HCK,5.0
24889392,LRRK2,5.0
5287969,ERK1,5.0
42642645,BRAF(V600E),5.638272163982407
11984591,PIK3CD,5.376750709602099
10113978,JAK1(JH1domain-catalytic),5.0
9926054,EGFR(L747E749del),5.0
156422,STK33,5.0
11314340,PKN2,6.229147988357856
9915743,RPS6KA5(KinDom.2-C-terminal),5.0
3025986,AKT2,5.0
11626560,PIK3C2B,5.0
156422,IRAK3,5.0
10461815,KIT,5.494850021680094
16007391,STK35,5.0
9926054,PAK1,5.0
16038120,PIK3CA(H1047L),5.0
9926054,HUNK,5.0
16725726,PLK1,5.0
16725726,ERK4,5.0
10184653,BMX,5.0
24180719,PRKX,5.0
5287969,FLT3,5.0
11485656,MST1R,5.119186407719209
6918454,NLK,5.0
16038120,ICK,5.3979400086720375
16007391,PFTAIRE2,5.0
16722836,FES,6.275724130399211
4908365,ABL1(M351T),6.638272163982407
10138260,JAK1(JH2domain-pseudokinase),7.013228265733755
6918454,BMPR2,5.0
11617559,BTK,5.0
42642645,ULK2,5.0
42642645,NDR1,5.0
11984591,BIKE,5.721246399047171
16038120,MAP3K15,6.096910013008056
11667893,FER,5.0
11626560,CDK4-cyclinD3,5.0
11656518,MERTK,5.0
11717001,CAMK2B,5.0
6918454,INSRR,5.0
10461815,FGFR2,5.2839966563652006
6450551,MYLK2,5.886056647693163
11626560,CASK,6.853871964321762
24180719,LRRK2(G2019S),5.0
6450551,CAMK1,5.0
11667893,MARK4,5.0
11234052,KIT(V559D),7.455931955649724
11626560,PFTK1,5.0
156422,CDK8,6.657577319177793
10138260,CDKL2,5.4089353929735005
11617559,FGFR1,5.0
9809715,PIK3CA(C420R),5.0
42642645,EGFR(E746A750del),6.508638306165728
9926054,RIOK3,5.0
11617559,EGFR(G719C),5.0
156422,PKAC-alpha,5.0
9915743,MINK,7.537602002101044
10461815,BRAF(V600E),5.0
10138260,DCAMKL1,6.259637310505756
11717001,IRAK3,5.0
10461815,PKN2,5.0
11667893,IKK-alpha,5.0
16722836,PKAC-alpha,5.0
6918454,NEK6,5.0
4908365,MAP3K15,5.6020599913279625
6918454,ABL1(Q252H)p,5.0
176155,EGFR(G719S),5.886056647693163
11717001,HUNK,5.0
10184653,FER,5.0
3025986,JNK2,5.0
11626560,SNARK,6.920818753952375
11485656,PIK3CA,5.0
9926054,EPHB3,5.0
10184653,EGFR(L861Q),9.638272163982409
176155,LRRK2,5.0
9884685,MAP4K2,5.0
6918454,SRPK3,5.0
6450551,MEK4,5.0
9926054,EGFR(G719C),5.0
11617559,ROS1,5.0
11626560,PFPK5(Pfalciparum),5.0
176167,MLK3,5.0
24889392,PIK3CA(C420R),5.0
11617559,EPHB4,5.0
16007391,MLK3,5.0
3025986,ERK4,5.3872161432802645
3081361,CAMK2G,5.0
3081361,SIK,5.721246399047171
16007391,PIK4CB,5.0
16725726,CSF1R,5.0
6918454,ULK1,5.0
11667893,LATS2,5.0
176167,DYRK1A,6.795880017344075
6450551,HIPK1,5.0
42642645,NLK,6.769551078621726
151194,SIK,5.0
10461815,ROCK2,5.060480747381382
16038120,NEK9,6.096910013008056
4908365,PRKG2,5.0
3081361,DYRK1B,5.0
5287969,EGFR,5.431798275933005
4908365,MET,6.173925197299174
9926791,ACVR2A,5.0
176155,ABL1(F317I)p,5.0
11984591,RET(V804L),8.657577319177793
156422,CDK7,5.508638306165728
9809715,RPS6KA5(KinDom.2-C-terminal),5.0
156414,MAP3K15,5.0
9933475,LIMK2,5.0
11656518,EGFR,5.0
10138260,DMPK,5.0
10461815,NEK6,5.0
9926791,RIPK1,5.0
11626560,TRKA,7.022276394711152
6450551,HIPK3,5.0
16725726,PKN2,5.508638306165728
3025986,ABL2,5.0
3081361,ACVR2B,5.0
11626560,MERTK,8.443697499232712
9915743,EGFR(G719C),9.431798275933003
208908,FRK,5.0
11427553,MARK3,5.886056647693163
11656518,PDGFRA,5.958607314841775
11427553,PIM1,5.0
10113978,ERK2,5.0
9926054,EGFR(L861Q),5.0
11364421,MAP3K4,5.0
11427553,TLK1,5.568636235841013
11314340,CSNK1A1L,5.337242168318426
156422,MARK3,5.0
24889392,MTOR,5.0
9926054,ASK2,5.0
5287969,BTK,5.0
16038120,FGFR2,6.6020599913279625
11427553,STK36,5.0
11617559,RIOK2,5.0
10113978,FGFR2,6.6777807052660805
9884685,KIT(V559D),5.0
9915743,EPHB4,5.0
9933475,AXL,6.309803919971486
11984591,ACVRL1,5.0
42642645,DCAMKL1,5.0
3025986,TRKA,5.0
10184653,CAMK1,5.0
10461815,YANK2,5.0
10138260,ABL1(Q252H)p,6.301029995663981
9933475,MEK3,5.0
9884685,CSNK1A1L,5.0
24889392,BRAF(V600E),5.0
11364421,ABL1(F317I)p,5.0
10184653,NEK1,5.0
151194,BRAF,5.0
4908365,CSNK1A1,5.0
10138260,TBK1,6.795880017344075
9933475,FGR,5.958607314841775
16007391,IKK-alpha,5.0
9884685,PIK3C2B,8.0
11656518,NEK1,5.0
24180719,STK36,5.537602002101044
9926054,BTK,5.0
10184653,CAMK1D,5.0
10113978,RET(V804M),5.638272163982407
16722836,TYRO3,5.0
11617559,MUSK,5.0
24180719,ABL1(F317I)p,5.301029995663981
156414,YANK3,5.0
16725726,RET(V804L),5.0
11427553,NEK6,6.920818753952375
11626560,MYO3A,5.0
3081361,ROCK1,5.0
16722836,EGFR(E746A750del),5.2076083105017466
5287969,MST4,5.0
11717001,FLT3(D835Y),5.0
11717001,MLK3,5.0
11427553,MYLK,6.130768280269024
11717001,GCN2(KinDom2S808G),5.0
11314340,FER,5.0
9926791,WEE1,5.0
11485656,IKK-alpha,5.0
11984591,TGFBR1,5.585026652029182
24180719,TGFBR1,5.0
16725726,HIPK1,6.292429823902063
42642645,ROCK1,5.0
10461815,SRPK3,5.795880017344075
24180719,ULK2,5.0
24889392,DAPK2,5.0
156414,DYRK1B,5.0
10461815,AXL,6.958607314841775
156414,ROS1,5.0
11364421,MAST1,5.0
11485656,CDKL5,5.0
11314340,INSRR,5.0
3062316,FES,5.0
11427553,TAOK1,5.744727494896694
42642645,CIT,5.494850021680094
24180719,CAMK2B,5.0
9926054,RAF1,5.0
24180719,EGFR(L747T751del),5.0
6450551,HUNK,5.823908740944319
4908365,NEK7,5.0
3081361,DCAMKL1,5.0
3081361,CDKL3,5.0
11984591,CDK4-cyclinD3,5.0
3025986,RPS6KA5(KinDom.1-N-terminal),5.045757490560675
11667893,HIPK1,5.0
5287969,MLK1,5.2441251443275085
16722836,MAK,5.0
10184653,PRKD2,5.0
9809715,AKT3,5.0
9915743,SNARK,6.853871964321762
9926054,FLT3(D835Y),5.0
11234052,MYO3B,5.0
10138260,RET(M918T),7.619788758288394
11617559,MAST1,5.0
11656518,TLK1,5.0
9915743,JAK2(JH1domain-catalytic),5.0
9933475,ULK1,5.0
42642645,PIK3CA(H1047L),5.0
42642645,ASK2,5.0
176167,SNARK,5.3872161432802645
151194,ABL1p,5.0
16722836,PKN2,5.0
42642645,CDK7,8.431798275933005
9926791,PLK2,5.0
3062316,TNNI3K,7.958607314841775
10461815,FGFR4,5.0
9809715,PIK3CA(Q546K),5.0
3081361,MYLK2,5.0
11617559,ANKK1,5.0
10461815,ASK2,5.0
9915743,PRKG2,5.0
9926791,SRPK2,5.0
6918454,PFTAIRE2,5.0
16722836,HUNK,5.0
11364421,PIK3CA(M1043I),5.0
151194,RET(M918T),5.119186407719209
6918454,ABL1(F317I)p,5.0
3025986,JAK1(JH2domain-pseudokinase),5.0
9933475,SRPK2,5.0
16722836,MYO3B,5.0
3081361,FLT3,6.070581074285707
151194,CLK4,5.0
9884685,NEK1,5.0
11617559,SNRK,5.0
10184653,MAP4K3,5.0
11427553,ERK1,5.0
11656518,LZK,5.0
11485656,PLK2,5.0
5287969,FRK,5.920818753952375
11364421,VEGFR2,5.0
11364421,SRPK3,5.0
9926054,PAK4,5.0
6450551,MAP4K2,5.886056647693163
16007391,DAPK2,5.0
11626560,SRPK3,5.086186147616283
11984591,MAST1,5.0
9809715,MEK4,5.431798275933005
10113978,FGFR3(G697C),6.2076083105017466
11485656,MTOR,5.0
5287969,CAMK2B,5.327902142064283
9884685,JAK1(JH2domain-pseudokinase),5.698970004336019
24180719,HIPK3,5.013228265733755
10184653,IRAK3,5.0
9926054,RET(V804M),5.0
42642645,NEK7,5.0
176167,MAST1,5.0
9915743,ULK1,5.0
16725726,NLK,5.468521082957745
9809715,BRAF(V600E),5.0
3081361,ULK1,5.0
24180719,CDK8,5.721246399047171
11364421,SLK,5.3872161432802645
6918454,DDR2,5.0
16722836,CASK,5.552841968657781
16038120,STK16,6.096910013008056
208908,MEK5,5.958607314841775
11667893,TLK1,5.0
208908,EGFR(G719S),8.67778070526608
16007391,MEK4,5.0
10113978,RIPK1,6.585026652029182
6918454,EPHA2,5.0
11626560,FLT3(N841I),6.0655015487564325
176167,MEK5,5.0
6918454,CSNK1A1L,5.0
11427553,STK35,6.200659450546419
10113978,CDK11,5.0
208908,NEK6,5.0
156414,STK36,5.346787486224656
11485656,ICK,5.0
9926054,LZK,5.0
11314340,AXL,5.0
11656518,PIK3CD,5.0
9933475,MEK5,5.823908740944319
11485656,PIK3CA(M1043I),5.0
156422,PIK3CA(H1047L),5.0
11617559,PLK2,5.0
24180719,LRRK2,5.0
3062316,KIT(D816V),8.585026652029182
6918454,RPS6KA5(KinDom.2-C-terminal),5.0
11617559,MAP3K2,5.0
11667893,IRAK3,5.0
11234052,EGFR(E746A750del),5.0
3081361,HIPK3,5.0
16722836,JAK3(JH1domain-catalytic),7.130768280269024
4908365,BRAF(V600E),5.0
42642645,KIT(D816V),8.017728766960431
24889392,DMPK,5.0
4908365,FLT3(D835Y),8.823908740944319
5287969,LIMK1,5.0
9926791,MAP3K2,5.0
11314340,LATS2,6.2076083105017466
6918454,TRKB,5.0
6450551,DAPK2,5.0
11314340,MARK4,5.0
6450551,ABL1p,7.443697499232713
6450551,DYRK1A,5.0
5287969,CASK,5.0
11485656,ULK2,5.0
156414,ABL1p,7.522878745280337
156414,TAOK1,5.0
6450551,PFCDPK1(Pfalciparum),5.0
3025986,MKNK1,5.42021640338319
156414,FGR,5.552841968657781
11656518,IGF1R,5.0
11364421,NEK7,5.214670164989233
11234052,AURKA,5.0
10138260,FYN,5.585026652029182
151194,FRK,5.744727494896694
10461815,EGFR(L747E749del),5.0
11314340,ABL1p,5.0
10184653,EPHB2,5.0
10113978,CDKL3,5.0
3062316,PIM1,5.0
11626560,RET(V804L),5.6777807052660805
9926054,MST1R,5.0
156422,AURKB,5.0
11984591,TEC,5.795880017344075
11717001,EGFR(E746A750del),5.0
3025986,RAF1,5.0
24889392,MST3,5.0
42642645,STK16,5.0
151194,WEE1,5.0
10113978,NEK6,5.0
11364421,FGFR4,5.0
11427553,PYK2,6.119186407719209
6918454,IKK-alpha,5.0
156414,NIM1,5.0
11234052,MEK3,5.0
176155,AMPK-alpha1,5.0
24889392,FGFR3(G697C),5.0
16007391,ERK5,5.0
16722836,RSK4(KinDom.1-N-terminal),5.0
11485656,FLT3,9.200659450546418
9809715,FER,7.136677139879544
11717001,DMPK,5.0
9926054,MET(Y1235D),5.0
10138260,CDK8,5.0
11984591,TAOK1,6.309803919971486
3081361,RIOK2,5.0
24180719,YANK1,5.0
3025986,PDGFRA,5.0
11984591,LIMK2,5.853871964321762
11984591,NEK4,5.744727494896694
11314340,ABL1(F317I)p,5.0
16722836,FER,5.958607314841775
176167,ABL1(F317I),5.0
6450551,PCTK3,5.0
11626560,EGFR,5.0
6918454,CAMK1,5.0
156414,TRKA,5.0
176155,CAMK2D,5.0
11984591,CAMK2D,5.522878745280337
156414,FGFR3(G697C),5.0
3025986,SIK,5.0
156414,TRKC,5.0
9884685,ACVR2B,5.0
176155,FRK,5.744727494896694
9933475,RSK4(KinDom.2-C-terminal),5.0
11314340,ABL1(E255K),5.0
3025986,RSK4(KinDom.1-N-terminal),5.0
9809715,RSK4(KinDom.2-C-terminal),5.0
11667893,ABL1(F317I),5.3979400086720375
10138260,DRAK2,6.494850021680094
9933475,WEE1,5.0
10461815,ACVRL1,5.0
5287969,NDR1,5.0
11364421,TBK1,5.0
6450551,SRPK3,5.638272163982407
9915743,INSRR,5.337242168318426
9915743,MAP4K5,9.187086643357144
24889392,DCAMKL1,5.0
10113978,MLCK,5.0
9926054,DCAMKL1,5.0
3081361,NIM1,5.0
24889392,RIOK3,5.0
16725726,MET(Y1235D),5.0
11617559,MAP3K4,5.0
4908365,TGFBR1,5.958607314841775
16007391,PRKCH,5.0
176167,MET,5.552841968657781
9884685,ABL1(F317I)p,5.0
11314340,PDGFRB,5.0
11314340,PFCDPK1(Pfalciparum),5.0
11485656,LCK,5.0
208908,ABL1(M351T),5.0
9926791,FGR,5.0
6918454,PRKCH,5.0
9933475,PLK2,5.0
156414,CDK9,5.0
9926791,RPS6KA5(KinDom.2-C-terminal),5.0
10184653,INSRR,5.0
151194,MST4,5.0
156414,TEC,5.823908740944319
11667893,KIT,8.431798275933005
9809715,ACVRL1,5.376750709602099
3062316,NEK7,5.0
9809715,TLK1,5.0
11667893,AAK1,5.0
6918454,MAP3K15,5.0
11717001,JAK1(JH1domain-catalytic),5.0
10184653,MAP3K4,5.0
16725726,TNK2,5.0
3062316,EPHB4,9.468521082957745
24889392,IRAK3,5.0
11717001,PIK3C2B,5.0
9926054,STK36,5.187086643357144
42642645,PFTK1,7.508638306165728
11617559,MYLK2,5.0
156422,RPS6KA5(KinDom.2-C-terminal),5.0
4908365,CAMK1D,5.180456064458132
42642645,CDK8,6.886056647693163
11667893,YANK3,5.0
11717001,EPHB6,5.0
176155,PDGFRA,5.0
11617559,ERK3,5.0
10461815,EGFR(E746A750del),5.0
11427553,PRKCQ,5.0
3025986,KIT(D816V),5.0
11314340,CDK8,5.455931955649724
156414,PDGFRA,5.2839966563652006
11427553,FGFR4,5.638272163982407
16007391,FGFR2,5.0
3062316,DLK,5.0
9809715,STK36,5.0
208908,RSK4(KinDom.2-C-terminal),5.0
9809715,TRKA,8.346787486224656
3025986,MUSK,5.0
3025986,ACVR2A,5.0
3081361,BRAF,5.0
24180719,LTK,5.0
11717001,PKAC-alpha,5.0
10184653,FGFR3(G697C),5.0
11485656,DMPK,5.0
11656518,MYO3B,5.0
11626560,PRKX,5.0
10138260,MLK1,5.585026652029182
16722836,ABL1(M351T),7.301029995663981
176155,ULK1,5.0
11626560,CSNK2A2,5.0
9884685,ERK5,5.0
9926791,IGF1R,5.0
10461815,MST4,5.42021640338319
208908,KIT(D816H),5.0
3025986,ERK2,5.0
6918454,STK36,5.0
42642645,LTK,6.958607314841775
42642645,RPS6KA5(KinDom.1-N-terminal),5.0
10113978,ABL1(F317I),5.0
6918454,PDGFRA,5.0
10184653,YANK2,5.0
11485656,DYRK1A,5.0
11717001,RPS6KA5(KinDom.2-C-terminal),5.0
11427553,PRKD1,5.920818753952375
24180719,IGF1R,5.0
16722836,IRAK3,6.920818753952375
11485656,ERK4,5.0
151194,FGR,5.0
11314340,PAK4,6.008773924307505
3025986,WEE1,5.0
6450551,PAK4,5.346787486224656
9933475,ERK4,5.0
10184653,MAK,5.0
151194,MAK,5.0
24889392,RSK3(KinDom.1-N-terminal),5.0
11234052,EGFR(G719S),5.585026652029182
9809715,TAOK2,5.0
11626560,FGFR3(G697C),5.455931955649724
10461815,FGFR3,5.2839966563652006
11717001,RSK3(KinDom.1-N-terminal),5.0
10113978,CSNK1A1,5.0
6450551,FLT3(N841I),6.698970004336019
11667893,MAP4K2,5.0
6450551,MAPKAPK5,5.0
11717001,LZK,5.0
3062316,LCK,9.69897000433602
9915743,ACVR2B,5.0
3062316,PIK3CD,5.0
11364421,MEK5,5.0
3025986,JNK3,5.229147988357856
9933475,RET(V804M),5.42021640338319
9926791,CAMK1G,5.0
156422,TBK1,5.0
6918454,MLCK,5.0
11667893,PIK3CA(M1043I),5.0
10113978,TGFBR1,5.0
9926791,PRKX,5.0
11717001,FER,5.0
16722836,ABL1(H396P)p,7.214670164989233
11617559,CDKL5,5.0
3081361,ACVRL1,6.327902142064283
156422,STK36,5.0
176167,TESK1,5.0
11626560,TNK2,6.119186407719209
3025986,FRK,5.0
24180719,STK35,5.0
3025986,PRKD1,5.920818753952375
11314340,MTOR,5.0
9809715,GCN2(KinDom2S808G),5.698970004336019
9926791,HIPK3,5.0
10461815,PAK1,5.537602002101044
11717001,DAPK2,5.0
16722836,RET,6.886056647693163
16725726,PIK3CA(Q546K),5.0
42642645,BMX,6.698970004336019
11617559,LATS2,5.0
9926791,TESK1,5.0
3081361,NDR1,5.0
11314340,MYO3B,5.0
16722836,STK16,8.18045606445813
16007391,MAK,5.0
10138260,PAK1,5.0
3081361,MST3,5.0
6450551,IRAK3,5.0
156422,CAMK4,5.0
16725726,CAMK1G,5.0
24180719,LZK,5.0
42642645,CDKL2,6.619788758288394
3081361,ERN1,5.0
11617559,NEK9,5.0
3081361,MARK3,5.0
16722836,PRKX,5.0
3025986,EPHB1,5.0
11656518,EGFR(G719S),5.0
3062316,MARK3,5.0
6450551,PDGFRB,9.244125144327509
11667893,EPHA5,5.0
156422,PRKX,5.0
16038120,MAPKAPK5,5.0
9926791,AXL,5.0
11364421,EPHA5,5.0
3025986,JAK2(JH1domain-catalytic),5.0
6918454,HIPK1,5.0
42642645,VEGFR2,7.920818753952375
9884685,YANK2,5.0
10113978,MAK,5.0
11984591,MEK3,7.0
156422,MAP4K2,5.0
9926054,ULK2,5.0
11717001,ADCK3,5.0
42642645,PHKG2,5.0
11656518,YANK1,5.0
16725726,TIE2,5.0
16725726,RET(M918T),5.886056647693163
11314340,PRKD2,5.0
3081361,ABL1(Q252H)p,7.795880017344075
4908365,ABL1(F317I),5.0655015487564325
11617559,PIK3C2B,5.0
11314340,EPHB1,5.0
9926791,NIM1,5.0
9933475,CDKL3,5.0
9915743,FRK,5.0
151194,CDK11,5.823908740944319
208908,DMPK,5.0
16007391,TLK1,5.0
16007391,RPS6KA5(KinDom.1-N-terminal),5.0
176155,ABL1(E255K),5.0
9809715,CAMK4,5.431798275933005
10184653,PFTK1,5.0
9926054,MLK1,5.0
42642645,ADCK3,5.0
10461815,CDKL5,5.0
16725726,BTK,5.0
9884685,MYLK2,5.0
9933475,FES,5.0
11984591,ULK2,7.721246399047171
10184653,EPHB4,5.0
176155,DAPK2,5.0
9926791,PYK2,5.0
16722836,NLK,5.0
11626560,PKNB(Mtuberculosis),5.0
16725726,DCAMKL2,5.0
9915743,EGFR,8.958607314841775
11427553,STK16,7.537602002101044
16038120,PDGFRB,6.823908740944319
16725726,ERK2,5.0
176155,SRMS,5.0
3081361,CAMK1G,5.0
11314340,JAK1(JH2domain-pseudokinase),5.0
9915743,DCAMKL1,5.0
3081361,ABL1(F317I)p,6.769551078621726
9926054,ABL1(Q252H)p,5.0
3025986,DYRK2,5.769551078621726
9809715,MYO3B,5.568636235841013
11364421,ULK1,5.0
208908,MKNK1,5.0
156414,LRRK2(G2019S),5.958607314841775
24889392,ABL1(F317I),5.0
9915743,CAMK2D,5.0
3062316,STK36,6.6777807052660805
151194,TEC,5.0
9933475,BRAF(V600E),5.0
156422,TIE2,7.698970004336019
208908,EPHA2,5.0
10461815,PLK1,5.0
16038120,MEK3,6.769551078621726
176155,RSK4(KinDom.2-C-terminal),6.6020599913279625
11314340,SgK110,5.0
4908365,PYK2,6.119186407719209
16038120,RAF1,5.0
11364421,MYLK,7.013228265733755
24180719,EPHB6,6.0655015487564325
16007391,TRKA,5.0
11984591,BMX,6.744727494896694
16038120,LIMK2,5.958607314841775
176167,STK35,5.0
10461815,IRAK3,6.214670164989233
9809715,EPHA6,6.026872146400302
9926791,MLCK,5.0
16038120,BTK,7.638272163982407
9926054,PIK3CA(H1047L),5.0
9884685,BRSK2,5.0
11234052,PIM1,5.0
156422,ACVR2A,5.0
10113978,FLT3(D835Y),6.091514981121351
6450551,ROCK2,5.0
176155,PYK2,5.0
176155,MAP3K2,5.0
9809715,EPHA2,5.537602002101044
176167,RET,5.0
11234052,YANK1,5.0
176167,ROS1,5.0
10113978,PRKD1,5.0
9915743,PKN2,5.0
16007391,p38-gamma,5.0
11364421,FLT3(N841I),5.0
11234052,BTK,5.0
16038120,EPHB1,6.468521082957745
156422,PRKCI,5.0
11617559,ACVR2B,5.0
11984591,MEK4,6.698970004336019
42642645,JNK3,5.4089353929735005
11717001,MYLK2,5.0
176155,MAP3K4,5.0
6450551,AURKB,7.958607314841775
10184653,ERK4,5.0
16725726,SNARK,7.0655015487564325
11234052,NEK6,5.0
10184653,TNNI3K,5.0
6450551,CAMK2D,5.0
11314340,ABL1(F317I),5.0
156422,PRKCH,5.0
11617559,NEK1,5.0
11984591,FGFR2,7.136677139879544
16038120,ROCK2,6.886056647693163
156414,INSRR,5.0
3081361,TAOK1,5.0
11626560,PLK2,5.0
208908,FYN,5.0
10113978,PIK3CD,5.0
6918454,EPHB1,5.0
10113978,FAK,5.0
11626560,TNNI3K,6.958607314841775
11626560,TGFBR1,6.0
11364421,CSNK2A2,5.0
11984591,CDK7,5.113509274827518
9926054,LIMK1,5.0
6450551,MYO3A,5.721246399047171
16007391,PFTK1,5.0
9933475,AAK1,5.0
16007391,MLK1,5.0
11617559,AURKC,5.0
176155,CDKL5,5.0
6918454,TGFBR1,5.0
9884685,NEK7,5.0
11626560,DYRK1B,5.0
11656518,ULK1,5.0
6450551,RPS6KA5(KinDom.2-C-terminal),5.0
9926054,AMPK-alpha1,5.0
176167,MLCK,5.0
151194,TRKA,5.0
9933475,TNK2,5.0
3081361,CDKL5,5.0
176155,TEC,5.0
11656518,PRKD1,5.0
10113978,LZK,5.0
5287969,CAMK1D,5.0
9884685,RSK4(KinDom.1-N-terminal),5.0
3081361,MEK4,5.0
9884685,SNRK,5.0
9926054,RSK4(KinDom.2-C-terminal),5.173925197299174
16722836,STK39,5.795880017344075
42642645,MEK2,7.886056647693163
3081361,RET(M918T),7.853871964321762
151194,EGFR(L861Q),5.0
11667893,TRKC,5.0
156414,PIK3CA(H1047L),5.0
156414,BTK,5.795880017344075
16007391,MAP4K3,5.0
11626560,ABL1(F317I),5.568636235841013
11485656,GCN2(KinDom2S808G),5.0
16722836,CDK8,5.0
9884685,AURKC,5.0
151194,MYO3B,5.0
11717001,ASK2,5.0
151194,STK33,5.0
176167,MST3,5.0
11984591,RPS6KA5(KinDom.2-C-terminal),6.823908740944319
11717001,EGFR,5.0
9926791,LCK,6.337242168318426
11667893,EGFR(G719C),5.638272163982407
9926054,FGFR2,5.0
11656518,HIPK2,5.0
11717001,WEE1,5.0
151194,SNRK,5.0
3025986,MAP4K2,5.0
6918454,TAOK2,5.0
16725726,MST3,5.0
10138260,ACVR2A,5.0
9926054,DCAMKL2,5.0
11314340,TRKA,5.0
11427553,PIK3CA(Q546K),5.0
176155,MLK1,5.0
156422,PRKG2,5.0
176155,ROCK2,5.0
11717001,ABL1p,5.0
9933475,MLK1,5.0
11617559,TLK1,5.0
11717001,CAMK2G,5.0
11656518,CAMK2D,5.0
9915743,ERN1,5.0
16007391,STK33,5.0
9809715,TYRO3,5.309803919971486
9926791,EPHA2,5.0
156414,FLT3(N841I),5.619788758288394
24180719,ERK5,5.0
4908365,AKT1,5.0
9933475,ACVRL1,5.0
3081361,PCTK3,5.0
42642645,JNK2,6.173925197299174
10138260,TEC,5.0
11617559,CAMK2D,5.0
9926054,MERTK,5.0
11717001,FGFR4,5.0
11314340,RET(M918T),5.0
4908365,IRAK3,5.0
11314340,AKT2,5.537602002101044
24180719,FGR,7.207608310501746
10113978,CAMK1,5.6777807052660805
42642645,CDC2L5,6.6777807052660805
11617559,PIK3CA(C420R),5.0
16038120,LRRK2(G2019S),9.065501548756432
3025986,STK33,5.0
9884685,AAK1,5.0
11364421,PIK3CA,5.0
9926054,RSK4(KinDom.1-N-terminal),5.0
9933475,MET(Y1235D),6.251811972993799
6450551,HCK,5.0
3081361,SNARK,5.0
9926054,ERK3,5.366531544420414
11626560,ROS1,8.387216143280265
151194,NEK6,5.0
11427553,MEK4,6.6020599913279625
9926054,MAP3K2,5.0
11626560,PIK3CA(Q546K),5.0
9809715,MUSK,6.229147988357856
16722836,MAP4K2,5.6777807052660805
10184653,SRPK2,5.0
11984591,MST3,5.0
16725726,KIT(V559D),5.136677139879544
9933475,MET,6.431798275933005
156414,RIOK3,5.0
156422,FGR,5.0
42642645,EPHB4,7.920818753952375
11626560,AXL,8.10790539730952
9933475,MST3,5.0
6450551,MEK3,5.0
11717001,STK33,5.0
3025986,MAP3K2,5.0
5287969,MET(Y1235D),5.0
9926791,NEK7,5.0
10113978,CIT,5.0
10138260,LTK,5.376750709602099
10113978,TBK1,5.0
156414,RIPK1,5.0
10138260,ICK,5.920818753952375
9809715,PIK3CA(H1047L),5.0
3062316,AMPK-alpha1,5.0
10184653,SIK,5.0
9884685,FES,5.0
176167,NDR1,5.0
11364421,MARK3,5.0
9933475,GRK1,5.0
3062316,RET(M918T),6.4089353929735005
5287969,PCTK3,5.958607314841775
6450551,CIT,5.0
9809715,SIK,6.173925197299174
151194,MAP3K2,5.0
11617559,ERK1,5.0
3081361,STK16,5.0
10184653,CAMK2D,5.0
16007391,EPHA5,5.0
3025986,PFCDPK1(Pfalciparum),5.0
3025986,SRPK3,5.0
3062316,RET(V804M),5.0
16007391,ROCK2,5.0
9809715,MEK1,8.0
9926054,ABL1(E255K),5.0
42642645,MLK2,6.275724130399211
151194,DAPK1,5.0
9926054,AURKC,5.0
208908,BRAF(V600E),5.0
42642645,PRKCH,5.0
208908,TAOK2,5.0
9915743,JAK3(JH1domain-catalytic),5.698970004336019
11656518,DRAK2,5.0
151194,NEK1,5.0
16038120,MAP3K2,6.958607314841775
9809715,MAP3K2,8.0268721464003
16722836,NEK1,5.468521082957745
16007391,STK36,5.337242168318426
10461815,CAMK2D,5.537602002101044
11984591,MST4,5.0
10113978,ERK4,5.0
16725726,PIK3C2B,5.0
11626560,EPHB1,6.920818753952375
16725726,MERTK,5.0
3062316,SNRK,5.0
6450551,TEC,5.0
11617559,FES,5.0
11717001,FGFR3(G697C),5.0
6450551,ACVR2A,5.0
9926791,DLK,5.0
24889392,DAPK1,5.0
16722836,ERK4,5.0
9926054,GCN2(KinDom2S808G),5.0
11984591,LRRK2(G2019S),7.568636235841013
3025986,EPHB4,5.0
6450551,PKNB(Mtuberculosis),5.0
11617559,PIK4CB,5.0
176167,CSNK1A1L,5.0
10138260,RIPK1,5.920818753952375
176167,MLK1,5.0
11234052,PCTK3,5.0
6450551,PIM2,5.0
11717001,FYN,5.0
11427553,EGFR(E746A750del),5.1487416512809245
11314340,AURKA,5.0
24889392,VEGFR2,7.060480747381382
11314340,STK33,6.657577319177793
9933475,PAK1,5.0
176155,IKK-alpha,5.0
10138260,PFTK1,5.958607314841775
3025986,FGFR1,5.0
3025986,PLK1,5.0
11617559,DLK,5.0
16007391,BIKE,5.0
176167,GRK1,5.769551078621726
10461815,LCK,6.494850021680094
5287969,ERBB4,5.301029995663981
9926054,SRMS,5.0
16722836,LRRK2(G2019S),6.0
16722836,CLK4,5.698970004336019
11234052,ROCK1,5.0
156414,CDK11,5.0
156422,MEK4,5.0
6450551,RET(V804M),5.795880017344075
10184653,MARK3,5.0
11485656,MYLK,5.0
3025986,ROCK2,5.0
16725726,EPHA2,5.0
10184653,ERBB4,8.200659450546418
176155,PAK1,5.0
6450551,PFTAIRE2,5.0
10461815,PIK3CA(Q546K),5.0
9884685,MYO3A,5.0
11617559,CDC2L5,5.0
10184653,RIPK1,5.0
208908,BMPR2,5.0
4908365,RSK4(KinDom.2-C-terminal),5.0
11234052,DYRK1B,5.0
11485656,TLK1,5.0
3062316,ABL1(F317I),10.0
10184653,MET,5.657577319177793
11717001,PRKD1,5.0
16725726,DDR2,5.0
4908365,FLT3(N841I),7.886056647693163
11427553,MAP4K3,6.823908740944319
16007391,TGFBR1,5.0
156422,MAP4K5,5.0
16038120,CAMK2B,5.721246399047171
176167,PIM1,6.698970004336019
16725726,CSNK1A1L,5.0
3081361,CSNK2A2,5.0
24180719,CSNK2A2,5.0
11984591,AURKB,6.958607314841775
24889392,PKNB(Mtuberculosis),5.0
11485656,EPHB2,5.853871964321762
11656518,TBK1,5.0
9809715,YANK3,5.0
24889392,CSNK1A1,5.0
42642645,LRRK2,5.0
10184653,ICK,5.0
4908365,DRAK2,5.1249387366083
11626560,PAK1,5.0
176155,PIK3C2B,5.0
4908365,AXL,8.275724130399212
11656518,GCN2(KinDom2S808G),7.259637310505756
156422,JNK2,8.136677139879545
11485656,TIE2,6.346787486224656
11617559,MEK2,5.0
4908365,CLK4,5.886056647693163
9926791,MET(Y1235D),5.0
16007391,EGFR(L861Q),6.292429823902063
4908365,PIK3CA,5.0
10461815,MAP3K2,5.2839966563652006
156422,FLT3(D835Y),5.0
5287969,FGFR4,5.0
11427553,FGFR3(G697C),6.552841968657781
5287969,MKNK1,5.0
16038120,ERN1,6.744727494896694
11667893,STK39,5.0
156422,RET(V804M),5.0
3081361,LCK,7.769551078621726
10461815,NEK7,5.0
156422,GRK1,5.0
3081361,PIK3CA(M1043I),5.0
3062316,PRKX,5.0
16038120,NEK4,5.0
42642645,AURKC,7.920818753952375
11485656,CDC2L5,7.42021640338319
10461815,MET,9.568636235841012
9809715,EPHB3,5.0
11617559,TBK1,5.0
151194,INSRR,5.0
6450551,DRAK2,5.0
11656518,MAP3K4,5.0
11656518,FGFR4,5.0
11427553,DDR2,5.6777807052660805
6450551,JAK2(JH1domain-catalytic),5.481486060122113
9933475,SIK,5.0
9926791,NEK1,5.0
11617559,TRKC,6.920818753952375
9933475,FLT3(D835Y),5.0
11314340,IRAK3,5.0
9933475,MELK,5.0
208908,PAK4,5.0
10461815,TBK1,6.013228265733755
16038120,BMPR2,5.4089353929735005
10461815,INSRR,5.455931955649724
11364421,MET(Y1235D),5.0
9926791,KIT(D816V),5.0
11984591,DRAK2,8.036212172654444
151194,NEK7,5.0
9926791,CSNK1A1,5.0
208908,PDGFRA,5.0
11626560,EPHB2,5.0
10461815,AMPK-alpha1,6.508638306165728
10113978,JAK3(JH1domain-catalytic),5.161150909262744
3025986,NLK,5.0
156414,TLK1,5.0
11427553,LIMK2,5.0
156422,TLK2,5.0
10184653,PIK3CA,5.0
11667893,RPS6KA5(KinDom.2-C-terminal),5.0
9809715,NDR1,5.0
11626560,STK35,6.214670164989233
10113978,JNK2,5.0
9884685,FGFR4,5.0
176155,PRKCH,5.0
208908,EGFR(L747E749del),8.657577319177793
9926054,TLK1,5.0
6450551,EPHB6,6.443697499232713
151194,CSNK1A1,5.0
176167,PLK2,5.0
6918454,FYN,5.0
3062316,MARK4,5.0
16725726,CIT,6.698970004336019
151194,HIPK2,5.0
9915743,LCK,6.920818753952375
9933475,EGFR(L747E749del),6.154901959985743
9926791,CAMK1,5.920818753952375
3025986,MINK,5.0
176167,GCN2(KinDom2S808G),5.0
9933475,FLT3,5.0
16007391,FGFR4,5.0
176167,DAPK1,5.0
9926054,CDK11,5.0
24180719,SIK,6.2839966563652006
6450551,MAP3K15,5.0
9809715,PKAC-alpha,5.0
16007391,MELK,5.0
151194,PAK1,5.0
4908365,LRRK2,6.721246399047171
208908,EPHA5,5.0
10113978,CAMK4,5.0
11364421,CDK11,5.0
156414,PIM1,5.0
9915743,RSK4(KinDom.2-C-terminal),5.0
176155,BRAF,6.1487416512809245
24180719,EGFR(G719C),5.0
11485656,EGFR(E746A750del),5.0
24180719,EPHB3,5.0
9915743,KIT,5.0
11984591,MYLK,5.187086643357144
11234052,CAMK4,5.0
10184653,SgK110,5.0
9884685,PRKCH,5.0
11617559,LIMK1,5.0
24889392,JAK1(JH1domain-catalytic),5.0
3062316,MST1R,5.0
10138260,KIT(D816V),6.468521082957745
11485656,MEK1,5.0
24180719,MYLK,5.0
16722836,EGFR(L747T751del),5.42021640338319
9884685,MEK5,5.0
6450551,CSNK2A2,5.552841968657781
11984591,HCK,6.823908740944319
5287969,CAMK4,5.494850021680094
4908365,ABL1(E255K),6.431798275933005
11984591,CDK9,5.0
9809715,PAK1,5.0
9809715,RET,7.508638306165728
176167,PLK1,5.0
24180719,JAK1(JH1domain-catalytic),5.0
208908,GRK1,5.0
9915743,BRSK2,5.0
5287969,RIOK2,5.0
11626560,MET,8.67778070526608
4908365,KIT,8.443697499232712
11656518,RIOK2,5.0
208908,JAK2(JH1domain-catalytic),5.0
11485656,MARK3,5.0
176167,TNIK,5.0
5287969,WEE1,5.0
11427553,EPHB4,5.537602002101044
24889392,WEE1,5.0
156414,FES,5.0
9926054,PIK3CA(C420R),5.0
16722836,ADCK3,5.154901959985743
6918454,JAK1(JH1domain-catalytic),5.0
11626560,SLK,7.744727494896694
11626560,DAPK1,5.0
16725726,CASK,5.0
156414,STK39,5.0
10113978,CSF1R,8.102372908709558
11626560,TRKB,7.431798275933005
16725726,ABL1(E255K),5.0
9926791,STK39,5.0
176155,PFCDPK1(Pfalciparum),6.070581074285707
11626560,ICK,5.0
11364421,RSK4(KinDom.1-N-terminal),5.0
9884685,LCK,5.0
11626560,FER,6.568636235841013
16722836,AURKB,6.309803919971486
156414,TRKB,5.0
11617559,EPHA6,5.0
208908,TLK2,5.0
208908,ACVRL1,5.0
208908,INSRR,5.0
9933475,STK33,6.267606240177032
156422,PIK3CA(C420R),5.0
11667893,NEK1,5.0
9933475,DCAMKL2,5.0
11656518,PDGFRB,6.619788758288394
11234052,ERK4,5.0
208908,PIK3C2B,6.173925197299174
6450551,MKNK1,5.0
3062316,MAP4K3,6.1938200260161125
4908365,RIOK2,5.0
3025986,CAMK1G,5.0
16007391,ERN1,5.0
11427553,CDKL3,5.0
11617559,RET(V804L),5.0
16725726,MKNK1,5.0
11984591,TNK2,7.154901959985743
3025986,DCAMKL1,5.795880017344075
208908,DYRK1B,5.0
4908365,MTOR,5.0
11667893,PKNB(Mtuberculosis),5.0
10184653,DCAMKL2,5.0
151194,EGFR(G719S),5.0
6918454,HIPK3,5.0
3062316,YANK1,5.0
16007391,CAMK1G,5.0
16722836,DCAMKL2,6.060480747381382
11427553,TGFBR1,5.0
9933475,MAST1,5.0
10138260,FGR,6.4089353929735005
11364421,EPHB1,5.0
11617559,TAOK2,5.0
24889392,SLK,5.337242168318426
16007391,CSF1R,5.853871964321762
4908365,MUSK,5.251811972993799
3025986,PFPK5(Pfalciparum),5.0
208908,DAPK1,5.0
208908,FGFR4,5.0
156422,AKT1,5.0
3081361,CSNK1A1,5.0
156422,ABL1(F317I),5.309803919971486
3062316,TXK,8.67778070526608
10113978,PIK3CA,5.0
11427553,CDK7,6.721246399047171
156414,ASK2,5.0
16725726,EGFR,5.0
156422,IGF1R,5.0
9809715,DAPK2,5.494850021680094
176167,ABL1(M351T),5.0
11656518,PRKX,5.0
42642645,MAP4K2,5.698970004336019
10184653,FLT3(N841I),5.2076083105017466
11234052,FGFR4,6.221848749616356
16725726,RET,5.0
11314340,PKNB(Mtuberculosis),5.0
10184653,MEK2,5.0
9884685,RSK3(KinDom.1-N-terminal),5.0
6918454,EGFR(L747T751del),5.0
5287969,JNK3,5.259637310505756
16038120,RET(V804M),6.853871964321762
176167,PKN2,5.0
9809715,DYRK2,5.0
6918454,PIK3CA(M1043I),5.0
9915743,DYRK1B,5.0
5287969,ULK1,5.0
16725726,FLT3(N841I),5.0
3062316,TLK1,5.0
151194,NIM1,5.0
11364421,ICK,5.0
3081361,MAPKAPK5,5.0
16725726,PRKG2,8.508638306165727
3062316,FGFR3(G697C),5.0
11626560,MEK1,5.0
42642645,MKNK1,7.142667503568732
11485656,SRPK3,5.0
11485656,MARK4,5.0
10184653,AAK1,5.0
9933475,PRKCH,5.0
11984591,FGFR3(G697C),7.173925197299174
16038120,MUSK,6.585026652029182
11717001,CDC2L5,5.0
9926054,MARK4,5.0
208908,TGFBR1,5.0
11485656,ABL1(E255K),5.0
151194,LTK,5.0
176167,CASK,5.0
11314340,PRKCQ,7.920818753952375
5287969,EPHA5,5.455931955649724
11984591,PAK4,7.017728766960432
11656518,MYLK,5.0
11717001,ROCK1,5.0
176155,PFPK5(Pfalciparum),5.0
176155,PKAC-alpha,5.0
9915743,CDK4-cyclinD3,5.0
16007391,MAP3K2,5.0
9884685,DAPK1,5.619788758288394
3062316,YANK3,5.0
10461815,ADCK3,5.0
11984591,CSNK1A1L,5.0
24180719,NEK1,5.0
5287969,MARK4,5.0
11984591,CAMK1G,6.337242168318426
11485656,TEC,5.0
9884685,MINK,5.0
3062316,MST4,5.721246399047171
11717001,EPHA6,5.0
6450551,EGFR(G719S),5.2076083105017466
16007391,FAK,5.0
42642645,TNNI3K,6.886056647693163
16725726,CSNK1A1,5.0
11626560,TRKC,7.086186147616283
5287969,YANK2,5.0
176155,PAK4,5.0
11717001,NEK6,5.0
11626560,MAP4K2,7.096910013008056
16007391,MAP3K15,5.0
156414,PFCDPK1(Pfalciparum),5.0
156422,ERK5,5.0
5287969,FLT3(N841I),5.187086643357144
3081361,EPHB6,7.119186407719209
10138260,CDK7,6.031517051446065
10113978,TLK1,5.0
11234052,PIK4CB,5.0
4908365,FGFR3,5.958607314841775
10184653,MINK,5.0
3081361,CDK7,5.3872161432802645
4908365,RET(V804M),9.080921907623926
10138260,EPHB3,5.0
156422,MET,5.0
11427553,MINK,7.602059991327962
10461815,JNK3,5.0
11364421,BTK,5.0
16725726,JAK1(JH2domain-pseudokinase),5.0
16038120,SNRK,6.522878745280337
11656518,AXL,5.0
11427553,FLT3(D835Y),7.886056647693163
176167,PCTK3,5.0
3062316,ABL2,9.769551078621726
16038120,JAK1(JH2domain-pseudokinase),6.522878745280337
6450551,SgK110,5.0
16722836,EPHB6,6.522878745280337
176155,KIT,5.0
9809715,AAK1,7.200659450546419
156422,FER,5.0
16725726,CAMK4,6.431798275933005
11364421,ABL1p,5.455931955649724
156414,ERN1,5.0
3062316,CDC2L5,5.0
3025986,MEK2,5.0
10461815,MLK3,5.0
24889392,TIE2,5.0
11427553,MAP4K5,6.585026652029182
11626560,STK39,5.0
11427553,LRRK2(G2019S),7.346787486224656
42642645,YANK3,5.0
11485656,PRKG2,5.0
4908365,MST4,5.920818753952375
9926054,EPHB1,5.0
10113978,NEK7,5.0
151194,TNNI3K,5.0
6450551,RSK3(KinDom.1-N-terminal),5.0
10113978,PRKCQ,5.0
16038120,PLK1,7.698970004336019
10138260,AKT3,5.0
11485656,NEK6,5.0
11626560,ERK4,5.0
176155,JAK1(JH2domain-pseudokinase),5.0
11656518,HIPK3,5.0
11364421,ASK1,5.0
9915743,LTK,5.0
9926054,ERK4,5.0
9915743,TGFBR1,5.0
11667893,JAK1(JH2domain-pseudokinase),5.0
9926791,NEK4,5.0
10184653,BIKE,5.0
11364421,RET,5.0
9933475,DAPK1,5.0
156422,GCN2(KinDom2S808G),5.0
176167,KIT(V559D),5.0
151194,HIPK3,5.0
16007391,BMPR2,5.0
3062316,GCN2(KinDom2S808G),5.795880017344075
11617559,CAMK2B,5.0
10138260,CDK11,5.0
9926054,HIPK3,5.0
6918454,EGFR(L747E749del),5.0
11234052,EPHB2,5.0
16725726,DMPK,5.0
151194,ERK4,5.0
11984591,ADCK3,5.958607314841775
16725726,FGR,5.0
11485656,ABL1p,5.0
6918454,SLK,5.0
3025986,KIT(V559D),5.0
4908365,EPHA6,5.356547323513813
10138260,TRKB,6.00436480540245
16722836,CAMK1G,5.494850021680094
11626560,MAP3K15,5.552841968657781
156422,EPHB1,5.309803919971486
10113978,HIPK1,5.0
24180719,EPHA6,5.0
6450551,CAMK1G,5.0
208908,FLT3,5.0
10138260,LIMK1,5.0
11314340,MEK1,5.0
3081361,MLK3,5.0
5287969,PIK3C2B,5.0
11364421,PIK3CA(Q546K),5.0
11427553,TNNI3K,5.0
3062316,TNIK,5.698970004336019
11427553,MELK,6.6777807052660805
9809715,IKK-alpha,5.346787486224656
156422,DCAMKL1,5.0
156414,TYRO3,6.0
9933475,ABL1p,7.10790539730952
11364421,ERK3,5.0
9933475,ROCK1,5.0
6450551,FGFR2,6.958607314841775
10461815,CAMK1D,5.823908740944319
16038120,ABL1(E255K),6.721246399047171
11427553,FAK,5.6777807052660805
3025986,RIPK1,5.0
10113978,EGFR(L861Q),5.0
9926054,PYK2,5.0
11626560,ABL1(Q252H)p,7.0
208908,FGFR3(G697C),5.0
176167,CHEK1,5.0
16722836,AURKC,6.455931955649724
11667893,INSRR,5.0
3062316,ABL1(H396P)p,10.337242168318426
156414,RAF1,5.0
11427553,TNK2,5.795880017344075
9926791,MAP4K3,5.0
3081361,DYRK1A,5.0
176155,SgK110,5.0
10113978,CDC2L5,5.0
16722836,PIK3CA,5.0
4908365,PIK3CA(C420R),5.0
16038120,ADCK3,5.769551078621726
11485656,PIK3CA(Q546K),5.0
9926791,EGFR(E746A750del),5.0
16725726,RSK3(KinDom.1-N-terminal),5.0
151194,PIK3CA(Q546K),5.0
176155,TRKC,5.0
3062316,NEK1,5.0
10138260,KIT,9.167491087293763
9809715,FGFR2,6.455931955649724
16722836,AKT1,5.0
156414,PRKD1,5.0
156422,LATS2,5.0
6918454,STK35,5.0
3081361,ABL1p,7.795880017344075
176167,NEK1,5.0
11427553,PIK3CA(E545K),5.0
11617559,WEE1,5.0
10138260,YANK3,5.0
16007391,DYRK1B,5.0
16007391,ABL1(F317I),5.42021640338319
11667893,LCK,6.443697499232713
11485656,IGF1R,5.0
9926791,CDK4-cyclinD3,5.0
10184653,PKN2,5.0
11656518,PIK3CA(E545K),5.0
5287969,MERTK,5.167491087293763
10184653,CDK4-cyclinD3,5.0
24180719,SNARK,5.0
16007391,PFCDPK1(Pfalciparum),5.0
11364421,FGFR1,5.0
3081361,ROCK2,5.443697499232713
11427553,TXK,6.236572006437063
9915743,PFPK5(Pfalciparum),5.0
10113978,AKT1,5.0
24889392,RSK4(KinDom.1-N-terminal),5.0
11427553,MAP3K4,5.795880017344075
4908365,MEK1,6.698970004336019
6450551,RSK4(KinDom.1-N-terminal),5.0
11984591,PRKCH,5.0
11717001,AURKC,5.0
11427553,PKAC-alpha,5.0
3025986,PRKG2,5.0
10138260,NEK1,5.0
11667893,SNARK,5.0
6918454,LZK,5.0
10184653,PAK4,5.0
9926054,CASK,5.0
10184653,MAST1,5.0
11656518,MAK,5.0
5287969,EGFR(L861Q),5.920818753952375
10138260,CSNK1A1,6.3979400086720375
3081361,NLK,5.0
11314340,AAK1,7.366531544420414
16725726,LRRK2,5.0
10184653,ERK2,5.0
10138260,ABL2,5.0
11427553,AURKB,7.055517327849832
176167,AAK1,5.568636235841013
208908,RET(V804M),5.0
11626560,ERN1,5.0
9926054,RIOK2,5.0
16007391,MYO3A,5.0
9915743,CLK4,5.0
11364421,ROCK2,5.0
11617559,FLT3,5.0
11667893,DYRK1A,5.0
16722836,TLK1,5.886056647693163
16007391,LIMK2,5.0
176155,PCTK3,5.0
10184653,MST4,5.0
6450551,LTK,5.0
11427553,MLCK,8.366531544420413
156414,RET(M918T),6.075720713938118
156422,LIMK2,5.0
9926791,RET(V804L),5.0
176167,EPHB2,5.0
11984591,KIT(D816H),8.187086643357144
6918454,AURKA,5.0
10184653,PIK4CB,5.0
3081361,ANKK1,5.0
16725726,NEK6,5.0
11234052,MAP4K5,5.853871964321762
3062316,PKN2,5.0
3081361,SgK110,5.0
16007391,MST4,5.0
9933475,IKK-alpha,5.0
11626560,BMX,5.443697499232713
9809715,MYO3A,5.0
9926791,TLK2,5.0
176155,PRKD2,5.0
9926791,MAPKAPK5,5.0
11984591,TYRO3,5.721246399047171
11667893,FLT3(D835Y),5.022276394711152
208908,ERK5,5.0
6450551,PFPK5(Pfalciparum),5.0
10461815,ABL1(E255K),6.113509274827519
176155,LTK,5.0
16725726,PIK3CA(M1043I),5.0
9926791,FGFR1,5.0
5287969,PRKCH,6.455931955649724
9926791,PHKG2,5.0
9884685,PCTK3,5.0
5287969,KIT(D816H),5.045757490560675
11617559,MLK2,5.0
9926791,EPHA5,5.0
208908,PRKD1,5.0
156422,LZK,5.0
16725726,CAMK2B,5.0
11617559,ADCK3,5.0
9933475,EGFR(L747T751del),6.075720713938118
9926054,TXK,5.0
10184653,RET(V804M),5.0
16725726,CDC2L5,5.0
11984591,CDK8,5.0
156422,EGFR(L747T751del),5.167491087293763
11364421,CDKL5,5.0
9915743,EPHB2,5.0
3062316,RSK3(KinDom.1-N-terminal),5.0
9884685,DYRK2,5.3872161432802645
11364421,ASK2,5.0
10461815,PFCDPK1(Pfalciparum),5.0
11626560,MYLK,5.0
156414,RET(V804L),5.0
9884685,PLK2,5.0
151194,EPHB6,5.0
11984591,MET,6.552841968657781
5287969,ABL1(H396P)p,5.769551078621726
16725726,HCK,5.0
16038120,TLK2,5.0
208908,JAK3(JH1domain-catalytic),5.0
11984591,EPHA6,6.920818753952375
11485656,NIM1,5.0
9884685,STK39,5.0
11656518,TNIK,5.823908740944319
11626560,EPHA2,7.0
3062316,TBK1,5.0
11314340,HIPK1,6.638272163982407
5287969,MARK3,5.0
42642645,PRKD2,5.0
156414,p38-gamma,5.0
4908365,MAP4K2,7.187086643357144
11717001,MELK,5.0
9926054,PKAC-alpha,5.0
208908,RIOK2,5.0
24889392,PRKD1,5.0
11364421,MINK,5.795880017344075
11656518,STK39,5.0
10113978,ERK1,5.0
9884685,PRKD1,5.0
6450551,IGF1R,5.0
24889392,NDR1,5.0
6918454,ABL1(E255K),5.0
16038120,BRAF(V600E),5.0
9926791,MERTK,5.0
9926054,EGFR,5.0
11314340,EGFR,5.0
11427553,BMX,5.721246399047171
208908,CDC2L5,5.0
176155,YANK1,5.886056647693163
6918454,FGFR3(G697C),5.0
24180719,PRKCQ,5.0
11617559,JAK3(JH1domain-catalytic),5.0
156422,RET(V804L),5.0
11984591,PDGFRA,7.221848749616356
11717001,AURKB,5.0
11427553,PRKG2,6.096910013008056
5287969,ABL1(F317I)p,5.229147988357856
10138260,PIK3CA,5.0
16007391,EPHB1,5.0
10113978,MINK,5.0
11364421,HIPK2,5.537602002101044
11364421,CAMK1D,5.267606240177032
11617559,PAK4,5.0
11234052,NIM1,5.0
156414,NDR1,5.0
11617559,ABL1(F317I)p,5.0
3062316,CDK9,5.0
5287969,GRK1,6.187086643357144
11617559,DAPK2,5.0
11656518,MUSK,5.0
176155,LCK,5.552841968657781
16722836,ULK2,7.102372908709558
9926791,MYO3A,5.0
9915743,p38-gamma,5.0
11314340,BMPR2,5.0
11626560,FGFR4,5.0
11427553,TAOK2,5.0
11626560,STK33,5.0
176155,TRKA,5.0
176167,EGFR(G719C),5.0
42642645,FRK,8.42021640338319
156422,PLK1,5.0
11234052,PYK2,5.0
16007391,PIK3C2B,5.0
11667893,MYLK,5.0
151194,KIT(D816V),5.0
6450551,PKN2,5.568636235841013
10461815,SIK,5.0
10184653,TGFBR1,5.0
3062316,PRKG2,5.0
10461815,PIK3CA(E545K),5.0
11364421,TAOK2,5.0
11717001,EPHA5,5.0
9884685,MKNK1,5.0
156422,CHEK1,5.0
10184653,HUNK,5.0
10461815,RIOK2,5.0
10184653,DYRK2,5.744727494896694
6918454,EGFR(E746A750del),5.0
16007391,JAK1(JH1domain-catalytic),5.0
16038120,HUNK,6.455931955649724
42642645,WEE1,5.0
11984591,MERTK,6.769551078621726
5287969,MTOR,5.0
9933475,YANK3,5.0
156414,CAMK1D,5.0
10113978,PYK2,5.0
9915743,FYN,5.1938200260161125
151194,PIK3CA(H1047L),5.0
11626560,PRKCI,5.0
9926054,JNK3,5.0
16722836,NEK7,6.795880017344075
11617559,FLT3(D835Y),5.0
11485656,MST3,5.0
3081361,MAP3K2,5.0
11667893,HIPK3,5.0
16725726,MELK,6.050609993355088
176155,DYRK2,5.0
16722836,ACVRL1,5.619788758288394
10184653,ACVRL1,5.0
11667893,MTOR,5.0
11617559,ABL1p,5.0
5287969,MINK,5.886056647693163
24180719,CDKL2,5.0
11427553,AURKA,6.187086643357144
151194,MELK,5.0
11234052,JAK1(JH2domain-pseudokinase),5.0
3062316,STK16,5.0
16722836,EPHB1,5.769551078621726
5287969,JAK2(JH1domain-catalytic),5.259637310505756
11485656,PFCDPK1(Pfalciparum),5.0
9933475,CDC2L5,5.0
9884685,PIK3CD,7.769551078621726
9926791,TXK,5.0
9915743,MLK1,5.267606240177032
9809715,ULK1,6.468521082957745
11984591,CAMK2G,6.036212172654444
9926054,BRAF(V600E),5.0
3081361,PHKG2,5.102372908709558
4908365,SRMS,5.0
10184653,CAMK2G,5.0
11626560,LATS2,5.0
151194,CAMK1G,5.0
9884685,SRMS,5.0
11314340,BIKE,6.920818753952375
3025986,ERBB4,5.0
10184653,EPHA5,5.0
11234052,FER,5.0
16038120,PIK3C2B,5.0
24180719,NIM1,5.0
11656518,PAK4,5.0
3062316,NLK,6.585026652029182
156414,NEK4,5.0
42642645,FGFR4,5.0
42642645,FGR,7.397940008672037
3062316,DCAMKL1,5.0
9884685,LRRK2,5.0
16038120,TXK,6.318758762624413
9884685,DCAMKL2,5.0
9926791,PIK3CA(M1043I),5.0
11626560,CDK9,5.0
10113978,AKT2,5.0
10184653,ABL1(H396P)p,6.301029995663981
11234052,SRPK2,5.0
6450551,PLK2,5.0
151194,DDR2,5.0
10138260,LRRK2(G2019S),7.154901959985743
3025986,RIOK3,5.0
10138260,CAMK1G,6.026872146400302
11667893,CSNK1A1L,5.0
16038120,YANK3,7.259637310505756
151194,DMPK,5.0
16725726,CLK4,5.0
11626560,JAK3(JH1domain-catalytic),6.698970004336019
9915743,RET,5.0
9926791,NLK,5.0
10461815,STK36,5.0
176167,JAK2(JH1domain-catalytic),5.0
4908365,PIM2,6.2076083105017466
11717001,TAOK1,5.0
11314340,HCK,5.0
10138260,FGFR4,5.187086643357144
10138260,ULK2,7.187086643357144
9926054,STK35,5.0
11667893,NLK,5.0
208908,MINK,5.0
16007391,ABL2,5.0
10138260,FES,5.0
208908,PFTK1,5.0
24889392,TAOK2,5.0
24889392,CAMK2D,5.0
4908365,FGFR3(G697C),5.795880017344075
24889392,MAP3K2,5.0
9926791,MEK2,5.0
42642645,LIMK2,5.769551078621726
156422,CDK4-cyclinD3,5.0
156422,RSK3(KinDom.1-N-terminal),5.0
9926791,CSNK2A2,5.0
9809715,TBK1,6.823908740944319
24180719,FER,5.0
10138260,DDR2,5.00436480540245
24180719,BRAF(V600E),7.0
11364421,EGFR,5.657577319177793
208908,IRAK3,5.0
11984591,SNARK,7.187086643357144
5287969,VEGFR2,5.0
3081361,LIMK1,5.0
3081361,MUSK,5.0
24180719,JAK2(JH1domain-catalytic),5.0
6450551,PIK4CB,5.0
151194,PFPK5(Pfalciparum),5.0
10113978,AXL,5.0
11626560,NEK9,6.102372908709559
9933475,STK39,5.0
9915743,EGFR(E746A750del),8.638272163982407
11626560,JAK1(JH1domain-catalytic),6.481486060122113
10138260,BTK,5.3979400086720375
11656518,PIK3CA(C420R),5.0
9933475,DLK,5.0
3025986,MST1R,5.0
11617559,PIM1,5.0
3062316,DAPK1,5.0
10461815,NEK4,5.0
9809715,AXL,7.920818753952375
3025986,ULK2,5.0
156422,KIT(D816V),5.0
11234052,PFTAIRE2,5.0
11626560,DRAK2,5.0
11667893,CSNK1A1,5.0
176155,CAMK2G,5.0
9915743,PIK3CA(Q546K),5.0
3081361,PIK3CA(E545K),5.0
11984591,SLK,7.481486060122113
9915743,CDK11,5.0
3062316,FGFR3,5.4089353929735005
11617559,PCTK3,5.0
11984591,NEK6,8.200659450546418
16038120,TRKB,6.886056647693163
3025986,MAK,5.638272163982407
10461815,WEE1,5.0
11717001,ERK2,5.0
11314340,EPHA2,5.0
11617559,CDKL2,5.0
156414,FGFR2,5.0
16725726,TLK2,5.0
11984591,EPHB4,6.221848749616356
11656518,CHEK1,5.0
156414,LRRK2,6.301029995663981
11617559,FGFR4,5.0
151194,RSK3(KinDom.1-N-terminal),5.0
151194,RAF1,5.0
11234052,ABL2,5.744727494896694
3081361,BTK,5.769551078621726
10138260,PRKG2,5.0
5287969,FGFR2,5.0
3025986,JAK3(JH1domain-catalytic),5.0
10138260,LCK,5.638272163982407
24889392,BMPR2,5.0
16007391,MEK5,8.55284196865778
3062316,JAK1(JH2domain-pseudokinase),5.0
16038120,EPHB6,6.455931955649724
156414,MYLK2,5.0
10138260,CIT,7.026872146400302
9809715,CDK9,5.0
11364421,TYRO3,5.0
24889392,SIK,5.0
4908365,MARK4,5.275724130399211
6450551,RET,6.920818753952375
11314340,PIK3CA(H1047L),5.0
10461815,ASK1,5.0
176155,BRAF(V600E),6.275724130399211
9915743,DAPK2,5.0
156422,PAK4,5.0
10184653,NEK9,5.0
5287969,ABL1(M351T),5.721246399047171
11234052,FGFR1,7.00436480540245
5287969,TRKA,5.0
3025986,MYLK2,6.008773924307505
10113978,RSK3(KinDom.1-N-terminal),5.0
156422,NEK1,5.0
4908365,CHEK1,8.00436480540245
6450551,LRRK2,6.036212172654444
6450551,AURKA,7.142667503568732
176167,CSF1R,5.0
6918454,JNK2,5.0
16725726,TLK1,5.0
9884685,DMPK,5.0
156422,KIT(D816H),5.0
42642645,MAST1,5.0
11717001,TLK1,5.0
9809715,AMPK-alpha1,7.060480747381382
11427553,INSRR,6.376750709602099
156414,YANK1,5.0
5287969,PFPK5(Pfalciparum),5.481486060122113
10184653,CSF1R,5.0
208908,EGFR(L861Q),8.920818753952375
11667893,MET(Y1235D),5.0
11626560,DDR2,5.0
11984591,MEK2,6.136677139879544
156422,LIMK1,5.0
11984591,RIOK2,5.468521082957745
11656518,ASK2,5.0
16725726,INSRR,5.0
3081361,IKK-alpha,5.0
9926054,MEK2,5.0
11626560,PIK3CA(C420R),5.0
6450551,ERN1,5.0
9884685,HIPK2,6.537602002101044
6918454,PIK3CD,5.0
9933475,MINK,6.267606240177032
11485656,SIK,5.0
11427553,CAMK2G,5.0
3081361,PKAC-alpha,5.0
176167,ABL1(E255K),5.0
11617559,MLK1,5.0
9926791,LIMK1,5.0
156422,TXK,5.0
176167,RPS6KA5(KinDom.2-C-terminal),5.0
10184653,RET,5.0
10461815,MYO3B,5.0
16038120,HIPK2,5.356547323513813
9933475,NEK6,5.0
11656518,PFTK1,5.0
11984591,ASK1,5.0
11667893,PAK4,5.0
156414,MAP4K2,6.481486060122113
5287969,SRPK2,5.0
16722836,CDK7,6.920818753952375
11234052,PAK1,5.0
9915743,ERBB4,8.619788758288394
3025986,RET(V804M),5.0
3062316,DYRK1B,5.0
9933475,CSNK1A1L,5.0
3062316,STK39,5.0
11984591,MUSK,7.0
11984591,YANK1,5.638272163982407
10184653,TYRO3,5.0
6450551,MTOR,5.0
9809715,ANKK1,5.0
11364421,LIMK2,5.0
24180719,PIK3C2B,5.0
6918454,CDKL5,5.0
11314340,EGFR(L747T751del),5.0
11234052,IGF1R,5.0
10461815,PIK3CD,5.0
151194,KIT,8.292429823902063
11656518,PHKG2,5.0
24180719,CASK,5.0
11234052,MAST1,5.0
11626560,LTK,7.920818753952375
24180719,AKT3,5.0
11656518,FRK,6.229147988357856
11314340,CAMK4,6.1487416512809245
11667893,DCAMKL2,5.0
10461815,PIK4CB,5.0
3062316,LZK,5.275724130399211
11364421,CASK,5.0
42642645,MELK,6.522878745280337
176167,DMPK,5.657577319177793
9809715,BRAF,5.0
10138260,PRKCI,5.0
11667893,TAOK2,5.0
11485656,FAK,5.0
10184653,BRAF,5.0
11314340,MYO3A,5.0
9809715,p38-gamma,5.0
11427553,NIM1,5.958607314841775
9926054,ACVRL1,5.0
9926791,MKNK1,5.0
176167,CAMK1,5.0
11234052,ROCK2,5.0
9926054,AAK1,5.0
10461815,ERK4,5.0
9884685,RSK4(KinDom.2-C-terminal),5.0
9926054,FGFR3,5.0
176155,RSK3(KinDom.1-N-terminal),5.0
16722836,FAK,7.376750709602099
24889392,CSF1R,8.0
11617559,MLCK,5.0
176167,RET(V804L),5.0
9933475,EGFR(L861Q),6.920818753952375
9926791,DCAMKL1,5.173925197299174
16038120,SgK110,7.267606240177032
9926054,NEK4,5.0
11717001,RSK4(KinDom.2-C-terminal),5.0
9933475,PIK3CA(C420R),5.0
9926054,BRSK2,5.0
156422,TRKA,6.0
11427553,JAK3(JH1domain-catalytic),7.4089353929735005
11314340,CAMK1,5.0
9926791,CAMK2B,5.0
11667893,PRKD1,5.0
11626560,PIM2,5.0
156422,NEK6,5.0
11314340,ACVR2B,5.0
151194,PYK2,5.0
9809715,ERK2,5.0
11485656,TNNI3K,5.0
42642645,RET,9.130768280269024
16722836,JNK3,6.698970004336019
3081361,AAK1,5.0
6918454,DCAMKL1,5.0
4908365,LZK,6.6777807052660805
11717001,PIK3CA(M1043I),5.0
6450551,STK39,5.0
11626560,MLK1,5.0
9809715,STK33,5.958607314841775
151194,LCK,5.0
6450551,NEK9,5.0
3025986,FLT3,5.0
156414,MTOR,5.0
11314340,MYLK,6.060480747381382
11667893,TXK,5.0
24889392,BTK,5.0
3081361,AMPK-alpha1,5.522878745280337
9933475,PKAC-alpha,5.0
10113978,DAPK2,5.0
11234052,PIK3CA(M1043I),5.0
208908,NDR1,5.0
9926054,MINK,5.0
9809715,MELK,8.309803919971486
156414,EGFR(E746A750del),9.585026652029182
6918454,EPHA5,5.0
10184653,PCTK3,5.0
24889392,FRK,5.744727494896694
11234052,PDGFRB,7.301029995663981
16725726,ABL1(F317I),5.0
9933475,DMPK,5.0
156414,PLK2,5.0
11364421,RET(V804L),5.0
11364421,MEK4,5.0
24180719,TESK1,5.823908740944319
10138260,ACVR2B,5.0
42642645,PIK3CA,5.0
3062316,CAMK2A,5.0
11984591,PIM2,5.0
9933475,MAK,5.0
6918454,ACVRL1,5.0
4908365,ANKK1,5.853871964321762
9926791,EPHB4,5.0
9926054,ABL1(F317I),5.0
16725726,ACVRL1,5.0
16038120,HIPK1,5.356547323513813
11984591,FLT3(D835Y),9.431798275933003
3062316,BRAF(V600E),6.2441251443275085
176155,EPHB1,5.0
9933475,LATS2,5.0
6918454,CIT,5.0
176167,MAP3K2,5.0
9926054,ABL1(Q252H),5.0
208908,PRKX,5.0
16038120,DYRK1B,5.346787486224656
176155,MAPKAPK5,5.0
9915743,BRAF(V600E),5.0
11626560,PFTAIRE2,5.0
156422,MYO3A,5.0
6450551,SIK,5.6777807052660805
9926054,MYLK2,5.0
10184653,JAK1(JH1domain-catalytic),5.0
151194,MST1R,5.0
208908,SRMS,5.0
3081361,YANK3,5.0
9926054,ADCK3,5.0
9884685,FLT3(N841I),5.0
176167,MUSK,5.0
10184653,ACVR2B,5.0
11427553,CAMK1D,6.275724130399211
11427553,EPHB6,6.886056647693163
11485656,ROS1,5.0
11656518,MAP4K5,6.080921907623926
6918454,SNRK,5.0
9915743,FER,6.292429823902063
11984591,GRK1,6.060480747381382
3062316,MET,5.0
24180719,DMPK,5.0
11667893,STK36,5.0
176167,FGR,5.0
6450551,PRKCI,5.0
11656518,MST1R,5.0
11656518,NEK6,5.0
151194,TIE2,5.0
10184653,MET(Y1235D),5.585026652029182
10113978,PIM1,5.0
11626560,BRSK2,5.0
6450551,NLK,5.0
3025986,ASK2,5.0
11234052,ERK1,5.0
6918454,CSNK1A1,5.0
3062316,WEE1,5.154901959985743
156422,EGFR(G719C),5.221848749616356
42642645,CDKL5,5.568636235841013
3062316,MEK1,6.0
16725726,PAK1,6.259637310505756
10184653,MYLK2,5.0
176155,MET(Y1235D),5.102372908709558
3062316,JNK2,5.0
208908,TLK1,5.0
176167,TAOK1,5.0
11626560,CSNK1A1L,5.0
9933475,CLK4,5.0
11427553,MLK2,5.823908740944319
11984591,AURKA,6.795880017344075
176167,ERK1,5.0
156414,KIT(D816H),6.221848749616356
6918454,RET(V804M),5.0
4908365,DCAMKL2,5.0
176167,IGF1R,5.0
24889392,TEC,5.0
24180719,FLT3,5.886056647693163
3025986,TLK2,5.0
6450551,MAP3K2,5.0
3062316,BTK,8.853871964321762
11485656,RSK3(KinDom.1-N-terminal),5.0
6450551,MUSK,5.0
11427553,TBK1,6.886056647693163
11314340,MET(Y1235D),5.0
10461815,STK35,5.0
24180719,TYRO3,5.0
11717001,KIT,5.0
156422,YANK3,5.0
6450551,AKT2,5.0
3062316,PRKCH,5.0
3025986,FAK,5.0
156422,LRRK2,5.0
9926054,AKT3,5.0
9933475,HIPK3,5.0
176167,CDKL2,5.468521082957745
176167,NEK6,5.0
24180719,DAPK1,5.0
42642645,RSK4(KinDom.2-C-terminal),5.0
24180719,CDK9,5.0
4908365,MERTK,7.0655015487564325
208908,AURKC,5.0
42642645,TLK2,5.0
11364421,PYK2,6.508638306165728
3025986,TNK2,5.0
11656518,EGFR(L747T751del),5.0
10138260,PRKX,5.0
42642645,PRKCI,5.0
11617559,NEK7,5.0
11485656,MAPKAPK5,5.0
9884685,PIM2,5.0
5287969,LRRK2(G2019S),5.698970004336019
11984591,DYRK1B,5.0
10113978,MEK5,6.318758762624413
9933475,YANK2,5.0
16725726,MAPKAPK5,5.0
16038120,CDKL2,5.0
11984591,CDK11,5.0
11984591,PIK3CA(M1043I),5.0
24889392,p38-gamma,5.0
11234052,STK39,5.0
176167,ABL1(H396P)p,5.0
10184653,AMPK-alpha1,5.0
9809715,EGFR,5.0
3081361,DMPK,5.0
3025986,MAP3K4,5.0
11314340,MLK1,5.0
42642645,BRSK2,5.0
176155,NLK,7.602059991327962
11234052,PRKD2,5.0
208908,EPHB4,5.0
9915743,YANK3,5.0
10113978,IKK-alpha,5.0
9884685,ULK2,5.0
5287969,JNK2,5.0
3025986,PIK3CA,5.0
9933475,TNIK,6.091514981121351
11667893,ERBB4,5.0
4908365,AKT3,5.0
11427553,CIT,6.187086643357144
151194,DCAMKL2,5.0
151194,MTOR,5.0
11667893,MARK3,5.0
16725726,PRKCI,6.6020599913279625
11234052,SRMS,5.0
42642645,MERTK,9.568636235841012
11234052,PKAC-alpha,5.0
11626560,ROCK2,5.481486060122113
11984591,TIE2,6.508638306165728
16007391,HIPK3,5.6020599913279625
11626560,BRAF(V600E),5.0
11485656,STK39,5.0
3081361,LIMK2,5.0
11984591,TLK1,6.309803919971486
11234052,LATS2,5.0
11984591,ABL1(H396P)p,6.4089353929735005
6450551,CHEK1,5.0
10113978,MLK1,6.537602002101044
6918454,DAPK2,5.0
6918454,GCN2(KinDom2S808G),5.0
4908365,MYO3A,5.0
151194,JAK2(JH1domain-catalytic),5.0
9926054,PIK4CB,5.0
11427553,ACVR2B,6.431798275933005
176155,SRPK3,5.0
10138260,WEE1,5.522878745280337
10113978,EGFR,5.0
11617559,ABL1(E255K),5.0
9926791,LZK,5.0
10184653,PDGFRB,5.0
156414,PAK4,5.0
5287969,PRKD1,6.2839966563652006
16007391,PIK3CA(E545K),5.0
16722836,TRKA,6.075720713938118
16038120,BRSK2,6.721246399047171
11656518,HIPK1,5.0
156414,NEK9,5.0
9884685,AXL,5.0
151194,CDKL5,5.0
10461815,MEK3,5.0
156422,EPHB2,6.356547323513813
208908,CHEK1,5.0
6918454,MEK1,6.920818753952375
3062316,CDK8,5.0
24180719,YANK3,5.0
176155,AKT2,5.0
176167,HIPK1,6.0
11656518,NLK,5.0
11427553,FGFR1,6.431798275933005
5287969,JAK3(JH1domain-catalytic),5.795880017344075
24889392,FGFR4,5.0
9915743,MST1R,5.075720713938119
11667893,PRKD2,5.0
16007391,RPS6KA5(KinDom.2-C-terminal),5.0
42642645,CDK4-cyclinD3,5.0
16722836,MYO3A,5.0
11617559,PIK3CA(M1043I),5.0
16725726,p38-gamma,5.0
156414,PRKCI,5.0
11984591,BRAF,6.619788758288394
11234052,FGR,5.0
11485656,ABL1(H396P)p,5.0
11667893,ULK2,5.0
10138260,PRKD1,5.619788758288394
5287969,MAP3K2,5.214670164989233
11717001,RIPK1,5.0
5287969,FGFR3(G697C),5.0
11364421,PLK2,9.09151498112135
9926791,TAOK1,5.0
11717001,CHEK1,5.0
9926054,PFTK1,5.0
11427553,DMPK,5.42021640338319
16007391,DYRK1A,5.0
6918454,KIT,5.0
176167,PYK2,5.0
11656518,PFTAIRE2,5.0
10461815,ACVR2B,5.0
9884685,FAK,5.0
11667893,EGFR(E746A750del),5.42021640338319
9926791,MAP4K5,5.0
11984591,MAP3K15,5.0
11626560,MEK4,5.0
9915743,NEK9,5.0
11617559,ABL2,5.0
10138260,MEK2,6.920818753952375
151194,JAK3(JH1domain-catalytic),5.0
10461815,ABL1(M351T),5.769551078621726
11364421,AURKB,5.0
156422,PIK3CA(Q546K),5.0
11667893,MEK4,5.0
3025986,NEK7,5.0
16725726,MST4,5.267606240177032
11427553,MYO3B,5.221848749616356
10113978,RAF1,6.045757490560675
9933475,ABL1(H396P)p,7.346787486224656
11485656,LRRK2(G2019S),5.0
42642645,HIPK2,6.657577319177793
11314340,ERK4,5.0
3062316,EPHA5,9.619788758288394
156414,RET(V804M),5.0
11667893,TYRO3,5.0
3062316,PAK4,5.0
11364421,ANKK1,5.0
6450551,TNK2,5.221848749616356
11234052,JAK2(JH1domain-catalytic),5.0
42642645,TAOK2,5.161150909262744
9884685,IRAK3,5.0
156414,MST3,5.0
11717001,PHKG2,5.0
11234052,RAF1,5.0
11717001,FLT3(N841I),5.0
42642645,ACVR2A,5.0
11485656,CSF1R,8.468521082957745
24180719,TNIK,5.6020599913279625
16038120,LTK,9.022276394711152
5287969,ASK1,5.0
156414,LIMK1,5.0
151194,DYRK1A,5.0
11667893,FGFR4,5.167491087293763
10138260,CAMK4,5.568636235841013
16038120,EGFR(E746A750del),7.091514981121351
11364421,JAK1(JH1domain-catalytic),5.0
9884685,MUSK,5.0
11427553,GRK1,5.0
11667893,JAK1(JH1domain-catalytic),5.2839966563652006
151194,VEGFR2,7.207608310501746
24180719,CSNK1A1L,5.0
156414,RIOK2,5.0
10138260,BRAF,5.0
3062316,RSK4(KinDom.2-C-terminal),5.0
11617559,FGR,5.0
11485656,CASK,5.0
11667893,AMPK-alpha1,5.0
10138260,MARK4,5.698970004336019
10113978,ABL1(M351T),6.251811972993799
11626560,MST3,5.0
11656518,ABL2,5.721246399047171
3062316,SRMS,7.886056647693163
4908365,DYRK2,5.0
16722836,PAK4,5.42021640338319
16725726,LCK,5.0
10113978,CAMK2B,5.0
9884685,FER,5.0
176167,MAK,5.0
176167,STK33,5.309803919971486
16007391,AKT3,5.0
6918454,FLT3(D835Y),5.0
10138260,BMX,5.0
3062316,PLK2,5.0
6450551,YANK3,5.0
9926054,FLT3,5.0
24180719,DCAMKL2,5.0
6918454,ABL1p,5.0
9926054,MEK5,5.0
16722836,DYRK1A,5.0
11667893,EGFR,5.886056647693163
24180719,MARK3,5.0
11984591,MEK1,6.494850021680094
11234052,ERK2,5.0
151194,TXK,5.0
3081361,RIOK3,5.0
16725726,CDK4-cyclinD3,5.0
10113978,KIT,8.55284196865778
11717001,MYLK,5.0
16722836,AURKA,5.356547323513813
176167,PHKG2,5.0
11364421,CLK4,5.0
176155,SLK,5.431798275933005
9926791,CDKL5,5.0
5287969,RSK4(KinDom.1-N-terminal),5.6777807052660805
11234052,EPHB1,5.0
4908365,MEK3,6.443697499232713
42642645,MEK3,5.0
156414,EGFR(G719S),9.721246399047171
42642645,LCK,8.221848749616356
208908,CAMK4,5.0
3025986,BMX,5.0
10138260,EGFR,5.0
11314340,GRK1,5.0
16038120,CDK9,5.0
3025986,EPHB2,5.0
5287969,EGFR(G719C),6.2839966563652006
156414,ABL1(H396P)p,7.244125144327507
156414,PRKD2,5.0
11656518,CAMK1,5.0
11314340,NDR1,5.0
9926791,ERK4,5.0
11667893,GCN2(KinDom2S808G),5.356547323513813
9933475,LIMK1,5.0
11314340,RSK4(KinDom.1-N-terminal),5.0
11485656,PKNB(Mtuberculosis),5.0
42642645,ABL1(E255K),6.823908740944319
11314340,RIOK2,5.275724130399211
24889392,MAST1,5.0
16007391,EPHA2,5.0
16007391,ACVR2A,5.0
16007391,CASK,5.0
10461815,SLK,6.455931955649724
11314340,ERK3,5.0
11364421,SgK110,5.0
176155,EGFR(L747E749del),5.769551078621726
9926791,CDKL2,5.0
11314340,TRKB,5.0
16038120,MYO3B,7.091514981121351
9933475,PIM2,5.0
151194,EPHB3,5.0
208908,CDKL2,5.0
16038120,EGFR(L861Q),7.008773924307505
9915743,LIMK1,5.0
11717001,ABL2,5.0
6918454,ABL1(F317I),5.0
16722836,ERK5,7.180456064458132
10138260,DYRK1A,6.585026652029182
208908,JAK1(JH2domain-pseudokinase),5.0
11485656,STK16,5.0
16038120,MLK3,6.376750709602099
11717001,FGFR2,5.0
11617559,AKT1,5.0
6918454,CSNK2A2,5.0
151194,CAMK2G,5.0
24889392,TGFBR1,5.0
10461815,HIPK2,6.920818753952375
11485656,ASK2,5.0
5287969,TXK,5.0
10184653,NEK6,5.0
11626560,ABL1(M351T),7.013228265733755
11667893,NEK6,5.0
9926791,MLK2,5.0
9915743,PIK3CA(E545K),5.0
6918454,ERK3,5.0
3062316,ERBB4,7.259637310505756
3062316,DAPK2,5.0
16038120,ERK2,6.522878745280337
10461815,ERK3,5.0
3062316,JAK1(JH1domain-catalytic),5.0
10461815,CSNK1A1,5.0
24180719,RAF1,6.769551078621726
11656518,ICK,5.0
156422,HIPK1,5.0
11427553,CDC2L5,5.0
11626560,EPHA6,7.187086643357144
11427553,PLK2,5.0
16038120,CSNK1A1L,5.2839966563652006
16007391,ABL1(F317I)p,5.337242168318426
11626560,HIPK3,5.0
156422,IKK-alpha,5.0
151194,MUSK,5.0
9915743,MAP3K4,7.4089353929735005
11314340,ULK2,5.221848749616356
10184653,LIMK2,5.0
156422,ROCK1,5.0
6450551,PKAC-alpha,5.0
10138260,MUSK,7.0
11656518,FLT3(N841I),5.0
24180719,CDC2L5,5.0
11656518,MINK,5.0
176167,RIPK1,5.0
11984591,ASK2,5.0
3025986,ASK1,5.0
24180719,GRK1,5.0
11667893,MAP3K15,5.0
11626560,CAMK1,5.0
9926054,CHEK1,5.0
24180719,MKNK1,5.0
11667893,KIT(D816H),6.744727494896694
11626560,MAP3K4,5.0
11656518,PKAC-alpha,5.0
11626560,ASK2,5.0
156422,CSNK1A1L,5.0
11485656,ROCK2,6.200659450546419
42642645,PRKX,5.0
16007391,AAK1,5.522878745280337
11667893,EGFR(G719S),6.0
5287969,PFTK1,6.958607314841775
11717001,JAK1(JH2domain-pseudokinase),5.10790539730952
11485656,AMPK-alpha1,5.0
10113978,TIE2,5.481486060122113
11656518,JAK1(JH2domain-pseudokinase),5.0
11667893,RPS6KA5(KinDom.1-N-terminal),5.0
24180719,FYN,5.638272163982407
151194,TRKB,5.0
10113978,PKNB(Mtuberculosis),5.0
9915743,CDKL3,5.0
176155,PFTK1,5.0
3025986,PIK3CA(M1043I),5.0
151194,TAOK2,5.0
11617559,YANK2,5.0
11667893,ROS1,5.0
11626560,LRRK2,5.0
3025986,GCN2(KinDom2S808G),5.0
3025986,NEK6,5.0
9933475,EPHB6,6.657577319177793
3081361,MINK,5.468521082957745
9884685,RPS6KA5(KinDom.1-N-terminal),5.0
4908365,NIM1,5.0
208908,TBK1,5.0
3062316,PIK3CA(E545K),5.0
6918454,SRPK2,5.0
11656518,ADCK3,5.0
10184653,PFTAIRE2,5.0
11717001,TNIK,5.638272163982407
11234052,ROS1,5.0
10461815,ABL1p,5.086186147616283
156422,JNK3,6.958607314841775
16725726,NIM1,5.0
11427553,FLT3(N841I),7.886056647693163
11984591,EPHB3,5.0
11234052,PRKCQ,5.0
4908365,JNK2,5.853871964321762
11364421,LIMK1,5.0
11234052,DMPK,5.0
208908,FGFR3,5.0
11485656,PIK3CD,5.0
9933475,PRKCI,5.0
151194,RIOK3,5.0
16007391,PIK3CA(M1043I),5.0
11626560,AKT2,5.0
3025986,ICK,6.823908740944319
6450551,RIOK3,6.0
4908365,AURKC,5.522878745280337
156414,MAPKAPK5,5.0
11667893,MLK3,5.0
16725726,CDKL5,5.0
42642645,EPHA6,8.958607314841775
11234052,BRAF,5.0
11234052,TAOK1,5.0
9915743,RSK3(KinDom.1-N-terminal),5.3872161432802645
11984591,JAK2(JH1domain-catalytic),8.455931955649724
10113978,EPHB4,5.0
6450551,EGFR(L747E749del),5.0
11314340,KIT(V559D),5.0
3081361,TLK1,5.0
3081361,CDKL2,5.0
5287969,PAK4,5.0
16038120,MAP3K4,5.698970004336019
4908365,MAST1,5.0
6918454,ERN1,5.0
24180719,MERTK,5.0
16007391,MAPKAPK5,5.0
9926054,CDKL5,5.0
9926054,JAK1(JH2domain-pseudokinase),5.0
3062316,PRKD1,5.0
4908365,PIK3C2B,5.0
11626560,NEK4,5.0
11626560,MARK3,5.0
24889392,DYRK1B,5.0
6918454,ROCK1,5.0
42642645,MINK,5.585026652029182
11667893,MYO3A,5.0
11656518,MST3,5.0
4908365,MARK3,5.2076083105017466
11667893,SgK110,5.0
9933475,CDK7,5.0
11626560,MTOR,5.0
10184653,FLT3(D835Y),5.853871964321762
208908,PIK3CA(Q546K),5.0
9926791,YANK1,5.0
6918454,MAPKAPK5,5.0
9926791,BIKE,5.1487416512809245
11717001,YANK2,5.0
16725726,EGFR(E746A750del),5.0
16722836,MET(Y1235D),5.0
6450551,PRKCQ,5.0
24180719,EPHA5,5.0
11626560,HCK,5.0
11667893,DAPK2,5.0
42642645,CSNK1A1L,5.0
151194,MINK,5.0
11656518,PRKCQ,5.0
11617559,MST1R,5.0
6450551,PAK1,5.0
3062316,ULK1,5.0
4908365,CAMK2G,5.0
9933475,EPHA5,5.0
10184653,CDKL2,5.0
11427553,PIK3CA(M1043I),5.0
11617559,RSK3(KinDom.1-N-terminal),5.0
11485656,ERK3,5.0
16722836,CAMK1D,6.337242168318426
208908,RET(M918T),5.0
6918454,PCTK3,5.0
24889392,ERBB4,5.0
11984591,PLK1,6.080921907623926
5287969,YANK3,5.0
11717001,GRK1,5.0
11667893,FAK,5.0
10461815,ERK1,5.0
3081361,ABL1(H396P)p,7.853871964321762
9926054,ERN1,6.0
11656518,PCTK3,5.0
156422,HUNK,5.0
42642645,TNIK,6.6777807052660805
24889392,CDK9,5.0
208908,PIK3CA(E545K),5.0
3081361,RSK4(KinDom.1-N-terminal),5.0
156414,PIK3CA(Q546K),5.0
156414,SNARK,5.0
11364421,MST3,5.0
24180719,RET(M918T),5.0
6450551,MST4,5.0
208908,AKT3,5.0
16007391,EGFR(L747E749del),5.537602002101044
16722836,PRKG2,5.795880017344075
9884685,RET(M918T),5.0
11717001,MINK,6.0
176155,PIM1,5.0
151194,CDK8,5.346787486224656
9809715,ABL1p,7.1938200260161125
5287969,CAMK2A,5.769551078621726
151194,JAK1(JH1domain-catalytic),5.0
176155,MAP4K3,5.0
9926791,PCTK3,5.0
10184653,ABL1(Q252H),6.102372908709559
11427553,PFTK1,6.060480747381382
6450551,INSRR,5.0
11617559,CASK,5.0
6450551,TRKC,5.0
11234052,ASK2,5.0
42642645,IKK-alpha,5.229147988357856
16722836,EPHA5,5.0
11485656,MERTK,6.060480747381382
176167,FGFR3(G697C),5.0
16007391,ERK3,5.0
16725726,DYRK2,5.0
9884685,PKAC-alpha,5.0
11485656,KIT(V559D),8.769551078621726
6450551,BTK,5.0
9809715,FGFR4,5.744727494896694
4908365,MST1R,5.0
11626560,NEK6,5.0
156414,BMX,5.585026652029182
10461815,AAK1,6.494850021680094
11667893,TGFBR1,5.0
151194,MEK5,5.0
11617559,FLT3(N841I),5.0
10138260,CDC2L5,5.0
16725726,SNRK,5.0
16725726,RET(V804M),5.0
10461815,PCTK3,5.823908740944319
156414,LZK,5.0
16038120,MAK,5.0
9915743,NEK1,5.0
9809715,BIKE,8.657577319177793
176167,MARK3,5.0
9915743,MELK,5.795880017344075
208908,PIK4CB,6.026872146400302
9809715,ABL1(Q252H)p,7.552841968657781
11234052,MEK4,5.0
5287969,CDK4-cyclinD3,8.481486060122112
24889392,ABL1(F317I)p,5.0
11485656,MYO3A,5.0
10113978,PIK3CA(Q546K),5.0
42642645,HIPK3,7.366531544420414
16722836,MEK5,6.443697499232713
10138260,EPHA5,5.0
16038120,MLCK,5.0
5287969,DLK,5.0
11364421,LCK,5.0
16007391,AKT1,5.0
176155,CSNK2A2,5.0
24180719,RPS6KA5(KinDom.2-C-terminal),5.0
24180719,CAMK2A,5.0
4908365,HIPK3,5.3979400086720375
3081361,CAMK1,5.0
3025986,FER,5.0
176155,CSNK1A1,7.1249387366083
10113978,AAK1,5.537602002101044
10184653,STK39,5.0
16038120,PIK3CD,5.0
156414,RPS6KA5(KinDom.1-N-terminal),5.0
10184653,DCAMKL1,5.0
9809715,SRMS,5.0
10184653,PIK3CA(H1047L),5.0
11617559,HIPK1,5.0
9915743,LATS2,5.0
176167,EPHB3,5.0
10138260,SNRK,5.823908740944319
11717001,PRKCI,5.0
156422,ICK,5.0
156422,SIK,5.0
4908365,p38-gamma,5.0
11314340,ERN1,5.0
11234052,PLK1,5.0
11314340,PIK3CA(C420R),5.0
11427553,MLK3,6.638272163982407
9926791,KIT,5.0
6918454,ULK2,5.0
9933475,TGFBR1,5.769551078621726
9926791,RET(V804M),5.0
9809715,AURKB,6.376750709602099
11984591,BTK,6.721246399047171
11626560,NLK,5.0
11667893,GRK1,5.0
208908,CASK,5.0
10113978,FGR,5.795880017344075
9933475,JNK3,5.0
6450551,RET(V804L),5.886056647693163
9809715,JAK1(JH2domain-pseudokinase),8.318758762624412
9809715,TXK,6.0655015487564325
176167,CAMK2B,5.0
16007391,ERK1,5.0
11717001,PAK1,5.0
176155,ABL1(M351T),5.0
16722836,ROCK1,5.6777807052660805
9884685,RET(V804L),5.0
9884685,DRAK2,5.0
42642645,CDKL3,5.356547323513813
9884685,ASK2,5.0
11364421,CDK7,5.455931955649724
11314340,EGFR(G719C),5.0
3025986,FGR,5.0
10138260,STK39,6.366531544420414
11984591,ERK4,5.0
24889392,RAF1,5.0
176167,DCAMKL1,5.0
11314340,MLK3,5.0
9809715,MLK3,6.154901959985743
10461815,CSNK1A1L,5.0
11626560,MLCK,5.0
24889392,ADCK3,5.0
11364421,EGFR(L747E749del),5.958607314841775
9915743,PIK3CA(M1043I),5.0
16722836,MAP3K4,5.3872161432802645
6450551,CAMK2G,5.0
3025986,ACVR2B,5.0
11364421,CSF1R,5.0
11717001,ERK1,5.0
16007391,ABL1(Q252H),6.0655015487564325
16722836,BIKE,7.494850021680094
9915743,PIK3CA,5.0
16725726,EPHA5,5.0
16725726,MINK,5.0
11717001,EPHB4,5.0
3062316,TYRO3,5.0
11234052,JAK1(JH1domain-catalytic),5.0
11364421,EGFR(L747T751del),5.318758762624413
4908365,ERK4,5.0
42642645,SgK110,5.0
10138260,AAK1,7.180456064458132
10461815,FLT3,6.6020599913279625
4908365,AURKA,5.0
11667893,PFTK1,5.0
10138260,MAP3K2,7.136677139879544
10138260,PIK3CA(Q546K),5.0
11984591,BRSK2,5.0
3025986,ACVRL1,5.0
11364421,PRKCQ,5.0
24889392,STK36,5.0
11656518,TLK2,5.0
11617559,VEGFR2,5.0
42642645,PDGFRB,9.017728766960431
24889392,ABL1(Q252H),5.0
9915743,CDK8,5.0
24889392,LTK,5.0
16725726,DLK,5.0
176167,JAK3(JH1domain-catalytic),5.769551078621726
16038120,MLK1,6.3872161432802645
156422,FAK,5.1487416512809245
6918454,TRKA,5.0
16722836,FLT3(N841I),7.698970004336019
151194,p38-gamma,5.0
4908365,YANK2,5.0
24180719,RIOK3,5.0
176167,AXL,5.481486060122113
16725726,ANKK1,5.0
208908,BRSK2,5.0
24889392,MEK4,5.0
11314340,CAMK2G,6.050609993355088
6450551,GCN2(KinDom2S808G),5.0
16722836,DAPK1,7.795880017344075
176167,CDK9,5.886056647693163
24180719,TEC,5.0
9884685,CAMK2D,5.0
24180719,BRSK2,5.0
11234052,AXL,5.0
208908,KIT(V559D),5.0
3081361,ROS1,5.0
16725726,AAK1,5.0
11617559,TRKA,6.200659450546419
16038120,CDK7,6.721246399047171
156422,PKNB(Mtuberculosis),5.0
11485656,TNK2,5.0
156414,DDR2,5.0
11626560,CDC2L5,5.0
3081361,CHEK1,5.0
6918454,MEK4,5.0
176167,EPHA6,5.0
11427553,MEK3,6.823908740944319
3025986,MTOR,5.0
11717001,FGFR3,5.0
16007391,KIT(D816H),5.537602002101044
5287969,NEK9,5.0
16007391,JAK3(JH1domain-catalytic),5.0
176155,EGFR(L861Q),5.494850021680094
156414,PRKG2,5.0
11617559,IKK-alpha,5.0
11314340,RAF1,5.0
176167,ABL1(Q252H),5.0
16725726,CAMK2A,5.0
3025986,TRKB,5.0
24889392,EGFR(L747E749del),5.0
3081361,JAK3(JH1domain-catalytic),5.0
11656518,DCAMKL2,5.0
6450551,PIK3CA(E545K),5.0
42642645,TIE2,8.508638306165727
11427553,PAK4,5.823908740944319
24889392,ACVR2B,5.0
24889392,BMX,5.0
9809715,EGFR(G719C),5.0
9809715,EGFR(L747T751del),5.0
11617559,FGFR3,5.0
16007391,ADCK3,5.0
16007391,PHKG2,5.0
9915743,RIOK3,5.0
11427553,MAP3K2,7.142667503568732
10138260,CASK,5.0
11314340,EGFR(G719S),5.0
3025986,ULK1,5.552841968657781
9926791,ABL1(Q252H)p,5.0
11364421,EGFR(E746A750del),5.721246399047171
6918454,CAMK1G,5.0
16007391,STK39,5.0
10461815,PFTK1,5.886056647693163
11485656,ULK1,5.0
4908365,PLK1,5.0
9884685,CHEK1,5.0
16725726,LIMK2,5.0
16007391,DRAK2,5.0
208908,PIK3CD,5.0
10184653,AKT2,5.0
9926054,MELK,5.0
11656518,MLK2,5.0
11485656,EGFR(L861Q),5.0
3081361,ERK1,5.0
9884685,ABL1(H396P)p,5.0
10184653,PKAC-alpha,5.0
9933475,ABL1(F317I),5.552841968657781
151194,ABL1(M351T),5.0
10113978,GCN2(KinDom2S808G),5.0
11617559,IGF1R,5.0
3062316,ROS1,5.0
9933475,MARK3,5.0
11984591,EGFR(E746A750del),5.958607314841775
4908365,PFTK1,5.0
10138260,EPHA6,5.698970004336019
11984591,MAP4K3,5.619788758288394
42642645,CDK9,5.795880017344075
3025986,AURKC,5.301029995663981
208908,PRKD2,5.0
11656518,GRK1,5.0
6450551,CDK8,5.0
176155,SRPK2,5.0
5287969,TYRO3,5.0
42642645,EPHA5,8.18045606445813
9926054,ABL1p,5.0
10138260,MYLK2,6.721246399047171
176167,BMX,5.0
151194,DRAK2,5.0
11667893,MST1R,5.0
16722836,TIE2,5.721246399047171
11656518,BRSK2,5.0
16725726,MEK1,5.0
24180719,NDR1,5.0
11656518,STK33,5.0
11364421,TNNI3K,5.0
9926054,PIK3CA(E545K),5.0
208908,ROS1,5.0
6918454,PIK4CB,5.0
9926791,JNK3,5.0
9915743,TESK1,5.0
3081361,AKT1,5.0
10113978,PKAC-alpha,5.0
151194,PFCDPK1(Pfalciparum),5.0
11427553,PIK3C2B,5.0
5287969,ACVR2A,5.508638306165728
10113978,HIPK2,5.0
3062316,LIMK1,6.2441251443275085
9926054,TRKC,5.0
11364421,AURKC,5.0
10461815,TGFBR1,5.0
16007391,PIK3CA(C420R),5.0
3025986,PRKCI,5.0
16007391,FGFR3(G697C),5.0
208908,CDK11,5.0
11427553,MYO3A,6.130768280269024
10113978,FLT3,5.958607314841775
3025986,DYRK1A,6.468521082957745
10138260,INSRR,5.698970004336019
6918454,NEK7,5.0
9915743,SNRK,5.0
151194,MYLK,5.0
11626560,VEGFR2,5.0
9933475,NEK4,5.0
24889392,ASK2,5.0
24889392,TNIK,5.552841968657781
176167,AURKB,5.0
9926054,TRKB,5.0
3081361,CDK11,5.0
42642645,STK36,6.744727494896694
16007391,SIK,5.0
16725726,MTOR,5.0
9809715,DMPK,5.0
9933475,JAK1(JH2domain-pseudokinase),5.0
156414,PHKG2,5.0
176155,SNRK,5.0
11364421,HIPK1,5.3872161432802645
11314340,DYRK1A,8.67778070526608
176167,DRAK2,5.0
5287969,FGFR3,5.0
9926054,LTK,5.0
208908,TNNI3K,5.0
11656518,NDR1,5.0
11234052,ANKK1,5.0
156414,CDKL5,5.0
151194,ROCK1,5.0
16722836,DDR2,6.022276394711152
16038120,ACVR2A,5.657577319177793
11314340,TLK2,5.0
42642645,PIM2,5.0
11656518,LATS2,5.0
5287969,PKN2,5.0
11617559,BRAF(V600E),5.0
42642645,ROS1,7.853871964321762
11667893,PIK3CD,5.0
9884685,RIPK1,5.0
6918454,EPHB4,5.0
10113978,MYO3A,5.0
42642645,AKT2,5.0
11667893,KIT(V559D),8.494850021680094
16038120,AKT2,5.0
6918454,DAPK1,5.0
11234052,PIK3CA(H1047L),5.0
11364421,PAK4,5.0
9809715,ROCK1,5.0
156414,IGF1R,5.0
5287969,CAMK2D,5.795880017344075
16722836,MKNK1,5.136677139879544
9884685,IGF1R,5.0
9933475,MAPKAPK5,5.0
10113978,PFPK5(Pfalciparum),5.0
9884685,MTOR,7.920818753952375
9884685,DYRK1B,5.2441251443275085
151194,ABL1(H396P)p,5.0
11314340,LCK,5.0
11656518,AAK1,5.0
16038120,ERK3,5.0
176155,LIMK1,5.0
10184653,KIT(D816H),5.0
10113978,TXK,5.585026652029182
6450551,TGFBR1,5.0
16038120,BMX,5.958607314841775
11234052,CSNK1A1,5.0
9884685,SIK,5.0
176155,FGR,5.0
208908,BTK,5.0
9809715,DAPK1,5.0
16038120,KIT,6.958607314841775
11626560,ADCK3,5.0
16725726,MLK3,5.0
9915743,TNIK,6.853871964321762
9809715,MST3,6.958607314841775
11234052,TLK1,5.0
11656518,JAK1(JH1domain-catalytic),5.0
16725726,VEGFR2,5.0
208908,CDKL3,5.0
10461815,BRSK2,5.0
156422,FLT3,5.638272163982407
176155,SIK,5.0
11667893,LZK,5.0
42642645,MLCK,5.522878745280337
176167,AURKC,5.0
9884685,PHKG2,5.0
11626560,ABL1(F317I)p,5.494850021680094
10461815,CSF1R,6.154901959985743
24180719,RET(V804L),5.0
10184653,MEK5,5.886056647693163
4908365,CAMK2D,5.0
3081361,PIK3CA(C420R),5.0
3062316,ROCK1,5.0
10461815,FER,5.0
11717001,CAMK1D,5.0
6450551,ULK2,5.00436480540245
11427553,JAK1(JH2domain-pseudokinase),6.721246399047171
16725726,HUNK,5.0
16722836,RET(V804M),7.091514981121351
9884685,MLK1,5.0
3081361,CDC2L5,5.0
9809715,CDC2L5,5.0
16007391,AXL,6.4089353929735005
11427553,ERK4,5.0
9809715,RET(V804L),8.008773924307505
11656518,TIE2,5.886056647693163
11717001,SNRK,5.0
16725726,ERK5,5.0
5287969,DMPK,6.187086643357144
10184653,FGFR4,5.0
208908,ASK1,5.0
11667893,RET(M918T),7.698970004336019
6450551,PDGFRA,9.292429823902063
11364421,CAMK2D,5.619788758288394
11656518,CSNK2A2,5.0
3025986,LIMK2,5.0
9884685,GRK1,5.0
208908,MAPKAPK5,5.0
3025986,CAMK2D,5.0
10113978,SNRK,5.0
9884685,PDGFRB,5.0
9915743,RET(V804L),5.0
156422,ERK4,5.0
11656518,SgK110,5.0
16007391,HCK,5.4089353929735005
11485656,PIK3CA(H1047L),5.0
11717001,DCAMKL1,5.0
6918454,ERK4,5.0
176155,FGFR2,5.0
4908365,STK36,5.0
10461815,EPHA2,5.0
10138260,DAPK2,6.3979400086720375
9809715,FAK,6.6777807052660805
11717001,PIK3CD,5.0
6450551,MAST1,5.0
16007391,EGFR(G719S),6.769551078621726
9933475,MLK3,5.0
11667893,PIK3CA(C420R),5.0
10461815,EGFR,5.0
16722836,FGFR1,6.552841968657781
10184653,DAPK2,5.0
10138260,KIT(D816H),6.508638306165728
11656518,DAPK2,5.0
3062316,DMPK,5.886056647693163
11656518,CDC2L5,5.0
11427553,LCK,5.920818753952375
9926791,JAK1(JH2domain-pseudokinase),5.0
10461815,CDKL3,5.0
3081361,SRPK3,5.0
10184653,PKNB(Mtuberculosis),5.0
6450551,p38-gamma,5.0
16038120,MEK1,6.259637310505756
156414,DYRK2,5.173925197299174
11314340,MERTK,5.0
9933475,NEK7,5.0
11717001,NLK,5.0
9915743,DRAK2,5.958607314841775
11984591,PIK3CA(Q546K),5.0
24180719,EPHB4,5.0
176155,CDK4-cyclinD3,5.0
11427553,BMPR2,6.431798275933005
9915743,HCK,6.309803919971486
10184653,KIT(V559D),5.0
151194,MAP4K3,5.0
9926054,MUSK,5.0
9915743,PAK4,5.0
11984591,INSRR,5.337242168318426
16725726,FGFR4,5.0
5287969,PIK3CA(E545K),5.0
3081361,IRAK3,5.0
9933475,PYK2,5.0
6450551,IKK-alpha,5.0
11427553,CAMK2B,5.0
5287969,NEK4,5.0
11984591,CDKL5,5.0
176167,ADCK3,5.0
11656518,BIKE,5.0
10138260,MAP3K4,5.0
4908365,FGR,6.657577319177793
10138260,MAP3K15,5.920818753952375
5287969,KIT(D816V),5.337242168318426
9915743,MARK3,5.0
42642645,STK35,6.638272163982407
10461815,TNIK,6.508638306165728
11617559,PKAC-alpha,5.0
10138260,CDKL5,5.0
5287969,PFCDPK1(Pfalciparum),5.0
11667893,RIOK2,5.0
11485656,LIMK1,5.0
11656518,PAK1,5.0
176155,LIMK2,5.0
9926791,RET(M918T),5.481486060122113
11626560,NEK7,5.2441251443275085
6450551,RAF1,5.0
11364421,MLK2,5.0
151194,CDK7,5.0
3062316,TRKC,5.0
11984591,TAOK2,6.1938200260161125
16038120,CAMK2A,6.008773924307505
3062316,AURKB,5.0
16007391,STK16,5.0
9809715,MET,6.698970004336019
10113978,CHEK1,5.0
11234052,ABL1(F317I),5.0
11667893,MLK2,5.0
11314340,MARK3,5.0
11626560,STK16,5.0
10113978,ROCK2,5.0
156422,PFCDPK1(Pfalciparum),5.0
16725726,MEK2,5.0
16722836,PCTK3,5.568636235841013
11427553,RSK4(KinDom.2-C-terminal),5.0
6918454,FAK,5.0
10461815,MST3,5.0
9926791,PRKCQ,5.0
11656518,CSNK1A1L,5.0
11617559,DMPK,5.0
3062316,PIK3CA(H1047L),5.0
3062316,NIM1,5.0
24180719,EGFR(E746A750del),5.0
9926791,ASK2,5.0
4908365,ROCK2,5.0
9884685,JAK3(JH1domain-catalytic),5.0
3025986,TIE2,5.0
9915743,AURKA,5.0
11667893,PRKCH,5.0
9884685,HIPK1,5.481486060122113
16722836,CHEK1,5.42021640338319
3062316,PHKG2,5.0
11984591,PYK2,7.537602002101044
156414,ACVR2A,5.0
3062316,FRK,9.508638306165729
6918454,PFTK1,5.0
9809715,MARK4,5.698970004336019
16038120,MAP4K3,7.187086643357144
6450551,ABL1(Q252H)p,6.698970004336019
16038120,RPS6KA5(KinDom.1-N-terminal),5.0
6918454,FGFR4,5.0
16722836,YANK1,5.0
11617559,PDGFRB,5.0
4908365,CSNK2A2,5.2076083105017466
9915743,TRKC,5.0
156422,FGFR4,5.0
176155,MAP4K2,5.0
4908365,ADCK3,5.0
24180719,ERBB4,5.0
208908,DYRK1A,5.0
5287969,PAK1,5.0
9809715,DYRK1A,5.0
3062316,FAK,5.0
11427553,NEK9,6.2839966563652006
24889392,DYRK1A,5.0
16725726,CDK9,5.0
9809715,TLK2,5.0
3025986,FGFR3,5.0
9926791,HUNK,5.0
10138260,JNK3,5.443697499232713
11427553,EPHA6,5.823908740944319
9926054,LRRK2(G2019S),5.0
42642645,PLK1,5.0
16007391,NEK6,5.0
176167,ASK2,5.0
11617559,MTOR,5.0
176167,MYO3A,5.0
156414,ADCK3,5.823908740944319
3081361,ADCK3,5.346787486224656
151194,CDK4-cyclinD3,5.0
24180719,DYRK1A,5.0
11485656,YANK3,5.0
156422,JAK1(JH1domain-catalytic),5.0
9915743,FGR,5.721246399047171
11234052,STK16,5.0
176167,CAMK2G,5.0
16038120,MEK5,6.698970004336019
24180719,FGFR1,5.275724130399211
9809715,MEK3,5.6777807052660805
11427553,ANKK1,7.086186147616283
156414,MAK,5.0
16038120,CAMK1G,5.522878745280337
176155,YANK3,5.0
3081361,CAMK4,5.0
151194,CASK,5.0
6918454,HIPK2,5.0
11656518,KIT(V559D),6.769551078621726
42642645,CAMK2G,5.0
208908,ANKK1,5.0
9926791,AURKC,5.0
24889392,RIOK2,5.0
176167,ERK4,5.0
11626560,EGFR(G719C),5.568636235841013
10113978,ROCK1,5.0
10461815,CDK4-cyclinD3,6.42021640338319
24180719,CSF1R,5.568636235841013
11234052,MST1R,5.0
16007391,EPHB3,5.0
9933475,LZK,5.0
11427553,RIOK3,7.214670164989233
11427553,ABL1(M351T),7.721246399047171
4908365,SIK,5.522878745280337
11984591,EPHB6,6.508638306165728
11364421,PFPK5(Pfalciparum),5.0
11364421,SNRK,5.0
10461815,PIK3CA(C420R),5.0
4908365,PIK3CA(H1047L),5.0
11485656,FES,5.0
4908365,INSRR,5.920818753952375
156422,CAMK1D,5.0
4908365,JAK2(JH1domain-catalytic),8.00436480540245
6450551,FLT3(D835Y),6.568636235841013
11617559,AXL,5.0
11717001,CAMK2D,5.0
208908,MST1R,5.0
16038120,JNK3,7.173925197299174
16038120,DMPK,5.6777807052660805
11626560,ERK3,5.0
11667893,EPHB2,5.0
3025986,TLK1,5.0
16722836,CAMK2B,5.167491087293763
11427553,HCK,5.366531544420414
176155,p38-gamma,5.823908740944319
11617559,RIPK1,5.0
11427553,MKNK1,5.0
208908,PKAC-alpha,5.0
9809715,LRRK2,7.337242168318426
156422,SRPK2,5.0
3081361,HIPK2,5.0
11717001,LATS2,5.0
16007391,MAP3K4,5.0
9884685,RPS6KA5(KinDom.2-C-terminal),5.0
9933475,MAP3K4,5.0
9915743,YANK2,5.1938200260161125
11427553,MEK5,6.920818753952375
9933475,CDK9,5.0
6450551,NIM1,5.0
6918454,MAP4K2,5.0
11485656,SNRK,5.0
11485656,CAMK1G,5.0
156414,ABL1(F317I)p,6.0
16722836,RIOK3,7.040958607678906
16038120,ABL1(F317I)p,7.853871964321762
9926791,MAP3K4,5.0
11667893,BRAF(V600E),6.552841968657781
16038120,ABL1(H396P)p,6.795880017344075
5287969,CSNK1A1,5.508638306165728
11656518,CDK8,5.0
6918454,PDGFRB,5.508638306165728
4908365,GCN2(KinDom2S808G),7.091514981121351
3025986,PAK1,5.0
3025986,ABL1(M351T),5.0
4908365,PKAC-alpha,5.0
9915743,ASK2,5.0
3062316,MLCK,5.0
208908,IGF1R,5.0
151194,PRKD1,5.0
9915743,TNK2,6.167491087293763
156422,MAK,5.0
11427553,CDK8,5.0
208908,EGFR(G719C),9.036212172654444
24889392,ABL1(M351T),5.0
11717001,CIT,5.455931955649724
11234052,NDR1,5.0
11314340,SIK,5.0
11717001,MEK2,5.0
156422,EPHA6,5.698970004336019
176155,GCN2(KinDom2S808G),5.0
11485656,PAK1,5.0
11617559,NLK,5.0
6450551,PIK3C2B,5.0
6450551,TLK1,5.0
11485656,ABL1(Q252H),5.0
6450551,DLK,5.769551078621726
3081361,SNRK,5.0
9915743,ABL1(Q252H)p,5.221848749616356
6450551,JAK3(JH1domain-catalytic),5.508638306165728
176155,PHKG2,5.0
3062316,AURKC,5.0
11485656,MAP3K15,5.0
11984591,CAMK2A,5.958607314841775
16725726,EGFR(L861Q),5.0
24180719,MYO3A,5.0
11427553,JNK2,6.638272163982407
5287969,SgK110,5.0
24180719,ABL1(E255K),5.346787486224656
3062316,RPS6KA5(KinDom.2-C-terminal),5.0
11617559,SgK110,5.0
9933475,CASK,5.0
11984591,MARK4,7.050609993355088
156414,SNRK,5.0
156414,DCAMKL2,5.0
9915743,KIT(V559D),5.0
16038120,MELK,7.00436480540245
24889392,ERK3,5.0
11234052,CSNK2A2,5.0
10138260,DYRK1B,5.585026652029182
176167,JNK3,5.0
9933475,JAK2(JH1domain-catalytic),5.0
3062316,EGFR,6.920818753952375
11656518,NIM1,5.0
11314340,KIT,5.0
24180719,BRAF,6.481486060122113
11427553,PRKD2,5.823908740944319
3025986,CDK11,6.022276394711152
11667893,CDK7,5.0
11717001,DLK,5.0
208908,PHKG2,5.0
11314340,FLT3,6.267606240177032
156422,MEK2,5.0
16038120,FGFR4,6.958607314841775
42642645,DAPK2,5.0
10461815,CAMK2A,5.468521082957745
16038120,FLT3,7.823908740944319
9926791,IRAK3,5.0
3025986,CHEK1,5.0
24180719,ASK2,5.0
4908365,TAOK1,5.769551078621726
42642645,PIK3CA(M1043I),5.0
151194,NEK4,5.0
10184653,ABL1(Q252H)p,6.42021640338319
16722836,EPHB4,5.6777807052660805
11626560,SRMS,5.0
24180719,ADCK3,5.0
176167,CAMK2A,5.0
10113978,PAK1,5.0
24180719,AURKB,5.638272163982407
176155,NEK9,5.0
208908,RET,5.0
9926791,DYRK1B,5.0
11667893,EPHA2,5.0
176167,FRK,5.0
16038120,TRKA,6.337242168318426
11617559,PIK3CD,5.0
9809715,KIT,8.244125144327509
9915743,BRAF,5.0
10184653,FGFR2,5.0
10113978,MST1R,5.0
11656518,EGFR(L747E749del),5.0
16038120,CDC2L5,5.0
10113978,FES,5.853871964321762
11234052,YANK3,5.0
11717001,NEK4,5.0
11717001,PRKD2,5.0
16038120,TAOK2,6.130768280269024
4908365,EGFR(L861Q),5.017728766960432
16722836,SgK110,5.537602002101044
42642645,EGFR,6.356547323513813
16722836,PIM1,5.0
9926054,DYRK1B,5.0
11427553,WEE1,5.552841968657781
3081361,TESK1,5.431798275933005
11667893,PDGFRA,8.0
24180719,FGFR3,5.0
16007391,HIPK2,5.431798275933005
16007391,ULK2,5.0
10138260,LATS2,6.366531544420414
10138260,p38-gamma,5.0
10113978,MET(Y1235D),5.6777807052660805
9809715,DRAK2,6.173925197299174
42642645,PRKG2,5.0
10113978,DYRK1B,5.0
11717001,ACVRL1,5.0
11626560,DAPK2,5.0
11667893,PRKG2,5.0
10184653,MYO3A,5.0
11314340,BTK,5.0
9926054,HIPK1,5.0
3025986,MLK1,5.0
10138260,IGF1R,5.0
3025986,ROCK1,5.0
3062316,PIK3CA,5.0
24889392,CAMK1G,5.0
4908365,JAK1(JH2domain-pseudokinase),6.853871964321762
9809715,PLK2,5.0
6918454,PIM1,5.0
11314340,RSK3(KinDom.1-N-terminal),5.0
176167,TRKA,5.0
9926054,SNRK,5.0
11656518,MAP3K15,5.0
16722836,LZK,6.229147988357856
9915743,ASK1,5.0
24180719,NEK6,5.0
10113978,IRAK3,6.096910013008056
6918454,TXK,5.0
11234052,STK33,5.494850021680094
10138260,MEK3,5.657577319177793
24889392,CSNK1A1L,5.0
10113978,TRKC,5.0
11656518,LRRK2,5.0
24889392,MAP3K4,5.0
156414,ERBB4,8.187086643357144
42642645,KIT,8.602059991327963
5287969,CDK8,6.920818753952375
4908365,LTK,5.0
9884685,CAMK2G,5.0
3062316,DDR2,8.494850021680094
11656518,FES,5.0
24180719,MAP4K2,5.0
16038120,ABL1(Q252H),7.4089353929735005
156414,SRPK3,5.0
9915743,ACVRL1,5.0
9933475,EPHB4,5.958607314841775
3081361,JAK2(JH1domain-catalytic),5.0
3081361,RPS6KA5(KinDom.2-C-terminal),5.0
11427553,ERBB4,5.0
11234052,RET(V804M),5.0
6918454,MKNK1,5.0
9926054,MYO3A,5.0
156422,ABL1(F317I)p,5.0
156414,PLK1,5.0
11427553,MAK,5.0
4908365,BMPR2,6.508638306165728
9933475,CHEK1,5.0
11984591,MINK,5.0
16725726,TRKA,5.0
16725726,BRAF,5.0
176155,TXK,5.346787486224656
24889392,PCTK3,5.0
3025986,TBK1,5.0
176167,PIK3CA(M1043I),5.0
9933475,PIK4CB,5.0
3062316,ADCK3,6.721246399047171
3062316,FGFR2,5.853871964321762
3081361,ASK2,5.0
24889392,MARK4,5.0
11984591,ABL1(F317I),5.0
11984591,MST1R,6.327902142064283
10138260,BIKE,7.568636235841013
11314340,RET(V804L),5.721246399047171
3081361,DYRK2,5.0
16007391,CSNK2A2,5.0
176155,PIK3CA(Q546K),5.0
11485656,ACVR2B,5.0
24180719,PIK3CA(Q546K),5.0
16725726,JNK3,5.0
156414,TLK2,5.0
3081361,MAP4K5,6.346787486224656
11364421,DRAK2,5.0
11717001,LRRK2,5.0
11984591,p38-gamma,6.4089353929735005
11485656,PRKD1,5.0
9926791,JAK2(JH1domain-catalytic),9.236572006437065
176167,PDGFRA,5.0
9884685,DCAMKL1,5.0
16725726,TBK1,5.0
176155,PKN2,5.0
42642645,PYK2,7.853871964321762
11314340,PIK3CA(Q546K),5.0
11667893,FYN,5.552841968657781
11364421,MAP4K5,5.0
11364421,KIT(D816H),5.0
6918454,MARK3,5.0
11485656,PIK3C2B,5.0
16722836,RIPK1,5.275724130399211
9809715,PFTK1,6.327902142064283
11364421,ACVR2B,5.0
11314340,SNRK,5.0
11984591,EGFR,6.522878745280337
16725726,CDKL2,5.0
10138260,NIM1,5.958607314841775
156422,EGFR(E746A750del),5.0
11656518,SLK,6.292429823902063
156422,STK16,5.0
156414,ABL1(Q252H),7.040958607678906
16038120,LZK,7.244125144327507
9933475,MKNK1,5.0
10461815,LRRK2,5.0
3081361,AURKC,5.823908740944319
5287969,CLK4,5.0
9926054,PIK3CA,5.0
9809715,SgK110,5.698970004336019
16722836,RSK3(KinDom.1-N-terminal),5.113509274827518
11364421,DCAMKL2,5.0
9933475,RAF1,5.0
11364421,EPHB2,5.0
16722836,HIPK2,6.0
11717001,ABL1(F317I)p,5.0
176155,RET,5.0
9926054,PIK3C2B,5.0
5287969,STK39,5.0
9884685,MET(Y1235D),5.0
11717001,SRPK3,5.0
16038120,LRRK2,8.853871964321762
4908365,IGF1R,5.958607314841775
10461815,ANKK1,5.0
5287969,PDGFRA,5.229147988357856
11626560,MUSK,6.638272163982407
11717001,CDK7,5.0
9926054,IRAK3,5.0
6918454,ICK,5.0
9915743,ABL2,5.0
16722836,TESK1,5.494850021680094
11485656,RSK4(KinDom.2-C-terminal),5.0
176167,MAP3K15,5.0
11667893,LRRK2,5.0
11234052,STK35,7.585026652029182
11656518,ULK2,5.0
176167,STK36,5.0
6450551,MLK1,5.522878745280337
10184653,PAK1,5.0
24180719,ASK1,5.0
11314340,MAST1,5.0
10138260,ABL1(M351T),6.301029995663981
156414,CAMK2B,5.0
24180719,PFTAIRE2,5.0
9915743,ERK1,5.0
5287969,CAMK1G,5.0
10184653,TRKB,5.0
16038120,TRKC,5.0
6450551,CAMK2B,5.0
9926791,MEK5,5.0
208908,ABL1p,5.0
156422,ERK2,5.0
156422,NEK7,5.0
4908365,HUNK,5.0
11667893,TEC,5.0
16007391,KIT,7.769551078621726
3025986,PIK3CA(E545K),5.0
24180719,PHKG2,5.0
6450551,JNK3,5.958607314841775
156414,PRKX,5.0
11667893,HIPK2,5.0
9809715,MINK,7.086186147616283
11617559,ERK2,5.0
11984591,FGR,7.481486060122113
9926791,p38-gamma,5.0
9809715,CAMK1G,6.585026652029182
16007391,MLK2,5.0
11234052,CLK4,5.0
9933475,MEK1,5.0
176167,LRRK2(G2019S),5.0
11617559,PKN2,5.0
6450551,YANK1,5.0
11364421,PKAC-alpha,5.0
6450551,EPHB1,5.0
9926791,PFCDPK1(Pfalciparum),5.0
11617559,MKNK1,5.0
176167,SgK110,5.0
10138260,PIK3CA(C420R),5.0
9933475,ULK2,5.0
9933475,FAK,5.0
16038120,SRMS,6.795880017344075
9926791,CDK9,5.0
42642645,ANKK1,5.823908740944319
10461815,JNK2,5.0
11656518,RPS6KA5(KinDom.1-N-terminal),5.0
11717001,CDKL2,5.0
9926791,MYO3B,5.0
10138260,STK16,6.136677139879544
9926791,BRAF(V600E),5.0
208908,RAF1,5.0
24889392,CLK4,5.0
3025986,BTK,5.0
10113978,LTK,5.167491087293763
11626560,IRAK3,7.508638306165728
10461815,MINK,6.6020599913279625
11427553,HUNK,6.337242168318426
10113978,MLK2,5.6777807052660805
10113978,PAK4,5.0
6450551,AKT3,5.0
11717001,ROCK2,5.0
16722836,CAMK2D,6.229147988357856
16725726,ASK1,5.0
4908365,EPHB3,5.0
10461815,AURKC,6.522878745280337
16038120,JAK1(JH1domain-catalytic),6.3872161432802645
10113978,CDK4-cyclinD3,5.0
4908365,ERK1,5.0
10113978,NEK9,5.0
6450551,TBK1,5.0
42642645,NEK9,6.327902142064283
176155,EPHA5,5.0
11364421,KIT(D816V),5.0
16007391,MEK2,5.376750709602099
10113978,DMPK,5.0
9933475,KIT(D816H),6.086186147616283
11656518,FGFR3(G697C),5.0
11485656,NEK7,5.0
16725726,EGFR(G719C),5.0
16725726,EPHB1,5.0
24889392,ANKK1,5.0
11617559,RPS6KA5(KinDom.1-N-terminal),5.0
9933475,HIPK1,5.0
10461815,AKT2,5.0
11427553,MAP4K2,7.958607314841775
9884685,BIKE,5.0
9915743,TLK2,5.0
9933475,TRKB,5.0
9926054,CIT,5.0
156414,GCN2(KinDom2S808G),5.0
16038120,NEK1,5.0
10461815,FES,5.0
11234052,PDGFRA,7.958607314841775
42642645,MET(Y1235D),9.086186147616283
6450551,PRKG2,5.0
9926054,TRKA,5.0
16725726,CDK11,5.0
156422,TGFBR1,5.0
176167,DYRK2,5.0
9884685,PIK4CB,5.455931955649724
3081361,MST1R,5.0
11617559,LIMK2,5.0
9884685,CAMK4,5.0
11234052,MLK1,5.0
11984591,MYO3B,5.0
10184653,RET(V804L),5.0
6450551,EGFR(L747T751del),5.0
11314340,ACVRL1,5.0
10461815,CDK7,6.886056647693163
11626560,MEK5,5.0
11617559,PFTAIRE2,5.0
10113978,NIM1,5.0
151194,MEK2,5.0
10138260,MKNK1,5.292429823902063
11234052,TEC,5.0
11667893,PIK3CA(H1047L),5.0
3025986,FES,5.0
9915743,CDK9,5.0
208908,MLK2,5.0
176167,SLK,5.508638306165728
9809715,MAP4K3,6.537602002101044
9933475,EPHA6,7.443697499232713
9884685,EPHB1,5.0
10461815,SNRK,5.0
151194,MAP3K4,5.0
208908,SRPK2,5.0
10461815,TXK,5.0
24180719,p38-gamma,5.0
10184653,TIE2,5.0
11314340,ICK,6.259637310505756
3062316,ACVR2B,6.2441251443275085
11485656,LTK,6.259637310505756
176155,FAK,5.0
16038120,BRAF,5.0
176167,PFCDPK1(Pfalciparum),5.0
10184653,PLK2,5.0
11364421,AKT2,5.0
4908365,YANK1,5.0
5287969,AAK1,5.275724130399211
3081361,INSRR,5.0
10113978,SgK110,5.0
11626560,ACVRL1,5.0
208908,MST4,5.0
10184653,PYK2,5.0
9915743,ROCK1,5.0
11626560,NEK1,5.0
9884685,STK36,5.0
11984591,RPS6KA5(KinDom.1-N-terminal),5.0
6450551,DCAMKL2,5.0
9809715,MYLK,6.537602002101044
156414,SRMS,5.173925197299174
11427553,KIT(D816V),6.795880017344075
9809715,NEK9,5.0
208908,HIPK3,5.0
156414,NEK6,5.0
3081361,NEK7,5.0
16038120,AXL,7.920818753952375
4908365,RSK3(KinDom.1-N-terminal),5.886056647693163
4908365,AURKB,5.537602002101044
11717001,MYO3A,5.0
24889392,MELK,5.0
11234052,INSRR,5.0
9915743,CDC2L5,5.0
16722836,DAPK2,7.537602002101044
9809715,STK16,7.744727494896694
9915743,CAMK4,5.0
11427553,MST4,5.958607314841775
208908,p38-gamma,5.0
10113978,PFTK1,5.0
16722836,DLK,5.200659450546419
9933475,ICK,5.0
9933475,ABL1(M351T),7.251811972993799
16725726,ERK1,5.0
11314340,SRPK2,5.958607314841775
11717001,MEK1,5.0
156414,ICK,5.0
9884685,AKT1,5.0
11485656,EPHB3,5.853871964321762
156414,AURKB,5.376750709602099
6918454,BRAF,5.0
151194,LRRK2(G2019S),5.0
9926054,DAPK1,5.0
3025986,DAPK2,5.0
176167,MYLK2,5.0
11667893,HUNK,5.0
3081361,PIK3CA(Q546K),5.0
16722836,CAMK2A,6.522878745280337
42642645,FAK,6.744727494896694
16007391,TNK2,5.0
9884685,ABL2,5.0
11364421,EGFR(G719S),5.886056647693163
16725726,MAK,5.0
5287969,MAP4K5,5.0
9915743,SIK,6.657577319177793
5287969,MEK1,5.0
9809715,CAMK2A,5.443697499232713
151194,ERN1,5.0
11667893,CAMK1G,5.0
11656518,PIM1,5.0
10138260,CDKL3,5.0
10138260,JNK2,5.481486060122113
4908365,MYLK,6.229147988357856
11364421,BRAF,5.0
11485656,ERBB4,5.0
11485656,AKT3,5.0
9926791,ROS1,5.0
11234052,BMX,5.0
10113978,STK16,6.443697499232713
11984591,AMPK-alpha1,6.522878745280337
11626560,RPS6KA5(KinDom.1-N-terminal),5.0
11314340,TAOK1,6.327902142064283
9926791,PFTK1,5.0
3025986,TEC,5.0
10461815,FRK,5.0
176167,FES,5.0
11314340,FGFR2,5.0
9926791,CDC2L5,5.0
3025986,NEK4,5.0
4908365,EPHA2,5.214670164989233
11626560,FLT3(D835Y),6.6777807052660805
11626560,WEE1,5.0
3081361,FGR,6.568636235841013
3025986,TNNI3K,5.0
9933475,ABL2,6.136677139879544
42642645,SIK,6.795880017344075
11984591,RSK3(KinDom.1-N-terminal),5.0
42642645,JAK3(JH1domain-catalytic),5.0
156422,DYRK1B,5.0
11717001,JNK3,5.6020599913279625
11364421,CDK4-cyclinD3,5.721246399047171
9915743,PDGFRA,5.0
11314340,ERK5,5.0
3081361,CAMK2B,5.0
11667893,CAMK2B,5.0
9915743,CSNK2A2,5.0
16038120,PAK1,6.187086643357144
9915743,ULK2,5.0
176155,TNIK,6.086186147616283
9926791,EPHB3,5.0
11667893,LRRK2(G2019S),5.0
176155,JAK3(JH1domain-catalytic),5.0
11717001,NEK7,5.0
11427553,TLK2,5.744727494896694
9809715,SNARK,7.67778070526608
11234052,EGFR(L747E749del),5.0
9926791,EPHA6,5.0
16007391,JNK2,5.0
42642645,ABL1(Q252H)p,6.920818753952375
9926054,MARK3,5.0
4908365,RET(M918T),8.193820026016112
151194,CDK9,5.0
208908,DCAMKL1,5.0
6918454,BIKE,5.0
9926054,MYLK,5.0
176167,FLT3(N841I),6.6020599913279625
10184653,PRKD1,5.0
9884685,BTK,5.0
9915743,FGFR3(G697C),5.0
3025986,IKK-alpha,5.0
11427553,ERK5,5.568636235841013
11656518,EGFR(E746A750del),5.0
9926054,JNK2,5.0
24180719,MLK3,5.0
4908365,NEK1,5.0
11984591,MLK2,8.42021640338319
10184653,ULK2,5.0
10184653,MERTK,5.0
156414,SLK,5.744727494896694
11656518,RPS6KA5(KinDom.2-C-terminal),5.0
151194,ERK3,5.0
11427553,PLK1,5.0
11234052,MAP3K4,5.0
6918454,EGFR(L861Q),5.0
156422,TAOK2,5.0
16038120,DAPK1,5.744727494896694
11626560,FGFR3,5.568636235841013
16722836,MEK3,5.455931955649724
11617559,PIM2,5.0
176167,HUNK,5.0
3025986,ROS1,5.0
11314340,MAP3K15,5.0
11984591,MAP3K2,7.026872146400302
9933475,ABL1(Q252H)p,7.10790539730952
11485656,MYLK2,5.552841968657781
11485656,PFTAIRE2,5.0
9926054,MKNK1,5.0
9915743,PAK1,6.6777807052660805
156414,TNNI3K,5.251811972993799
10113978,MEK4,6.229147988357856
156414,MEK2,5.795880017344075
9809715,KIT(D816V),7.327902142064283
9926791,JAK3(JH1domain-catalytic),9.795880017344077
6450551,DDR2,5.275724130399211
24889392,PFCDPK1(Pfalciparum),5.0
3062316,PYK2,5.0
9884685,CSNK1A1,5.0
11667893,FGFR3,5.0
11485656,PAK4,5.0
11626560,EGFR(G719S),5.0
3062316,SRPK3,5.0
24180719,PIM2,5.0
151194,HCK,5.0
151194,RPS6KA5(KinDom.2-C-terminal),5.0
10184653,TXK,5.508638306165728
11984591,CAMK1D,6.698970004336019
176155,DYRK1A,5.0
11667893,KIT(D816V),6.3872161432802645
11364421,RIPK1,5.0
10461815,NLK,5.0
156414,TNK2,5.0
9933475,ACVR2B,5.0
10184653,ABL1(F317I)p,6.1249387366083
208908,FLT3(N841I),5.0
9926054,TESK1,5.0
5287969,MEK3,5.920818753952375
11427553,MAP3K15,5.0
156422,PFTK1,5.0
11234052,ACVR2B,5.0
10184653,CDK9,5.0
3025986,RSK3(KinDom.1-N-terminal),5.0
3062316,NEK6,5.0
9926054,MET,5.0
151194,SgK110,5.0
208908,MUSK,5.0
11234052,CDC2L5,5.0
156414,EPHA6,6.568636235841013
156414,CSF1R,5.0
6450551,SNRK,5.0
24889392,AURKC,5.0
24180719,PIK3CA(M1043I),5.0
10184653,CDKL3,5.0
3062316,SLK,6.142667503568732
11427553,ULK2,6.886056647693163
11364421,AURKA,5.0
42642645,CHEK1,5.0
11984591,EPHB2,6.055517327849832
11667893,PLK2,5.0
11234052,LTK,5.0
3062316,PRKCQ,5.0
11427553,CDK11,5.0
9933475,CSF1R,7.886056647693163
6450551,ASK1,5.0
9926791,JNK2,5.0
10461815,MLCK,5.0
176155,MINK,5.0
11626560,ROCK1,5.431798275933005
10461815,PKNB(Mtuberculosis),5.0
4908365,BTK,7.113509274827519
16038120,STK33,8.494850021680094
11717001,ACVR2A,5.0
9926791,PIK3CD,5.0
16038120,TIE2,7.337242168318426
9809715,ABL2,5.698970004336019
16007391,TRKC,5.0
10138260,KIT(V559D),9.292429823902063
10461815,p38-gamma,5.0
176167,ROCK2,5.0
11427553,CDKL5,5.0
16725726,PFPK5(Pfalciparum),5.0
9926054,AURKA,5.0
156422,CAMK2G,5.0
208908,NEK9,5.0
6450551,PIK3CA(C420R),5.0
11427553,DCAMKL1,5.698970004336019
3081361,PAK4,5.0
10138260,ULK1,7.086186147616283
151194,ERK1,5.0
11234052,KIT(D816H),5.0
11234052,AKT3,5.0
9933475,ADCK3,5.0
11984591,LZK,5.0
16007391,DAPK1,5.0
11427553,EGFR(G719C),5.568636235841013
9926054,MEK4,5.0
9884685,TESK1,5.0
11234052,SRPK3,5.0
156422,ABL1(Q252H)p,5.0
3081361,MLK1,5.0
11656518,SNRK,5.0
11234052,CAMK2B,5.0
3025986,NEK9,5.0
24180719,EGFR(L747E749del),5.0
9915743,PIK3CD,5.0
6918454,RIPK1,5.0
11984591,FES,6.698970004336019
11427553,CAMK2D,5.0
9884685,PFPK5(Pfalciparum),5.0
156414,NLK,5.0
151194,LRRK2,5.0
9915743,NLK,5.0
10184653,ADCK3,5.0
3025986,FGFR2,5.0
176167,SRMS,5.0
24180719,PIK3CA(C420R),5.0
3025986,EGFR(G719S),5.0
16722836,KIT(D816V),6.795880017344075
11617559,PRKD1,5.0
11234052,ABL1(Q252H),5.823908740944319
11656518,STK35,5.0
9884685,CSNK2A2,5.537602002101044
11427553,YANK1,5.356547323513813
10113978,ABL1(F317I)p,5.0
11667893,CSF1R,8.2518119729938
151194,PDGFRA,7.017728766960432
9926054,EGFR(L747T751del),5.0
42642645,RET(V804M),8.55284196865778
176167,FGFR4,5.0
176155,FLT3(D835Y),5.0
24889392,CAMK1D,5.0
5287969,STK33,5.769551078621726
5287969,EGFR(L747T751del),5.522878745280337
208908,PRKCI,5.0
6918454,SRMS,5.0
151194,FLT3(D835Y),5.0
24180719,DYRK2,5.568636235841013
11717001,SLK,5.886056647693163
9884685,PIK3CA,8.823908740944319
10184653,ABL1(M351T),5.920818753952375
10184653,FLT3,5.0
11984591,SNRK,5.0
10113978,YANK3,5.0
9809715,RSK4(KinDom.1-N-terminal),6.638272163982407
3081361,TLK2,5.0
11717001,FGFR1,5.0
156422,FGFR3,5.0
16038120,ULK2,8.744727494896694
5287969,ABL1p,5.823908740944319
11485656,RET(M918T),6.920818753952375
11427553,SNRK,5.0
9933475,CDK11,5.0
10184653,STK36,5.0
24889392,MET,5.0
11617559,GCN2(KinDom2S808G),5.0
11626560,AKT3,5.0
11234052,ACVR2A,5.0
16007391,ABL1(H396P)p,5.0
11234052,RSK3(KinDom.1-N-terminal),5.0
11626560,HUNK,5.0
16722836,MST1R,5.0
176167,AURKA,5.0
9915743,RPS6KA5(KinDom.1-N-terminal),5.0
4908365,EGFR(L747E749del),5.167491087293763
9926054,JAK3(JH1domain-catalytic),5.0
24180719,TBK1,5.0
3025986,STK36,6.585026652029182
9926791,FGFR2,5.0
24889392,CASK,5.0
9926054,HCK,5.0
10138260,STK35,8.086186147616283
151194,NDR1,5.0
3062316,CDK11,5.0
176167,MELK,5.251811972993799
11717001,CAMK1G,5.0
5287969,ERK5,6.2076083105017466
6450551,ERK1,5.0
11667893,PCTK3,5.0
16722836,PIK3CA(M1043I),5.0
11485656,TBK1,5.0
9926054,RET,5.0
4908365,NEK4,5.0
156422,AAK1,5.0
4908365,TNK2,6.060480747381382
16007391,SNARK,5.0
156422,PRKD1,5.0
9933475,NDR1,5.0
156414,FGFR1,5.0
9884685,YANK3,5.0
16038120,ULK1,9.080921907623926
9926054,MST4,5.0
42642645,TRKA,8.318758762624412
16007391,NEK7,5.0
11656518,DMPK,5.0
9915743,MAST1,5.259637310505756
176167,EGFR(L861Q),5.0
11364421,MEK2,5.0
9926791,CSNK1A1L,5.0
4908365,RET,8.036212172654444
208908,LIMK1,5.0
4908365,HCK,5.431798275933005
11717001,DDR2,5.0
9809715,CHEK1,6.537602002101044
11667893,MEK3,5.0
3025986,BIKE,5.0
3081361,EPHA5,6.619788758288394
9926054,JAK1(JH1domain-catalytic),5.0
11656518,CLK4,5.0
11427553,VEGFR2,6.920818753952375
176155,ADCK3,5.0
4908365,EGFR(G719C),5.0
6918454,BRSK2,5.0
4908365,LCK,6.744727494896694
9915743,IRAK3,5.0
11427553,ASK1,5.0
6450551,MAP3K4,5.251811972993799
9809715,CSNK2A2,6.050609993355088
16725726,JNK2,5.0
6450551,EGFR(G719C),5.638272163982407
11717001,RPS6KA5(KinDom.1-N-terminal),5.0
9926791,GCN2(KinDom2S808G),5.0
10184653,ASK1,5.0
11667893,AURKC,5.721246399047171
151194,SRPK3,5.0
11617559,KIT(V559D),5.0
9926054,STK39,5.0
176155,JAK2(JH1domain-catalytic),5.0
3062316,PIK3CA(M1043I),5.0
6450551,TAOK2,5.0
9884685,WEE1,5.0
176155,JNK3,7.455931955649724
156414,PKNB(Mtuberculosis),5.0
10461815,AKT1,5.0
176155,ERBB4,5.318758762624413
9926791,PRKCI,5.0
4908365,PFPK5(Pfalciparum),5.0
11717001,EPHB2,5.0
156414,EPHB4,5.744727494896694
3062316,FLT3,5.318758762624413
11656518,CAMK2B,5.0
156422,PIK3C2B,5.0
16007391,SLK,5.0
9933475,RIOK2,5.0
10113978,PIK3CA(H1047L),5.0
11656518,PRKCI,5.0
5287969,MAP3K4,5.0
10184653,RPS6KA5(KinDom.1-N-terminal),5.0
6450551,MST3,5.0
4908365,FES,5.958607314841775
3062316,CAMK4,5.0
16038120,CLK4,6.958607314841775
151194,AXL,5.0
5287969,TEC,5.0
11617559,EGFR(L861Q),5.0
11617559,TXK,5.0
6450551,CDK11,5.0
24889392,ULK2,5.0
16725726,YANK2,5.0
3081361,YANK2,5.0
151194,ABL1(F317I),5.0
9809715,RET(V804M),8.017728766960431
6918454,STK33,5.0
24889392,CDK4-cyclinD3,5.0
156414,YANK2,5.0
11485656,DCAMKL1,5.0
11314340,DAPK1,5.795880017344075
10184653,TBK1,5.0
11717001,STK16,5.0
156422,PIM1,5.0
11717001,PLK2,5.0
208908,EGFR(L747T751del),8.455931955649724
3062316,PKNB(Mtuberculosis),5.0
11667893,EPHA6,6.309803919971486
11485656,MAP4K2,5.0
11234052,PIM2,5.0
10461815,TIE2,5.173925197299174
16722836,STK33,6.657577319177793
42642645,MST3,5.0
3062316,TIE2,5.0
9926791,DYRK1A,5.0
24180719,ACVR2B,5.494850021680094
10113978,ROS1,6.036212172654444
9933475,ERK5,5.0
11717001,CDK11,5.0
3025986,MAP4K3,5.0
156422,VEGFR2,5.4089353929735005
6450551,ABL1(E255K),7.200659450546419
11314340,CSF1R,5.0
156422,FYN,5.0
9926791,ROCK2,6.376750709602099
11234052,ABL1(H396P)p,6.1938200260161125
9933475,TEC,5.0
5287969,MYO3A,5.0
16722836,PIK3CD,5.0
151194,EPHA6,5.0
11626560,DMPK,5.853871964321762
156422,KIT(V559D),6.638272163982407
16007391,NIM1,5.0
6450551,MST1R,5.0
16725726,EGFR(L747E749del),5.0
9926054,MLK3,5.0
4908365,FAK,5.431798275933005
151194,CSNK2A2,5.0
3081361,FLT3(D835Y),6.080921907623926
10184653,NEK7,5.0
11656518,FGFR2,5.0
3062316,IGF1R,5.0
42642645,JAK2(JH1domain-catalytic),5.823908740944319
11485656,YANK2,6.568636235841013
9933475,ROS1,5.0
10461815,PKAC-alpha,5.0
11427553,MEK2,6.070581074285707
5287969,YANK1,5.259637310505756
16038120,p38-gamma,5.026872146400302
9915743,PDGFRB,5.0
11626560,AKT1,5.0
208908,RPS6KA5(KinDom.1-N-terminal),5.0
10138260,AKT1,5.0
156422,MLK1,5.0
9809715,ABL1(F317I),5.161150909262744
10184653,NDR1,5.0
11485656,MEK3,5.0
10113978,KIT(D816H),6.0
176167,PRKCQ,7.443697499232713
11984591,STK33,6.013228265733755
24180719,MINK,5.1487416512809245
11485656,RIPK1,5.552841968657781
176155,CDK11,5.0
42642645,RET(V804L),8.795880017344075
3025986,EPHB6,5.0
156422,AMPK-alpha1,5.0
42642645,DYRK1B,5.0
4908365,CDKL3,5.0
10461815,PRKCH,5.0
11364421,PCTK3,5.0
9809715,EGFR(L861Q),5.0
16007391,PRKX,5.0
16725726,WEE1,5.0
9915743,DCAMKL2,5.0
4908365,ULK1,5.721246399047171
11314340,p38-gamma,5.0
11656518,MEK4,5.0
11234052,GRK1,5.0
156414,MINK,5.6777807052660805
11984591,ABL1p,6.468521082957745
10138260,MAST1,6.522878745280337
176167,MAP4K3,5.0
10113978,ERK5,5.0
10461815,MEK2,6.008773924307505
9809715,LRRK2(G2019S),7.431798275933005
4908365,JNK3,6.619788758288394
3025986,PCTK3,7.356547323513813
208908,LRRK2(G2019S),5.0
9884685,DDR2,5.0
9809715,MAPKAPK5,5.0
11427553,FLT3,7.823908740944319
11667893,ROCK2,5.0
6918454,AXL,5.0
151194,FGFR1,5.0
11485656,RET(V804L),6.013228265733755
4908365,DMPK,5.0
176155,EPHB6,5.508638306165728
11485656,AKT2,5.0
24889392,PLK1,5.0
176167,TAOK2,5.0
11485656,FLT3(N841I),8.585026652029182
10138260,ROCK1,5.920818753952375
3081361,RET,7.468521082957745
10138260,EPHA2,5.0
16722836,ERN1,5.920818753952375
11617559,MYO3A,5.0
9933475,BTK,5.366531544420414
9926791,RAF1,5.0
9884685,SLK,5.0
9926054,ANKK1,5.0
9926791,NEK6,5.0
11364421,NEK4,5.0
11314340,MAP4K3,5.0
9926054,PFPK5(Pfalciparum),5.0
156414,JNK2,5.958607314841775
16725726,RSK4(KinDom.2-C-terminal),5.0
151194,PRKCI,5.0
3062316,CAMK1D,5.0
11656518,MLCK,5.0
16038120,RIOK3,5.455931955649724
11234052,FGFR2,6.958607314841775
42642645,MLK3,6.468521082957745
16722836,FRK,6.698970004336019
3025986,NIM1,5.0
4908365,STK39,5.0
6918454,STK16,5.0
156422,ROS1,5.0
156422,CSNK1A1,5.0
10461815,RET(V804M),6.292429823902063
11984591,RET(M918T),8.387216143280265
10113978,PDGFRB,8.698970004336019
6918454,AURKB,5.0
10461815,PFPK5(Pfalciparum),5.0
6918454,PIK3CA,5.0
11656518,PRKG2,5.0
156414,FAK,5.0
9926054,MLK2,5.0
10461815,IKK-alpha,5.0
11667893,CDK11,5.0
11717001,CAMK2A,5.0
11717001,NEK9,5.0
10184653,AURKA,5.0
10184653,BRSK2,5.0
9926791,MTOR,5.0
11656518,SRMS,5.0
11626560,FAK,6.508638306165728
9884685,MAP4K3,5.0
10461815,MAP3K15,5.0
5287969,CHEK1,5.0
16722836,CDK9,5.055517327849832
9915743,HIPK2,5.0
9884685,LZK,5.0
10138260,FGFR3,6.251811972993799
4908365,ERK3,5.0
9933475,RET(V804L),5.0
11617559,PIK3CA(H1047L),5.0
11717001,ULK1,5.0
11656518,ACVRL1,5.0
11364421,BMPR2,5.0
16038120,DYRK1A,5.537602002101044
9915743,NEK6,5.0
11427553,PRKCH,5.0
16722836,GCN2(KinDom2S808G),7.0
9809715,MAP3K15,5.853871964321762
9926791,ACVR2B,5.0
11234052,DYRK1A,5.0
176167,BMPR2,5.0
4908365,ACVR2B,5.0
11656518,KIT,6.698970004336019
3025986,MLK3,5.0
9809715,FGFR3,7.031517051446065
11364421,SRMS,5.0
9809715,PFPK5(Pfalciparum),5.0
176167,DDR2,5.0
3062316,NEK4,5.0
176167,RIOK2,5.0
11717001,SIK,5.0
9926054,MAK,5.0
11984591,HIPK3,5.494850021680094
3025986,PIK4CB,5.0
9884685,NEK9,5.0
11656518,SIK,5.0
24889392,MYO3A,5.0
11626560,PIK3CA,5.0
10138260,CAMK1,5.481486060122113
10113978,DLK,5.0
208908,TRKA,5.0
9809715,CIT,5.0
11427553,NLK,5.0
16722836,HIPK1,6.0655015487564325
11717001,MAK,5.0
24889392,JAK1(JH2domain-pseudokinase),5.0
10113978,DYRK1A,5.0
11984591,MAP4K2,6.173925197299174
11717001,FGR,5.0
11667893,NDR1,5.0
156422,RSK4(KinDom.1-N-terminal),5.0
11984591,JNK2,7.327902142064283
176155,MAST1,5.0
16007391,ERK2,5.0
16007391,RAF1,5.0
10184653,CDK8,5.0
9915743,PIK3C2B,5.0
9809715,CDK11,5.0
9915743,STK16,5.0
16038120,DAPK2,6.060480747381382
11364421,PIM2,5.0
24889392,MLK1,5.0
42642645,PRKCQ,5.0
208908,MARK3,5.0
156414,ULK1,5.0
156422,HIPK2,5.0
11717001,TRKC,5.0
24180719,MST4,5.0
11984591,DLK,5.0
11314340,EGFR(E746A750del),5.0
16007391,LATS2,5.0
11984591,LIMK1,6.2076083105017466
10113978,MYLK2,5.698970004336019
208908,ABL1(E255K),5.0
11485656,RSK4(KinDom.1-N-terminal),5.0
9926054,MYO3B,5.0
11364421,BRSK2,5.0
5287969,ASK2,5.0
9915743,RIPK1,5.0
3025986,FLT3(N841I),5.031517051446065
24180719,LIMK2,6.2076083105017466
6918454,ANKK1,5.0
11234052,IRAK3,5.0
3025986,VEGFR2,5.0
9933475,RET,8.214670164989233
11626560,CDKL2,5.6777807052660805
11626560,GRK1,5.0
9926791,AKT2,5.0
42642645,ASK1,5.0
11314340,VEGFR2,5.0
10113978,BRSK2,5.0
11717001,ABL1(M351T),5.0
10461815,EPHA5,5.0
4908365,MYLK2,5.0
24889392,DRAK2,5.0
11656518,LIMK2,5.0
3081361,TNK2,5.0
156414,LATS2,5.0
11717001,ABL1(Q252H),5.0
11617559,MYLK,5.0
24889392,ROS1,5.0
16722836,SIK,7.4089353929735005
11234052,DAPK1,5.0
16725726,FYN,5.0
16007391,MERTK,5.0
42642645,STK33,7.008773924307505
9884685,ROS1,5.0
11427553,MLK1,6.187086643357144
3025986,EGFR(L861Q),5.0
11626560,PHKG2,5.0
5287969,EPHB4,5.0
9915743,DMPK,5.0
3025986,MST3,5.0
3062316,KIT,9.09151498112135
11717001,RIOK2,5.920818753952375
11427553,PIK3CD,5.0
10138260,MEK1,7.113509274827519
10113978,DCAMKL1,5.0
9926054,ROCK2,5.0
24180719,DAPK2,5.0
11717001,LRRK2(G2019S),5.0
4908365,FER,6.920818753952375
9915743,NEK4,5.0
11234052,MARK4,5.0
16007391,CAMK2A,5.0
11717001,MAP4K5,5.0
176167,PIK4CB,5.0
4908365,LIMK1,5.0
6918454,MTOR,5.0
11626560,ULK1,6.0
11656518,FGFR3,5.0
9915743,ABL1(F317I),5.0
10184653,ABL2,5.0
208908,SRPK3,5.0
11626560,PRKCQ,5.0
42642645,ERK4,5.0
11626560,PRKCH,5.0
11314340,TLK1,5.0
11364421,YANK1,5.0
208908,PIK3CA(C420R),5.0
11984591,ICK,5.0
11314340,PFTAIRE2,5.6777807052660805
176155,GRK1,5.0
9884685,FLT3(D835Y),5.0
176155,CAMK1G,5.0
11234052,PRKCI,5.0
11656518,MEK5,5.721246399047171
42642645,AMPK-alpha1,6.136677139879544
176167,RIOK3,5.0
10113978,RET(M918T),6.568636235841013
16725726,MEK5,5.0
176167,MST4,5.161150909262744
9884685,LRRK2(G2019S),5.0
9926791,KIT(D816H),5.0
9915743,FAK,5.721246399047171
3025986,ABL1(Q252H)p,5.0
176155,FER,5.0
11427553,JNK3,7.292429823902063
151194,HIPK1,5.0
16007391,SgK110,5.0
16725726,RPS6KA5(KinDom.1-N-terminal),5.0
3062316,KIT(D816H),8.795880017344075
176155,IGF1R,5.0
24180719,LIMK1,5.619788758288394
3062316,HIPK2,5.0
6450551,CDKL2,6.275724130399211
16725726,IGF1R,5.0
11314340,PIK3C2B,5.0
11984591,EGFR(L747E749del),6.585026652029182
11617559,ABL1(Q252H)p,5.0
10461815,PDGFRA,5.698970004336019
5287969,HIPK1,5.167491087293763
5287969,AKT2,5.0
9809715,PRKD2,6.142667503568732
9915743,RSK4(KinDom.1-N-terminal),5.0
3062316,TESK1,7.481486060122113
11667893,EPHB4,5.0
176167,LCK,5.0
10138260,CDK4-cyclinD3,5.1487416512809245
6450551,PIK3CA(H1047L),5.0
16038120,PLK2,5.920818753952375
5287969,DRAK2,5.721246399047171
9915743,PKAC-alpha,5.0
11717001,JAK3(JH1domain-catalytic),5.0
176167,TEC,5.0
16007391,ULK1,5.0
3062316,EGFR(L747T751del),6.795880017344075
11314340,MST4,5.0
16725726,ABL1(F317I)p,5.0
3025986,PIK3CA(Q546K),5.0
208908,PRKCH,5.0
4908365,PIK3CA(Q546K),5.0
11314340,AKT1,7.119186407719209
24889392,MET(Y1235D),5.0
5287969,DYRK1B,7.075720713938118
9884685,PIK3CA(H1047L),8.494850021680094
176167,CSNK2A2,5.0
9926054,ERK1,5.0
11427553,CSNK1A1,5.920818753952375
42642645,ACVRL1,5.0
11717001,EPHA2,5.0
10184653,MARK4,5.0
11617559,EGFR(L747E749del),5.0
24889392,PIK3CA(M1043I),5.0
11364421,MTOR,5.0
156414,PDGFRB,5.1249387366083
11314340,DYRK2,7.200659450546419
11485656,DAPK2,5.0
5287969,CDKL5,8.148741651280925
151194,FLT3,5.0
11427553,MAST1,5.0
42642645,MEK4,5.0
176167,EGFR(L747E749del),5.0
9933475,TIE2,6.853871964321762
3062316,PRKCI,5.0
3062316,CDKL3,5.0
176155,PRKCQ,5.0
11485656,LIMK2,5.327902142064283
5287969,TLK1,5.0
6918454,MERTK,5.0
11234052,CAMK1D,5.0
16722836,PDGFRB,7.346787486224656
9926791,BTK,5.0
16007391,MET(Y1235D),5.2441251443275085
16038120,NDR1,6.356547323513813
11667893,MINK,5.0
10461815,EPHB1,5.0
6918454,MYO3A,5.0
11667893,MST3,5.0
10461815,ULK2,5.823908740944319
11485656,TXK,5.0
156422,PRKD2,5.0
11656518,p38-gamma,5.0
11626560,DYRK1A,5.0
9926054,DYRK2,5.6777807052660805
24889392,PFTK1,5.0
176167,EPHA5,5.0
4908365,ACVRL1,5.721246399047171
9926054,MLCK,5.0
11485656,MST4,5.080921907623926
24180719,ROS1,5.0
151194,PIK3C2B,5.0
11626560,PDGFRA,5.0
9933475,STK16,5.0
9915743,AKT1,5.0
11656518,MEK2,5.0
151194,MEK4,5.0
9926054,CDK9,5.721246399047171
11485656,JAK2(JH1domain-catalytic),5.0
5287969,CAMK2G,5.585026652029182
5287969,AURKB,5.0
9926054,CSNK1A1L,5.0
176167,CAMK1D,5.0
9915743,YANK1,5.0
5287969,RET(V804M),5.0
42642645,MAPKAPK5,5.0
11626560,HIPK1,5.0
156414,PIK4CB,5.0
24889392,MAP4K3,5.0
156414,PIK3CD,5.0
16007391,LRRK2,5.0
24180719,KIT(D816H),5.0
11314340,JAK2(JH1domain-catalytic),5.0
176167,CDK4-cyclinD3,5.0
11656518,WEE1,5.0
11427553,PFTAIRE2,5.585026652029182
11717001,MEK3,5.0
3081361,MAP3K15,5.0
11485656,BTK,5.0
10461815,DAPK1,5.0
24180719,PFTK1,5.0
11234052,LZK,5.0
24889392,DDR2,5.958607314841775
10113978,CAMK2A,5.0
11427553,MAPKAPK5,5.920818753952375
176167,IKK-alpha,5.0
151194,DYRK1B,5.0
11364421,MYO3B,5.455931955649724
3025986,SNARK,5.769551078621726
3081361,NEK4,5.0
11667893,YANK2,5.0
10138260,CSNK2A2,6.522878745280337
16722836,RIOK2,5.585026652029182
16038120,MAP4K5,6.721246399047171
176167,STK16,5.6020599913279625
176167,MAP3K4,5.0
3062316,PRKD2,5.0
156422,PFTAIRE2,5.0
6450551,FGFR4,5.0
5287969,AKT1,5.0
9926054,KIT(D816H),5.0
10461815,MEK5,5.853871964321762
11656518,ERK3,5.0
9884685,CASK,5.0
3025986,ERK5,6.187086643357144
156414,BRAF(V600E),5.0
9933475,BRSK2,5.0
156414,EGFR,9.721246399047171
9933475,TBK1,5.0
10184653,MST1R,5.0
11364421,STK35,5.0
11626560,ERK5,6.292429823902063
11656518,CASK,5.0
151194,PAK4,5.0
5287969,TAOK1,6.853871964321762
156414,JNK3,5.259637310505756
11427553,PIM2,5.0
151194,CDKL3,5.0
24180719,MET,5.0
11667893,MEK5,5.0
11485656,CDK4-cyclinD3,5.0
9915743,TEC,5.0
11314340,RIOK3,6.161150909262744
3062316,EPHB3,8.161150909262744
24889392,DLK,5.0
24889392,PIK3CA,5.0
176167,PKAC-alpha,6.481486060122113
11314340,YANK1,5.0
11617559,KIT,5.0
9926791,EPHB2,5.0
3062316,MYO3A,5.0
11667893,RSK4(KinDom.2-C-terminal),5.0
9926791,LIMK2,5.0
208908,MLCK,5.0
16007391,PKNB(Mtuberculosis),5.0
9915743,BIKE,5.0
16725726,BMX,5.0
11667893,ERN1,5.0
24889392,TLK2,5.0
24889392,NEK6,5.0
10184653,LIMK1,5.0
10461815,MTOR,5.0
9915743,CAMK2A,5.0
11234052,MYLK2,5.0
6450551,FGFR3(G697C),6.6777807052660805
176167,PIK3CD,5.0
151194,PIK3CD,5.0
208908,JNK3,5.0
4908365,CSNK1A1L,5.0
176155,BTK,5.0
9926054,ROS1,5.0
10138260,AKT2,5.0
11717001,MEK5,5.292429823902063
11667893,RSK4(KinDom.1-N-terminal),5.0
9884685,CAMK1D,5.0
11364421,LATS2,5.0
151194,MARK4,5.0
16722836,MARK4,6.013228265733755
11656518,EPHA6,5.823908740944319
16722836,AXL,6.795880017344075
208908,STK16,5.0
16038120,ABL1(Q252H)p,7.154901959985743
9915743,NDR1,5.0
176167,KIT(D816V),5.958607314841775
9915743,IKK-alpha,5.0
5287969,EGFR(G719S),5.3979400086720375
24180719,PKAC-alpha,5.0
16725726,MEK4,5.0
151194,PKAC-alpha,5.0
11314340,ANKK1,5.0
9926054,ABL2,5.0
3062316,ERK2,5.0
10184653,DAPK1,5.0
10113978,PIK3CA(C420R),5.0
208908,ERK4,5.0
5287969,ABL1(E255K),5.795880017344075
3081361,JNK3,5.0
156414,PIK3CA(E545K),5.0
151194,TGFBR1,5.0
10461815,MAP4K3,6.309803919971486
11717001,LIMK2,5.0
11717001,MAST1,5.0
176167,PFTK1,5.823908740944319
9915743,FLT3,5.267606240177032
16038120,TNNI3K,5.698970004336019
24889392,PIM1,5.0
10461815,CDK8,5.0
9809715,MAK,5.0
11626560,TXK,6.070581074285707
9884685,DAPK2,5.568636235841013
11667893,ERK4,5.0
11314340,PHKG2,5.585026652029182
11626560,PLK1,5.0
11485656,PIK3CA(C420R),5.0
16725726,EPHB6,5.0
9933475,FGFR2,7.455931955649724
9809715,GRK1,6.0
9933475,MAP4K3,5.698970004336019
9926791,IKK-alpha,5.0
3025986,PDGFRB,5.0
24180719,SRPK2,5.0
176167,PIK3CA(Q546K),5.0
9926791,PDGFRA,5.0
151194,FLT3(N841I),5.0
4908365,WEE1,5.0
11364421,FGFR2,5.0
11314340,HIPK2,6.657577319177793
5287969,ICK,9.161150909262744
11485656,LZK,5.0
16725726,EPHB4,5.0
6450551,BMX,5.0
10113978,ACVR2B,5.619788758288394
9926791,ERN1,5.0
6450551,EGFR(L861Q),5.0
3062316,STK35,6.113509274827519
176167,YANK2,5.0
156422,TEC,5.0
10113978,MAPKAPK5,5.0
24889392,LCK,5.6020599913279625
11617559,LTK,5.0
24180719,PRKD1,5.0
156414,MUSK,5.0
3081361,FGFR3,5.795880017344075
11717001,PKN2,5.0
10113978,MAP3K2,6.537602002101044
151194,MET(Y1235D),5.0
9926791,PRKG2,5.0
3062316,FLT3(N841I),5.154901959985743
11984591,ROS1,7.537602002101044
11427553,AKT3,5.0
176155,NDR1,5.0
16725726,DYRK1A,5.0
16007391,CLK4,5.0
16725726,NEK9,5.0
24180719,NLK,5.0
11667893,PIK3CA(E545K),5.0
16722836,EGFR(L747E749del),5.823908740944319
10113978,LIMK1,6.142667503568732
11314340,AKT3,6.744727494896694
10461815,LIMK1,5.0
16722836,FYN,7.42021640338319
10461815,PLK2,5.080921907623926
11427553,LATS2,5.823908740944319
10461815,LRRK2(G2019S),5.0
10461815,NIM1,5.060480747381382
16722836,DMPK,6.0
9926054,EPHB4,5.0
6450551,CDK4-cyclinD3,5.0
10113978,ABL1(E255K),6.096910013008056
151194,HUNK,5.0
9933475,MARK4,5.0
11617559,PDGFRA,5.0
6918454,CDK8,5.0
156414,MEK4,5.0
11485656,FGR,5.0
10113978,NLK,5.356547323513813
4908365,DLK,6.481486060122113
11617559,JAK2(JH1domain-catalytic),5.0
9926791,STK16,5.0
9809715,NEK1,5.0
9933475,KIT,9.42021640338319
11234052,JAK3(JH1domain-catalytic),5.0
11485656,CDKL3,5.0
9926791,SgK110,5.0
16007391,CSNK1A1L,5.0
10113978,ADCK3,5.0
10461815,MAP4K5,7.102372908709558
10461815,FYN,5.0
11617559,PAK1,5.0
11617559,EGFR(G719S),5.0
16038120,RET,6.823908740944319
16007391,PIK3CA,5.0
11667893,NEK7,5.0
9926054,JAK2(JH1domain-catalytic),5.0
11314340,ROS1,5.0
24180719,PKN2,5.0
10461815,DYRK2,5.0
3081361,IGF1R,5.0
9915743,TAOK2,5.0
11427553,CAMK4,5.0
11984591,AKT2,5.0
151194,ABL2,5.0
156422,DLK,5.0
9933475,PKN2,5.0
9926791,GRK1,5.0
9933475,SRPK3,5.0
176155,EPHB2,5.0
11656518,RSK3(KinDom.1-N-terminal),5.0
9926054,TIE2,5.0
11314340,JNK3,5.0
9915743,TAOK1,5.0
151194,ABL1(Q252H),5.0
3081361,ERBB4,6.318758762624413
11656518,STK16,5.0
11617559,MAP4K2,5.0
9915743,ROS1,5.0
3081361,CDK4-cyclinD3,5.0
3081361,MLCK,5.0
9926054,FER,5.0
11984591,LTK,6.096910013008056
16722836,CSNK1A1,5.0
156414,CHEK1,5.0
16722836,ASK1,5.0
9933475,TLK2,5.0
151194,ABL1(E255K),5.0
16725726,TYRO3,5.0
208908,RET(V804L),5.0
10184653,ROCK2,5.0
11234052,AKT1,5.0
11656518,FLT3,5.853871964321762
16007391,DMPK,5.0
11984591,PRKX,5.0
11667893,AURKA,5.0
42642645,RAF1,5.356547323513813
151194,ACVR2B,5.0
24889392,PFTAIRE2,5.0
6918454,PFPK5(Pfalciparum),5.0
11626560,PFCDPK1(Pfalciparum),5.0
11667893,DYRK2,5.0
11984591,TNNI3K,6.508638306165728
9926054,NEK1,5.0
9926054,FGFR3(G697C),5.0
208908,AMPK-alpha1,5.0
6450551,DCAMKL1,5.0
3025986,TAOK1,5.886056647693163
16722836,MYLK2,5.522878745280337
208908,FGFR2,5.0
10461815,STK16,5.318758762624413
16038120,SRPK2,5.0
11234052,TNK2,5.0
6918454,RET(V804L),5.0
10184653,RSK3(KinDom.1-N-terminal),5.0
9809715,PFTAIRE2,5.0
208908,MAST1,5.0
10461815,TESK1,5.0
4908365,SRPK3,5.221848749616356
11984591,STK35,5.853871964321762
9809715,RIOK2,5.0
208908,BMX,5.0
24889392,BIKE,5.0
156414,ABL1(Q252H)p,7.657577319177794
11234052,AKT2,5.0
9933475,PDGFRA,9.387216143280265
9926054,AXL,5.0
151194,TYRO3,5.0
10138260,SgK110,5.301029995663981
11485656,SRPK2,5.0
3025986,ABL1(E255K),5.0
11717001,PIK3CA(C420R),5.0
156422,BTK,5.0
11427553,MST1R,6.091514981121351
10113978,MARK4,5.0
9915743,CSNK1A1,5.0
3062316,EGFR(L747E749del),6.958607314841775
24180719,FGFR3(G697C),5.0
3081361,LATS2,5.0
156414,CAMK2D,5.0
6918454,YANK1,5.0
6450551,KIT(D816H),5.376750709602099
16007391,CDKL2,5.920818753952375
176167,MERTK,5.0
24180719,PIM1,5.0
11364421,PDGFRA,5.0
9809715,TIE2,5.853871964321762
208908,MAP3K4,5.0
11427553,ROCK1,6.522878745280337
24180719,PLK1,5.0
4908365,SLK,6.142667503568732
4908365,RSK4(KinDom.1-N-terminal),5.522878745280337
9884685,RAF1,5.431798275933005
10461815,STK33,6.075720713938118
9926791,FGFR3,5.0
11717001,p38-gamma,5.0
24180719,AKT2,5.0
208908,HIPK2,5.0
42642645,EPHA2,8.443697499232712
16725726,KIT(D816V),6.886056647693163
5287969,TESK1,5.0
16007391,LIMK1,5.0
10113978,EPHB2,5.0
4908365,ABL1p,6.4089353929735005
176167,ACVRL1,5.0
6450551,GRK1,5.0
9915743,PLK2,5.0
9926791,STK33,5.0
5287969,LRRK2,6.0
156414,MET(Y1235D),6.080921907623926
9926791,ERK2,5.0
6450551,MEK1,5.568636235841013
9926791,CAMK2A,5.455931955649724
6918454,MLK3,5.0
42642645,PIK3CA(E545K),5.0
11717001,CDK9,5.0
11364421,GRK1,5.0
156414,EGFR(G719C),9.886056647693165
16722836,ERK2,5.0
11234052,ULK2,5.0
11984591,ANKK1,6.481486060122113
11234052,ABL1(F317I)p,5.0
42642645,AKT1,5.0
16725726,AKT1,8.657577319177793
11234052,SLK,6.769551078621726
11667893,CSNK2A2,5.0
10184653,CAMK2B,5.0
11364421,ABL2,5.0
11314340,AMPK-alpha1,5.0
11234052,PIK3CA,5.0
16038120,LIMK1,5.958607314841775
42642645,MET,8.853871964321762
156414,IKK-alpha,5.0
10184653,ANKK1,5.0
10113978,MTOR,5.0
16725726,KIT(D816H),6.443697499232713
9926054,MAP4K5,5.0
10113978,SIK,5.657577319177793
5287969,ANKK1,5.0
9933475,KIT(D816V),6.4089353929735005
11364421,PFTK1,5.0
16722836,TAOK2,6.119186407719209
11984591,GCN2(KinDom2S808G),8.481486060122112
5287969,RSK4(KinDom.2-C-terminal),6.096910013008056
176167,CDC2L5,5.0
16038120,PIK4CB,6.107905397309519
9809715,FGR,6.522878745280337
11485656,PRKD2,5.0
11314340,PFPK5(Pfalciparum),5.0
10113978,ICK,5.0
11314340,ERK1,5.0
156414,PRKCQ,5.0
16725726,RSK4(KinDom.1-N-terminal),5.0
11656518,RIOK3,5.0
16007391,PLK2,5.0
11485656,TLK2,5.0
11364421,PRKD1,6.494850021680094
3025986,ANKK1,5.0
176155,JNK2,6.886056647693163
156422,EGFR,5.154901959985743
9884685,RET(V804M),5.0
9809715,PIK3C2B,5.0
3062316,CIT,5.0
176155,ERK3,5.0
10113978,VEGFR2,7.853871964321762
24180719,RSK3(KinDom.1-N-terminal),5.0
16038120,PRKX,5.236572006437063
10184653,GCN2(KinDom2S808G),5.0
16007391,RIOK2,5.0
11364421,PIK3CA(H1047L),5.0
11656518,CDK4-cyclinD3,5.0
10138260,ERK5,5.0
10461815,NEK1,5.0
11617559,MAP3K15,5.0
11617559,PIK3CA(Q546K),5.0
11984591,FYN,7.552841968657781
3062316,MYLK,5.0
3081361,MEK3,5.0
42642645,FYN,7.055517327849832
16007391,PRKCQ,5.0
42642645,STK39,5.0
176155,HIPK1,5.0
16038120,HCK,6.3872161432802645
208908,EGFR,8.619788758288394
11656518,AURKC,5.0
16007391,MARK4,5.0
11984591,ULK1,7.853871964321762
3025986,HIPK1,5.769551078621726
11427553,FES,6.1249387366083
6918454,DLK,5.0
6450551,LZK,5.0
176167,ERBB4,5.0
16725726,ERK3,5.0
208908,LZK,5.0
11667893,AKT1,5.0
5287969,TNNI3K,7.259637310505756
11314340,DLK,5.0
11656518,LRRK2(G2019S),5.0
9809715,MAP4K2,6.537602002101044
3081361,MYO3A,5.0
11656518,EGFR(L861Q),5.0
9884685,ERK3,5.0
3081361,ERK5,5.0
11984591,FAK,6.6020599913279625
11626560,JNK2,5.0
208908,ERK2,5.0
208908,MLK1,5.0
6450551,ACVR2B,5.2839966563652006
156422,MET(Y1235D),5.0
151194,ERK5,5.0
4908365,TLK2,5.0
9926791,ACVRL1,5.0
176155,CDK8,5.0
16007391,EGFR(L747T751del),5.455931955649724
208908,ERN1,5.0
156414,KIT(V559D),5.102372908709558
6918454,MAP3K4,5.0
3062316,TAOK2,5.267606240177032
9809715,PRKCI,5.0
4908365,TRKC,7.167491087293763
11626560,PIK4CB,5.0
176167,CDKL5,5.0
176167,FYN,5.0
16722836,PRKCH,5.0
24180719,CLK4,5.0
11234052,HIPK1,5.0
9926054,TAOK2,5.0
151194,PLK2,5.0
156414,ERK4,5.267606240177032
11717001,CSNK1A1L,5.0
9884685,AKT2,5.0
9926791,DRAK2,5.0
42642645,BTK,7.119186407719209
42642645,TYRO3,8.698970004336019
3025986,LIMK1,5.0
10138260,PIK3CD,5.0
151194,FER,5.0
10184653,CDK7,5.0
11234052,PIK3CA(C420R),5.0
11427553,DYRK1A,6.744727494896694
208908,SLK,5.481486060122113
9926791,AKT3,5.0
151194,DYRK2,5.0
9884685,MARK3,5.0
151194,NEK9,5.0
10113978,BIKE,5.055517327849832
9915743,MST3,8.187086643357144
9926791,FAK,5.0
16007391,PFPK5(Pfalciparum),5.0
11667893,PFPK5(Pfalciparum),5.0
24889392,RPS6KA5(KinDom.1-N-terminal),5.0
24180719,FES,5.443697499232713
11364421,FAK,6.823908740944319
6918454,MYO3B,5.0
3081361,NEK1,5.0
176155,CDKL3,5.0
42642645,TBK1,6.096910013008056
11656518,LIMK1,5.0
3081361,EGFR(G719C),8.017728766960431
10184653,FRK,5.853871964321762
9884685,CSF1R,5.0
11617559,HIPK3,5.0
11717001,ABL1(F317I),5.0
151194,MLK1,5.0
156422,SRPK3,5.0
24180719,MAP3K15,5.0
3025986,EGFR(G719C),5.0
9926054,ASK1,5.0
3025986,CDK7,7.508638306165728
16725726,RIOK3,5.0
5287969,LATS2,5.0
16038120,PRKD1,7.096910013008056
42642645,MAP3K15,5.0
11717001,LCK,5.0
11364421,ERK1,5.0
3062316,HCK,9.455931955649724
9884685,KIT(D816H),5.0
11314340,LIMK1,5.0
11984591,PKNB(Mtuberculosis),7.468521082957745
151194,YANK1,5.0
5287969,IKK-alpha,5.0
11364421,ACVR2A,5.0
156414,ERK1,5.0
11617559,JAK1(JH2domain-pseudokinase),5.0
24180719,ERK4,5.0
176167,YANK3,5.0
208908,EPHB6,5.0
9809715,CAMK1D,5.657577319177793
3081361,BMPR2,5.0
11717001,MAP3K2,5.0
9926791,FLT3,5.0
11717001,PFCDPK1(Pfalciparum),5.0
11314340,JAK1(JH1domain-catalytic),5.0
24889392,PRKX,5.0
156422,NIM1,5.0
156422,PIM2,5.0
16725726,BRSK2,5.0
9884685,HIPK3,6.508638306165728
11617559,MET(Y1235D),5.0
16038120,STK39,6.823908740944319
10113978,CLK4,5.0
11485656,STK36,5.0
176167,CAMK4,5.0
11485656,RAF1,5.0
6450551,EGFR(E746A750del),5.0
208908,DAPK2,5.0
151194,CAMK1,5.0
208908,MEK3,5.0
4908365,HIPK1,5.0
11617559,FRK,5.0
10113978,STK35,5.0
11234052,EPHA2,5.0
3025986,INSRR,5.0
11314340,EPHB3,5.0
10113978,EGFR(G719C),5.0
4908365,PCTK3,5.0
11656518,PRKD2,5.0
11314340,DRAK2,5.2839966563652006
151194,TRKC,5.0
16722836,BMPR2,5.537602002101044
11667893,JAK3(JH1domain-catalytic),5.0
11485656,RIOK2,5.0
3062316,TNK2,8.2518119729938
10461815,SNARK,6.040958607678906
9926054,EPHA6,5.0
4908365,MET(Y1235D),5.267606240177032
11364421,JAK2(JH1domain-catalytic),5.0
11656518,DCAMKL1,5.0
6450551,FLT3,7.376750709602099
10113978,AURKA,5.1487416512809245
3081361,RET(V804M),5.0
11656518,ERN1,5.0
11656518,ABL1(Q252H)p,5.130768280269024
6450551,DYRK1B,5.0
9809715,ABL1(Q252H),7.136677139879544
9926791,BMPR2,5.0
3062316,PIK4CB,5.0
24889392,MAP4K2,5.0
11234052,LRRK2,5.0
9884685,TLK2,5.0
11617559,STK35,5.0
24180719,PDGFRB,6.698970004336019
3081361,PFTAIRE2,5.0
5287969,RAF1,5.0
9884685,STK16,5.0
42642645,SLK,8.522878745280337
11364421,TRKC,5.0
16725726,JAK3(JH1domain-catalytic),5.0
16007391,DCAMKL1,5.0
16725726,PIK3CA(H1047L),5.0
11656518,PRKCH,5.0
11485656,LRRK2,5.0
24889392,EGFR(L861Q),5.0
11485656,MLCK,5.0
24180719,PCTK3,5.0
11717001,TLK2,5.0
176155,INSRR,5.0
42642645,TLK1,5.0
16722836,MTOR,5.0
24180719,MAST1,5.0
16725726,HIPK2,6.4089353929735005
4908365,TYRO3,5.0
11717001,PIK3CA(H1047L),5.0
151194,MERTK,5.0
10461815,PRKCI,5.0
10461815,ERBB4,5.0
11617559,HIPK2,5.0
151194,RET(V804M),5.0
11485656,MLK2,5.0
9926791,PIK3C2B,5.0
24889392,INSRR,5.0
11485656,BRSK2,5.0
3081361,PDGFRA,6.638272163982407
9926791,YANK3,5.0
16038120,FGFR3,7.022276394711152
176155,ERK5,5.0
11984591,KIT(D816V),8.602059991327963
156422,NEK4,5.0
3062316,DYRK2,5.0
9915743,SRPK2,5.0
3081361,CIT,5.744727494896694
10113978,TRKB,5.0
156422,RAF1,5.0
176155,ERK4,5.0
42642645,HIPK1,6.376750709602099
10113978,INSRR,5.0
208908,YANK3,5.0
5287969,MEK5,6.744727494896694
16038120,CDKL5,5.0
9809715,PCTK3,6.292429823902063
16722836,CDK11,5.0
3025986,ABL1(F317I),5.0
10138260,RET,7.431798275933005
11717001,STK35,5.0
16007391,ERBB4,6.327902142064283
208908,ERK1,5.0
4908365,KIT(V559D),8.113509274827518
9809715,AKT2,5.0
16007391,BMX,5.0
176155,BIKE,5.0
151194,YANK2,5.0
156414,HIPK2,5.0
11485656,FER,5.0
11984591,CAMK1,6.638272163982407
11617559,MERTK,5.0
10113978,AMPK-alpha1,5.0
176155,DMPK,5.0
24889392,AKT3,5.0
11617559,STK36,5.0
9926054,DRAK2,5.0
9933475,TAOK2,5.229147988357856
176155,LZK,5.0
11485656,NEK9,5.0
6450551,SRPK2,5.0
5287969,TRKC,5.0
6918454,CAMK4,5.0
9926791,MELK,5.0
176167,KIT(D816H),5.0
11427553,DAPK2,5.744727494896694
10461815,NDR1,5.0
9926054,FGFR1,5.0
6918454,CDK11,5.0
151194,CHEK1,5.0
10184653,BMPR2,5.0
156414,MYLK,5.0
42642645,YANK2,5.0
16038120,EGFR(G719C),5.698970004336019
9926791,TRKC,5.0
16007391,CAMK1,5.0
151194,MLCK,5.0
9884685,TRKA,5.0
156414,MLCK,5.0
3062316,FGFR4,5.0
16725726,PDGFRA,5.0
3081361,MEK1,5.744727494896694
11656518,TYRO3,5.0
11626560,CDK7,6.481486060122113
10113978,HIPK3,5.0
156422,PDGFRB,5.958607314841775
16038120,CHEK1,7.356547323513813
16007391,LTK,5.494850021680094
10184653,ROS1,5.0
11485656,ERN1,5.0
6918454,EGFR(G719C),5.0
3025986,MAST1,5.2076083105017466
3081361,FGFR4,5.638272163982407
151194,MLK2,5.0
11617559,PFCDPK1(Pfalciparum),5.0
11485656,EGFR(L747E749del),5.0
11617559,CSF1R,8.657577319177793
11656518,ASK1,5.0
16725726,PFTAIRE2,5.0
9933475,HUNK,5.0
6450551,NEK4,5.0
11656518,CDK9,5.0
5287969,KIT,5.0
10184653,AURKB,5.0
24180719,LCK,5.744727494896694
6450551,WEE1,5.0
42642645,PFTAIRE2,7.494850021680094
11617559,FAK,5.0
6918454,ERK1,5.0
11617559,AAK1,5.0
9926054,ROCK1,5.0
3025986,PLK2,5.0
11667893,ABL1p,5.173925197299174
11485656,CSNK1A1,5.0
156414,PFPK5(Pfalciparum),5.0
11485656,JAK1(JH1domain-catalytic),5.0
9915743,BMX,5.0
9915743,PCTK3,5.0
5287969,SRPK3,5.0
4908365,ABL1(F317I)p,5.346787486224656
11617559,PRKD2,5.0
151194,CAMK2D,5.0
176155,EGFR(L747T751del),5.823908740944319
9926054,CAMK2D,5.0
11364421,CAMK2G,5.920818753952375
24889392,TYRO3,5.0
11656518,TRKC,5.0
3025986,AKT1,5.0
151194,EPHA2,5.0
3025986,MYO3A,5.0
10113978,MAP4K2,5.568636235841013
11364421,RET(M918T),5.0
176155,DAPK1,5.0
11984591,DAPK1,7.259637310505756
11626560,ANKK1,6.107905397309519
9884685,FYN,5.0
24889392,JAK3(JH1domain-catalytic),5.0
4908365,DAPK2,5.468521082957745
9926054,KIT(V559D),5.2441251443275085
9933475,MYO3B,5.0
176167,ASK1,5.0
42642645,BRAF,5.455931955649724
9884685,CAMK1,5.0
11984591,ERBB4,6.221848749616356
16722836,ABL1(Q252H),6.958607314841775
9926791,NEK9,5.0
9926791,ABL1(Q252H),5.0
11234052,CSNK1A1L,5.0
9926054,FRK,5.0
10461815,RET(M918T),6.236572006437063
3062316,ABL1(E255K),10.327902142064282
11314340,CAMK2A,6.494850021680094
11234052,FLT3,5.0
9884685,CDKL3,5.0
151194,STK16,5.0
42642645,SNARK,5.0
10138260,CLK4,6.6020599913279625
11626560,JNK3,5.0
3062316,CSNK2A2,5.0
11667893,SIK,5.0
5287969,ABL1(Q252H),5.508638306165728
208908,CAMK2D,5.0
10138260,FLT3(D835Y),8.214670164989233
11717001,DYRK2,5.0
10184653,EPHA6,6.468521082957745
11717001,DYRK1A,5.0
10138260,MST3,7.0
11717001,CAMK1,5.0
9809715,JAK3(JH1domain-catalytic),8.086186147616283
42642645,MAP4K3,6.958607314841775
16722836,EGFR(G719C),5.0
16722836,TBK1,7.036212172654444
16725726,AURKB,5.0
3081361,BMX,5.0
11984591,EGFR(G719C),5.0
10184653,MEK1,5.0
24889392,BRSK2,5.0
151194,IRAK3,5.0
9884685,PDGFRA,5.0
151194,FGFR4,5.0
16725726,CDK7,5.0
24180719,TXK,5.0
10461815,RIOK3,6.4089353929735005
208908,TNK2,5.0
24180719,DCAMKL1,5.091514981121351
5287969,PIK3CA(H1047L),5.0
9926054,p38-gamma,5.0
10138260,MYLK,6.443697499232713
156422,ABL1(E255K),5.0
9884685,MAP4K5,5.0
11984591,CDC2L5,5.0
9926054,BMX,5.0
208908,RSK4(KinDom.1-N-terminal),5.0
16038120,JNK2,6.552841968657781
16007391,KIT(D816V),5.337242168318426
11314340,MINK,7.0
9884685,SNARK,5.0
10461815,BMPR2,5.2076083105017466
151194,AKT2,5.0
151194,FGFR3(G697C),5.0
9915743,STK36,5.275724130399211
9926054,CAMK2G,5.0
3081361,EPHB4,6.2839966563652006
24180719,PIK3CD,5.0
11485656,ABL2,5.0
16725726,MLCK,5.0
10113978,PCTK3,5.0
9926054,PFCDPK1(Pfalciparum),5.0
11626560,PDGFRB,5.0
9926054,LCK,5.0
9884685,AMPK-alpha1,5.0
11626560,EPHB3,5.0
10461815,BTK,5.0
11717001,DYRK1B,5.0
3062316,CDKL5,5.0
16038120,TEC,6.744727494896694
3062316,ABL1(Q252H)p,10.193820026016112
208908,MST3,5.0
208908,DLK,5.0
11364421,TESK1,5.0
11234052,MLK3,5.0
3062316,TRKB,5.0
16722836,ACVR2A,5.0
11364421,TAOK1,5.0
176155,STK35,5.0
10184653,PRKG2,5.0
11234052,CDK7,5.0
208908,HIPK1,5.0
11617559,MEK1,5.0
3025986,BMPR2,5.0
9933475,JAK3(JH1domain-catalytic),5.0
156414,CDKL2,5.0
156422,TRKB,6.2441251443275085
9926791,CDK7,5.0
6918454,BRAF(V600E),5.0
151194,ABL1(Q252H)p,5.0
5287969,BRAF,5.0
3081361,FAK,5.0
176155,FGFR3(G697C),5.0
11656518,MYO3A,5.0
6450551,PIK3CA(Q546K),5.0
9926791,HCK,5.0
10461815,ACVR2A,5.0
11314340,RET(V804M),6.744727494896694
151194,FYN,5.0
16722836,SNARK,7.309803919971486
9809715,ERK4,5.0
176167,NIM1,5.0
16038120,YANK2,7.619788758288394
9915743,CDK7,5.292429823902063
11984591,NEK1,6.769551078621726
24180719,JAK1(JH2domain-pseudokinase),5.0
11485656,ASK1,5.0
151194,MAP3K15,5.0
11984591,MAP4K5,5.0
10113978,BTK,5.0
9915743,ABL1(Q252H),5.1487416512809245
11656518,ROCK2,5.0
6450551,PIK3CA,5.0
176155,TBK1,5.0
9915743,PRKCH,5.0
176167,AKT1,5.0
9926791,STK36,5.0
11656518,VEGFR2,5.886056647693163
176155,MELK,5.0
24889392,TNK2,5.0
11234052,SIK,5.0
16725726,TRKC,5.0
10113978,AURKB,5.0
10138260,EPHB2,5.0
16038120,VEGFR2,6.026872146400302
6450551,PIM1,5.0
9933475,TRKA,5.0
11984591,CIT,6.356547323513813
42642645,TRKB,8.387216143280265
3081361,MEK5,7.309803919971486
11364421,STK33,5.958607314841775
9884685,STK33,5.0
11364421,EPHB3,5.0
16722836,PRKCI,5.0
10113978,SLK,6.619788758288394
24180719,MAK,5.0
9915743,KIT(D816V),5.0
11626560,p38-gamma,5.0
10138260,EGFR(L861Q),5.0
176167,PIK3CA,5.0
24889392,TLK1,5.0
16007391,ASK1,5.0
11485656,BMX,5.0
11485656,EGFR,5.0
11485656,DDR2,5.42021640338319
16725726,HIPK3,6.698970004336019
11617559,PYK2,5.0
10138260,HCK,5.657577319177793
9884685,ERK4,5.0
11667893,RIOK3,5.0
10113978,CAMK2G,5.0
11427553,JAK1(JH1domain-catalytic),5.920818753952375
208908,SNARK,5.0
9809715,MYLK2,5.3979400086720375
24889392,FAK,5.0
156422,EPHB6,5.0
10461815,CDC2L5,5.0
11364421,ABL1(E255K),5.229147988357856
3025986,LTK,5.0
9915743,DLK,6.431798275933005
151194,MAST1,5.0
3025986,YANK3,5.0
24180719,TLK1,5.0
156422,EPHB3,5.0
3025986,AKT3,5.0
156422,ADCK3,5.0
176155,ASK1,5.0
16725726,CAMK1,5.0
11984591,STK16,8.769551078621726
176167,PIK3CA(E545K),5.0
10138260,PKAC-alpha,5.0
10461815,GCN2(KinDom2S808G),5.468521082957745
176167,RSK3(KinDom.1-N-terminal),6.657577319177793
9884685,MARK4,5.0
9926791,ULK2,5.0
9926791,FLT3(N841I),5.0
11984591,PCTK3,5.0
10113978,GRK1,5.0
16038120,CSF1R,7.318758762624413
9915743,PIK3CA(C420R),5.0
11234052,RPS6KA5(KinDom.2-C-terminal),5.0
4908365,GRK1,5.769551078621726
10461815,MLK1,5.0
16722836,SRMS,5.301029995663981
5287969,EPHB2,5.0
156422,MAP3K4,5.0
16722836,MERTK,6.086186147616283
11717001,CASK,5.0
11314340,ACVR2A,5.0
16725726,NEK7,5.0
9933475,LRRK2,5.0
10113978,LRRK2,5.0
156414,LTK,5.292429823902063
9933475,EGFR,6.638272163982407
6450551,ABL1(H396P)p,7.638272163982407
5287969,FLT3(D835Y),5.494850021680094
16725726,STK16,5.0
16007391,PRKD1,5.0
9926054,PLK1,5.0
16722836,RSK4(KinDom.2-C-terminal),6.443697499232713
11667893,HCK,5.0655015487564325
11617559,ERN1,5.0
11234052,MAP3K15,5.0
3025986,EGFR(L747E749del),5.0
9884685,RIOK2,6.113509274827519
11667893,EGFR(L747E749del),6.017728766960432
9926054,CDK7,6.167491087293763
24180719,VEGFR2,5.6777807052660805
6918454,RSK4(KinDom.1-N-terminal),5.0
16725726,CDK8,5.0
11314340,PAK1,5.823908740944319
176155,MEK2,5.017728766960432
11656518,CIT,7.060480747381382
3025986,EPHB3,5.0
208908,LCK,5.0
3025986,LATS2,5.0
16007391,BRAF(V600E),5.0
6918454,MLK2,5.0
176167,p38-gamma,5.0
11656518,CSF1R,6.6020599913279625
9926791,MET,5.0
11364421,MYO3A,5.200659450546419
24889392,STK35,5.0
9884685,RIOK3,5.0
11234052,DCAMKL1,5.0
10138260,STK33,6.886056647693163
11617559,IRAK3,5.0
11717001,HIPK2,5.0
16007391,HIPK1,5.0
9926054,AKT2,5.0
3081361,FGFR1,6.251811972993799
16038120,SRPK3,5.537602002101044
10461815,NEK9,5.0
176155,FGFR3,5.0
11427553,ROCK2,6.6020599913279625
6450551,RSK4(KinDom.2-C-terminal),5.0
9809715,ERK3,5.0
3062316,MAP3K15,5.0
16038120,LATS2,5.698970004336019
151194,MEK1,5.0
11984591,MELK,5.0
24180719,EPHA2,5.0
208908,FAK,5.0
9933475,FER,5.0
151194,MST3,5.0
11427553,RPS6KA5(KinDom.2-C-terminal),5.721246399047171
10113978,ABL1p,6.187086643357144
11626560,SRPK2,5.0
156422,MEK5,5.0
3081361,CSNK1A1L,5.0
3062316,ASK2,5.0
151194,BRAF(V600E),5.0
6450551,VEGFR2,8.229147988357855
6450551,TESK1,5.366531544420414
151194,PIK4CB,5.0
11427553,EPHB2,5.0
3062316,ABL1(F317I)p,10.387216143280265
11626560,DLK,6.769551078621726
11667893,ASK2,5.0
11234052,MAP3K2,5.0
11314340,ABL1(Q252H)p,5.0
16725726,PRKCH,8.619788758288394
11427553,FGFR2,6.070581074285707
16038120,AMPK-alpha1,7.568636235841013
42642645,RIPK1,6.070581074285707
11314340,FLT3(D835Y),7.366531544420414
156422,ABL1(M351T),5.0
176167,EPHB4,5.0
11314340,HIPK3,6.958607314841775
9809715,BTK,6.508638306165728
4908365,KIT(D816H),7.318758762624413
9926054,EGFR(E746A750del),5.0
6918454,TYRO3,5.0
11427553,LZK,6.301029995663981
3025986,CIT,5.4089353929735005
5287969,AKT3,5.0
42642645,MST4,5.0
24889392,SRPK3,5.0
10113978,SNARK,5.0
16722836,PHKG2,5.795880017344075
6918454,NEK9,5.0
6918454,TNIK,5.0
16722836,FLT3(D835Y),8.193820026016112
208908,AURKB,5.0
11667893,NIM1,5.0
9884685,TRKB,5.0
3081361,TRKC,5.0
11984591,NDR1,5.026872146400302
10184653,DYRK1A,6.013228265733755
11984591,KIT,8.167491087293763
6450551,CSF1R,7.67778070526608
9884685,MST1R,5.0
9926054,FGR,5.0
9884685,PIK3CA(Q546K),8.823908740944319
10184653,HIPK2,5.0
9926054,NIM1,5.0
24180719,CDK7,5.0
9809715,ERK1,5.0
156422,MTOR,5.0
11314340,SLK,5.0
5287969,MST3,5.0
156414,CIT,5.886056647693163
4908365,DDR2,7.0
42642645,FGFR2,6.096910013008056
4908365,EGFR,5.0
11314340,PLK2,5.0
16038120,ACVR2B,5.366531544420414
9933475,CIT,5.0
11617559,PRKCQ,5.0
11485656,HUNK,5.0
16007391,RET(V804L),6.853871964321762
6450551,NDR1,5.0
16725726,PRKX,8.142667503568731
16038120,MTOR,5.0
42642645,INSRR,7.275724130399211
11364421,JAK1(JH2domain-pseudokinase),5.0
11234052,FGFR3,6.795880017344075
10184653,LZK,5.0
42642645,BMPR2,5.0
176167,EGFR(L747T751del),5.0
9926054,NEK9,5.0
16725726,ADCK3,5.0
156414,CDC2L5,5.0
9926791,MARK3,5.0
3062316,PFTAIRE2,5.0
9926791,CAMK4,5.0
16722836,GRK1,5.0
11314340,DAPK2,5.6020599913279625
4908365,ROCK1,5.0
9884685,MAST1,5.0
9926054,MAST1,5.0
42642645,ABL1(H396P)p,6.958607314841775
3062316,NDR1,5.0
42642645,CAMK1D,5.275724130399211
156414,SIK,5.0
10184653,ABL1(F317I),5.537602002101044
16038120,YANK1,7.886056647693163
16007391,ABL1(E255K),5.017728766960432
4908365,ACVR2A,5.0
42642645,EPHB3,7.070581074285707
11667893,PKAC-alpha,5.0
3062316,TRKA,5.0
11984591,PIM1,5.0
156422,ABL1p,5.0
11234052,DYRK2,5.0
24889392,ULK1,5.0
5287969,ACVRL1,5.346787486224656
11626560,STK36,5.0
176167,CAMK2D,5.552841968657781
208908,MAP4K3,5.0
10184653,EPHB3,5.0
16007391,PKAC-alpha,5.0
6450551,CDK7,5.0
42642645,EGFR(G719C),6.920818753952375
176155,TYRO3,5.0
11427553,IGF1R,6.036212172654444
176167,VEGFR2,5.0
16038120,CDKL3,5.0
6918454,PHKG2,5.0
24180719,NEK7,5.0
10138260,RPS6KA5(KinDom.2-C-terminal),5.823908740944319
176167,FAK,5.0
5287969,RET(V804L),5.0
176167,PIK3C2B,5.0
176155,EGFR(E746A750del),6.468521082957745
3062316,MYLK2,5.455931955649724
24889392,MERTK,5.0
9915743,MYLK,5.0
3025986,MYO3B,5.0
151194,FAK,5.0
11364421,ROS1,5.0
11485656,MAP4K5,6.040958607678906
11656518,AMPK-alpha1,5.346787486224656
10113978,LRRK2(G2019S),5.0
24889392,ABL2,5.0
156414,HUNK,5.1938200260161125
9884685,p38-gamma,5.0
16038120,EPHB3,5.721246399047171
176167,TYRO3,5.0
11667893,ACVR2A,5.0
9809715,PIM2,5.0
9809715,PKN2,5.853871964321762
11626560,RIOK2,5.0
16725726,ABL1(M351T),5.0
3062316,EGFR(G719S),7.102372908709558
6450551,TNNI3K,5.0
11485656,AAK1,5.0
156414,MST1R,5.0
10113978,PHKG2,5.0
156422,ROCK2,5.0
42642645,ABL2,7.568636235841013
3081361,FRK,6.769551078621726
11617559,KIT(D816V),5.0
3062316,ERK4,5.0
11717001,SNARK,5.0
4908365,FRK,5.259637310505756
42642645,ABL1(F317I)p,6.6020599913279625
11234052,CASK,5.0
10113978,LIMK2,6.4089353929735005
10461815,CAMK4,5.0
9915743,PYK2,5.096910013008056
11667893,ASK1,5.0
151194,ACVRL1,5.0
9915743,MST4,8.130768280269024
16722836,PFCDPK1(Pfalciparum),5.920818753952375
6450551,FGFR1,6.42021640338319
16007391,RET(M918T),6.920818753952375
9915743,ABL1p,5.0
16007391,PIM1,5.0
11427553,SRPK3,6.698970004336019
4908365,FGFR2,5.443697499232713
3062316,GRK1,5.0
9915743,MEK4,5.0
151194,PRKG2,5.0
11485656,CDK8,7.022276394711152
11427553,LIMK1,5.0
9884685,ABL1(E255K),5.0
11656518,BTK,5.0
208908,CDK9,5.0
151194,BTK,5.0
11314340,MST1R,5.0
5287969,DAPK2,5.0
9926054,HIPK2,5.0
3025986,LRRK2,5.0
42642645,FGFR3(G697C),5.795880017344075
11667893,ABL1(M351T),5.0
6450551,PRKD1,5.0
6918454,MLK1,5.0
10138260,FGFR2,6.102372908709559
11314340,FLT3(N841I),6.698970004336019
11314340,MUSK,5.0
9926054,SRPK3,5.0
9926054,MEK1,5.0
11485656,CSNK1A1L,5.0
9884685,FGR,5.0
10184653,NLK,5.0
4908365,IKK-alpha,5.0
9884685,KIT(D816V),5.0
11626560,RET(M918T),5.886056647693163
10461815,FAK,5.721246399047171
5287969,TRKB,5.0
5287969,CDC2L5,6.366531544420414
11485656,PYK2,5.0
16038120,AURKA,7.356547323513813
9915743,JNK3,5.6020599913279625
156422,TNK2,5.0
5287969,MAP3K15,5.0
11984591,CLK4,6.443697499232713
11485656,PFPK5(Pfalciparum),5.0
3025986,MAPKAPK5,5.0
11314340,DMPK,7.036212172654444
9884685,PAK4,5.0
11984591,JAK1(JH2domain-pseudokinase),5.0
151194,CIT,5.055517327849832
10138260,SNARK,6.3979400086720375
6450551,ACVRL1,5.0
4908365,JAK3(JH1domain-catalytic),7.744727494896694
10138260,NEK4,5.0
11984591,HUNK,5.0
6918454,PRKD1,5.0
11427553,TNIK,7.552841968657781
11314340,CDK4-cyclinD3,5.0
6450551,LIMK1,5.0
9933475,DYRK2,5.0
16722836,PFPK5(Pfalciparum),5.0
11617559,CDK7,5.0
9933475,AKT1,5.0
3062316,FGFR1,5.431798275933005
11364421,MLK3,5.0
11617559,TAOK1,5.0
208908,CSNK1A1,5.0
6918454,RAF1,5.0
42642645,ROCK2,5.744727494896694
3062316,CSNK1A1,5.0
16725726,MYLK,5.0
11617559,ERK4,5.0
11617559,AURKB,5.0
11717001,CLK4,5.0
208908,MLK3,5.0
10461815,RSK4(KinDom.2-C-terminal),5.0
10461815,GRK1,5.958607314841775
156414,CAMK1G,5.0
151194,MYO3A,5.0
24889392,TBK1,5.0
6450551,EPHA5,5.0
156414,LIMK2,5.0
156414,ROCK2,5.0
10138260,MAP4K2,5.769551078621726
6450551,CDKL3,5.0
11626560,RET,5.0
11485656,PRKX,5.0
11234052,DRAK2,5.0
16725726,MAP3K15,5.0
3062316,ABL1(M351T),10.795880017344077
9884685,MAP3K2,5.0
11656518,BRAF(V600E),6.481486060122113
151194,FES,5.0
6918454,MINK,5.0
6918454,YANK2,5.0
24889392,TRKB,6.2076083105017466
11427553,NEK1,5.508638306165728
176155,CIT,6.376750709602099
11234052,NLK,5.0
11617559,PRKCH,5.0
6918454,PRKG2,5.0
3025986,NDR1,5.0
9926791,DDR2,5.0
11485656,PKAC-alpha,5.161150909262744
11364421,ABL1(F317I),5.0
24180719,PRKCI,5.0
176155,FGFR4,5.0
10184653,FYN,5.0
156422,MAP4K3,5.0
10138260,ROS1,5.0
11626560,MET(Y1235D),8.823908740944319
9926054,SIK,5.0
3081361,DDR2,6.494850021680094
156414,PIK3C2B,5.0
11314340,TRKC,5.0
11617559,RSK4(KinDom.2-C-terminal),5.0
5287969,BRSK2,5.0
11485656,MET,5.886056647693163
151194,EGFR(G719C),5.0
11234052,ERK3,5.0
176167,ERK3,5.0
5287969,p38-gamma,5.0
156414,STK33,5.0
6918454,BMX,5.0
42642645,EGFR(G719S),6.431798275933005
9915743,MET,5.3979400086720375
176155,TLK1,5.0
11617559,BMPR2,5.0
11984591,LATS2,5.3979400086720375
11626560,CDKL3,5.0
6450551,LIMK2,5.0
11626560,MAP3K2,7.142667503568732
24889392,MLK2,5.0
16722836,KIT(D816H),6.795880017344075
42642645,PFCDPK1(Pfalciparum),6.638272163982407
10461815,TRKA,6.494850021680094
4908365,DYRK1B,5.0
16725726,AKT3,8.522878745280337
24180719,EGFR(G719S),5.0
10184653,ABL1(E255K),6.376750709602099
16725726,AMPK-alpha1,5.0
24889392,MEK3,5.0
11234052,PKNB(Mtuberculosis),5.0
24180719,MTOR,5.0
3025986,CASK,6.3979400086720375
10184653,CAMK4,5.0
208908,ERBB4,7.267606240177032
16722836,SNRK,6.638272163982407
11427553,PIK3CA(C420R),5.0
16722836,MYLK,6.2839966563652006
10138260,FGFR1,5.721246399047171
16007391,DLK,5.0
9926791,TBK1,5.0
24889392,PIK3CA(E545K),5.0
9926791,TEC,5.0
6918454,LCK,5.0
24889392,MYO3B,5.0
16007391,JNK3,5.0
156414,AAK1,5.0
9915743,PKNB(Mtuberculosis),5.0
11984591,RIOK3,6.6777807052660805
3081361,BRAF(V600E),5.0
151194,PIK3CA,5.0
3062316,ERN1,5.0
11667893,SRPK2,5.0
9809715,DYRK1B,5.795880017344075
11234052,ABL1p,6.1938200260161125
9809715,CAMK2G,5.0
3081361,TYRO3,7.031517051446065
10461815,LATS2,5.0
3025986,TGFBR1,5.0
10461815,CASK,5.769551078621726
11984591,ERK3,5.0
11427553,LRRK2,6.455931955649724
151194,NLK,5.0
9933475,RIOK3,5.0
11364421,YANK2,5.0
16007391,CDKL5,5.0
24180719,PAK1,5.853871964321762
6918454,PRKX,5.0
11656518,DYRK1B,5.0
3025986,CAMK4,5.0
10113978,BRAF,6.136677139879544
16038120,RET(V804L),6.920818753952375
24180719,KIT(D816V),5.508638306165728
11364421,FES,5.721246399047171
4908365,MYO3B,5.0
9809715,PRKD1,6.00436480540245
11427553,PIK3CA,5.0
11717001,PRKCQ,5.0
156414,MYO3B,5.0
151194,TBK1,5.0
4908365,PHKG2,5.769551078621726
6918454,EPHA6,5.0
4908365,SNRK,5.0
24889392,TRKA,5.638272163982407
10461815,ERK5,5.769551078621726
9915743,PRKX,5.0
11485656,ERK5,5.0
208908,PKN2,5.0
5287969,DYRK1A,7.113509274827519
11234052,MERTK,5.0
151194,EGFR(L747E749del),5.0
9933475,GCN2(KinDom2S808G),5.0
16722836,AAK1,7.455931955649724
208908,NIM1,5.0
11314340,CHEK1,5.0
24180719,ABL2,5.568636235841013
3062316,HIPK3,5.0
9884685,ICK,5.0
16007391,MEK1,5.721246399047171
9884685,CDK4-cyclinD3,5.0
9926054,ACVR2B,5.0
9809715,ICK,5.769551078621726
11617559,ACVRL1,5.0
11314340,LRRK2,5.721246399047171
11656518,RSK4(KinDom.2-C-terminal),5.0
11667893,CAMK4,5.0
176167,DLK,5.0
42642645,NEK6,5.0
9933475,FGFR1,7.275724130399211
16007391,DCAMKL2,5.0
9933475,EPHB1,5.0
11234052,MEK2,5.0
5287969,CIT,6.958607314841775
16722836,MAST1,5.0
9884685,FGFR1,5.0
9915743,FGFR1,5.0
11234052,ERN1,5.0
9933475,NIM1,5.0
156414,AURKA,5.0
11234052,MST3,5.0
11984591,PFTK1,5.0
6918454,LIMK2,5.0
9809715,ABL1(H396P)p,7.309803919971486
24889392,LIMK1,5.0
156422,FES,5.0
151194,EPHA5,5.0
16722836,CIT,6.853871964321762
9926791,MAP3K15,5.0
24180719,FRK,5.721246399047171
10461815,LIMK2,5.0
11617559,CDK4-cyclinD3,5.0
4908365,MLCK,7.376750709602099
24889392,RPS6KA5(KinDom.2-C-terminal),5.0
9915743,LZK,6.130768280269024
11427553,YANK3,5.0
11234052,AAK1,5.0
156422,CDKL2,5.0
11617559,DAPK1,5.0
24180719,MUSK,5.0
11667893,PDGFRB,8.040958607678906
11234052,CDK8,5.0
24180719,AAK1,5.0
4908365,JAK1(JH1domain-catalytic),6.698970004336019
156414,JAK1(JH2domain-pseudokinase),5.0
11234052,SNRK,5.0
24889392,FLT3(D835Y),8.148741651280925
3025986,CAMK1,5.0
5287969,PRKG2,5.0
11427553,SgK110,6.638272163982407
156414,FLT3(D835Y),6.136677139879544
16038120,CSNK1A1,5.0
9915743,AKT3,5.0
24889392,FYN,5.0
6450551,KIT(D816V),5.886056647693163
16007391,MYLK,5.0
11717001,ICK,5.0
11234052,MAP4K3,5.0
156414,CAMK1,5.0
11717001,PRKG2,5.0
9809715,PRKG2,5.0
11626560,MST4,5.552841968657781
10138260,BRAF(V600E),5.0
9926054,CAMK2A,5.0
10461815,CDK11,5.0
9926791,AURKB,5.0
3025986,RET(M918T),5.0
4908365,RPS6KA5(KinDom.1-N-terminal),5.0
42642645,SNRK,5.0
11314340,PFTK1,6.102372908709559
156422,MAP3K15,5.0
9915743,MUSK,5.0
16725726,SLK,5.0
10113978,CDK7,5.0
16722836,MINK,5.050609993355088
16038120,CDK8,5.0
11485656,MELK,5.0
11667893,CDK8,5.0
16007391,SRPK3,5.0
11626560,DCAMKL2,6.431798275933005
9926791,CAMK2G,5.0
9926791,CDK8,5.0
9809715,ASK2,5.0
11314340,PRKD1,5.0
11626560,BIKE,6.130768280269024
11617559,MINK,5.0
4908365,DCAMKL1,5.080921907623926
9926791,SNRK,5.0
10113978,EGFR(L747T751del),5.0
5287969,DCAMKL1,5.6777807052660805
3062316,ICK,5.0
16722836,PLK2,5.619788758288394
16038120,DLK,7.376750709602099
3025986,IRAK3,5.537602002101044
11667893,RET(V804M),5.0
176167,EPHB1,5.0
24180719,TRKC,5.0
10184653,JAK1(JH2domain-pseudokinase),5.0
9926791,CAMK2D,5.568636235841013
9926054,MST3,5.0
4908365,TXK,5.958607314841775
10184653,CLK4,5.0
176155,YANK2,5.6777807052660805
3025986,CAMK2G,5.0
24889392,PRKCI,5.0
11717001,ABL1(H396P)p,5.0
9933475,BIKE,5.0
11364421,MLCK,5.0
16038120,PRKCQ,5.823908740944319
16038120,IKK-alpha,5.0
4908365,CAMK4,5.0
176155,RET(V804M),5.0
156414,EGFR(L747T751del),9.585026652029182
176155,TLK2,5.0
11984591,AXL,7.086186147616283
11667893,BMX,5.0
151194,ABL1(F317I)p,5.0
16007391,MET,5.0
11427553,ACVRL1,5.0
9933475,CSNK2A2,5.0
42642645,FER,7.431798275933005
11364421,HUNK,5.013228265733755
11984591,FGFR1,7.356547323513813
156422,INSRR,5.0
11427553,EGFR(G719S),5.337242168318426
10184653,FES,5.0
176155,RET(M918T),5.0
11364421,SRPK2,5.0
6450551,AURKC,8.886056647693163
176155,CAMK2A,5.0
151194,SRPK2,5.0
151194,SLK,5.0
156414,STK35,5.537602002101044
24180719,PIK3CA(H1047L),5.0
11984591,IGF1R,5.886056647693163
11717001,DCAMKL2,5.0
9809715,STK35,6.091514981121351
156422,ABL1(H396P)p,5.0
10113978,MUSK,5.0
156422,CAMK1G,5.0
9933475,MAP3K15,5.0
156414,MAP4K5,5.585026652029182
11717001,RET(M918T),5.0
156414,HIPK1,5.0
11984591,MAPKAPK5,5.0
42642645,MEK5,8.602059991327963
11667893,CAMK2G,5.0
11234052,MARK3,5.0
42642645,CSNK2A2,5.552841968657781
9915743,PHKG2,5.0
16725726,ABL2,5.0
24889392,AAK1,5.0
11427553,RSK4(KinDom.1-N-terminal),6.356547323513813
6918454,CSF1R,5.0
11234052,ABL1(M351T),6.346787486224656
42642645,EGFR(L747T751del),6.795880017344075
11314340,CAMK1G,5.0
6918454,FGR,5.0
9809715,KIT(D816H),6.508638306165728
9809715,RPS6KA5(KinDom.1-N-terminal),6.698970004336019
3062316,EPHA6,5.6777807052660805
11314340,CAMK2D,6.568636235841013
3062316,MTOR,5.0
5287969,FGR,5.0
24180719,SRPK3,5.0
9809715,TEC,5.0
156422,AURKC,5.0
10113978,ULK2,5.0
11717001,PDGFRA,5.0
11234052,EGFR(L747T751del),5.0
24180719,SRMS,7.67778070526608
10113978,FGFR3,6.130768280269024
11626560,EPHB4,6.2441251443275085
42642645,ICK,5.0
10461815,BRAF,5.0
11364421,YANK3,5.0
11364421,IKK-alpha,5.0
11234052,PKN2,5.0
156422,RIPK1,5.0
11667893,NEK9,5.0
156414,MEK5,7.221848749616356
10113978,RPS6KA5(KinDom.1-N-terminal),5.0
151194,SRMS,5.0
16722836,MEK1,5.292429823902063
3081361,DRAK2,5.0
3081361,TNIK,5.638272163982407
42642645,CASK,5.0
151194,FGFR3,5.0
42642645,ULK1,5.0
11364421,TLK2,5.0
9809715,MERTK,8.070581074285707
9809715,EGFR(L747E749del),5.0
9926791,AMPK-alpha1,5.0
6450551,ADCK3,5.0
10461815,AURKB,5.698970004336019
9933475,MEK4,5.0
3081361,PRKCH,5.0
11617559,CSNK1A1L,5.0
42642645,LIMK1,6.167491087293763
10138260,EGFR(E746A750del),5.0
9884685,NIM1,5.0
10461815,ERN1,5.0
151194,ERBB4,5.0
10113978,WEE1,5.0
6450551,ABL2,7.154901959985743
11314340,DYRK1B,8.4089353929735
208908,EPHB1,5.0
3062316,MERTK,5.0
156422,DMPK,5.0
42642645,ABL1(Q252H),8.397940008672037
11626560,TESK1,6.42021640338319
16722836,CSF1R,6.2076083105017466
24180719,CHEK1,5.0
3062316,EGFR(E746A750del),6.886056647693163
11485656,JNK3,5.366531544420414
9933475,PIK3CD,5.0
9926054,FYN,5.0
11485656,NEK4,5.0
10138260,NEK6,6.221848749616356
10138260,PIK3CA(H1047L),5.0
10138260,EGFR(G719C),5.045757490560675
10461815,RPS6KA5(KinDom.1-N-terminal),5.0
9926791,LRRK2,5.886056647693163
9809715,PRKCH,5.0
9809715,CDK7,6.522878745280337
3062316,JNK3,5.0
11984591,CASK,5.0
24180719,SgK110,5.0
5287969,SNARK,5.853871964321762
9809715,RAF1,5.0
16007391,DDR2,5.180456064458132
11626560,CAMK1G,5.0
11626560,MAP4K3,7.1249387366083
9915743,TIE2,5.522878745280337
24889392,CAMK1,5.0
9809715,PKNB(Mtuberculosis),8.443697499232712
5287969,TLK2,5.0
176155,ICK,5.0
4908365,MLK2,5.0
9926054,IKK-alpha,5.769551078621726
11717001,TNNI3K,5.0
6450551,MAP4K5,6.259637310505756
11364421,MYLK2,5.0
9809715,ULK2,6.42021640338319
11234052,FES,5.0
11314340,BMX,5.0
16722836,IKK-alpha,6.080921907623926
11667893,PFCDPK1(Pfalciparum),5.0
16007391,SNRK,5.0
24180719,CAMK4,5.0
4908365,SNARK,6.886056647693163
11427553,ABL1(F317I),5.795880017344075
156414,NEK7,5.0
16038120,MAP4K2,6.721246399047171
16722836,BMX,5.920818753952375
6450551,JAK1(JH1domain-catalytic),5.0
16007391,TEC,5.0
11364421,BRAF(V600E),5.0
24889392,CDK7,5.0
9915743,STK39,5.0
9809715,MTOR,5.0
6918454,PLK1,5.0
42642645,ERN1,5.0
11427553,PDGFRB,7.522878745280337
10113978,TESK1,5.0
11314340,NEK7,5.0
6918454,JAK1(JH2domain-pseudokinase),5.0
10138260,RSK4(KinDom.2-C-terminal),5.0
3062316,PIK3CA(Q546K),5.0
16722836,RAF1,5.0
9926054,PRKD2,5.0
10138260,ERN1,5.721246399047171
6918454,JNK3,5.0
11364421,RIOK2,5.0
3025986,JAK1(JH1domain-catalytic),5.0
11617559,TNNI3K,5.0
3025986,CSF1R,5.0
11656518,HCK,5.920818753952375
9809715,PIK4CB,5.0
3081361,LRRK2(G2019S),5.0
10461815,MELK,5.0
9933475,RIPK1,5.0
11667893,ERK1,5.0
16007391,CDK8,5.0
11626560,IGF1R,6.107905397309519
5287969,MST1R,5.0
11427553,RIPK1,7.1938200260161125
151194,KIT(V559D),7.769551078621726
5287969,MAPKAPK5,5.0
11364421,TIE2,5.0
156422,YANK1,5.0
9926791,VEGFR2,5.0
16722836,NEK4,5.795880017344075
9915743,TRKB,5.0
9926054,TYRO3,5.0
11364421,PFTAIRE2,5.0
16722836,CDKL2,5.886056647693163
11234052,IKK-alpha,5.0
3062316,ERK5,5.0
156422,BRSK2,5.0
9884685,PRKCI,5.0
10138260,PDGFRA,8.958607314841775
3062316,AURKA,5.031517051446065
9926054,BIKE,5.0
24889392,CDK8,5.0
6918454,AMPK-alpha1,5.0
24180719,CAMK2D,5.0
10461815,MAP4K2,5.443697499232713
10138260,PIM2,5.0
176155,MAP4K5,5.0
16725726,ROCK2,6.698970004336019
16038120,MST4,6.292429823902063
11485656,STK33,5.42021640338319
9809715,HIPK2,6.102372908709559
9884685,LIMK2,5.455931955649724
156414,MKNK1,6.585026652029182
11984591,PRKG2,5.443697499232713
5287969,MAK,7.552841968657781
16007391,RSK4(KinDom.1-N-terminal),5.0
9926054,PRKCI,5.0
3062316,YANK2,5.0
151194,AKT3,5.0
9884685,ERBB4,5.0
16007391,EGFR,6.346787486224656
3025986,BRAF,5.886056647693163
9809715,LATS2,6.42021640338319
10184653,JNK2,5.6777807052660805
11314340,CDKL3,5.958607314841775
16038120,PRKCH,5.0
6450551,FER,5.0
11427553,IKK-alpha,6.744727494896694
11656518,RIPK1,5.267606240177032
6918454,IRAK3,5.0
156414,RSK3(KinDom.1-N-terminal),5.0
11717001,YANK1,5.0
11717001,DRAK2,5.0
9915743,ICK,5.0
10184653,EPHB1,5.0
6918454,ASK2,5.0
11717001,IKK-alpha,5.0
11656518,MET,5.2076083105017466
176155,ASK2,5.0
11717001,EPHB3,5.0
11656518,BMX,5.0
3025986,CDC2L5,7.638272163982407
6450551,PIK3CA(M1043I),5.0
151194,TNK2,5.0
10184653,PHKG2,6.327902142064283
11234052,RSK4(KinDom.2-C-terminal),5.0
156414,FER,5.0
11364421,MET,5.619788758288394
11717001,YANK3,5.0
24180719,RPS6KA5(KinDom.1-N-terminal),5.0
10138260,TRKC,6.657577319177793
176155,STK16,5.0
16007391,NDR1,5.0
11656518,DAPK1,5.0
9933475,ERBB4,5.853871964321762
3062316,MEK2,5.853871964321762
11617559,CLK4,5.0
42642645,MYO3B,6.161150909262744
176167,FER,5.0
156422,BMPR2,5.0
24889392,MAK,5.0
11364421,MEK3,5.0
3081361,ABL1(F317I),6.113509274827519
3062316,ACVR2A,6.6777807052660805
10113978,TEC,5.0
6450551,ERBB4,5.0
4908365,CAMK1G,5.2076083105017466
10461815,ERK2,5.0
16038120,SNARK,8.920818753952375
11427553,CAMK2A,5.3979400086720375
10461815,DDR2,5.119186407719209
11667893,EGFR(L861Q),5.4089353929735005
10461815,TRKB,6.096910013008056
42642645,DAPK1,5.0
42642645,PKNB(Mtuberculosis),5.0
5287969,EGFR(L747E749del),5.638272163982407
16722836,KIT,6.886056647693163
11667893,MEK2,5.0
3025986,HUNK,5.0
9809715,EPHB2,5.0
156422,MLK3,5.0
10113978,CDK8,5.0
6918454,LATS2,5.0
10184653,DMPK,5.0
5287969,DDR2,5.0
11234052,RIOK2,5.0
10461815,SRPK2,6.301029995663981
10184653,TAOK2,5.0
9884685,ACVR2A,5.0
10138260,ASK2,5.0
9884685,PFTAIRE2,5.0
11626560,ERK1,5.0
11485656,TESK1,5.0
16038120,ABL2,6.42021640338319
9926054,PKN2,5.0
16722836,TRKC,5.0655015487564325
156422,EPHB4,5.0
11234052,EGFR(L861Q),5.275724130399211
11667893,PIM2,5.0
24180719,ERK3,5.0
3062316,LIMK2,7.0655015487564325
11717001,MUSK,5.0
11234052,LIMK2,5.0
11314340,IKK-alpha,5.0
9926054,MAPKAPK5,5.0
9884685,TAOK2,5.0
10138260,PRKD2,5.431798275933005
10138260,PCTK3,5.494850021680094
11984591,WEE1,6.050609993355088
11364421,PIK3CA(E545K),5.0
151194,AAK1,5.0
10184653,KIT,5.0
9915743,ADCK3,5.0
3081361,CAMK2A,5.0
156414,HCK,5.376750709602099
10461815,STK39,5.0
11617559,CAMK2G,5.0
3025986,FYN,5.0
9884685,EPHB4,5.0
16722836,FGFR4,5.698970004336019
11656518,PIK3CA,5.0
9926791,AKT1,5.0
24180719,AURKA,5.0
11617559,PLK1,5.0
11717001,PIK3CA(Q546K),5.0
176167,HCK,5.0
11656518,AKT3,5.0
11485656,AXL,6.468521082957745
176167,EPHB6,5.0
11717001,CDKL5,5.0
176155,MERTK,5.0
16722836,LIMK2,5.102372908709558
9926791,AURKA,5.0
208908,FER,5.0
16722836,TNNI3K,5.744727494896694
11656518,CSNK1A1,5.0
9809715,WEE1,5.537602002101044
11364421,FGFR3(G697C),5.0
11667893,DDR2,5.0
11717001,MARK3,5.0
5287969,FES,5.0
5287969,DYRK2,5.0
5287969,MAP4K3,5.346787486224656
16038120,WEE1,5.522878745280337
9884685,ADCK3,5.0
9926054,ULK1,5.0
11656518,ABL1(M351T),5.698970004336019
3081361,MKNK1,6.443697499232713
11485656,ERK2,5.0
11617559,PFPK5(Pfalciparum),5.0
11717001,SgK110,5.0
6450551,STK36,5.0
11717001,LTK,5.0
3081361,FGFR3(G697C),5.161150909262744
16038120,RSK4(KinDom.1-N-terminal),7.568636235841013
11617559,ERK5,5.0
156414,EPHB6,6.1938200260161125
9926054,EPHB2,5.0
16007391,PCTK3,5.0
4908365,STK35,5.494850021680094
5287969,AURKC,5.0
151194,MEK3,5.0
24889392,YANK2,5.0
11234052,MAP4K2,5.0
11984591,NEK7,7.958607314841775
11427553,RPS6KA5(KinDom.1-N-terminal),5.0
16038120,TESK1,5.0
3062316,EPHA2,9.070581074285707
24889392,TESK1,5.0
24180719,FLT3(N841I),5.4089353929735005
11427553,ABL1(Q252H),7.327902142064283
176167,FGFR3,5.0
156414,FGFR3,5.0
5287969,PFTAIRE2,6.481486060122113
16007391,IGF1R,5.0
11427553,PKN2,6.055517327849832
11667893,TBK1,5.0
11314340,MELK,6.229147988357856
3025986,CAMK2A,5.0
176167,RSK4(KinDom.1-N-terminal),7.602059991327962
156414,MAST1,5.0
4908365,MLK1,5.0
11364421,CDKL2,5.0
11314340,RPS6KA5(KinDom.2-C-terminal),5.552841968657781
3081361,MAP3K4,5.522878745280337
11984591,BMPR2,5.0
3081361,MELK,5.0
9926054,PIM2,5.0
11364421,FGR,5.0
9809715,NEK6,5.0
24180719,ABL1p,5.638272163982407
16007391,PIK3CA(Q546K),5.0
16722836,HCK,5.6777807052660805
11485656,EPHA5,5.823908740944319
3062316,EPHB6,10.4089353929735
208908,TYRO3,5.0
11626560,ABL1(E255K),6.769551078621726
10461815,RSK4(KinDom.1-N-terminal),5.167491087293763
208908,ADCK3,5.0
11617559,CAMK1G,5.0
16722836,CDC2L5,5.0
11314340,WEE1,5.0
9926054,MTOR,5.0
10138260,DAPK1,6.568636235841013
208908,TESK1,5.0
10113978,RET(V804L),5.229147988357856
6450551,ABL1(F317I),5.585026652029182
16722836,PIK3CA(E545K),5.0
11427553,TRKB,6.853871964321762
11485656,GRK1,5.0
16722836,CDKL5,5.136677139879544
16007391,MARK3,5.0
11314340,ROCK2,5.0
208908,YANK1,5.0
11364421,PRKCI,5.0
4908365,CDK9,5.0
151194,IGF1R,5.0
3062316,DYRK1A,5.0
42642645,TESK1,6.585026652029182
6918454,RPS6KA5(KinDom.1-N-terminal),5.0
6450551,MEK5,6.853871964321762
11626560,MELK,5.0
11485656,CIT,5.0
11314340,MEK3,5.920818753952375
11626560,CAMK2G,5.0
24889392,DCAMKL2,5.0
9933475,PIK3CA(Q546K),5.0
16725726,PIK3CA(C420R),5.0
11314340,RIPK1,5.0
11427553,ACVR2A,6.494850021680094
10138260,CDK9,5.0
24180719,ROCK1,5.0
9933475,PFTAIRE2,5.0
3081361,MLK2,5.0
3062316,PIK3C2B,5.0
11364421,MLK1,5.0
10461815,PRKD2,5.0
11427553,AKT1,5.0
6450551,PYK2,5.0
9809715,TRKC,7.494850021680094
11984591,RET,8.387216143280265
42642645,KIT(D816H),7.443697499232713
42642645,ABL1(F317I),7.397940008672037
11364421,LZK,5.0
6450551,PRKCH,5.0
11656518,TEC,5.0
11656518,NEK4,5.0
16007391,RSK3(KinDom.1-N-terminal),5.0
10113978,YANK1,5.0
156414,TBK1,5.0
6918454,FRK,5.0
9926791,ERK5,5.0
16722836,PRKD2,5.0
11626560,TYRO3,6.096910013008056
10113978,PIK3CA(E545K),5.0
11984591,ERK1,5.0
3025986,RSK4(KinDom.2-C-terminal),5.0
208908,BRAF,5.0
176155,ANKK1,5.0
10138260,TLK2,6.568636235841013
208908,FGFR1,5.0
11485656,DCAMKL2,5.0
9809715,MLK1,6.657577319177793
176155,PRKG2,5.0
10138260,TRKA,6.318758762624413
176167,CSNK1A1,5.0
11667893,JAK2(JH1domain-catalytic),5.0
5287969,SLK,5.0
208908,IKK-alpha,5.0
176167,MEK3,5.0
11626560,BRAF,5.0
208908,LTK,5.0
208908,CAMK1G,5.0
11364421,JNK3,5.958607314841775
16722836,LRRK2,6.060480747381382
9926054,VEGFR2,5.0
3025986,PRKCH,5.0
16722836,EGFR,5.468521082957745
9809715,AURKC,6.721246399047171
10461815,BMX,5.0
5287969,LIMK2,5.0
9809715,PHKG2,6.585026652029182
16038120,CDK11,5.0
5287969,CDK11,7.244125144327507
10138260,PIK4CB,5.0
11485656,PIM2,5.0
6450551,FAK,5.0
11364421,EGFR(L861Q),5.568636235841013
5287969,RPS6KA5(KinDom.1-N-terminal),5.0
9809715,BMX,5.0
156414,KIT,5.10790539730952
9933475,KIT(V559D),9.568636235841012
11626560,TLK2,5.0
10113978,BMX,5.0
3081361,PRKCQ,5.0
11427553,CSF1R,6.920818753952375
176155,ABL1(Q252H)p,5.0
208908,RSK3(KinDom.1-N-terminal),5.0
5287969,ERK2,5.0
3025986,PHKG2,6.337242168318426
24889392,GCN2(KinDom2S808G),5.0
156414,ANKK1,5.0
11667893,MYLK2,5.0
9884685,ERK1,5.0
11626560,ABL1p,6.958607314841775
10461815,BIKE,7.327902142064283
11626560,EPHB6,8.221848749616356
9884685,LIMK1,5.0
16722836,FGFR3,6.443697499232713
3062316,PDGFRB,9.200659450546418
6918454,PRKD2,5.0
11717001,CDK8,5.0
10138260,RPS6KA5(KinDom.1-N-terminal),6.823908740944319
11667893,DRAK2,5.0
6918454,PAK1,5.0
9884685,EPHB6,5.0
24180719,MLCK,5.0
208908,PLK1,5.0
11364421,PHKG2,5.795880017344075
176167,MTOR,5.0
176167,BTK,5.0
11667893,SRPK3,5.0
9809715,FYN,6.200659450546419
42642645,DYRK1A,5.0
11234052,MYO3A,5.0
11314340,CIT,7.886056647693163
3062316,STK33,5.0
10138260,IRAK3,5.721246399047171
11656518,MAPKAPK5,5.0
11667893,RAF1,6.055517327849832
24889392,FGFR3,5.0
16722836,PIK3CA(C420R),5.0
16722836,WEE1,6.4089353929735005
176167,FLT3(D835Y),7.397940008672037
10138260,PDGFRB,9.537602002101044
16725726,FLT3(D835Y),5.0
9915743,MERTK,6.3979400086720375
151194,MARK3,5.0
16038120,MET,6.769551078621726
3081361,EPHB1,6.537602002101044
11364421,MST4,5.0
11667893,MELK,5.0
6450551,YANK2,5.0
11485656,EGFR(G719S),5.0
16725726,DRAK2,5.0
9915743,AURKC,5.0
208908,PLK2,5.0
11626560,FGR,6.173925197299174
9915743,DYRK2,5.0
10461815,CLK4,5.0
3062316,MINK,6.366531544420414
11656518,ABL1(E255K),5.0
9926791,RIOK3,5.0
11984591,LCK,7.522878745280337
5287969,PRKD2,5.958607314841775
24889392,IGF1R,5.0
24889392,PIK3CD,5.0
16725726,PIM2,6.167491087293763
3025986,SRMS,5.0
24889392,KIT(D816V),6.823908740944319
3062316,PAK1,5.0
4908365,PRKCI,5.0
10184653,EGFR(G719C),10.0
176167,SRPK2,5.0
16007391,GCN2(KinDom2S808G),5.0
5287969,SNRK,5.0
9809715,FGFR3(G697C),6.853871964321762
24180719,KIT,6.744727494896694
9884685,GCN2(KinDom2S808G),5.0
11656518,FYN,5.6777807052660805
11234052,RET,6.4089353929735005
156414,CAMK2A,5.0
24180719,KIT(V559D),7.42021640338319
16007391,MAP4K5,6.795880017344075
9884685,PIK3CA(C420R),8.886056647693163
6918454,CAMK2G,5.0
16038120,EGFR(L747T751del),7.102372908709558
10184653,RIOK3,5.0
5287969,PIM1,6.251811972993799
10113978,FGFR4,5.552841968657781
6918454,YANK3,5.0
9884685,EPHA5,5.0
24889392,EPHA5,5.0
11984591,FGFR4,6.455931955649724
11364421,NEK1,5.0
10138260,SRPK2,6.698970004336019
3081361,MET(Y1235D),5.3872161432802645
9884685,SgK110,5.0
9933475,EGFR(E746A750del),6.356547323513813
4908365,FGFR1,5.455931955649724
11617559,TNIK,5.0
16722836,MAP3K2,6.236572006437063
10113978,ACVR2A,5.0
11364421,ACVRL1,5.0
9926054,TNNI3K,5.0
11984591,YANK2,5.0
9926054,PRKCH,5.0
151194,DCAMKL1,5.0
3062316,PIM2,5.0
11485656,TRKA,5.508638306165728
11656518,ROS1,5.0
156414,NEK1,5.0
9933475,SNRK,5.0
11984591,ROCK1,6.229147988357856
42642645,MUSK,7.886056647693163
3025986,CDKL3,5.853871964321762
4908365,TNNI3K,5.0
11234052,EPHB3,5.0
24889392,PIM2,5.0
9809715,HIPK3,6.070581074285707
10461815,ABL1(H396P)p,5.045757490560675
9933475,RSK4(KinDom.1-N-terminal),5.0
11427553,CSNK2A2,6.638272163982407
3025986,LZK,5.0
176155,MKNK1,5.0
176155,SNARK,5.0
24889392,IKK-alpha,5.0
9809715,DCAMKL2,5.0
16722836,MST4,5.1249387366083
176167,ERK2,5.0
156422,MELK,5.0
16722836,IGF1R,5.657577319177793
4908365,TBK1,6.327902142064283
9926054,CAMK4,5.0
3025986,DLK,5.0
10138260,CAMK2B,5.638272163982407
24889392,SgK110,5.0
11314340,EGFR(L747E749del),5.0
3062316,MKNK1,5.0
42642645,RPS6KA5(KinDom.2-C-terminal),5.0
11617559,RET(V804M),5.0
24889392,FES,5.0
9809715,NLK,5.0
10184653,MLK2,5.0
10138260,NEK9,5.0
42642645,MYLK,5.0
151194,DLK,5.0
156422,SLK,6.823908740944319
10184653,MLK3,5.0
156414,PFTAIRE2,5.0
156414,MERTK,5.0
5287969,PKNB(Mtuberculosis),5.0
4908365,ABL1(H396P)p,6.356547323513813
11485656,PLK1,5.0
3062316,BMX,8.853871964321762
11626560,MLK2,5.0
3081361,VEGFR2,6.086186147616283
10113978,EPHA2,5.0
11617559,ULK1,5.0
9926054,ERBB4,5.0
11667893,MLCK,5.0
11667893,FES,5.0
16722836,YANK3,5.0
11617559,NEK4,5.0
11626560,ULK2,5.795880017344075
9809715,MEK2,7.376750709602099
9884685,MEK2,5.0
16038120,PHKG2,7.886056647693163
4908365,MELK,5.958607314841775
11617559,MAK,5.0
11314340,MYLK2,5.0
16722836,MLK3,5.508638306165728
3062316,RIOK2,5.0
11656518,PFCDPK1(Pfalciparum),5.0
151194,RSK4(KinDom.1-N-terminal),5.0
11427553,DCAMKL2,5.0
10184653,PFCDPK1(Pfalciparum),5.0
11234052,DLK,5.0
11485656,YANK1,6.1938200260161125
16038120,EPHA2,6.050609993355088
24180719,PRKCH,5.0
11485656,AURKB,6.4089353929735005
6918454,DMPK,5.0
11984591,TNIK,5.886056647693163
11667893,ANKK1,5.0
16722836,TEC,5.0
3062316,KIT(V559D),9.167491087293763
9809715,PIM1,5.0
5287969,ERK4,5.0
10138260,PRKCQ,5.142667503568732
11314340,DCAMKL1,5.0
16038120,PRKCI,5.0
176167,NEK9,5.0
176155,ACVR2B,5.0
16038120,ASK1,5.0
24889392,GRK1,5.0
208908,WEE1,5.0
11626560,RAF1,5.0
11485656,EPHA6,6.481486060122113
11364421,FLT3,5.0
11234052,PFCDPK1(Pfalciparum),5.0
9926054,CDK4-cyclinD3,5.0
6918454,MST3,5.0
3025986,AURKA,5.130768280269024
16725726,JAK1(JH1domain-catalytic),5.0
11717001,MLK1,5.0
11717001,AMPK-alpha1,5.0
42642645,CAMK1G,5.0
4908365,AMPK-alpha1,6.698970004336019
24180719,JNK2,5.0
16007391,MUSK,5.823908740944319
16725726,LTK,5.0
11656518,SRPK2,5.0
16725726,EPHA6,5.0
9926791,TRKB,5.0
11656518,TNK2,5.0
11667893,ERK5,5.0
42642645,PIK3C2B,5.0
10461815,MARK4,5.0
11626560,MAPKAPK5,5.0
10184653,GRK1,5.0
24889392,MAPKAPK5,5.0
16725726,PCTK3,5.0
11364421,TRKA,5.0
16007391,NLK,5.0
10113978,LATS2,5.0
176167,ABL2,5.0
10138260,ERK3,5.0
10184653,FGR,5.0
9926054,SLK,5.0
11667893,TRKA,5.0
208908,STK36,5.0
156414,CSNK2A2,5.0
176167,ICK,6.167491087293763
156414,PYK2,5.0
42642645,GCN2(KinDom2S808G),5.0
11364421,DAPK2,6.031517051446065
6918454,RET(M918T),5.0
11667893,CAMK1D,5.0
6918454,PAK4,5.0
11314340,DCAMKL2,5.0
9926054,FES,5.0
11234052,CDK4-cyclinD3,5.0
11234052,EPHB4,5.0
11984591,PKN2,5.585026652029182
10461815,ABL1(Q252H),5.0
3025986,MERTK,5.0
10461815,PIK3CA(H1047L),5.0
10138260,TNNI3K,5.0
6450551,DMPK,5.0
9884685,PIK3CA(M1043I),8.522878745280337
3081361,MTOR,5.0
9933475,MERTK,5.585026652029182
10184653,TEC,5.0
16038120,ANKK1,5.026872146400302
176167,KIT,5.0
42642645,MEK1,7.920818753952375
10113978,PFTAIRE2,5.0
10113978,MEK3,5.0
3062316,NEK9,5.0
156422,PLK2,5.0
16038120,IGF1R,8.568636235841012
11617559,CAMK1,5.0
10138260,MEK4,5.853871964321762
6918454,CAMK2D,5.0
24180719,MST1R,5.0
11364421,JNK2,5.0
11984591,PFCDPK1(Pfalciparum),5.0
6450551,PLK1,5.0
208908,RIOK3,5.0
151194,PIM1,5.0
11656518,PKNB(Mtuberculosis),5.0
3081361,MYO3B,5.0
176155,PIK3CA(H1047L),5.0
11364421,RPS6KA5(KinDom.2-C-terminal),6.568636235841013
11485656,PCTK3,5.0
10461815,DCAMKL2,6.00436480540245
11717001,ABL1(E255K),5.0
11364421,JAK3(JH1domain-catalytic),5.0
9933475,DCAMKL1,5.0
16725726,PKNB(Mtuberculosis),8.494850021680094
208908,ABL1(F317I)p,5.0
16038120,FER,8.853871964321762
11234052,HCK,5.568636235841013
11314340,TBK1,5.0
11364421,DYRK1B,5.0
11717001,MET(Y1235D),5.0
3025986,MARK3,5.0
42642645,PIK3CA(Q546K),5.0
6918454,MEK3,5.0
156414,TIE2,5.0
6918454,VEGFR2,5.0
3025986,MST4,5.0
9884685,ROCK2,5.0
156422,MAST1,5.0
42642645,CAMK1,5.229147988357856
9926791,SRPK3,5.0
10461815,MYLK,5.102372908709558
11485656,EPHB6,7.481486060122113
5287969,CSNK2A2,5.0
16722836,PIK3CA(Q546K),5.0
16038120,DCAMKL1,8.309803919971486
3025986,STK35,5.0
4908365,FLT3,7.769551078621726
10461815,SgK110,5.0
151194,EGFR(L747T751del),5.0
11617559,TNK2,5.0
16722836,PYK2,6.657577319177793
16007391,ERK4,5.0
10138260,TIE2,5.0
11656518,BMPR2,5.0
11667893,PIM1,5.0
10138260,MLK2,5.0
151194,PRKX,5.0
10461815,MAP3K4,5.744727494896694
156422,CAMK2B,5.0
5287969,HIPK2,5.376750709602099
24180719,BTK,5.0
10113978,ABL1(Q252H)p,6.275724130399211
9884685,PIM1,5.0
16007391,ABL1(Q252H)p,5.167491087293763
16007391,ACVRL1,5.0
11314340,CDC2L5,5.508638306165728
16007391,RET,7.096910013008056
9915743,MEK2,7.585026652029182
10184653,JNK3,5.698970004336019
11667893,ERK2,5.0
24180719,TAOK2,5.0
11656518,ERBB4,5.0
24889392,RIPK1,6.050609993355088
10113978,p38-gamma,5.0
11234052,FRK,5.0
151194,CAMK2A,5.0
24180719,YANK2,5.0
11617559,EPHB6,5.0
9926054,RET(V804L),5.0
24180719,RET,5.0
4908365,PIK3CD,5.0
16725726,PKAC-alpha,7.721246399047171
3062316,MAK,5.0
5287969,ERK3,5.0
6450551,ABL1(M351T),7.443697499232713
9933475,STK35,8.267606240177031
3081361,PRKCI,5.0
10138260,PLK1,5.0
3062316,ULK2,5.0
6918454,FES,5.0
11485656,FGFR3,5.0
10461815,PFTAIRE2,6.292429823902063
42642645,ERBB4,6.214670164989233
9926054,LRRK2,5.0
10184653,CSNK2A2,5.0
10138260,TYRO3,5.619788758288394
9926791,CDKL3,5.0
42642645,AAK1,5.0
10461815,DYRK1A,5.0
9926054,RIPK1,5.0
9915743,AKT2,5.0
24889392,PDGFRA,7.958607314841775
11617559,ABL1(Q252H),5.0
3062316,CSNK1A1L,5.0
24889392,ERK4,5.0
24180719,ROCK2,5.0
156414,RSK4(KinDom.2-C-terminal),5.0
11234052,STK36,5.0
11656518,PKN2,5.0
9933475,FYN,5.920818753952375
24889392,KIT(V559D),8.301029995663981
9915743,IGF1R,5.0
3025986,YANK1,5.0
11626560,RPS6KA5(KinDom.2-C-terminal),5.0
11984591,HIPK1,6.086186147616283
11427553,NDR1,6.4089353929735005
42642645,RSK3(KinDom.1-N-terminal),5.292429823902063
11234052,RSK4(KinDom.1-N-terminal),5.0
16038120,CAMK1D,6.638272163982407
10184653,ULK1,5.0
156422,STK35,5.0
24180719,HIPK1,5.259637310505756
6918454,MYLK,5.0
4908365,BRSK2,5.0
11656518,ABL1(H396P)p,5.251811972993799
9933475,ERK2,5.0
3062316,IRAK3,5.0
9926054,WEE1,5.0
11667893,ABL1(Q252H),6.173925197299174
11485656,FGFR4,5.0
9884685,ROCK1,5.0
3081361,ERK3,5.823908740944319
11427553,NEK7,6.6777807052660805
176167,LIMK2,5.0
16007391,SRPK2,5.0
3025986,MLK2,5.0
11314340,TXK,5.0
11427553,RET,6.823908740944319
5287969,PYK2,5.508638306165728
11984591,LRRK2,7.443697499232713
156422,SgK110,5.0
176155,KIT(D816H),5.0
6450551,KIT,8.494850021680094
11667893,JNK2,5.0
208908,ULK2,5.0
151194,RIOK2,5.0
16722836,PIK3CA(H1047L),5.4089353929735005
11314340,EPHB4,5.0
10461815,CAMK2B,5.0
11234052,ABL1(E255K),6.236572006437063
16725726,YANK1,5.0
9926791,PAK1,5.0
11717001,TNK2,5.0
11234052,PIK3CD,5.0
11667893,MAP4K5,5.0
4908365,PRKCH,5.0
42642645,MTOR,5.0
176155,PRKX,5.0
9926054,PRKX,5.0
4908365,LATS2,5.6777807052660805
9915743,STK33,6.026872146400302
11656518,RET(V804L),6.494850021680094
24889392,HUNK,5.0
10138260,EPHB6,5.920818753952375
9884685,TXK,5.0
208908,CAMK1,5.0
6918454,DCAMKL2,5.0
4908365,KIT(D816V),7.744727494896694
176155,TAOK2,5.0
5287969,CDK9,8.193820026016112
11234052,MEK5,5.508638306165728
3081361,ABL1(Q252H),7.744727494896694
11617559,ABL1(F317I),5.0
42642645,RSK4(KinDom.1-N-terminal),5.0
11485656,PFTK1,5.0
151194,RET(V804L),5.0
11667893,MEK1,5.0
9884685,ERK2,5.0
11234052,TIE2,6.356547323513813
11717001,RIOK3,5.0
11656518,ERK2,5.0
11656518,PIM2,5.0
208908,GCN2(KinDom2S808G),5.0
24180719,PIK3CA(E545K),5.0
10184653,ERK5,5.0
11667893,CAMK2D,5.0
16722836,MLK1,5.494850021680094
42642645,ACVR2B,5.0
11234052,CHEK1,5.0
16722836,MELK,5.585026652029182
156422,HCK,5.0
156422,CDKL5,5.0
10113978,PRKG2,5.0
16722836,ULK1,6.568636235841013
156414,TESK1,5.494850021680094
9926054,RSK3(KinDom.1-N-terminal),5.0
11427553,CHEK1,6.1487416512809245
5287969,NLK,5.0
208908,TXK,5.0
11234052,WEE1,5.0
3025986,PRKX,5.0
16722836,EGFR(G719S),5.0
11427553,PRKCI,5.0
3025986,PIM1,5.0
11656518,MAP4K3,5.1249387366083
9884685,VEGFR2,5.0
11485656,DYRK1B,5.0
156414,PKN2,5.0
3081361,CDK9,5.0
176155,DDR2,5.301029995663981
11364421,RIOK3,5.356547323513813
11427553,AKT2,5.0
11717001,BTK,5.0
11984591,CDKL2,5.229147988357856
9884685,MLK3,5.0
16722836,ABL1(Q252H)p,7.267606240177032
9926054,MAP4K2,5.0
6918454,BTK,5.0
11485656,RIOK3,5.0
11485656,ACVRL1,5.0
6450551,PHKG2,5.0
10138260,CAMK2G,5.958607314841775
9926054,SgK110,5.0
9933475,SgK110,5.0
151194,ANKK1,5.0
11626560,AURKC,5.366531544420414
11427553,MERTK,6.1249387366083
9884685,CDK8,5.0
24180719,PKNB(Mtuberculosis),5.0
42642645,CAMK4,5.0
24180719,AXL,5.0
4908365,PFCDPK1(Pfalciparum),5.0
3081361,LRRK2,5.0
9926054,AKT1,5.0
10113978,EGFR(L747E749del),5.0
11717001,KIT(D816H),5.0
11617559,CDK9,5.0
9884685,EGFR,5.0
9915743,PFTAIRE2,5.0
3025986,CSNK1A1L,5.0
11984591,PRKD2,5.0
9915743,MET(Y1235D),5.376750709602099
24889392,RET,8.096910013008056
24889392,PIK3CA(H1047L),5.0
11717001,AURKA,5.0
10184653,DDR2,5.0
10461815,PIK3CA,5.0
11234052,LCK,5.958607314841775
10184653,STK33,5.0
9933475,PAK4,5.0
156414,AMPK-alpha1,5.0
6450551,MET,6.086186147616283
9884685,BMPR2,5.0
9884685,TRKC,5.0
9933475,EGFR(G719C),6.823908740944319
176155,FLT3,5.0
11427553,PHKG2,6.853871964321762
42642645,EGFR(L861Q),7.0655015487564325
