drug_id,prot_id,affinity
11364421,MEK6,5.0
10127622,BMX,5.0
10461815,PIP5K1C,5.0
176167,p38-beta,5.0
11485656,MET(Y1235D),5.585026652029182
11409972,p38-beta,6.366531544420414
9929127,YANK2,5.0
10138260,AURKA,5.0
25243800,CHEK2,5.537602002101044
123631,PKAC-alpha,5.0
176155,PIK3CA(C420R),5.0
176167,RSK1(KinDom.2-C-terminal),5.0
24889392,TAOK3,5.0
3062316,ERK3,5.0
10113978,SRMS,5.6020599913279625
42642645,PKAC-beta,5.0
3025986,PRKD3,6.1249387366083
11364421,SIK,5.0
3038522,MLK3,5.0
5328940,RSK1(KinDom.1-N-terminal),5.0
5328940,PLK4,5.0
10127622,HUNK,5.0
11314340,ACVR1B,5.0
123631,PYK2,5.0
5494449,PKAC-alpha,5.0
10427712,OSR1,5.6020599913279625
42642645,TXK,6.275724130399211
25243800,PCTK2,5.0
5328940,PKAC-beta,5.0
10461815,PIM1,5.0
16725726,PAK7,8.050609993355087
156414,ERK3,5.769551078621726
208908,MERTK,5.0
5328940,PDGFRB,6.698970004336019
208908,MYLK2,5.0
3025986,MARK1,5.0
151194,AURKA,5.0
42642645,BMPR1B,5.0
11364421,EPHA8,5.0
151194,GCN2(KinDom2S808G),5.0
208908,CSNK2A2,5.0
42642645,DRAK2,5.0
11314340,MLCK,6.3979400086720375
151194,PKNB(Mtuberculosis),5.0
11409972,WEE2,5.0
11485656,AURKC,7.1487416512809245
42642645,SRC,7.698970004336019
5328940,TXK,7.142667503568732
9933475,GSK3B,5.0
24889392,ZAK,5.0
11314340,NEK4,5.0
156414,PKAC-alpha,5.0
9915743,FLT3(D835Y),5.508638306165728
16722836,ITK,6.309803919971486
44150621,SBK1,5.823908740944319
3025986,ACVR1B,5.0
10127622,DCAMKL1,5.0
5494449,CSNK1E,5.0
11984591,SBK1,7.031517051446065
3025986,ACVR1,5.0
176870,NEK11,5.0
3038522,KIT(V559D-V654A),7.585026652029182
176155,ROCK1,5.0
644241,FES,5.0
176155,CAMK2B,5.0
176870,KIT(V559D-T670I),5.886056647693163
9929127,ABL1(H396P),5.0
208908,MARK4,5.0
10138260,ABL1(E255K),6.508638306165728
123631,PFCDPK1(Pfalciparum),5.0
10427712,LIMK2,5.0
3025986,MLCK,5.769551078621726
10127622,LIMK2,5.0
3025986,GRK4,5.0
17755052,PRKCQ,5.0
3025986,EGFR(L747T751del),5.0
44150621,PRKG2,5.0
44150621,TAOK3,5.0
5494449,LRRK2,5.0
9929127,CDK5,5.0
11984591,MRCKB,5.0
3038522,LATS1,5.0
5329102,PRKCQ,5.366531544420414
11338033,GSK3B,7.958607314841775
25243800,TXK,6.481486060122113
11338033,TNK2,5.0
123631,NEK11,5.0
5494449,TAOK3,7.091514981121351
11338033,PHKG1,5.0
11984591,GRK4,6.346787486224656
153999,LRRK2(G2019S),5.013228265733755
24180719,MYLK4,5.468521082957745
11338033,PKMYT1,5.0
11984591,ACVR2A,5.0
9933475,CDKL5,5.0
153999,CSNK1G3,5.0
10138260,TLK1,6.200659450546419
156414,PAK7,5.0
10127622,TEC,5.0
24180719,JNK3,5.0
42642645,RIOK2,5.0
123631,FAK,5.0
11984591,EPHA5,6.0655015487564325
10138260,CDC2L2,5.0
11338033,RIPK5,5.0
151194,ABL1(Y253F),5.0
42642645,JAK1(JH2domain-pseudokinase),5.0
176870,WEE2,5.0
11984591,MKK7,5.0
3025986,FLT4,5.0
151194,YES,5.0
644241,PAK7,5.0
10138260,RSK2(KinDom.1-N-terminal),5.6777807052660805
11485656,JNK2,6.619788758288394
10127622,TXK,5.0
10127622,CSNK2A1,5.0
25243800,RSK4(KinDom.2-C-terminal),5.136677139879544
153999,TRKC,5.0
9929127,TNIK,5.0
44150621,PIP5K1C,5.366531544420414
17755052,CDKL5,5.0
156414,PFTK1,5.0
24889392,NEK4,5.0
10138260,AMPK-alpha1,7.0
176155,ERN1,5.0
11338033,RIOK3,5.0
151194,ASK1,5.0
9933475,BLK,6.920818753952375
156414,RET,5.376750709602099
44150621,CSNK1A1,5.0
10427712,TEC,5.0
11338033,RET(M918T),5.0
176155,MST3,5.0
644241,CAMK2B,5.0
25243800,MLK3,5.0
10461815,AMPK-alpha2,6.113509274827519
11338033,MINK,5.0
151194,PIK3CA(E545K),5.0
11427553,AURKC,7.229147988357856
10461815,MUSK,5.0
16722836,RIPK4,5.008773924307505
44259,HIPK3,7.1249387366083
11427553,GRK4,7.1487416512809245
3038522,ASK1,5.0
176155,AMPK-alpha2,5.0
11314340,GAK,6.744727494896694
11427553,TYK2(JH2domain-pseudokinase),6.2839966563652006
44259,ERK5,5.795880017344075
176167,CDC2L2,5.0
24180719,SRC,5.327902142064283
9929127,ABL1(E255K),5.0
11338033,YES,5.0
216239,PLK4,5.346787486224656
16725726,MAP3K2,6.468521082957745
11409972,PCTK1,6.376750709602099
5287969,EPHB1,5.823908740944319
9933475,ZAK,5.0
24180719,TNK2,5.958607314841775
10113978,EPHA7,5.0
24889392,TXK,5.0
3038522,FGFR2,5.0
9929127,ASK1,5.0
9933475,GRK7,5.0
9933475,CDC2L2,5.0
9929127,DYRK1A,5.6777807052660805
10427712,PRKCH,5.0
153999,MLK3,5.0
153999,FGFR1,5.0
11485656,NEK3,5.0
9915743,BTK,6.795880017344075
16722836,CSNK1E,5.0
9933475,PIP5K1C,5.0
11984591,MARK1,6.568636235841013
24889392,WEE2,5.0
5494449,MST3,5.443697499232713
3038522,PHKG2,5.0
3025986,RSK2(KinDom.1-N-terminal),5.0
644241,SBK1,5.0
16725726,AURKC,5.0
123631,SRMS,5.0
11338033,STK33,5.0
42642645,PRKCE,5.0
216239,RIPK2,5.886056647693163
151194,CHEK2,5.0
10461815,DRAK2,5.455931955649724
176167,PAK2,5.0
5494449,EGFR(L747T751del),5.0
24180719,KIT(V559D-T670I),5.0
10427712,FLT4,5.0
9933475,DYRK1A,5.0
11485656,CAMK4,5.0
24180719,PRKCE,5.0
208908,KIT(V559D-V654A),5.0
10127622,MAP3K1,5.0
644241,SRMS,5.0
24180719,p38-beta,5.0
11314340,TESK1,5.0
176870,BTK,5.0
176167,PIK3CA(H1047L),5.0
16722836,SBK1,6.102372908709559
5328940,TLK2,5.6777807052660805
10138260,SGK3,6.6020599913279625
11409972,PKN1,5.0
11984591,CSNK1G1,5.0
9915743,EGFR(L747T751del),9.0
10113978,PCTK1,5.920818753952375
44150621,CDK9,5.0
176155,RET(V804L),5.0
5328940,LTK,5.522878745280337
24889392,p38-delta,5.0
3038522,SRMS,5.0
151194,LKB1,5.0
5328940,ACVRL1,5.0
5328940,SIK,7.522878745280337
24180719,PKN1,5.0
11338033,GSK3A,7.638272163982407
10113978,MLK3,6.130768280269024
3025986,ULK3,5.0
5287969,EGFR(L858RT790M),6.1249387366083
156414,PRKCE,5.0
156414,RPS6KA5(KinDom.2-C-terminal),5.0
10427712,PIP5K1C,6.508638306165728
16725726,STK33,5.0
44150621,RIOK3,6.161150909262744
5494449,TRKC,6.698970004336019
216239,PIK3CA(Q546K),5.0
16725726,TNNI3K,5.0
5328940,ABL1(T315I),7.67778070526608
11314340,NIM1,5.0
44259,MET(M1250T),6.886056647693163
16722836,PRKD3,5.017728766960432
216239,PKAC-beta,5.0
11409972,EGFR(L747T751del),6.275724130399211
123631,SRPK3,5.0
5287969,RET(M918T),5.0
216239,RSK1(KinDom.1-N-terminal),5.0
216239,p38-delta,5.180456064458132
123631,ACVR2A,5.0
3025986,PRKCE,5.0
10113978,PKMYT1,5.0
5287969,MAP3K1,5.0
11364421,FLT3(K663Q),5.0
9933475,CTK,5.0
123631,BMPR1B,5.0
10127622,RIPK2,5.0
10127622,PAK6,5.0
11427553,GAK,6.585026652029182
11338033,MARK3,5.0
153999,CASK,5.0
44150621,LKB1,5.431798275933005
11409972,EGFR(S752I759del),5.0
153999,GCN2(KinDom2S808G),5.0
17755052,CSNK2A1,5.0
9933475,LTK,5.366531544420414
176870,INSR,5.0
9915743,MLCK,5.0
17755052,SRPK3,5.0
644241,FAK,5.0
25243800,ERK5,5.0
11364421,LTK,5.920818753952375
16725726,CSNK2A2,5.0
176870,PRKG1,5.0
5329102,IGF1R,5.585026652029182
208908,PIK3CA,5.0
11409972,PRKD2,6.022276394711152
11338033,EGFR(L747T751del),5.0
16722836,PIP5K1C,5.0
10427712,LTK,5.0
5494449,RSK4(KinDom.2-C-terminal),5.0
9929127,HPK1,5.0
11364421,AMPK-alpha1,5.0
9929127,AMPK-alpha1,5.0
10127622,CDC2L2,5.0
11364421,CDC2L5,5.0
11364421,BMX,5.0
10113978,LKB1,5.0
10461815,MKK7,5.0
24889392,PIK3CA(Q546K),5.0
5494449,KIT(D816V),6.537602002101044
44259,CDC2L5,7.154901959985743
44259,GRK4,7.431798275933005
11409972,DMPK2,5.0
10127622,MST3,5.0
176155,RSK2(KinDom.1-N-terminal),5.0
24889392,PHKG2,5.0
10461815,MET(Y1235D),9.080921907623926
11427553,STK39,6.050609993355088
5494449,PFTK1,5.0
9933475,MAP4K2,6.267606240177032
156414,PKAC-beta,5.0
44259,MARK3,8.522878745280337
3025986,ADCK3,5.0
24889392,PAK7,5.0
208908,PIK3CA(H1047Y),5.0
10427712,PIK3CA(E542K),7.080921907623926
11364421,SRC,5.0
16722836,RSK2(KinDom.1-N-terminal),5.091514981121351
176155,DYRK1B,5.0
11364421,DYRK1A,5.0
9929127,DAPK2,5.0
123631,YANK2,5.0
11427553,CDC2L2,5.0
153999,BRSK2,5.0
176167,ERN1,5.0
11984591,DAPK2,7.207608310501746
156414,FLT3,5.568636235841013
5287969,TIE2,5.0
216239,FLT4,7.022276394711152
24180719,TGFBR2,6.050609993355088
5329102,PIK3CD,5.0
644241,EPHA5,5.721246399047171
9929127,CDC2L5,5.0
10461815,YES,5.853871964321762
216239,PIK3CD,5.0
123631,AURKB,5.0
151194,LIMK1,5.0
24180719,ICK,5.0
9929127,TNNI3K,5.0
151194,AURKC,5.0
216239,RET(M918T),8.130768280269024
11427553,PKNB(Mtuberculosis),6.619788758288394
44150621,CTK,5.0
10461815,PRKCE,5.0
10427712,p38-beta,5.0
17755052,LRRK2(G2019S),5.0
176155,MYO3A,5.0
10127622,LIMK1,5.0
123631,YANK3,5.0
5494449,MST1,6.698970004336019
9929127,DYRK1B,5.0
123631,MAP3K2,5.481486060122113
24180719,MLK1,5.0
11485656,CDK11,7.130768280269024
208908,AURKA,5.0
11485656,EGFR(L858R),5.0
153999,TNNI3K,5.0
176167,WEE2,5.0
11338033,CSNK2A1,5.0
10461815,NEK2,6.221848749616356
44150621,PIK3CA(M1043I),5.0
10427712,PRKCQ,5.0
11427553,RET(V804L),7.455931955649724
10127622,GSK3B,5.0
16725726,MRCKA,5.0
10113978,TGFBR2,5.522878745280337
44259,TNNI3K,6.0
11314340,PIK3CD,5.0
11338033,KIT(D816V),5.0
5287969,MAP4K2,7.050609993355088
11984591,CSNK2A2,7.853871964321762
3038522,MAP3K15,5.0
3062316,MLK1,5.0
44150621,PKMYT1,5.0
10138260,GRK7,6.327902142064283
176870,KIT(D816H),5.0
16725726,SRPK3,5.0
11314340,GRK7,5.721246399047171
3038522,LZK,5.0
16722836,PIK4CB,5.769551078621726
9933475,BRAF,5.0
10127622,ACVR2A,5.0
11485656,NEK5,5.0
10461815,EPHB3,5.0
3062316,ERK1,5.0
9929127,TXK,5.0
5494449,CAMK4,5.0
153999,MLK1,5.853871964321762
5287969,RIOK3,5.0
3038522,MAP3K4,5.0
10138260,PIK3CA(I800L),5.0
123631,PIP5K1C,5.0
10127622,EPHB1,5.0
24889392,CDC2L5,5.0
17755052,HPK1,5.0
10113978,ASK1,5.0
9929127,BRSK2,5.0
44150621,DYRK1A,5.0
9915743,DAPK1,5.0
44150621,NIM1,6.070581074285707
11314340,FGFR1,5.0
156414,MAP3K2,5.42021640338319
44259,RPS6KA5(KinDom.2-C-terminal),6.050609993355088
16725726,MAP4K2,5.0
25243800,KIT(D816H),5.455931955649724
176870,PLK3,5.0
10461815,YANK3,5.0
11364421,NEK9,5.0
11409972,LIMK2,5.744727494896694
11338033,RSK1(KinDom.1-N-terminal),5.0
25243800,TNIK,6.568636235841013
156414,FYN,5.275724130399211
156414,PAK1,5.0
10138260,FLT3(N841I),8.267606240177031
10427712,CDKL5,5.0
9933475,PAK2,5.0
11485656,FGFR1,5.0
10461815,PIK3CA(E545A),5.0
3025986,SNRK,5.0
11364421,PRKCH,5.0
176870,PIP5K2B,5.0
17755052,INSR,5.0
9929127,ERN1,5.0
10138260,HIPK2,7.036212172654444
9929127,ITK,5.0
16722836,RPS6KA5(KinDom.2-C-terminal),5.657577319177793
17755052,TLK2,5.0
11314340,TNNI3K,5.0
5494449,MARK1,5.309803919971486
208908,PRKCQ,5.0
44150621,RSK1(KinDom.1-N-terminal),6.346787486224656
11485656,PRKCH,5.0
9933475,PFTK1,5.0
10138260,AURKB,6.468521082957745
5329102,FLT3,9.387216143280265
9933475,SRMS,5.0
9933475,MYLK,5.0
3038522,PKMYT1,5.0
16722836,BRSK2,5.0
11338033,MST1,5.0
24889392,LATS1,5.0
11485656,SNARK,5.0
153999,RET(V804L),5.0
156414,AKT3,5.0
5329102,TBK1,6.920818753952375
9929127,TRKC,5.0
9929127,SRPK1,5.0
123631,HIPK1,5.0
5329102,PRKD2,6.42021640338319
3025986,BRSK2,5.251811972993799
11338033,KIT(V559D-V654A),5.0
11314340,ABL1(H396P),5.0
5287969,MLK3,5.0
11427553,PIK3CA(H1047L),5.0
644241,GRK4,5.0
176155,MARK4,5.0
176167,SNRK,5.0
208908,PAK6,5.0
17755052,FER,5.0
24180719,FLT3(D835Y),5.187086643357144
10427712,AKT3,5.0
44259,RIPK5,7.958607314841775
11364421,MARK4,5.0
5328940,LATS1,5.0
16722836,LKB1,6.508638306165728
123631,PRKD2,5.0
44150621,PIK4CB,5.0
42642645,IGF1R,6.366531544420414
10127622,ACVRL1,5.0
10127622,MAP3K2,5.0
11364421,PRKD3,6.455931955649724
11314340,ULK1,5.096910013008056
10127622,PRKCH,5.0
10461815,AURKA,5.0
11485656,GRK4,5.0
10127622,PIP5K1C,5.0
11984591,HIPK2,5.318758762624413
11364421,FYN,5.0
208908,PFCDPK1(Pfalciparum),5.0
11338033,CDKL5,8.585026652029182
151194,MYLK2,5.0
9915743,MAP3K2,6.346787486224656
5287969,FAK,5.0
123631,ICK,5.0
156414,MAP3K4,5.075720713938119
11485656,ERBB2,5.0
153999,CSK,5.0
216239,CSNK1G3,5.0
11338033,FGR,5.0
11314340,YANK3,5.0
176155,PIK3CA(E545K),5.0
9933475,AURKB,5.494850021680094
10127622,EGFR(L747S752del),5.275724130399211
151194,PRKCQ,5.0
11485656,MLK1,5.0
176167,BRAF,5.0
9933475,AURKC,5.6777807052660805
9933475,DRAK2,5.0
176155,MST1,5.0
44150621,RIPK2,5.0
208908,ULK1,5.0
176155,RIPK2,7.619788758288394
5329102,GSK3B,5.0
25243800,CTK,5.0
153999,RPS6KA5(KinDom.2-C-terminal),5.0
9933475,YES,6.585026652029182
9929127,FLT4,5.0
10461815,EPHA8,5.4089353929735005
9933475,RSK2(KinDom.1-N-terminal),5.0
123631,PIK4CB,5.0
10461815,CAMK1G,5.0
5328940,MEK6,5.886056647693163
10138260,PIK3CG,5.0
10427712,MLCK,5.0
11485656,KIT(V559D-V654A),7.67778070526608
5494449,PCTK2,5.251811972993799
11984591,TGFBR2,6.481486060122113
3038522,LRRK2,5.0
644241,LRRK2,5.0
216239,CAMK1G,5.0
10427712,GRK4,5.2076083105017466
11409972,PLK2,5.0
5328940,PYK2,6.4089353929735005
5329102,RSK1(KinDom.1-N-terminal),6.853871964321762
156414,ABL1(E255K),7.522878745280337
3025986,NEK5,5.0
208908,HPK1,5.0
11364421,PIK3CD,5.119186407719209
10113978,AURKC,6.1249387366083
208908,ABL1(F317I),5.0
11314340,LATS1,5.958607314841775
10138260,ADCK3,5.0
11314340,TGFBR2,5.0
644241,ABL1(Q252H),8.0
44150621,MET(Y1235D),5.0
216239,MRCKB,5.0
216239,AKT3,5.0
176155,MYLK2,5.0
11984591,CAMK4,5.0
16722836,PKNB(Mtuberculosis),7.0
10427712,CSNK1G3,5.060480747381382
11485656,PRKCQ,5.0
123631,KIT(A829P),5.744727494896694
176870,AKT3,5.0
156414,DYRK1A,5.823908740944319
44150621,MAP3K4,5.259637310505756
3025986,PYK2,5.0
3025986,RIPK4,5.0
10113978,NEK4,5.0
208908,AAK1,5.0
5287969,ULK3,5.0
9933475,PCTK2,5.0
3038522,PIK3CD,5.0
3038522,ABL1(E255K),5.0
5287969,MKK7,5.0
11984591,MLK3,7.958607314841775
24180719,CDK11,6.154901959985743
11338033,PKAC-beta,5.0
3062316,FLT3(D835Y),5.318758762624413
156414,CSNK1G1,5.0
44150621,ABL1(E255K),7.1249387366083
10461815,KIT(A829P),5.366531544420414
9929127,PIK3CA(Q546K),5.0
24180719,SNRK,5.0
10138260,IKK-alpha,6.173925197299174
10461815,DCAMKL1,5.853871964321762
10427712,MYO3A,5.0
5328940,PIK4CB,5.0
176167,MEK6,5.0
10461815,PDGFRB,5.721246399047171
11485656,PCTK1,5.552841968657781
16722836,MAP3K15,5.0
17755052,PAK1,5.0
11427553,SRMS,5.568636235841013
3025986,ABL1(H396P)p,5.0
16725726,GRK1,6.214670164989233
16725726,PIK3CA,5.0
176167,PRKG1,5.958607314841775
25243800,HUNK,5.0
11984591,PIK3CA,5.0
156414,PRKCH,5.0
216239,RSK1(KinDom.2-C-terminal),5.0
24889392,HIPK3,5.0
11984591,NEK9,7.795880017344075
644241,ERBB4,5.0
3038522,TGFBR2,5.0
44150621,ABL1(M351T),7.318758762624413
24180719,CTK,5.0
9915743,TLK1,5.0
11338033,CSNK1A1,5.0
3025986,NEK3,5.0
176155,PCTK2,5.0
11984591,ERK5,5.0
3062316,CDC2L2,5.0
156414,PCTK1,5.0
5287969,TYK2(JH1domain-catalytic),6.744727494896694
11427553,MET(Y1235D),6.2441251443275085
151194,ASK2,5.0
176167,LZK,5.0
3025986,YANK2,5.0
176167,PIK3CA(H1047Y),5.0
5328940,LIMK1,5.0
11984591,TRKC,6.2441251443275085
123631,CDK5,5.0
44259,DYRK1B,7.552841968657781
644241,PIK3CA(H1047L),5.0
16725726,PIK4CB,5.0
11314340,PRKX,7.013228265733755
11364421,FLT3(D835Y),5.522878745280337
176870,p38-beta,5.0
151194,KIT(V559D-V654A),6.6777807052660805
11984591,DCAMKL1,5.0
11338033,EPHA7,5.0
9933475,MYLK2,5.0
16725726,CSNK1G3,5.0
176870,CASK,5.0
176155,NEK11,5.0
9933475,BMX,5.0
17755052,BRAF,5.0
10427712,MLK3,5.0
5494449,ULK1,5.0
3062316,RET,6.136677139879544
123631,MEK6,5.0
24180719,DYRK1B,5.0
5494449,KIT(V559D-V654A),5.638272163982407
11409972,KIT(V559D-V654A),7.0
208908,ABL1(Q252H),5.0
5329102,CAMK4,6.050609993355088
11314340,GCN2(KinDom2S808G),5.0
176155,TNK2,5.0
11485656,PIK3CA(E545A),5.0
11314340,AURKC,5.075720713938119
5329102,ASK2,5.0
10427712,FYN,5.0
3062316,GSK3B,5.0
3062316,RIOK3,5.0
3062316,LTK,5.0
5494449,RSK2(KinDom.1-N-terminal),5.1938200260161125
11409972,RIOK2,6.259637310505756
123631,KIT(D816V),5.366531544420414
176870,CSNK1G3,5.0
9933475,PIK3CB,5.0
17755052,MAP3K2,5.0
11427553,ABL1(T315I),7.920818753952375
9915743,LRRK2,5.0
17755052,TRKB,5.0
5328940,TTK,5.0
24180719,WEE2,5.0
17755052,BMPR1B,5.0
216239,NIM1,5.0
123631,PRKG2,5.0
10127622,AURKA,5.0
151194,ACVR1,5.0
123631,WEE2,5.0
176167,DMPK2,5.0
11984591,PAK7,7.161150909262744
10113978,TAOK3,7.346787486224656
11984591,FLT3(K663Q),9.167491087293763
16725726,GCN2(KinDom2S808G),5.0
42642645,FLT3,9.045757490560677
5329102,NEK3,5.0
3025986,EGFR(E746A750del),5.0
11984591,IKK-alpha,6.920818753952375
10113978,MARK3,5.3979400086720375
44259,MAK,5.585026652029182
9915743,PIK3CA(E545A),5.0
5329102,PIM1,5.0
10113978,PFCDPK1(Pfalciparum),6.431798275933005
10113978,DCAMKL2,5.0
5329102,ACVR1,5.0
9915743,MLK3,5.236572006437063
123631,BRSK2,5.0
10127622,CSNK1E,5.0
644241,BMX,5.0
10113978,TYK2(JH2domain-pseudokinase),5.0
176167,MAP3K1,5.0
44259,PKMYT1,5.0
11427553,NEK11,5.0
9929127,MET(Y1235D),5.0
5494449,PLK3,5.0
10138260,GRK1,5.958607314841775
10113978,CSNK2A2,5.0
16725726,FLT3,5.0
153999,SRMS,5.0
5328940,ABL1(F317I),9.200659450546418
11338033,RSK1(KinDom.2-C-terminal),5.0
11364421,ABL1(Q252H),5.0
10461815,ABL1(F317I)p,5.0
11364421,MUSK,5.0
156414,PIK3CA(I800L),5.0
44259,GCN2(KinDom2S808G),7.795880017344075
16725726,LIMK1,5.0
11338033,TBK1,5.0
123631,SIK,5.0
17755052,PIP5K1C,5.0
10427712,MARK4,5.0
176155,PLK1,5.0
644241,PIK3CB,5.0
9915743,FES,6.229147988357856
5329102,ABL1(Y253F),6.853871964321762
176870,RSK4(KinDom.2-C-terminal),5.0
44150621,BMPR1B,5.0
3062316,TEC,7.886056647693163
11427553,LTK,6.036212172654444
176167,ULK3,5.0
176167,ACVR1B,5.0
123631,GSK3A,5.0
3025986,CSNK2A1,5.0
24889392,CAMK4,5.0
5494449,JNK3,5.552841968657781
11314340,PLK1,5.0
3038522,CDC2L2,5.0
3038522,CSNK2A2,5.0
16722836,ERBB2,5.0
11427553,WEE2,5.327902142064283
42642645,FES,6.958607314841775
644241,WEE2,5.0
42642645,SRMS,7.744727494896694
5494449,MRCKB,5.0
10427712,TGFBR2,5.0
10138260,GCN2(KinDom2S808G),6.327902142064283
11485656,ACVR1B,5.0
10138260,HIPK3,7.080921907623926
123631,JAK1(JH2domain-pseudokinase),5.0
9933475,PCTK1,5.0
10461815,KIT(V559D-T670I),5.0
5328940,WEE2,7.026872146400302
9915743,SRPK3,5.0
10138260,CSNK1G3,6.2441251443275085
42642645,EGFR(L858R),6.721246399047171
42642645,NEK4,5.0
11485656,HIPK2,5.0
216239,HIPK3,6.356547323513813
216239,PKMYT1,5.0
9933475,ERK1,5.0
44150621,MARK4,5.769551078621726
10461815,PKAC-beta,5.0
10113978,RIOK1,5.0
10427712,ROS1,5.0
11485656,PHKG2,5.0
24180719,PIM3,5.0
644241,PIP5K2C,5.055517327849832
42642645,EPHB1,7.920818753952375
10113978,YES,5.301029995663981
16725726,STK39,5.0
11409972,MINK,8.10790539730952
25243800,PAK7,6.2839966563652006
208908,SNRK,5.0
11427553,MST3,5.958607314841775
25243800,KIT(V559D-T670I),5.769551078621726
5494449,PAK7,5.481486060122113
11984591,PKAC-alpha,6.221848749616356
10127622,MYLK2,5.0
44150621,PFCDPK1(Pfalciparum),6.214670164989233
5494449,ITK,6.455931955649724
10113978,ACVR1B,5.0
153999,NEK3,5.0
24180719,HUNK,5.0
42642645,ERBB2,6.236572006437063
5328940,PHKG2,5.886056647693163
10127622,ULK3,5.0
153999,ROCK1,5.0
10461815,GAK,5.886056647693163
9929127,RET(V804M),5.0
216239,ULK1,5.0
3038522,ROCK1,5.0
10113978,BRAF(V600E),6.366531544420414
10113978,HPK1,6.1249387366083
644241,TNK2,5.0
11984591,PDGFRB,8.481486060122112
5287969,ADCK3,5.0
11427553,PIK3CA(H1047Y),5.0
44150621,PRKD3,5.0
25243800,FAK,5.0
3062316,IKK-alpha,5.0
3062316,RIPK1,5.0
9915743,PLK1,5.0
11338033,MARK4,5.0
9929127,KIT(V559D-T670I),5.0
44259,HIPK1,5.568636235841013
25243800,DLK,5.0
10127622,CAMK4,5.0
176870,SBK1,5.920818753952375
11427553,RIOK2,5.301029995663981
16725726,NEK4,5.0
24180719,PLK4,5.455931955649724
3025986,PAK6,5.0
11314340,NEK3,5.0
10127622,EGFR(E746A750del),5.2441251443275085
9915743,PRKCQ,5.0
42642645,ERK5,5.0
11485656,MET(M1250T),6.161150909262744
5329102,MRCKB,5.0
24889392,ITK,5.0
44259,BLK,7.823908740944319
11427553,MET(M1250T),6.6777807052660805
24889392,PRKD3,5.0
123631,PIK3CB,5.0
176155,CDK5,5.0
11485656,LKB1,5.0
11409972,YES,6.585026652029182
10138260,BRSK2,5.3872161432802645
11314340,YANK2,5.0
10113978,CSNK1G1,5.0
11984591,ABL1(E255K),6.657577319177793
11485656,FYN,5.0
24889392,ACVRL1,5.0
644241,HIPK3,5.0
11427553,CAMK1G,5.6777807052660805
17755052,PRKX,5.0
5494449,MEK6,5.585026652029182
11338033,CSNK1G3,5.0
176870,CDK5,5.0
10461815,RIOK1,6.327902142064283
44259,PYK2,8.455931955649724
44150621,MYO3A,5.0
24889392,ACVR2A,5.0
11314340,PCTK2,5.721246399047171
153999,CSNK1E,5.0
9915743,ACVR1B,5.0
11984591,TTK,5.958607314841775
42642645,EGFR(L858RT790M),5.744727494896694
216239,PRKCE,5.0
24180719,CSNK1G1,5.0
11485656,ACVR2A,5.0
151194,JNK3,5.0
123631,HPK1,5.0
5287969,PDGFRB,5.0
9929127,PAK1,5.0
5329102,MLCK,7.638272163982407
3062316,ASK1,5.0
11984591,PIK3CA(E542K),5.0
10113978,PRKX,5.0
10127622,FYN,5.0
10138260,SRPK3,6.920818753952375
5329102,SRMS,5.0
156414,TTK,5.0
208908,p38-delta,5.0
11409972,FLT3(D835Y),7.958607314841775
10427712,SRPK3,5.031517051446065
11338033,ACVR2B,5.0
42642645,LATS1,5.0
5287969,BRAF(V600E),5.0
216239,CSNK1G1,5.0
24889392,RSK4(KinDom.2-C-terminal),5.0
10127622,CSNK1A1,5.0
176870,PLK1,5.0
11364421,CDK8,5.0
10127622,TNK2,5.0
11984591,PIP5K1C,6.886056647693163
3038522,CDK5,5.0
44150621,AKT3,5.0
11364421,CAMK4,5.0
11338033,ITK,5.0
644241,GAK,5.0
25243800,WEE2,5.0
42642645,MARK4,5.0
10127622,CTK,5.0
5329102,ITK,7.886056647693163
3062316,PIP5K2B,5.0
11984591,KIT(V559D-T670I),7.958607314841775
3062316,PIK3CG,5.0
16725726,CSNK1E,5.0
3062316,PLK3,5.0
10461815,PYK2,6.040958607678906
3038522,MERTK,5.455931955649724
16722836,GRK4,6.769551078621726
151194,CTK,5.0
24180719,TYK2(JH1domain-catalytic),5.0
11427553,MYLK2,7.2839966563652
5287969,FYN,5.0
11364421,SNARK,5.0
176167,PDGFRB,5.481486060122113
10461815,TYK2(JH1domain-catalytic),5.0
16722836,TYK2(JH1domain-catalytic),7.67778070526608
3038522,RET,5.0
151194,GAK,5.0
176155,CHEK2,5.0
11364421,ABL1(T315I)p,5.0
11984591,ITK,6.3979400086720375
9915743,PFCDPK1(Pfalciparum),5.0
11338033,PYK2,5.0
123631,TXK,5.221848749616356
10138260,NEK3,5.0
5494449,ASK2,5.0
16722836,EGFR(S752I759del),5.0
11314340,ABL1(H396P)p,5.0
151194,NEK5,5.0
208908,TRKC,5.0
9933475,INSR,5.0
11485656,PLK3,5.070581074285707
11409972,SNARK,5.0
9933475,PIM3,5.0
5494449,PRKG2,5.0
10113978,MYLK4,5.0
9933475,CSNK1A1,5.0
11314340,MAP3K2,5.0
5328940,ERN1,5.0
176870,PHKG2,5.0
3025986,TNIK,5.0
24889392,MST1,5.0
176870,FER,5.0
123631,RET(V804M),5.0
5287969,GCN2(KinDom2S808G),5.0
11364421,ERBB4,5.0
9915743,ABL1(H396P),5.0
11409972,KIT(V559D-T670I),7.744727494896694
16725726,EGFR(L747T751del),5.0
10461815,RET,6.161150909262744
11427553,ADCK3,5.0
3062316,HPK1,6.008773924307505
10127622,ABL1(F317I)p,5.0
11485656,EGFR(S752I759del),5.0
11338033,MRCKB,5.0
176167,TNK2,5.0
10113978,EPHB1,5.0
644241,PIK3CA(M1043I),5.0
10113978,FLT3(N841I),5.795880017344075
9929127,MRCKB,5.0
9915743,CAMK1G,5.0
11364421,MAP3K15,5.0
16725726,TYK2(JH2domain-pseudokinase),5.0
11314340,FAK,5.0
10427712,STK39,5.0
9933475,EPHA7,6.2076083105017466
176167,PRKG2,6.769551078621726
42642645,GRK4,5.0
9933475,PIK3CA(H1047L),5.0
3038522,EPHB3,5.0
123631,SBK1,6.251811972993799
11984591,NIM1,6.180456064458132
3038522,FGFR1,5.0
24180719,FGFR2,5.508638306165728
16722836,RSK1(KinDom.1-N-terminal),5.920818753952375
11427553,INSR,6.3979400086720375
10138260,MARK3,5.958607314841775
5494449,EGFR(L747S752del),5.0
176167,RPS6KA5(KinDom.1-N-terminal),6.431798275933005
5494449,MET(M1250T),6.318758762624413
10127622,PRKD2,5.0
25243800,FES,5.0
5287969,NEK3,5.0
3025986,NEK11,5.0
9929127,MRCKA,5.0
3038522,PIK3CA(M1043I),5.0
644241,MYLK4,5.0
42642645,PIM3,5.0
10461815,PIM3,5.0
10138260,RET(V804L),7.744727494896694
153999,MET(Y1235D),5.0
5329102,NEK4,5.0
153999,CDC2L2,5.0
11427553,GCN2(KinDom2S808G),6.481486060122113
17755052,KIT(V559D-V654A),5.0
16722836,ROS1,6.221848749616356
44150621,SRC,5.744727494896694
9915743,RSK1(KinDom.1-N-terminal),5.130768280269024
156414,MARK4,5.0
11409972,KIT(D816H),7.173925197299174
151194,RSK1(KinDom.1-N-terminal),5.0
123631,TBK1,5.0
17755052,PYK2,5.0
17755052,ERK3,5.0
24889392,TNNI3K,5.0
42642645,CDK11,7.060480747381382
9933475,PRKG2,5.0
5328940,EGFR(L747T751del),7.522878745280337
25243800,CDK9,5.0
16725726,BLK,5.0
10461815,CSNK1E,6.0655015487564325
9933475,BMPR1B,5.0
16722836,FGR,7.086186147616283
5329102,ABL1(F317I)p,6.050609993355088
16725726,CSK,5.0
11427553,RET(V804M),7.455931955649724
25243800,FLT3,5.823908740944319
42642645,AKT3,5.0
44150621,CSNK1G1,5.0
16725726,MARK4,5.0
644241,NEK3,5.0
3025986,HIPK3,5.698970004336019
5494449,RSK1(KinDom.1-N-terminal),5.102372908709558
176167,PKNB(Mtuberculosis),5.0
208908,LRRK2,5.0
9915743,ERK3,5.0
5494449,RET(M918T),7.585026652029182
176167,HIPK2,6.142667503568732
3025986,PLK3,5.0
24889392,RIPK5,5.0
3062316,ACVR1B,6.481486060122113
9933475,AURKA,5.0
176167,MYLK,5.0
176870,OSR1,5.0
16725726,AURKA,5.0
24180719,CSNK1A1,5.0
3038522,PRKD2,5.0
24180719,ACVR2A,5.0
5494449,ABL1(E255K),8.522878745280337
176167,NEK3,5.0
11364421,MRCKB,5.0
123631,LIMK2,5.0
16725726,ACVR1B,5.0
176870,PIK3CA(E542K),5.0
216239,MUSK,6.886056647693163
176870,JNK2,5.698970004336019
11485656,SRPK1,5.0
11485656,TRKB,5.958607314841775
10427712,JNK2,5.0
176167,BLK,5.0
9933475,DAPK2,5.0
25243800,ERN1,5.0
11314340,PIK3CA,5.0
5494449,PRKX,5.0
10113978,ABL1(Y253F),6.318758762624413
11984591,TESK1,6.443697499232713
151194,PIM3,5.0
16722836,PLK1,6.552841968657781
10127622,MAK,5.0
10138260,EPHA8,5.0
11485656,CSNK2A2,5.0
42642645,MLK1,6.0
3062316,CSNK2A1,5.0
216239,PCTK2,5.795880017344075
11409972,BMX,5.2441251443275085
11984591,CSNK1E,5.0
11427553,DMPK2,5.6777807052660805
156414,PIP5K2C,5.0
5328940,FGFR2,5.0
10138260,LZK,6.267606240177032
11427553,HIPK3,6.236572006437063
9929127,PFTK1,5.0
10127622,KIT(V559D-T670I),5.0
10461815,CDK9,5.744727494896694
644241,SRPK1,5.0
16725726,YES,5.0
208908,GSK3A,5.0
9915743,MARK1,5.0
5287969,EPHB3,5.0
11338033,CTK,5.0
17755052,FLT3(K663Q),5.585026652029182
11485656,PAK7,5.0
11364421,LATS1,5.0
10461815,LTK,5.0
11364421,HIPK3,5.443697499232713
176870,NEK9,5.0
5329102,MEK6,5.2839966563652006
151194,IKK-alpha,5.0
10127622,OSR1,5.0
151194,CSK,5.0
9915743,AURKB,5.0
44150621,PIK3CA(E545A),5.0
151194,BMX,5.0
11409972,PIK3CA(E542K),5.0
5494449,CDK9,5.0
16722836,CAMK4,5.0
11314340,ADCK3,5.0
16725726,KIT,5.0
3038522,FAK,5.0
176167,RET(M918T),5.0
9933475,ACVR1B,5.823908740944319
9929127,MERTK,5.0
10461815,TAOK3,7.366531544420414
9933475,MRCKA,5.0
11427553,TESK1,5.0
176870,CSNK1A1,5.0
5287969,PIK3CA(M1043I),5.0
11409972,ROS1,5.769551078621726
24889392,KIT(D816H),6.494850021680094
208908,ICK,5.0
176870,TXK,5.42021640338319
25243800,MEK6,5.0
5287969,ROCK1,5.920818753952375
153999,GRK7,6.508638306165728
5328940,ROCK1,6.060480747381382
11427553,PAK2,5.568636235841013
5287969,SIK,5.0
42642645,LRRK2(G2019S),5.0
153999,PLK1,5.0
25243800,CDC2L2,5.0
11409972,ZAK,8.638272163982407
25243800,GAK,6.494850021680094
11338033,PDGFRB,5.0
44259,ZAK,5.0
151194,FLT3(K663Q),5.0
5328940,ZAK,7.096910013008056
16725726,p38-delta,5.0
208908,ROCK1,5.0
156414,MLK1,5.0
44259,PRKD3,7.744727494896694
17755052,HIPK2,6.2839966563652006
25243800,EPHA5,5.508638306165728
208908,PIK3CA(H1047L),5.0
5494449,RIOK1,6.443697499232713
3025986,RPS6KA5(KinDom.2-C-terminal),5.0
11338033,ABL1(F317I),5.0
208908,MAP3K15,5.0
5329102,DYRK1B,5.638272163982407
10138260,TNIK,7.045757490560675
5328940,NEK4,5.0
5328940,ABL1(Y253F),10.443697499232712
11364421,TTK,5.6020599913279625
151194,RIPK5,5.0
42642645,ZAK,7.346787486224656
176155,WEE2,5.0
11364421,PIM1,5.0
11984591,TRKB,6.045757490560675
153999,CSNK2A1,5.0
10113978,PIK3CA(E545A),5.0
3025986,MYLK4,5.619788758288394
9933475,MYO3A,5.0
3038522,PYK2,5.0
151194,CAMK4,5.0
42642645,NIM1,5.0
10113978,PIK3CA(I800L),5.0
16725726,DCAMKL1,5.619788758288394
216239,GSK3B,5.0
644241,MRCKB,6.040958607678906
25243800,TYK2(JH2domain-pseudokinase),5.468521082957745
176155,CDK9,5.0
11427553,BRAF(V600E),5.0
5328940,p38-delta,5.0
11485656,DMPK2,5.080921907623926
176155,CASK,5.0
11338033,DCAMKL1,5.0
10138260,ERBB4,5.0
16725726,RIPK5,5.0
5494449,DAPK2,5.0
10427712,ULK3,5.0
44150621,FLT3,9.193820026016112
644241,MYLK2,5.0
44259,ABL1(H396P)p,7.443697499232713
10127622,MET(Y1235D),5.0
5329102,MET(Y1235D),5.327902142064283
44150621,RPS6KA5(KinDom.2-C-terminal),5.0
156414,PIK3CA(E542K),5.0
9933475,FLT3(N841I),5.0
10427712,PIK3CA(I800L),6.853871964321762
9929127,MLK1,5.0
44259,MAP4K2,8.05551732784983
5329102,BTK,5.6777807052660805
5328940,FLT4,5.0
25243800,SRPK1,5.0
17755052,RIPK2,5.0
151194,KIT(V559D-T670I),5.0
16725726,ERN1,5.0
16725726,FAK,5.0
11364421,PDGFRB,5.0
151194,TNIK,5.0
10138260,MYO3A,5.853871964321762
10461815,PAK2,5.0
11485656,RSK2(KinDom.1-N-terminal),5.0
42642645,PRKD3,5.1249387366083
10427712,KIT(D816V),5.0
11364421,PKN1,5.0
11338033,INSR,5.0
16725726,RIOK2,5.0
44150621,SNARK,6.886056647693163
5494449,ROS1,6.214670164989233
176167,ERK5,5.0
11427553,BLK,5.455931955649724
3025986,DCAMKL2,6.0
9929127,MAP3K4,5.0
44150621,ABL1(F317I),5.0
11338033,SBK1,5.0
3038522,EPHB1,5.0
10461815,AKT3,5.0
10427712,MERTK,5.0
10113978,IGF1R,5.0
25243800,LKB1,5.0
11427553,EPHB3,5.0
151194,PLK3,5.0
10127622,NEK11,5.0
9915743,GCN2(KinDom2S808G),7.017728766960432
44259,ACVR1B,6.167491087293763
10113978,MST3,5.0
11338033,AURKB,5.0
17755052,ABL1(F317I)p,5.0
9933475,EGFR(L747S752del),6.0655015487564325
123631,DMPK2,5.0
176155,PIK3CA(E542K),5.0
10127622,PAK1,5.0
9915743,CASK,5.0
176155,CSNK1G3,5.0
10113978,DRAK2,5.0
44259,p38-delta,6.619788758288394
176167,MINK,5.455931955649724
25243800,BRAF(V600E),5.795880017344075
11409972,PFTK1,7.769551078621726
24889392,SNRK,5.0
10138260,RET(V804M),7.853871964321762
11314340,PIK3CA(M1043I),5.0
10127622,FES,5.0
3062316,FER,5.0
11314340,ROCK1,7.431798275933005
10461815,TRKC,6.031517051446065
3062316,PFTK1,5.0
11409972,MAK,6.0
11364421,RSK4(KinDom.2-C-terminal),5.886056647693163
24889392,CDK11,5.0
151194,ZAK,5.356547323513813
3038522,MYLK4,5.0
176870,TYK2(JH1domain-catalytic),5.0
5287969,KIT(A829P),5.055517327849832
9915743,WEE2,5.886056647693163
5287969,PKAC-alpha,5.0
10127622,PIP5K2B,5.0
10427712,GRK7,5.0
10113978,RPS6KA5(KinDom.2-C-terminal),5.0
9915743,RET(V804M),5.0
11984591,PAK1,6.585026652029182
44150621,YANK3,5.0
123631,ABL1(T315I)p,5.0
123631,PCTK2,5.0
11364421,DCAMKL1,5.229147988357856
44150621,FGR,6.721246399047171
644241,PHKG1,5.0
25243800,LTK,5.853871964321762
9915743,BLK,7.070581074285707
176167,CSNK2A1,5.0
42642645,CSNK1G3,5.0
216239,RET(V804M),7.657577319177794
176155,DLK,5.0
17755052,TLK1,5.0
5494449,HIPK3,5.0
44259,ERBB4,6.113509274827519
3038522,ZAK,5.0
9915743,ABL1(T315I)p,5.0
176167,PRKD2,5.0
208908,ABL1(H396P)p,5.0
11314340,PRKCH,8.022276394711152
9933475,GSK3A,5.0
3038522,PIK3CA(E542K),5.0
16725726,SRMS,5.0
16725726,LZK,5.0
24889392,NIM1,5.0
16725726,MARK1,5.0
10113978,ERK3,5.0
11984591,PHKG2,6.026872146400302
10113978,ACVRL1,5.0
176155,DCAMKL2,5.0
11338033,JNK2,5.0
10127622,AURKC,5.0
16725726,MYLK2,5.0
5328940,RET,5.318758762624413
11409972,DRAK2,5.0
176167,CDK5,5.0
11485656,RET,7.0
176167,SRPK3,5.0
11984591,MAK,5.0
10113978,EPHA8,5.0
3038522,CAMK2B,5.0
644241,JNK3,5.698970004336019
11485656,FLT3(D835Y),7.958607314841775
17755052,NEK11,5.0
5494449,GRK4,6.3979400086720375
153999,AURKC,5.0
17755052,PIK3CA(E542K),8.823908740944319
11427553,PAK6,5.886056647693163
3038522,SIK,5.0
5329102,PIK4CB,5.0
24889392,CDKL5,5.0
3062316,CAMK2B,5.0
11364421,PIK4CB,5.0
24180719,DMPK2,5.0
176155,MAP3K15,5.0
9915743,PIK3CA(H1047L),5.0
10461815,SRMS,5.0
644241,p38-delta,5.0
5287969,ABL1(F317I),5.0
123631,ABL1(F317I)p,5.327902142064283
3062316,ACVRL1,6.337242168318426
10113978,FER,5.568636235841013
11364421,PRKD2,6.292429823902063
10427712,PIK3CA(E545K),7.142667503568732
156414,TNIK,5.086186147616283
176155,MKK7,5.0
44150621,PIK3CA,5.0
42642645,FLT3(D835Y),8.698970004336019
5494449,CSNK1G3,5.0
156414,ABL1(T315I),6.161150909262744
10138260,MRCKB,5.0
9915743,PKMYT1,5.0
153999,EPHA7,5.0
5494449,SNRK,5.0
123631,FYN,5.0
25243800,NEK9,5.0
10113978,HUNK,5.0
176167,FLT3,6.481486060122113
644241,PCTK1,5.0
9915743,MARK4,5.0
153999,RET,5.0
176167,AMPK-alpha1,5.0
10138260,ERBB2,5.0
9915743,AAK1,5.0
176870,EGFR(S752I759del),8.795880017344075
44150621,ABL1(T315I)p,7.508638306165728
208908,ASK2,5.0
11338033,ABL1(F317I)p,5.0
25243800,MARK1,5.0
151194,TYK2(JH1domain-catalytic),5.0
42642645,ITK,7.161150909262744
24889392,ABL1(H396P)p,5.0
153999,LRRK2,5.0
10113978,TNK2,5.0
153999,KIT(V559D-T670I),5.008773924307505
11338033,AURKC,5.0
153999,EPHB3,5.0
5287969,HIPK3,5.366531544420414
5494449,DCAMKL2,5.0
16722836,JNK2,6.619788758288394
216239,FES,5.0
24889392,ERK5,5.0
5329102,MLK1,5.468521082957745
11314340,BRSK2,5.0
5328940,MYO3A,5.2076083105017466
123631,MKK7,5.0
9929127,MARK1,5.0
11485656,AURKA,5.795880017344075
11338033,SIK,5.0
17755052,GRK7,5.0
9933475,PFCDPK1(Pfalciparum),5.0
10427712,TYK2(JH1domain-catalytic),5.0
5287969,IGF1R,5.0
3062316,MAP3K1,5.0
42642645,AURKA,6.356547323513813
11364421,TNK2,5.0
10427712,STK33,5.0
5328940,IKK-alpha,5.0
153999,MAP4K2,6.537602002101044
151194,MRCKA,5.0
176155,TRKB,5.0
5328940,GRK7,5.769551078621726
44150621,TRKB,6.142667503568732
44259,PIP5K1C,5.568636235841013
10138260,GSK3A,5.0
9915743,RIOK1,5.0
208908,NEK2,5.0
11314340,RSK4(KinDom.2-C-terminal),5.0
3038522,HPK1,5.0
9929127,PLK4,5.0
11409972,AURKA,5.0
24889392,FER,5.0
3062316,HUNK,5.0
216239,MLK1,5.0
176167,EGFR(E746A750del),5.0
216239,TGFBR2,5.161150909262744
5494449,STK33,5.0
176155,HPK1,5.0
9929127,PRKG2,5.0
10138260,RIOK3,5.013228265733755
3062316,LKB1,5.0
5329102,CAMK1G,6.356547323513813
11364421,ABL1(M351T),5.0
3025986,PRKCQ,5.0
17755052,RIPK5,5.0
11427553,PAK1,5.6777807052660805
10138260,PIP5K2B,6.585026652029182
5328940,GCN2(KinDom2S808G),6.568636235841013
151194,OSR1,5.0
24889392,ABL1(T315I)p,5.0
151194,BLK,5.0
176870,KIT,5.769551078621726
16722836,DCAMKL1,6.721246399047171
5329102,PIK3CA(Q546K),5.0
9915743,RIOK2,5.0
5328940,SNARK,6.657577319177793
5287969,RIPK4,5.0
153999,CDK5,5.0
9933475,PRKX,5.0
11409972,PIK3CD,5.0
123631,EGFR(L858RT790M),6.853871964321762
176155,EPHA7,5.0
25243800,PRKCQ,5.0
10427712,PAK7,5.0
11409972,CDK11,8.823908740944319
3062316,CDK5,5.0
9915743,DYRK1A,5.0
11485656,TRKC,6.6777807052660805
10113978,ASK2,5.0
11314340,EGFR(S752I759del),5.0
10461815,PIK3CA(E542K),5.0
208908,MAP3K2,5.0
16725726,PLK2,5.0
10127622,BRSK2,5.0
123631,ACVR1B,5.0
11427553,GSK3A,5.0
216239,ACVRL1,5.0
11364421,PRKG2,5.0
216239,ACVR1,5.0
3062316,PFCDPK1(Pfalciparum),6.1938200260161125
11427553,RIPK2,5.431798275933005
24180719,MAP3K4,5.0
44259,SRPK3,7.136677139879544
11409972,PRKCH,5.0
10138260,PLK2,5.0
5329102,PDGFRB,10.1249387366083
11338033,MLK1,5.0
11364421,PIK3CA(C420R),5.0
11364421,GCN2(KinDom2S808G),5.0
216239,PIK3CA,5.0
11485656,BRAF,5.0
176870,SRPK3,5.080921907623926
10127622,ABL1(Y253F),5.0
176155,RIOK2,5.0
5328940,MAP3K4,6.958607314841775
24889392,PYK2,5.0
11338033,EGFR(S752I759del),5.0
11984591,PIP5K2B,5.920818753952375
11338033,ZAK,5.0
9929127,TAOK3,5.0
153999,HUNK,5.0
3025986,ERK3,6.301029995663981
11409972,ERK5,5.0
3038522,PIK3CA(H1047L),5.0
11364421,RSK1(KinDom.2-C-terminal),5.0
11338033,NEK5,5.0
10138260,HIPK1,6.013228265733755
5329102,ICK,6.327902142064283
10113978,PAK2,5.0
644241,CSNK1G3,5.0
17755052,RET(M918T),5.0
17755052,TRKC,5.0
11409972,DAPK1,5.0
5328940,SGK3,5.0
11485656,YES,5.0
5287969,DAPK1,5.0
644241,LATS1,5.0
42642645,MYO3A,5.552841968657781
5329102,GRK7,6.744727494896694
10138260,MET(Y1235D),5.0
44150621,PFTK1,5.0
10113978,JNK3,5.721246399047171
16722836,KIT(V559D-T670I),5.823908740944319
176155,PKN1,5.0
17755052,EGFR(L747S752del),5.0
16722836,TRKB,5.508638306165728
25243800,INSR,5.0
5329102,RPS6KA5(KinDom.1-N-terminal),7.552841968657781
153999,CDKL5,5.3872161432802645
24180719,MARK4,5.0
5328940,AMPK-alpha2,5.0
17755052,CAMK1G,5.167491087293763
176155,FLT3(N841I),5.0
208908,TIE2,5.0
644241,RIPK4,5.0
44259,RPS6KA5(KinDom.1-N-terminal),7.376750709602099
3062316,PLK1,5.0
11338033,TYK2(JH2domain-pseudokinase),5.0
11338033,PIM1,5.0
3025986,YES,5.0
44259,PHKG1,9.187086643357144
42642645,RET(M918T),9.173925197299171
11427553,KIT(D816H),6.619788758288394
24180719,GCN2(KinDom2S808G),5.886056647693163
11314340,FGR,5.0
16722836,RET(V804L),7.1487416512809245
3025986,CDK8,5.920818753952375
25243800,PIK3CA(E542K),6.721246399047171
123631,TRKB,5.0
3062316,KIT(V559D-V654A),8.568636235841012
11427553,CTK,5.522878745280337
9933475,TXK,5.0
10113978,FGFR1,6.00436480540245
208908,MAP3K1,5.0
10427712,PIK4CB,6.366531544420414
24889392,KIT(A829P),8.443697499232712
9915743,CAMK2B,5.0
3062316,TYK2(JH2domain-pseudokinase),6.958607314841775
25243800,LZK,5.0
3062316,GRK4,5.0
123631,ASK1,5.0
9915743,TBK1,5.0
11314340,SRMS,5.0
44150621,CAMK1G,5.0
24180719,ABL1(M351T),5.585026652029182
17755052,TAOK3,5.0
9933475,RPS6KA5(KinDom.1-N-terminal),5.0
16722836,FGFR2,6.327902142064283
10427712,MRCKB,5.0
44150621,PDPK1,5.0
153999,ADCK3,5.0
42642645,PLK3,5.0
5328940,TRKC,5.468521082957745
16725726,NEK5,5.0
5329102,CASK,5.0
24180719,YES,5.744727494896694
151194,CSNK1G3,5.0
3062316,MAP3K4,6.508638306165728
11314340,TNIK,6.853871964321762
9933475,PLK1,5.0
3062316,EGFR(L747S752del),6.494850021680094
5328940,DAPK1,5.0
11338033,PCTK1,8.958607314841775
17755052,FGR,5.0
5329102,ROS1,5.0
3025986,PKNB(Mtuberculosis),5.0
25243800,RIPK2,7.113509274827519
10461815,MAK,6.050609993355088
176167,CDK11,5.0
10427712,ABL1(H396P),5.275724130399211
9929127,HIPK2,5.0
5287969,NIM1,5.0
17755052,PIM1,5.0
11314340,FLT3(K663Q),6.301029995663981
11409972,MLCK,5.0
25243800,AMPK-alpha2,5.0
44150621,CDKL5,5.0
176167,MAP4K2,5.0
11485656,EPHA8,5.0
16722836,TLK2,5.698970004336019
9929127,PIM1,5.0
10127622,YES,5.0
10127622,PIK3CA(H1047Y),5.0
216239,TEC,5.0
10127622,LZK,5.0
176870,CDK11,5.0
10113978,STK33,5.0
5494449,MLK3,6.167491087293763
176167,TXK,5.0
208908,CHEK2,5.0
17755052,HIPK1,5.958607314841775
644241,AURKB,5.0
156414,CSNK1A1,5.0
3062316,FGR,9.30102999566398
3038522,GRK4,5.0
10138260,PRKCH,5.0
153999,TYK2(JH1domain-catalytic),5.0
9933475,TLK1,5.0
11314340,RET,5.0
44150621,SRPK1,6.376750709602099
11314340,PYK2,5.0
24889392,EGFR(E746A750del),5.0
5494449,INSR,6.200659450546419
11984591,STK39,5.0
176155,MYLK,5.0
11427553,PLK3,5.0
10427712,RIPK5,5.0
11427553,ROS1,5.0
5494449,CAMK2B,5.0
10427712,CAMK1G,5.0
176870,TNK2,5.0
10427712,HIPK2,5.0
10461815,PRKCQ,5.0
11409972,MYLK4,5.0
11984591,LKB1,5.468521082957745
9929127,FYN,5.0
216239,PIK4CB,5.0
11364421,NEK2,5.698970004336019
10427712,RIOK2,5.823908740944319
42642645,ERK1,5.0
11338033,MAP3K1,5.0
25243800,RIOK2,5.040958607678906
5287969,EGFR(E746A750del),5.920818753952375
3038522,ABL1(M351T),5.0
10127622,PCTK2,5.0
11984591,TLK2,6.42021640338319
42642645,PKAC-alpha,5.0
9915743,SRMS,5.0
11314340,ULK3,5.0
123631,CDK9,5.0
11409972,AMPK-alpha2,5.0
10427712,MAP3K2,5.0
5328940,PIK3CB,5.0
24180719,PIK3CA,5.0
151194,KIT(D816H),5.0
9933475,PHKG1,5.0
176870,PDGFRB,5.853871964321762
9933475,PIK3CA,5.0
25243800,YANK2,5.853871964321762
3038522,MARK3,5.0
5494449,ACVR2A,5.0
16722836,ABL1(F317I),5.6777807052660805
156414,PIK3CA(M1043I),5.0
11409972,GSK3A,5.070581074285707
10427712,MRCKA,5.0
11364421,GSK3B,5.0
11984591,ABL1(T315I)p,6.721246399047171
17755052,NEK3,5.0
9915743,RIPK4,5.0
5287969,LZK,5.0
153999,LATS1,5.585026652029182
10113978,MAP3K4,5.0
5329102,SNARK,6.823908740944319
16722836,WEE2,5.221848749616356
11314340,LZK,5.0
176155,EGFR(S752I759del),5.698970004336019
3062316,MST3,5.0
24889392,PIK4CB,5.0
5287969,FGFR1,5.0
11427553,KIT(V559D-T670I),7.920818753952375
44150621,ACVR1B,5.0
44259,NEK3,5.0
10127622,YANK2,5.0
3062316,MLK3,5.0
11364421,PCTK1,5.0
216239,TBK1,5.0
24889392,SBK1,5.0
5329102,TYK2(JH1domain-catalytic),5.795880017344075
123631,ERK1,5.0
11409972,ASK1,5.0
17755052,GSK3A,5.0
644241,EGFR(L747S752del),5.0
10113978,PLK2,5.0
176870,MYO3A,5.0
11364421,MYLK4,5.0
24180719,OSR1,5.4089353929735005
11314340,CSNK2A2,5.42021640338319
9933475,PIK3CA(E542K),5.0
17755052,PCTK2,5.0
176870,DYRK1A,5.0
10127622,RET(V804M),5.0
208908,ACVR2B,5.0
17755052,YANK3,5.0
10427712,NEK5,5.0
10138260,EGFR(L747T751del),5.0
10127622,SRMS,5.0
176155,FGFR1,5.0
42642645,PIK4CB,5.0
153999,RIPK1,5.0
153999,PKN1,6.455931955649724
216239,CAMK4,5.0
11364421,ABL1(H396P)p,5.585026652029182
11427553,RSK1(KinDom.2-C-terminal),5.0
153999,TTK,5.0
216239,BRSK2,5.0
3062316,MYLK4,5.0
11338033,TGFBR2,5.0
10127622,RSK1(KinDom.1-N-terminal),5.0
5328940,NEK9,5.0
10427712,AAK1,6.060480747381382
5494449,PFCDPK1(Pfalciparum),5.0
24180719,FAK,5.0
10461815,PCTK2,6.055517327849832
5287969,CDC2L2,5.0
151194,TYK2(JH2domain-pseudokinase),5.0
3025986,MAP3K1,5.0
5328940,EPHA7,5.0
3038522,CSNK1G1,5.0
10427712,PYK2,5.0
3062316,RPS6KA5(KinDom.1-N-terminal),5.0
11984591,MLCK,5.0
176155,PRKD3,5.0
10113978,ITK,5.0
644241,MAK,5.0
44259,PRKD2,7.142667503568732
11409972,PAK1,5.0
208908,GRK4,5.0
10113978,MRCKA,5.0
208908,DCAMKL2,5.0
16725726,PRKCQ,7.795880017344075
644241,FER,5.0
176167,FLT4,5.42021640338319
9915743,FLT3(N841I),5.1938200260161125
208908,CAMK2B,5.0
9929127,KIT(D816V),5.0
156414,MLK3,5.0
10127622,PFCDPK1(Pfalciparum),5.0
24889392,PRKG2,5.0
151194,ACVR2A,5.0
9933475,CAMK2B,5.0
44150621,AAK1,6.769551078621726
44259,RIPK1,5.0
16722836,BRAF,5.008773924307505
5329102,CDK9,5.0
5328940,PIK3CA(H1047Y),5.0
3062316,CAMK1G,5.0
11314340,GSK3A,5.4089353929735005
3062316,PIM3,5.0
11485656,TNIK,5.552841968657781
5287969,GSK3A,5.886056647693163
10127622,AURKB,5.0
644241,PAK6,5.0
10113978,CSNK1G2,5.0
3025986,ERN1,5.0
3025986,CSNK1A1,6.0
9915743,TTK,5.0
644241,FLT4,5.0
10461815,IGF1R,5.0
11409972,ASK2,5.096910013008056
11409972,ABL1(Q252H),9.031517051446064
176870,PAK6,5.0
5287969,PDPK1,5.0
24889392,TGFBR2,5.0
644241,ASK2,5.0
5328940,RET(V804L),5.0
5328940,MLCK,5.0
10138260,MAK,5.0
153999,ERK1,5.0
16725726,SGK3,5.721246399047171
176167,CAMK1G,5.0
11485656,JAK1(JH2domain-pseudokinase),5.0
11314340,CDKL5,6.698970004336019
10127622,PKNB(Mtuberculosis),5.0
156414,CDK8,5.0
5494449,WEE2,5.376750709602099
44150621,CAMK4,5.0
9929127,LATS1,5.0
5287969,SRMS,5.853871964321762
216239,CDC2L2,5.0
11338033,SRC,5.0
11338033,BMX,5.0
208908,LIMK2,5.0
9915743,AMPK-alpha1,5.0
5494449,ABL1(Q252H),8.42021640338319
11485656,ROCK1,5.0
10127622,TIE2,5.0
156414,ERK5,5.0
11364421,PFCDPK1(Pfalciparum),5.0
11485656,PIK3CA(E545K),5.0
216239,PIK3CA(M1043I),5.0
16722836,ULK3,6.537602002101044
9933475,CAMK1G,5.0
5494449,MINK,5.958607314841775
5287969,TNK2,5.0
44150621,p38-beta,5.0
11984591,KIT(V559D-V654A),6.3872161432802645
208908,PIP5K2C,5.0
3038522,LIMK2,5.0
24180719,RSK1(KinDom.2-C-terminal),5.0
11984591,MARK3,5.721246399047171
5287969,PIK3CA(C420R),5.0
176155,MYLK4,5.0
44259,PIM1,8.494850021680094
644241,RET(V804M),5.0
10138260,LKB1,6.443697499232713
44259,PRKG2,7.795880017344075
11338033,ERK1,5.0
9933475,TESK1,5.0
151194,JNK2,5.0
153999,ERN1,5.0
10127622,ACVR1B,5.0
11409972,NIM1,5.0
25243800,MRCKA,5.0
10427712,PKAC-beta,5.0
3038522,ERK1,5.0
24180719,AMPK-alpha1,5.0
208908,NEK4,5.0
176870,RIPK5,5.0
11364421,FER,5.0
5494449,PIK3CA(Q546K),5.0
11485656,EGFR(L858RT790M),5.0
151194,EGFR(E746A750del),5.0
216239,PRKCH,5.0
3025986,KIT,5.0
644241,SIK,5.0
25243800,ZAK,5.744727494896694
156414,ACVRL1,5.0
10113978,SGK3,5.0
644241,HUNK,5.0
5328940,RIPK1,5.0
9933475,ABL1(E255K),7.187086643357144
11364421,ADCK3,5.0
644241,KIT,7.537602002101044
9915743,MAK,5.0
44150621,LRRK2(G2019S),6.055517327849832
17755052,EPHB1,5.0
5287969,CSNK1G3,5.0
11409972,FLT3(N841I),8.638272163982407
24180719,MST3,5.0
11427553,AAK1,7.318758762624413
644241,TRKB,6.309803919971486
9929127,BMX,5.0
10113978,RIPK2,6.236572006437063
9933475,ASK1,5.0
5328940,PIK3CA(Q546K),5.0
176167,ACVR2A,5.0
176870,RIPK4,5.309803919971486
644241,EGFR(E746A750del),5.0
11364421,MAK,5.0
10113978,PKAC-beta,5.0
11338033,CSNK1G1,5.0
10427712,EPHA8,5.0
9915743,HUNK,5.0
9929127,PIK3CA(H1047L),5.0
9933475,KIT(A829P),7.008773924307505
11314340,CDK5,5.0
10461815,PLK3,5.0
17755052,CDC2L2,5.0
176870,CSNK1G1,5.0
176155,RIOK1,5.0
10138260,DCAMKL2,5.431798275933005
3038522,FLT3(D835Y),5.744727494896694
11984591,MYLK2,5.0
176155,DMPK2,6.3979400086720375
10127622,AMPK-alpha2,5.0
3038522,CSNK1E,5.0
24889392,GRK4,5.0
10127622,PIK3CA(M1043I),5.0
208908,MAP4K2,5.0
25243800,PIK3CD,7.508638306165728
24889392,AMPK-alpha1,5.0
10138260,FAK,5.920818753952375
156414,PIK3CA(C420R),5.0
11409972,FES,6.443697499232713
216239,FGR,5.10790539730952
24889392,PDGFRB,8.113509274827518
11314340,BRAF(V600E),5.0
208908,MRCKB,5.0
24889392,EGFR(L747T751del),5.0
42642645,CSNK1A1,5.0
16725726,DYRK1B,5.0
5494449,GAK,5.494850021680094
151194,PRKCE,5.0
10138260,PFCDPK1(Pfalciparum),5.0
24889392,RET(V804L),7.886056647693163
11984591,BMPR1B,6.142667503568732
11427553,PHKG1,6.6777807052660805
5329102,ACVR2B,5.0
11984591,ERN1,5.795880017344075
11409972,PRKG1,5.0
44259,STK33,8.744727494896694
156414,WEE2,5.0
216239,EGFR(S752I759del),5.0
3038522,FLT3(K663Q),8.823908740944319
176870,RSK1(KinDom.2-C-terminal),5.0
44259,MAP3K15,8.602059991327963
5328940,MAP3K2,7.522878745280337
3025986,TTK,5.0
3038522,RIPK1,5.0
3038522,SNARK,5.0
153999,MLCK,5.0
11338033,PLK2,5.0
11485656,BRAF(V600E),5.0
11338033,TLK2,5.0
42642645,PIK3CD,5.0
151194,PIK3CB,5.0
24180719,CSNK1G3,5.0
10138260,FLT3,9.267606240177033
42642645,ABL1(M351T),7.443697499232713
24180719,INSR,5.0
176870,p38-delta,5.0
123631,PIK3CA(M1043I),5.0
10461815,EPHA7,5.0
216239,RET(V804L),7.4089353929735005
9929127,RET(V804L),5.0
10138260,p38-beta,5.0
10113978,NEK11,5.0
24889392,JNK2,5.0
16725726,ROS1,5.0
9929127,PIK3CA,5.0
156414,DAPK1,5.0
24889392,PCTK2,5.0
5328940,TEC,5.494850021680094
11314340,EPHA5,5.0
176870,PAK7,5.0
3025986,CDKL5,8.769551078621726
3062316,BRAF,6.301029995663981
176155,CAMK4,5.0
9915743,NEK2,6.6020599913279625
156414,SBK1,5.0
24889392,CSNK2A2,5.0
11485656,SGK3,5.721246399047171
10127622,KIT(D816H),5.0
10138260,TNK2,5.309803919971486
11485656,MAP3K2,5.0
123631,RSK1(KinDom.2-C-terminal),5.0
11485656,MARK1,5.0
11427553,MUSK,6.698970004336019
151194,TLK1,5.0
151194,ERBB2,5.0
16725726,CSNK1G2,5.0
3025986,TAOK3,6.2076083105017466
11984591,AAK1,6.3872161432802645
10138260,PAK6,5.0
208908,ERK3,5.0
9929127,RSK4(KinDom.2-C-terminal),5.0
3038522,DLK,5.0
153999,TLK2,5.0
24889392,LIMK2,5.0
176167,STK39,5.0
11427553,EGFR(L747T751del),5.0
151194,PAK6,5.0
208908,PAK1,5.0
11427553,CDK9,5.0
5329102,ERK3,5.0
11427553,AMPK-alpha1,6.366531544420414
16722836,SRPK3,6.769551078621726
3025986,ABL1(F317I)p,5.0
5494449,TTK,5.091514981121351
3062316,GSK3A,5.0
3038522,ABL1(F317I),5.0
3038522,ACVR1B,5.0
5494449,LZK,6.744727494896694
11485656,NEK11,5.0
176870,CSNK2A1,5.0
11338033,LRRK2,5.0
16722836,CSNK1G1,5.0
644241,PDPK1,5.0
11364421,ERBB2,5.0
16722836,ABL1(F317I)p,6.251811972993799
44150621,CDC2L5,5.0
44259,KIT(V559D-V654A),7.42021640338319
9929127,CAMK4,5.0
9933475,CSNK1G2,5.0
17755052,ADCK3,5.0
44259,YANK2,7.008773924307505
25243800,PAK2,5.494850021680094
10461815,MARK3,5.0
11338033,WEE2,5.0
176167,LRRK2,5.0
11485656,EGFR(L747T751del),5.0
11984591,AURKC,7.387216143280264
25243800,EPHB1,5.721246399047171
10127622,PIP5K2C,5.0
25243800,NIM1,5.0
24180719,PLK3,5.0
5329102,PIP5K2C,5.0
11338033,PKN1,5.0
5494449,DMPK2,5.0
10127622,INSR,5.0
216239,LIMK2,5.017728766960432
17755052,STK33,5.0
44150621,HIPK1,5.376750709602099
44150621,KIT(D816V),5.853871964321762
11364421,AKT3,5.0
176870,GRK7,5.0
16725726,ROCK1,6.552841968657781
176167,EGFR(L858RT790M),5.0
16722836,YANK2,5.0
11364421,LRRK2(G2019S),5.0
11485656,DAPK1,5.0
9929127,ABL1(T315I),5.0
25243800,PAK1,5.0
25243800,ACVR1,8.397940008672037
9933475,MLCK,5.0
5329102,p38-beta,5.0
3038522,AURKB,5.769551078621726
10427712,PRKD3,6.045757490560675
9929127,INSR,5.0
42642645,TEC,6.508638306165728
11984591,GSK3B,6.920818753952375
44259,PCTK2,7.017728766960432
11409972,PIK4CB,5.0
10427712,BRSK2,5.920818753952375
9929127,PKAC-alpha,5.0
16725726,ASK2,5.0
208908,BMPR1B,5.0
11338033,GCN2(KinDom2S808G),5.0
11984591,DCAMKL2,5.0
9929127,RET(M918T),5.0
10461815,FLT3(N841I),6.327902142064283
3038522,PRKG2,5.0
25243800,MYLK,6.481486060122113
25243800,PFTK1,5.0
24180719,NEK4,5.0
11984591,p38-delta,6.161150909262744
9933475,IGF1R,5.0
44259,FGFR2,7.0
11338033,PIK4CB,5.0
644241,ACVR2B,5.0
11409972,FLT4,6.920818753952375
176155,ACVR2A,5.0
176167,PIK3CA(I800L),5.0
16725726,HPK1,5.0
208908,TYK2(JH2domain-pseudokinase),5.0
10113978,ULK1,5.0
176167,ULK1,5.0
10127622,ABL1(H396P)p,5.0
153999,BMX,5.0
10461815,TLK1,5.0
11427553,FER,5.958607314841775
176167,CSK,5.0
208908,FGR,5.0
24889392,MYLK,5.0
176167,HIPK3,5.0
24889392,FLT3(K663Q),8.657577319177793
5494449,PIK3CA(E545A),5.0
151194,RIPK4,5.0
10461815,PRKG1,5.0
5287969,PRKX,5.0
5328940,NIM1,5.823908740944319
176155,PLK2,5.0
208908,PIK3CG,5.0
176155,BMX,5.0
3038522,GSK3B,5.0
176870,TIE2,5.0
25243800,ITK,5.0
153999,ERK5,5.0
44259,DMPK2,7.431798275933005
5494449,ULK3,6.508638306165728
16722836,PAK1,5.508638306165728
17755052,ERK1,5.0
24180719,RET(V804M),5.0
10427712,CHEK2,5.0
9933475,ERK3,5.0
16725726,YANK3,5.0
9933475,GAK,5.769551078621726
5328940,ASK2,5.0
11984591,TXK,6.853871964321762
9915743,CDKL5,5.0
176870,AMPK-alpha1,5.0
3025986,TGFBR2,5.619788758288394
9929127,MKK7,5.0
44150621,PAK2,5.0
176870,SIK,5.0
10461815,MERTK,5.886056647693163
5287969,RIPK5,5.376750709602099
25243800,STK33,5.346787486224656
10138260,PHKG2,7.0
644241,MET(Y1235D),5.0
3025986,MRCKA,5.0
3038522,PFCDPK1(Pfalciparum),5.0
10427712,PRKG2,5.0
44259,RSK1(KinDom.1-N-terminal),7.366531544420414
5287969,PIK3CA,5.0
10113978,JAK1(JH2domain-pseudokinase),5.0
42642645,SRPK1,5.0
5329102,MAK,5.0
9915743,NIM1,5.0
9915743,ERBB2,8.221848749616356
24889392,DMPK2,5.0
44259,DAPK1,8.853871964321762
176870,PIP5K1C,5.0
10461815,HIPK3,7.200659450546419
17755052,EPHA5,5.0
9915743,KIT(D816H),5.0
151194,PFTK1,5.0
24889392,NEK3,5.0
176155,MAK,5.0
16725726,GRK4,5.0
11427553,CASK,5.0
5494449,MRCKA,5.0
11485656,EPHA7,6.958607314841775
10113978,ABL1(H396P)p,6.154901959985743
3025986,CHEK2,5.0
176155,ZAK,5.356547323513813
9933475,TGFBR2,5.0
3025986,PHKG1,5.42021640338319
11984591,FER,6.886056647693163
10113978,TTK,6.823908740944319
10138260,ULK3,7.376750709602099
156414,AMPK-alpha2,5.0
176167,RSK1(KinDom.1-N-terminal),5.795880017344075
11409972,EGFR(L858R),5.585026652029182
10461815,GSK3A,5.0
176870,MLK1,5.0
3025986,AAK1,5.0
156414,BMPR1B,5.585026652029182
11427553,BTK,6.0
17755052,GCN2(KinDom2S808G),5.0
5329102,HUNK,6.301029995663981
644241,DAPK2,5.0
11409972,PAK2,5.0
208908,RIPK2,5.443697499232713
11338033,ERK5,7.376750709602099
5329102,RET,7.886056647693163
156414,KIT(D816V),5.4089353929735005
24180719,PDPK1,5.0
11314340,MAK,5.0
156414,CAMK4,5.0
216239,CDC2L5,5.0
42642645,DCAMKL2,5.0
11364421,MAP4K2,5.0
3025986,MRCKB,5.0
10427712,MUSK,5.0
11314340,PIM1,6.744727494896694
11485656,TAOK3,6.585026652029182
44150621,YANK2,5.0
25243800,PRKG1,5.0
24889392,PIK3CA(H1047Y),5.0
153999,KIT(D816H),5.823908740944319
24889392,RIPK4,5.0
11314340,KIT(D816H),5.366531544420414
25243800,LRRK2(G2019S),5.769551078621726
44259,FER,7.619788758288394
42642645,ABL1(Y253F),7.431798275933005
17755052,PFTK1,5.0
11427553,PAK7,6.4089353929735005
176870,ASK1,5.0
10127622,LTK,5.0
16722836,TXK,5.823908740944319
11485656,ABL1(F317I),5.0
10113978,PIP5K2B,5.0
5329102,ABL1(Q252H),6.619788758288394
9929127,MET(M1250T),5.0
208908,CSNK1G1,5.0
10113978,EGFR(S752I759del),5.0
216239,CAMK2B,5.0
16725726,NEK3,5.0
5328940,LIMK2,5.0
3062316,PIP5K1C,5.0
16725726,ACVR2A,5.0
11427553,ASK2,5.0
176870,RIPK2,6.167491087293763
216239,HPK1,5.318758762624413
176167,GSK3A,5.0
5287969,MRCKA,5.022276394711152
11485656,MAP3K4,5.0
5494449,CSNK1G2,5.0
11984591,FLT3(N841I),8.823908740944319
151194,PIK3CA(E542K),5.0
176870,PIK3CA(H1047Y),5.0
10138260,LIMK2,5.0
11364421,NEK11,5.0
11338033,ERK3,5.0
10138260,PIK3CA(H1047Y),5.0
9933475,PIM1,5.0
44150621,FGFR2,6.3872161432802645
16722836,MUSK,6.096910013008056
151194,PRKG1,5.0
151194,PIK3CA(C420R),5.0
9915743,TNNI3K,5.0
11314340,LTK,5.0
176167,RIPK2,5.0
11409972,ABL1(F317I),8.721246399047171
10113978,EPHA5,5.0
24180719,PIP5K1C,5.0
24180719,PIK3CB,5.0
123631,OSR1,5.0
176167,GRK4,5.0
208908,PIM1,5.0
42642645,TNK2,6.698970004336019
42642645,MYLK4,5.0
44259,FLT3(D835Y),8.602059991327963
5287969,MLCK,5.0
17755052,ABL1(H396P)p,5.0
5494449,NEK3,5.0
216239,LATS1,5.0
42642645,BLK,8.267606240177031
10427712,CSNK1G2,5.619788758288394
44150621,PRKCE,5.0
216239,PIK3CA(E542K),5.0
9933475,AMPK-alpha1,5.0
123631,SRC,5.42021640338319
9915743,SBK1,5.0
16725726,PIK3CA(E545A),5.0
42642645,KIT(A829P),8.494850021680094
44150621,EGFR(L858RT790M),6.026872146400302
208908,ACVR1,5.0
42642645,SRPK3,5.0
3038522,PIK3CA(E545A),5.0
151194,p38-delta,5.0
42642645,MST1,5.958607314841775
216239,INSR,5.0
123631,CDK8,5.0
44150621,RET(V804L),7.568636235841013
153999,AKT3,5.853871964321762
5329102,PFTK1,6.568636235841013
25243800,BRAF,6.055517327849832
11427553,PIK4CB,5.0
9933475,MAP3K2,5.0
151194,DAPK2,5.0
11338033,PIK3CA(I800L),5.0
176870,KIT(D816V),5.795880017344075
10427712,PIK3CA(H1047L),6.522878745280337
3025986,PRKD2,5.4089353929735005
151194,ULK1,5.0
644241,EGFR(L858R),5.0
156414,EGFR(L858R),9.619788758288394
176155,ULK3,5.0
3062316,CSNK1G1,5.0
216239,PFCDPK1(Pfalciparum),6.657577319177793
11364421,TRKB,5.0
151194,LIMK2,5.0
5328940,KIT(D816V),7.136677139879544
11364421,CDK9,5.0
644241,RIOK3,5.0
24889392,PIK3CB,5.0
10127622,PKN1,5.0
10127622,GCN2(KinDom2S808G),5.0
216239,FYN,5.075720713938119
16725726,EPHB3,5.0
10461815,RET(V804L),6.337242168318426
176167,RET(V804M),5.0
17755052,MAP4K2,5.0
10113978,PIK3CA(E542K),5.0
10127622,CDC2L5,5.0
5287969,PLK1,5.0
5328940,DRAK2,5.0
9915743,ABL1(E255K),5.0
3025986,HIPK2,5.823908740944319
11338033,FAK,5.0
17755052,PHKG1,5.0
9915743,TYK2(JH2domain-pseudokinase),5.0
176155,CDC2L5,5.0
11314340,AMPK-alpha2,5.0
156414,PLK3,5.0
11338033,CAMK1G,5.0
9929127,LRRK2,5.0
17755052,CDC2L5,5.0
156414,AURKC,5.552841968657781
24889392,MYLK4,5.0
153999,DYRK1A,6.6020599913279625
3025986,p38-delta,5.0
25243800,RET(M918T),8.397940008672037
42642645,MAK,5.744727494896694
10113978,FLT4,7.568636235841013
208908,YES,5.0
11314340,INSR,5.0
24180719,ABL1(Q252H),6.698970004336019
5328940,CSNK1A1,6.552841968657781
44150621,TYK2(JH1domain-catalytic),6.823908740944319
11314340,FES,5.0
3025986,RET(V804L),5.0
5328940,PIP5K2B,5.0
10461815,PLK4,6.3872161432802645
9929127,EPHA8,5.0
644241,DAPK1,5.0
3062316,ABL1(Q252H),10.431798275933003
3025986,AMPK-alpha1,5.086186147616283
11338033,RET,5.0
10138260,PDPK1,5.585026652029182
3062316,MET(Y1235D),5.0
5329102,GAK,7.698970004336019
11409972,MKK7,7.568636235841013
11485656,RET(V804M),7.267606240177032
25243800,PRKCH,6.091514981121351
208908,PLK4,5.0
11485656,MUSK,8.0
5287969,ERN1,5.0
11364421,PAK1,5.0
123631,EPHB3,5.0
44259,GSK3A,6.853871964321762
11364421,EPHA7,5.0
176870,FLT3(N841I),6.301029995663981
44150621,EGFR(L747T751del),5.0
9933475,MUSK,5.0
10427712,ERK5,5.0
3025986,MARK4,5.0
123631,ULK1,5.0
25243800,ABL1(Y253F),6.455931955649724
24889392,ROCK1,5.0
216239,TLK2,5.0
24889392,LZK,5.0
11984591,EGFR(L747T751del),6.468521082957745
44150621,AURKC,5.958607314841775
123631,PHKG2,5.568636235841013
10127622,SNRK,5.0
24889392,TTK,5.0
10138260,PIM1,5.0
5329102,DAPK1,6.920818753952375
11427553,MARK4,6.6777807052660805
5287969,PLK2,5.0
24889392,STK33,5.0
5328940,KIT(V559D-V654A),6.886056647693163
3025986,PIM3,5.0
5329102,MARK3,6.3872161432802645
156414,MAP3K1,5.0
11338033,AKT3,5.0
153999,EPHB1,5.0
216239,CSNK1A1,5.0
24889392,BLK,5.0
44259,MARK1,8.397940008672037
9933475,EPHB3,5.0
10427712,PKN1,5.0
44150621,MST3,6.366531544420414
11427553,FLT3(K663Q),8.18045606445813
156414,p38-beta,5.0
3038522,NEK3,5.0
3025986,PRKG1,5.0
11338033,MST3,5.0
16725726,FGFR2,5.0
10427712,ERBB2,6.356547323513813
11314340,RPS6KA5(KinDom.1-N-terminal),5.0
151194,FGFR2,5.0
123631,HUNK,5.0
216239,PDPK1,5.0
176167,AKT3,6.0
17755052,GSK3B,5.0
25243800,TIE2,5.657577319177793
9929127,CSNK2A1,5.0
3025986,TYK2(JH1domain-catalytic),5.0
3062316,DRAK2,5.0
44259,MEK6,8.468521082957745
176870,EGFR(L858R),9.013228265733757
208908,PIK3CA(E542K),5.0
176870,PKMYT1,5.0
16722836,BLK,6.187086643357144
3062316,DMPK2,5.920818753952375
156414,ACVR1B,5.0
11427553,BRSK2,5.920818753952375
3062316,PIP5K2C,5.0
44150621,BMX,5.0
9933475,PKNB(Mtuberculosis),5.0
17755052,ASK2,5.0
44150621,CDC2L2,5.0
5287969,EGFR(S752I759del),5.853871964321762
11485656,ABL1(M351T),5.0
9929127,TYK2(JH1domain-catalytic),5.0
11409972,ACVR1,5.0
5328940,PRKCQ,6.040958607678906
17755052,FLT3(N841I),5.4089353929735005
44259,LKB1,7.214670164989233
123631,ASK2,5.0
24889392,HPK1,5.0
3062316,INSR,5.0
10127622,FGFR2,5.0
24180719,ERN1,5.0
176167,MARK4,5.0
24180719,BMX,5.0
3038522,PLK2,5.0
10461815,LATS1,5.0
16725726,PHKG2,5.0
24180719,CAMK1G,5.0
3038522,PRKX,5.0
24180719,PIK3CA(E545A),5.0
5329102,AMPK-alpha1,7.721246399047171
10427712,HIPK1,5.0
17755052,PRKD2,5.0
176167,ROCK1,5.0
216239,OSR1,5.0
208908,TNIK,5.0
3038522,DAPK1,5.0
10427712,GAK,5.853871964321762
11338033,TTK,5.0
153999,MYLK4,5.0
5329102,FLT3(K663Q),9.657577319177792
176167,NEK4,5.0
644241,CDK5,5.0
11984591,DYRK1A,6.585026652029182
5287969,PIK3CD,5.0
24889392,EPHB1,5.0
42642645,MAP3K1,5.0
10127622,CAMK1G,5.0
10461815,TLK2,5.0
16722836,LIMK1,6.026872146400302
123631,ERN1,5.0
24180719,ACVRL1,5.0
176167,LATS1,5.0
44150621,PKAC-beta,5.0
44259,ROCK1,9.55284196865778
9929127,SIK,5.0
17755052,PKMYT1,5.0
42642645,MARK3,5.0
5287969,RSK2(KinDom.1-N-terminal),6.0
25243800,PAK6,5.958607314841775
11338033,IGF1R,5.0
151194,TESK1,5.0
10113978,MERTK,5.481486060122113
5287969,NEK11,5.0
11314340,CDK11,5.886056647693163
5494449,HIPK2,5.0
644241,MARK3,5.0
16725726,SBK1,5.0
9915743,MYO3A,5.0
216239,ERBB4,5.0
10427712,ABL1(H396P)p,5.42021640338319
10113978,TLK2,5.0
11984591,CSNK2A1,7.1938200260161125
10127622,RET,5.0
44259,MYO3A,6.301029995663981
176155,RIPK1,5.0
151194,CAMK2B,5.0
3038522,TNIK,5.0
9915743,MAP3K15,5.0
9915743,NEK5,5.0
176155,ABL1(H396P)p,5.4089353929735005
11364421,CHEK2,5.113509274827518
5494449,GRK1,5.0
216239,PAK2,5.0
16722836,PKMYT1,5.0
176167,ACVR2B,5.0
11364421,PLK1,9.721246399047171
5287969,CSNK1E,5.0
123631,PLK1,5.0
11427553,SGK3,7.017728766960432
11427553,MRCKA,5.0
3038522,ULK3,5.0
176870,ADCK3,5.721246399047171
156414,PIK3CA,5.0
216239,MINK,5.0
156414,RIPK2,6.522878745280337
176155,GSK3A,5.0
10461815,ACVR1B,5.0
208908,STK33,5.0
5329102,MARK1,5.920818753952375
11314340,HUNK,5.0
44259,NEK9,5.508638306165728
123631,GRK7,5.0
42642645,ERK3,5.0
153999,JNK2,5.0
208908,PIK3CA(M1043I),5.0
11364421,CAMK2B,5.376750709602099
5287969,DCAMKL2,5.0
17755052,MET(Y1235D),5.0
10138260,KIT(V559D-V654A),9.602059991327964
9933475,EGFR(S752I759del),5.823908740944319
176167,FLT3(K663Q),6.376750709602099
11409972,LTK,6.795880017344075
5329102,TAOK3,6.6777807052660805
10138260,PAK2,5.0
10427712,KIT(V559D-V654A),5.0
176870,PHKG1,5.0
9915743,ABL1(H396P)p,5.0
151194,EPHB1,5.0
123631,CTK,5.0
11338033,MYO3A,5.0
16725726,KIT(V559D-T670I),6.0
11984591,MET(Y1235D),6.119186407719209
11338033,PIK3CA(E542K),5.0
9929127,CASK,5.0
17755052,DCAMKL2,5.0
176155,PIK3CA(I800L),5.0
5328940,FLT3(D835Y),5.958607314841775
11364421,CSNK1A1,5.508638306165728
208908,DRAK2,5.0
9915743,LKB1,5.0
156414,RSK1(KinDom.2-C-terminal),5.2076083105017466
11314340,PRKG2,7.721246399047171
10138260,ABL1(F317I)p,5.619788758288394
44259,ABL1(H396P),7.744727494896694
11314340,STK39,5.0
16722836,SRC,7.1249387366083
24889392,ERN1,5.0
42642645,GRK1,5.0
25243800,PIM3,5.522878745280337
44150621,PAK7,5.0
208908,OSR1,5.0
42642645,RIPK2,7.67778070526608
17755052,MLK3,5.0
11338033,TXK,5.0
11984591,RSK4(KinDom.2-C-terminal),5.0
176870,PYK2,5.0
10427712,TBK1,5.0
5494449,PIK3CA(E545K),5.0
208908,CDK8,5.0
10461815,TNK2,5.0
176155,PIK3CA,5.0
10461815,PIK3CA(M1043I),5.0
5494449,MYLK,5.0
156414,DRAK2,5.136677139879544
151194,PHKG2,5.0
156414,DAPK2,5.0
176870,RET,5.886056647693163
9929127,MARK4,5.0
11314340,SBK1,5.0
208908,MYO3A,5.0
11364421,TYK2(JH1domain-catalytic),5.0
5329102,ERK1,5.0
123631,PRKG1,5.0
208908,PRKG1,5.0
11314340,SNARK,5.376750709602099
11485656,DLK,5.0
9915743,PIM1,5.0
151194,LZK,5.0
5287969,TBK1,6.327902142064283
156414,BRAF,5.0
24889392,RET(V804M),8.040958607678906
11485656,FGFR2,5.0
176155,PLK3,5.0
9933475,KIT(V559D-T670I),9.494850021680094
3038522,MAP4K2,5.0
25243800,MAK,5.0
5287969,AMPK-alpha1,5.0
44150621,PHKG2,5.045757490560675
3025986,CAMK2B,5.0
25243800,CSNK1G3,5.585026652029182
16725726,ERBB4,5.0
10461815,KIT(D816H),5.3979400086720375
10127622,JNK3,5.0
16722836,ACVR1B,5.173925197299174
153999,INSR,5.0
3038522,JNK3,5.0
153999,p38-delta,5.0
11485656,DRAK2,5.0
42642645,PIK3CA(E545A),5.0
17755052,ZAK,5.0
42642645,HPK1,7.356547323513813
10427712,FGFR2,5.0
644241,PRKCH,5.0
176155,PIK3CG,5.0
10127622,DAPK2,5.0
42642645,MRCKB,6.481486060122113
44259,FLT3,8.537602002101044
176167,KIT(V559D-T670I),5.0
176167,PKMYT1,5.0
44150621,MYLK,5.455931955649724
16725726,LRRK2(G2019S),5.0
3038522,FER,5.0
176167,SIK,5.0
42642645,DLK,7.657577319177794
44150621,STK33,5.0
5329102,CDK11,5.0
10461815,DAPK2,5.0
11427553,ERK3,5.259637310505756
11485656,CAMK2B,5.0
123631,MAP4K2,5.0
5328940,IGF1R,5.0
11338033,ROS1,5.0
25243800,RET,8.318758762624412
3038522,MEK6,5.0
644241,NEK5,5.0
176870,PIM3,5.0
123631,MYLK4,5.0
176167,RSK4(KinDom.2-C-terminal),5.0
11427553,KIT(A829P),6.0655015487564325
644241,PLK4,5.0
11338033,NIM1,5.0
17755052,AKT3,5.0
176167,TRKB,5.0
5328940,RPS6KA5(KinDom.2-C-terminal),5.0
11984591,MYO3A,5.0
10461815,PHKG1,5.721246399047171
9915743,PAK6,5.1249387366083
5328940,ABL1(T315I)p,8.443697499232712
208908,PDGFRB,5.0
11427553,DYRK1B,6.026872146400302
17755052,ABL1(Y253F),5.0
208908,PRKG2,5.0
9933475,PRKCE,5.0
10138260,ERK1,5.0
44150621,TRKC,6.721246399047171
11427553,ABL1(E255K),7.443697499232713
11427553,RSK2(KinDom.1-N-terminal),6.552841968657781
10461815,FGR,5.721246399047171
11364421,TGFBR2,5.0
16722836,CSNK2A2,6.920818753952375
176155,DCAMKL1,5.0
10113978,PLK1,5.0
176155,STK33,5.0
151194,CSNK1G2,5.0
153999,PRKD3,5.0
24889392,NEK9,5.0
17755052,PLK1,5.0
17755052,ERBB4,5.0
16722836,PIK3CG,5.1249387366083
24889392,RSK1(KinDom.2-C-terminal),5.0
24889392,ASK1,5.0
176155,AURKA,5.0
208908,MAK,5.0
123631,TESK1,5.0
10461815,PRKG2,5.0
16725726,PDGFRB,5.4089353929735005
11485656,MLK3,5.0
644241,NEK2,5.0
176155,EPHB3,5.0
10461815,PCTK1,5.958607314841775
9933475,PIK3CA(E545K),5.0
644241,AAK1,5.0
11409972,ABL1(Y253F),8.0
24889392,OSR1,5.0
16722836,BTK,6.070581074285707
151194,CDC2L5,5.0
176155,RPS6KA5(KinDom.1-N-terminal),5.0
44259,CTK,6.585026652029182
11984591,ACVR2B,5.0
208908,EGFR(L747S752del),8.4089353929735
10113978,ERN1,5.0
16725726,DAPK2,5.0
176155,PIK3CA(M1043I),5.0
153999,MRCKB,5.0
25243800,ACVR2B,8.119186407719209
9915743,LRRK2(G2019S),5.0
5329102,CSNK1G1,6.031517051446065
3038522,ERK3,5.0
17755052,NIM1,5.0
11984591,CSNK1A1,5.0
11338033,STK39,5.0
11314340,IGF1R,5.0
208908,INSR,5.0
3025986,CDK9,7.119186407719209
44150621,SRMS,5.0
3038522,GRK7,5.0
9929127,FLT3(N841I),5.0
3038522,RET(M918T),5.0
216239,PRKD3,5.0
10138260,PYK2,6.221848749616356
5329102,PIK3CA(E542K),5.0
11984591,SIK,7.275724130399211
9915743,MAP4K2,6.657577319177793
42642645,GSK3A,5.0
11427553,ACVR1B,5.0
24889392,LRRK2(G2019S),5.0
5287969,TNIK,5.0
10427712,GSK3B,5.0
11409972,CDK5,6.259637310505756
25243800,CDK8,5.200659450546419
24889392,FGR,5.0
25243800,TLK1,5.0
11984591,PRKCE,5.0
5494449,AURKA,8.4089353929735
9929127,CDC2L2,5.0
5287969,RPS6KA5(KinDom.2-C-terminal),5.0
16725726,PYK2,5.0
3062316,SNARK,5.0
176870,BRAF(V600E),5.0
153999,MRCKA,5.0
3025986,ABL1(T315I)p,5.0
16725726,FES,5.0
44259,LTK,7.431798275933005
3038522,ABL1(Y253F),5.0
11485656,KIT,8.698970004336019
25243800,MST3,5.0
644241,AURKA,5.0
208908,MET(Y1235D),5.0
11338033,SRPK1,5.0
9915743,MRCKB,5.0
24180719,NEK9,5.0
3062316,PRKD3,5.0
156414,EPHA5,5.920818753952375
11485656,PLK4,5.638272163982407
9933475,PHKG2,5.0
11485656,CDK9,5.522878745280337
9929127,CHEK2,5.0
3025986,PAK2,5.0
11427553,DAPK1,6.443697499232713
24180719,PIK4CB,5.920818753952375
11364421,LRRK2,5.0
24889392,PKAC-beta,5.0
44150621,CSNK1E,5.0
5329102,RIPK1,6.431798275933005
16722836,ZAK,6.187086643357144
10127622,NEK2,5.0
216239,IGF1R,5.0
42642645,HUNK,5.267606240177032
44150621,ROS1,5.0
10138260,MINK,7.161150909262744
24889392,RET(M918T),8.522878745280337
11427553,ULK1,7.275724130399211
11409972,TLK1,5.0
176155,ERK1,5.0
3025986,PIK3CD,5.0
208908,RPS6KA5(KinDom.2-C-terminal),5.0
10427712,KIT(D816H),5.0
153999,ACVR2B,5.0
3038522,RSK2(KinDom.1-N-terminal),5.0
24889392,MLK3,5.0
11485656,EPHB1,6.055517327849832
16725726,BMPR1B,5.0
11314340,MEK6,5.0
11314340,BRAF,5.0
10427712,NIM1,5.0
3025986,IGF1R,5.0
16722836,PFTK1,5.585026652029182
17755052,PIK3CA(Q546K),8.769551078621726
151194,JAK1(JH2domain-pseudokinase),5.0
156414,PHKG1,5.0
156414,EPHA7,5.0
9915743,PIP5K2B,5.0
10461815,JAK1(JH2domain-pseudokinase),5.568636235841013
176155,MLCK,5.0
11485656,ACVR1,5.0
25243800,DRAK2,5.494850021680094
151194,RSK1(KinDom.2-C-terminal),5.0
123631,ERK5,5.0
10427712,SNARK,5.0
10461815,CHEK2,5.0
123631,PAK1,5.0
644241,ABL1(F317I)p,7.251811972993799
10138260,GRK4,6.431798275933005
11364421,AAK1,5.552841968657781
9915743,OSR1,5.0
24889392,MEK6,5.0
11338033,DMPK2,5.0
10427712,DLK,5.0
9933475,PRKD2,5.0
156414,RIPK5,5.0
10127622,HIPK3,5.0
24180719,TNNI3K,5.0
16725726,PIK3CG,5.0
11427553,HIPK1,6.366531544420414
3025986,TYK2(JH2domain-pseudokinase),5.0
44259,TXK,6.638272163982407
10427712,CDC2L2,5.0
176870,PKNB(Mtuberculosis),5.0
9933475,PIK3CA(M1043I),5.0
44259,HIPK2,6.721246399047171
644241,EGFR(L858RT790M),5.0
17755052,RIPK4,5.0
11338033,ACVR1,5.0
25243800,HIPK1,6.522878745280337
17755052,MERTK,5.0
11427553,PKMYT1,5.0
156414,TXK,6.154901959985743
5494449,TLK2,5.0
24889392,STK39,5.0
9929127,PIK3CA(E542K),5.0
9929127,ROCK1,5.0
644241,PLK1,5.0
11338033,HIPK1,5.0
123631,DAPK2,5.0
5287969,ROS1,5.0
24180719,PRKG2,5.0
11485656,AMPK-alpha2,5.0
3025986,SRPK1,5.0
3025986,ABL1(Q252H),5.0
644241,ERBB2,5.0
5329102,PAK6,5.619788758288394
5494449,PIK3CA(H1047L),5.0
644241,FLT3(N841I),5.0
10127622,p38-delta,5.0
10113978,MRCKB,5.0
5329102,STK33,7.769551078621726
5287969,PIM3,6.221848749616356
42642645,MAP3K2,5.721246399047171
176870,DCAMKL2,5.0
176155,RIOK3,5.0
5329102,PRKG2,5.0
5328940,ERBB2,5.6020599913279625
10113978,CSNK1G3,5.0
10113978,ERBB4,5.0
24889392,PRKCQ,5.0
10113978,CSNK1E,5.0
16722836,NEK9,6.823908740944319
24889392,PRKD2,5.0
3062316,BRSK2,5.0
11364421,TNIK,5.0
3062316,RIPK5,5.0
11485656,PRKCE,5.0
5328940,ERK3,5.0
176155,ACVRL1,5.0
11409972,PIK3CA(E545A),5.0
644241,ABL1(H396P)p,7.67778070526608
11984591,PIK3CA(E545K),5.0
10138260,ABL1(F317I),5.468521082957745
11485656,MINK,5.0
25243800,TNK2,5.017728766960432
176167,BRSK2,5.0
24180719,CDKL5,5.0
10461815,ICK,6.3979400086720375
123631,MARK3,5.0
216239,SRPK1,5.0
16722836,DYRK1B,5.022276394711152
16722836,AMPK-alpha1,5.619788758288394
11984591,PIK3CB,5.0
11338033,PIP5K2C,5.0
9929127,PCTK1,5.0
5329102,ERN1,6.221848749616356
24180719,ACVR1,5.0
9933475,CDK8,5.0
644241,TNIK,5.0
10113978,RIOK3,5.0
24889392,KIT,8.318758762624412
176870,ABL1(F317I),5.086186147616283
3062316,PAK6,5.0
153999,BRAF(V600E),5.0
176870,MERTK,6.008773924307505
10138260,CTK,5.2076083105017466
5494449,PIK3CA(H1047Y),5.0
3038522,PIM3,5.0
11409972,PDGFRB,8.09151498112135
644241,CDKL5,5.0
176155,AURKB,5.0
10113978,PRKCH,5.0
10427712,PAK2,5.0
11485656,CSNK1G2,5.0
24180719,RIOK2,6.113509274827519
11314340,PKMYT1,5.0
25243800,TNNI3K,6.055517327849832
16725726,CSNK2A1,5.0
10127622,PIK4CB,5.0
156414,ASK1,5.0
176167,ZAK,5.0
11427553,ABL1(F317I)p,6.275724130399211
16722836,CHEK2,5.0
42642645,PLK4,8.455931955649724
11409972,PRKCQ,5.657577319177793
24180719,PHKG1,5.0
3062316,CASK,5.0
10127622,PIM3,5.0
9933475,RSK1(KinDom.2-C-terminal),5.0
208908,CSNK1G3,5.0
10427712,TESK1,5.0
25243800,EGFR(E746A750del),6.657577319177793
153999,PIK3CB,5.0
10138260,CSNK2A1,5.721246399047171
11984591,ABL1(F317I)p,5.0
151194,PIK3CG,5.0
11485656,RPS6KA5(KinDom.1-N-terminal),5.920818753952375
5287969,AMPK-alpha2,5.0
9915743,EPHB3,5.0
208908,FLT3(D835Y),5.0
11409972,SGK3,6.823908740944319
11984591,ABL1(Q252H),6.200659450546419
44259,CSNK2A1,6.026872146400302
10127622,PAK2,5.0
11427553,ABL1(Y253F),7.443697499232713
153999,MAK,5.0
24889392,EPHA7,5.431798275933005
123631,ITK,5.0
10113978,CAMK1G,5.431798275933005
11427553,ABL1(T315I)p,8.229147988357855
42642645,PAK1,5.0
10461815,PIK3CA(H1047Y),5.0
3025986,PIK3CB,5.0
5494449,PRKD2,5.0
3025986,GRK1,5.0
156414,ABL1(M351T),7.42021640338319
5329102,PKAC-beta,5.0
208908,WEE2,5.0
9929127,NEK4,5.0
10127622,RPS6KA5(KinDom.2-C-terminal),5.0
10138260,ABL1(T315I),6.657577319177793
123631,RIPK2,6.275724130399211
16722836,RIPK2,5.214670164989233
11427553,ERBB2,5.0
44259,LATS1,7.376750709602099
11485656,CTK,5.0
9929127,KIT(D816H),5.0
123631,SNARK,5.337242168318426
24180719,ULK1,5.0
10138260,ITK,6.721246399047171
5494449,HIPK1,5.0
5329102,PIK3CA,5.0
3025986,TRKC,5.0
11314340,ITK,5.0
42642645,AURKB,7.366531544420414
11338033,DAPK2,5.0
9929127,MST3,5.0
216239,PCTK1,5.0
153999,PFTK1,5.0
11409972,RIPK2,5.958607314841775
176870,ABL1(F317I)p,5.958607314841775
11984591,AKT3,5.0
3062316,SIK,8.4089353929735
10427712,AURKB,5.0
5494449,TNIK,5.744727494896694
44259,KIT,7.721246399047171
153999,PAK1,5.0
11409972,RET,7.769551078621726
11984591,RIPK2,6.013228265733755
11485656,PHKG1,5.0
42642645,RIPK5,6.292429823902063
16725726,PFCDPK1(Pfalciparum),5.0
24889392,AURKB,5.0
24889392,SRMS,5.0
216239,ABL1(F317I)p,5.309803919971486
11984591,TBK1,7.638272163982407
44259,ICK,7.795880017344075
11485656,MRCKB,5.0
5328940,YES,8.397940008672037
153999,DAPK2,5.0
5287969,ACVR2B,5.619788758288394
16725726,RIPK1,5.0
123631,NEK9,5.0
9915743,ABL1(T315I),5.0
10461815,PAK7,5.585026652029182
10127622,RET(M918T),5.0
11427553,TEC,5.0
11364421,ERK5,5.494850021680094
17755052,PIK3CD,8.301029995663981
5494449,MAP3K15,5.0
176167,TRKC,5.0
9929127,EGFR(S752I759del),5.0
24180719,PIP5K2B,5.0
176155,AAK1,5.0
42642645,NEK11,5.0
44259,PAK6,9.244125144327509
17755052,MLK1,5.0
10113978,RSK4(KinDom.2-C-terminal),5.0
11409972,EPHA5,6.853871964321762
5328940,TAOK3,6.468521082957745
11984591,PIK4CB,6.031517051446065
24889392,HIPK2,5.0
3062316,WEE2,6.698970004336019
11338033,MYLK2,5.0
176155,AURKC,5.0
153999,MST3,5.0
5287969,PIK3CA(E542K),5.0
24180719,PCTK1,5.0
3062316,KIT(A829P),9.18045606445813
10113978,AKT3,5.0
5328940,CDK11,5.0
3062316,AMPK-alpha2,5.0
10427712,ICK,5.0
11338033,MYLK4,5.0
156414,EPHB1,5.823908740944319
10113978,PRKD2,5.0
5494449,RET,7.552841968657781
11314340,MAP3K1,5.0
3025986,AMPK-alpha2,5.0
10427712,CDK5,5.0
216239,PIM1,5.0
10461815,ABL1(F317I),5.0
11409972,PIP5K1C,5.0
5329102,ULK1,7.638272163982407
16725726,DAPK1,5.522878745280337
11427553,KIT(V559D-V654A),7.119186407719209
5328940,AKT3,5.0
176870,EPHA7,5.853871964321762
11314340,CASK,5.0
3025986,MKK7,5.0
3025986,RIOK2,5.823908740944319
25243800,MAP4K2,7.0
11364421,STK39,5.0
151194,PRKD2,5.0
153999,BMPR1B,5.0
216239,EPHA8,5.619788758288394
9929127,PIK3CA(M1043I),5.0
24889392,PIM3,5.0
208908,HUNK,5.0
24889392,PAK1,5.0
123631,MET(M1250T),5.0
123631,JNK2,5.769551078621726
42642645,LKB1,5.0
156414,ULK3,5.327902142064283
3025986,ZAK,5.0
123631,LKB1,5.0
10461815,TTK,5.0
11427553,PFCDPK1(Pfalciparum),5.619788758288394
11427553,PRKX,5.920818753952375
11364421,PLK3,8.397940008672037
44259,DLK,5.823908740944319
176167,LKB1,5.0
11984591,SRMS,6.214670164989233
10113978,CDKL5,5.0
10427712,CASK,5.0
11314340,SRPK3,5.823908740944319
25243800,PIK4CB,6.026872146400302
156414,CASK,5.0
25243800,PLK2,5.853871964321762
9933475,NEK9,5.0
11314340,PIK3CA(E545K),5.0
44259,RSK4(KinDom.2-C-terminal),5.481486060122113
44259,CSNK1G3,5.0
9933475,PIK3CA(H1047Y),5.0
11364421,FLT4,5.0
11427553,TRKC,6.6020599913279625
10113978,RIPK4,5.0
11485656,PKAC-beta,5.0
123631,SGK3,5.0
42642645,PAK2,5.0
644241,PLK3,5.0
176167,PIP5K2C,5.0
24889392,MARK3,5.0
11314340,PIM3,6.853871964321762
11485656,PIM1,5.0
24889392,MAP3K1,5.0
16722836,FLT3,7.886056647693163
11485656,CSNK1E,5.0
9933475,ASK2,5.0
5328940,SNRK,5.0
11338033,MEK6,5.0
123631,MST3,5.0
176870,STK33,5.0
42642645,PDPK1,5.0
10113978,PIK3CA(M1043I),5.0
5287969,CHEK2,5.0
16725726,EGFR(L747S752del),5.0
5287969,PIK3CB,5.0
3062316,TLK2,5.0
156414,EPHB3,5.0
153999,SRC,5.0
176167,PIK3CA(C420R),5.0
216239,TYK2(JH1domain-catalytic),5.0
153999,ACVR2A,5.0
216239,NEK2,5.0
24180719,AURKC,5.6020599913279625
153999,TAOK3,7.013228265733755
10138260,RIOK2,6.853871964321762
176870,PIK3CA(C420R),5.0
3025986,TESK1,5.0
3038522,CDK8,5.0
176155,TESK1,5.0
44259,MINK,9.0
24889392,JNK3,5.0
16725726,IKK-alpha,5.0
9933475,DYRK1B,5.0
24889392,ABL1(E255K),5.0
10113978,p38-delta,5.0
3038522,DAPK2,5.0
156414,MARK3,5.0
151194,PRKCH,5.0
156414,MYLK4,5.0
11338033,PCTK2,9.022276394711152
151194,PDGFRB,7.602059991327962
10127622,SGK3,5.0
176167,PKAC-beta,6.229147988357856
5329102,PIK3CG,5.0
176870,TYK2(JH2domain-pseudokinase),5.619788758288394
10461815,RIPK1,5.823908740944319
11427553,NEK3,6.0
11427553,DLK,7.173925197299174
16722836,DMPK2,5.0
16725726,MYO3A,5.0
24889392,ICK,5.0
42642645,LZK,7.795880017344075
9915743,MEK6,5.0
11984591,RET(V804M),8.508638306165727
176155,PIK3CD,5.0
11485656,PIK3CA(H1047Y),5.0
11984591,ABL1(M351T),6.4089353929735005
11314340,LRRK2(G2019S),5.853871964321762
16725726,ACVR2B,5.0
9933475,ERBB2,5.522878745280337
11409972,LZK,6.130768280269024
24889392,ACVR1,5.0
216239,RIOK2,5.0
44259,MYLK,7.823908740944319
9929127,MYLK2,5.0
9915743,RSK2(KinDom.1-N-terminal),5.0
10427712,CDK9,5.0
24889392,SNARK,5.0
153999,PLK4,5.327902142064283
9915743,PHKG1,5.0
10427712,PIK3CA(E545A),7.080921907623926
42642645,FLT3(N841I),8.823908740944319
11409972,TRKB,6.721246399047171
5329102,TNK2,5.050609993355088
9933475,RET(M918T),8.1249387366083
123631,EGFR(S752I759del),9.008773924307503
10113978,ACVR1,5.0
10113978,FYN,5.568636235841013
24889392,MAP3K15,5.0
9915743,PIK3CG,5.0
16722836,MLCK,5.013228265733755
11364421,TLK1,5.0
5494449,DLK,6.721246399047171
216239,KIT(V559D-T670I),7.744727494896694
151194,ULK3,5.0
9933475,ABL1(Q252H),7.0
216239,CSNK1G2,5.0
11314340,PIK4CB,5.2839966563652006
5329102,ABL1(F317I),5.443697499232713
11485656,RIPK5,5.0
11364421,KIT,5.0
5328940,PRKCH,5.0
10127622,MKK7,5.0
153999,ABL1(Y253F),5.0
123631,MST1,5.0
5328940,MYLK,6.309803919971486
5494449,GSK3A,5.0
3062316,KIT(V559D-T670I),5.0
11364421,CAMK1G,5.0
11314340,ABL1(M351T),5.0
644241,AURKC,5.0
25243800,TTK,6.200659450546419
208908,KIT,5.0
5328940,NEK2,5.795880017344075
10127622,MLK1,5.0
11427553,FYN,6.180456064458132
3025986,STK39,5.0
3062316,GRK7,5.0
176155,PDGFRB,5.0
24180719,MEK6,5.0
44259,BMX,6.769551078621726
176155,CSNK1G2,5.0
10127622,PLK3,5.0
5287969,MUSK,5.0
176155,ABL1(Q252H),5.0
216239,TYK2(JH2domain-pseudokinase),5.0
25243800,GRK4,5.0
11984591,CDC2L2,5.0
10427712,PIK3CA(H1047Y),6.823908740944319
16725726,PLK4,5.0
10113978,MKK7,5.0
123631,RSK4(KinDom.2-C-terminal),5.0
153999,MAP3K1,5.0
644241,RSK1(KinDom.2-C-terminal),5.0
11409972,MYLK2,6.481486060122113
208908,KIT(D816V),5.0
123631,FLT3,5.508638306165728
176155,HIPK2,5.0
5494449,AKT3,5.0
9915743,PFTK1,5.0
16725726,MUSK,5.0
176155,FYN,5.0
11409972,RET(V804M),8.494850021680094
153999,FLT3(N841I),6.008773924307505
9929127,PIK3CA(I800L),5.0
25243800,CDKL5,5.0
10138260,YANK2,5.0
44259,PFCDPK1(Pfalciparum),9.602059991327964
11984591,PIK3CA(C420R),5.0
11314340,TEC,5.0
9929127,PIP5K2C,5.0
176155,CSNK1G1,5.0
176870,MEK6,5.0
151194,RSK4(KinDom.2-C-terminal),5.0
5329102,SRPK3,7.229147988357856
176155,SRPK1,5.0
5287969,BMX,5.0
123631,PIK3CA(E545A),5.0
9933475,ABL1(T315I),6.958607314841775
11314340,MST3,5.0
44150621,ABL1(H396P)p,7.221848749616356
9929127,PDPK1,5.0
44259,TAOK3,9.657577319177792
3038522,SRC,5.017728766960432
5329102,RSK4(KinDom.2-C-terminal),5.0
11427553,NEK4,5.958607314841775
44259,YES,7.2839966563652
11427553,DRAK2,8.318758762624412
10127622,MYO3A,5.0
176167,p38-delta,5.0
44259,ACVRL1,5.0
9915743,FGFR2,5.0
42642645,FGFR1,6.161150909262744
10138260,MERTK,7.180456064458132
9915743,HIPK3,5.0
44259,ABL1(F317I)p,6.886056647693163
9933475,TYK2(JH1domain-catalytic),5.0
9915743,EPHB1,5.0
5287969,HUNK,5.0
11427553,STK33,6.853871964321762
216239,DCAMKL2,5.0
17755052,MYLK,5.0
153999,BTK,5.0
10461815,EGFR(L747T751del),5.0
9929127,TBK1,5.0
176870,TLK1,5.0
10461815,LZK,5.494850021680094
11427553,FGR,6.356547323513813
10427712,FLT3(N841I),5.0
216239,TIE2,5.6777807052660805
644241,PRKCQ,5.0
151194,RPS6KA5(KinDom.1-N-terminal),5.0
11314340,ASK1,5.0
5494449,CAMK1G,5.187086643357144
16722836,BRAF(V600E),5.031517051446065
44150621,ULK3,6.769551078621726
5287969,PAK7,5.0
11409972,ERBB4,5.0
208908,PIM3,5.0
9915743,CSNK1E,6.537602002101044
17755052,PRKCE,5.0
176155,FLT3(K663Q),5.0
5328940,LRRK2(G2019S),6.080921907623926
5494449,EPHA8,6.301029995663981
10427712,JAK1(JH2domain-pseudokinase),6.161150909262744
11338033,PIK3CA(H1047Y),5.0
176155,KIT(V559D-V654A),5.0
10113978,PIK3CG,5.0
11338033,DCAMKL2,5.585026652029182
176167,PRKX,5.0
16722836,RET(M918T),6.823908740944319
11984591,CTK,5.0
44150621,RIPK5,5.0
24180719,ERK1,5.0
5494449,IGF1R,6.130768280269024
24180719,STK33,5.0
176870,ABL1(Y253F),7.119186407719209
11409972,ITK,6.00436480540245
11485656,CSK,5.0
5328940,ABL1(F317I)p,9.744727494896694
153999,TLK1,5.6777807052660805
16722836,EPHB3,5.0
3025986,PIK3CA(C420R),5.0
11364421,ROCK1,5.0
216239,RSK4(KinDom.2-C-terminal),5.1249387366083
11409972,HIPK1,6.769551078621726
11984591,ACVR1,5.318758762624413
24889392,PKN1,5.0
11485656,p38-delta,5.0
208908,FES,5.0
44259,PDGFRB,8.744727494896694
5287969,MST1,5.0
123631,CSNK1G2,5.0
9915743,HIPK1,5.0
5328940,MERTK,6.958607314841775
10113978,RIOK2,6.214670164989233
10113978,MYLK,5.0
3025986,PFTK1,6.161150909262744
11314340,ABL1(T315I)p,5.0
25243800,LIMK1,5.0
10127622,PRKCQ,5.0
16722836,TNIK,5.0
11984591,PIM3,5.0
24889392,TRKC,6.259637310505756
3025986,LRRK2(G2019S),5.0
176870,AAK1,5.920818753952375
11409972,CSNK1G2,6.022276394711152
25243800,CSNK1G1,5.4089353929735005
176155,MUSK,5.0
5287969,PHKG2,5.537602002101044
10113978,STK39,5.0
11409972,ROCK1,5.823908740944319
24180719,EPHA8,5.0
5494449,PIK3CA(M1043I),5.0
151194,RET,5.0
10427712,NEK2,5.0
3038522,MLCK,5.0
3025986,PIK3CA(H1047L),5.0
11485656,ZAK,5.0
10127622,PIK3CA(Q546K),5.0
11314340,TYK2(JH1domain-catalytic),5.0
16722836,TGFBR2,5.958607314841775
3025986,KIT(V559D-V654A),5.0
11984591,FLT4,8.040958607678906
3062316,MUSK,5.0
44150621,TNIK,7.619788758288394
216239,CASK,5.0
25243800,FYN,6.522878745280337
3062316,AKT3,5.0
11314340,TIE2,5.0
176167,DYRK1B,6.0
10127622,CSNK1G3,5.0
5329102,PIK3CA(H1047L),5.0
24180719,TAOK3,5.0
11314340,ERBB4,5.0
176870,LATS1,5.0
25243800,PIK3CA(M1043I),6.443697499232713
10127622,TAOK3,5.0
216239,ACVR1B,5.0
10138260,MLCK,7.376750709602099
176870,MET(Y1235D),5.958607314841775
9933475,ABL1(F317I)p,5.886056647693163
10127622,AMPK-alpha1,5.0
644241,CDK8,5.0
3025986,TXK,5.0
11409972,TEC,5.0
156414,KIT(A829P),6.154901959985743
24889392,PIK3CA(E542K),5.0
153999,NEK9,5.0
176155,KIT(V559D-T670I),5.0
123631,PAK2,5.0
176870,RIPK1,5.0
11314340,PAK6,6.119186407719209
44259,BRSK2,8.455931955649724
11984591,BRAF(V600E),6.42021640338319
644241,ACVR1B,5.0
10127622,PIK3CA(E545K),5.0
11338033,ABL1(M351T),5.0
151194,SNARK,5.0
156414,EGFR(L858RT790M),9.55284196865778
11314340,ASK2,5.0
10113978,PIK4CB,6.017728766960432
11364421,CSNK1E,6.42021640338319
5494449,CDK11,5.0
44259,NIM1,6.853871964321762
644241,HPK1,6.050609993355088
11409972,CASK,5.0
10127622,PDPK1,5.0
151194,RIPK1,5.0
9929127,SNARK,5.0
16722836,HIPK3,5.886056647693163
208908,PRKD3,5.0
5287969,ACVR1,5.721246399047171
44150621,PAK6,5.0
5494449,FGR,6.102372908709559
11364421,INSR,5.0
10427712,MAP3K15,5.0
11485656,KIT(D816V),7.091514981121351
11485656,PDGFRB,8.721246399047171
9915743,ERK5,5.0
10427712,DCAMKL1,5.0
17755052,NEK5,5.0
5287969,PIK4CB,5.0
11485656,INSR,5.0
153999,DCAMKL1,5.0
10138260,MLK3,5.769551078621726
176167,ABL1(F317I)p,5.0
11409972,DYRK1B,5.0
17755052,NEK2,5.0
10427712,RET(V804L),5.0
17755052,RIOK3,5.0
5494449,STK39,5.0
3062316,PKAC-alpha,5.0
11314340,MAP4K2,5.721246399047171
3038522,SBK1,5.0
11409972,LRRK2(G2019S),5.356547323513813
123631,MLCK,5.0
24180719,EPHB1,5.0
9915743,CSNK1G1,5.0
153999,PAK7,5.0
24180719,STK39,5.0
176870,DLK,5.0
42642645,EGFR(S752I759del),5.958607314841775
16722836,ERK3,5.920818753952375
3038522,OSR1,5.0
10127622,TTK,5.0
25243800,HPK1,5.6777807052660805
17755052,ABL1(M351T),5.0
11427553,TGFBR2,5.0
11984591,NEK3,6.769551078621726
5287969,PRKCQ,6.455931955649724
176870,IGF1R,5.0
10461815,DLK,6.173925197299174
3062316,RET(V804L),5.494850021680094
10461815,HIPK1,7.031517051446065
11364421,DLK,5.0
10427712,PIM1,5.0
3062316,PIK3CA(E542K),5.0
10127622,AKT3,5.0
9915743,PIK4CB,5.0
176167,ABL1(T315I),5.0
176155,TNNI3K,5.455931955649724
16725726,ABL1(H396P),5.0
11984591,MEK6,6.318758762624413
123631,EPHA7,5.0
16725726,PRKCE,8.275724130399212
3038522,PRKCE,5.0
156414,OSR1,5.0
11338033,LATS1,5.0
176167,TIE2,5.0
176167,BRAF(V600E),5.0
9933475,PDGFRB,9.494850021680094
11314340,PRKCE,7.958607314841775
11427553,PIK3CG,5.0
5329102,NEK5,5.0
11314340,MRCKB,7.022276394711152
3062316,CSNK1G2,5.0
176155,PKAC-beta,5.0
10461815,KIT(D816V),6.229147988357856
216239,WEE2,5.0
123631,NEK3,5.0
644241,TEC,5.0
123631,RIOK2,5.0
10138260,PKNB(Mtuberculosis),6.494850021680094
44259,DCAMKL1,6.958607314841775
11427553,SRC,5.552841968657781
10138260,ABL1(H396P)p,6.251811972993799
216239,RPS6KA5(KinDom.2-C-terminal),5.0
644241,PAK2,5.0
24889392,YANK3,5.0
16722836,ERBB4,5.698970004336019
644241,TGFBR2,5.0
11314340,YES,5.0
5494449,FLT3(D835Y),7.259637310505756
5287969,PRKCE,6.42021640338319
11314340,CAMK2B,6.013228265733755
42642645,NEK3,5.0
3025986,MET(Y1235D),5.0
3038522,MYO3A,5.0
3062316,BLK,9.67778070526608
151194,TTK,5.0
176155,FES,5.0
644241,MLCK,5.0
156414,NEK5,5.0
24180719,ABL1(F317I),5.886056647693163
123631,PIK3CA,5.0
5287969,PIK3CA(Q546K),5.0
11338033,PIM3,5.0
5328940,ICK,5.0
216239,MEK6,5.0
17755052,FYN,5.0
176155,PHKG1,5.0
11427553,TIE2,5.958607314841775
9929127,ERK1,5.0
11314340,PIK3CG,5.0
42642645,RIOK1,5.0
5287969,MYLK,5.0
10427712,EGFR(L747T751del),5.823908740944319
216239,JNK2,5.130768280269024
9915743,PRKD2,5.958607314841775
10127622,KIT(V559D-V654A),5.0
11427553,SNARK,7.267606240177032
10113978,p38-beta,5.0
208908,PYK2,5.0
123631,RET(V804L),5.0
44150621,DAPK1,5.0
11984591,SRPK3,6.3979400086720375
216239,PIK3CA(I800L),5.0
44259,JNK2,6.040958607678906
151194,MLK3,5.0
156414,PAK2,5.0
25243800,KIT(D816V),6.522878745280337
25243800,JNK2,5.0
156414,FLT4,5.0
10113978,NEK2,6.008773924307505
3025986,CSNK2A2,5.0
3062316,EGFR(S752I759del),6.481486060122113
153999,YANK3,5.0
44150621,GRK4,7.013228265733755
9915743,KIT(V559D-T670I),5.0
9929127,RIPK4,5.0
5494449,AAK1,6.537602002101044
176155,HUNK,5.0
176155,CTK,5.0
24180719,RIPK1,5.292429823902063
11314340,MKK7,5.0
9933475,JNK2,5.0
11338033,FES,5.0
24180719,GRK4,5.0
3062316,PAK7,5.0
10127622,PYK2,5.0
16725726,FER,5.0
9929127,PKN1,5.0
10138260,PIP5K1C,5.0
9929127,RIOK1,5.0
176870,PRKD3,5.0
5287969,LTK,5.657577319177793
5494449,PHKG2,5.356547323513813
24889392,GSK3A,5.0
5329102,PRKG1,5.0
9933475,TNNI3K,5.0
9929127,ABL1(F317I)p,5.0
10427712,MLK1,5.0
176155,ROS1,5.0
5494449,EPHB3,5.0
3062316,MAP4K2,5.886056647693163
156414,MYO3A,5.0
11485656,EGFR(L747S752del),5.0
216239,DAPK2,5.0
644241,MRCKA,5.0
44150621,IGF1R,5.0
10113978,EGFR(E746A750del),5.0
16725726,MLK1,5.0
156414,GRK1,5.0
3025986,GSK3B,7.431798275933005
24180719,RIPK2,6.366531544420414
16722836,RPS6KA5(KinDom.1-N-terminal),5.356547323513813
16725726,ERBB2,5.0
10113978,CTK,5.0
123631,MRCKA,5.0
16722836,ERK1,5.0
10138260,EPHA7,5.823908740944319
11427553,PLK4,7.67778070526608
176167,LTK,5.0
10113978,RSK1(KinDom.2-C-terminal),5.0
11485656,CSNK2A1,5.0
10138260,PLK4,6.744727494896694
176167,PAK7,5.0
44150621,MEK6,5.0
42642645,CAMK2B,5.0
16722836,MST3,5.0
9929127,ABL1(Y253F),5.0
176155,AKT3,5.0
153999,PIP5K1C,6.292429823902063
44150621,MLK3,5.657577319177793
16725726,MARK3,5.0
17755052,CASK,5.0
10127622,HPK1,5.0
153999,GRK1,6.096910013008056
9915743,RIPK2,5.0
10461815,ULK1,5.698970004336019
11364421,CSNK1G1,5.346787486224656
3062316,CSNK1E,5.823908740944319
10113978,LATS1,5.0
16725726,EGFR(L858R),5.0
17755052,RPS6KA5(KinDom.2-C-terminal),5.0
216239,TLK1,5.0
42642645,FLT4,8.823908740944319
216239,PRKCQ,5.0
10138260,DLK,6.251811972993799
24889392,ULK3,5.0
3025986,OSR1,5.0
123631,ACVR2B,5.0
3025986,MYLK,5.0
153999,FLT3(D835Y),6.886056647693163
9915743,KIT(A829P),5.0
216239,CHEK2,5.0
42642645,ABL1(H396P),8.0
151194,AMPK-alpha1,5.0
10113978,DAPK1,5.0
24180719,PLK2,5.0
17755052,EGFR(S752I759del),5.0
42642645,RIOK3,5.0
151194,ROS1,5.0
24180719,NEK3,5.0
5287969,JAK1(JH2domain-pseudokinase),5.0
208908,MET(M1250T),5.0
25243800,PIK3CA(I800L),6.744727494896694
176155,MET(M1250T),5.0
208908,MYLK,5.0
9933475,HIPK2,5.0
3038522,EGFR(L858RT790M),5.0
10138260,ABL1(Q252H),6.060480747381382
10138260,TXK,5.0
11427553,EGFR(S752I759del),5.0
10127622,EGFR(S752I759del),5.301029995663981
5328940,ABL1(Q252H),10.065501548756432
151194,EGFR(L747S752del),5.0
216239,CSK,5.0
9915743,PIK3CA(E542K),5.0
24889392,CHEK2,5.0
208908,PLK3,5.0
10127622,PHKG1,5.0
11485656,ADCK3,5.0
5287969,CDK5,6.958607314841775
24889392,PKAC-alpha,5.0
11427553,BRAF,5.0
3038522,TBK1,5.0
151194,NEK2,5.0
10127622,RSK2(KinDom.1-N-terminal),5.0
176155,HIPK3,5.0
176167,ACVR1,5.0
176155,DRAK2,5.0
17755052,PIK3CA(C420R),8.823908740944319
11364421,ERN1,5.0
176155,PLK4,5.0
44150621,CDK11,5.0
16725726,CTK,5.0
16722836,TNK2,7.1938200260161125
5494449,JAK1(JH2domain-pseudokinase),5.0
176870,DMPK2,5.468521082957745
176870,ACVR2A,5.0
10427712,SRMS,5.0
25243800,RET(V804M),6.468521082957745
24889392,NEK5,5.0
9915743,ZAK,5.823908740944319
11485656,MAK,5.0
216239,MLCK,5.017728766960432
176167,RIPK5,5.0
44150621,INSR,5.0
11338033,EPHA5,5.0
11364421,MARK1,5.0
3025986,BRAF(V600E),5.795880017344075
9933475,LRRK2(G2019S),5.0
16725726,MAP3K4,5.0
10461815,PHKG2,5.619788758288394
11409972,IGF1R,5.0
153999,YANK2,5.0
176155,KIT(D816V),5.0
16725726,PIK3CD,5.0
9933475,RPS6KA5(KinDom.2-C-terminal),5.0
16725726,TEC,5.0
25243800,JNK3,5.0
10427712,TLK1,5.0
24180719,TRKB,5.0
10427712,KIT(A829P),5.0
11427553,PCTK1,6.080921907623926
16722836,MARK3,6.522878745280337
3038522,PLK4,5.119186407719209
11485656,PIK4CB,5.0
16725726,TRKB,5.0
153999,PRKCQ,8.602059991327963
9915743,CSNK1G2,5.180456064458132
10461815,RIPK4,5.0
44259,AURKB,7.721246399047171
10127622,CDK5,5.0
11485656,GSK3B,5.0
10113978,SRPK3,5.0
10138260,AURKC,6.091514981121351
153999,HIPK3,7.113509274827519
11427553,CHEK2,7.022276394711152
176870,PFTK1,5.0
10461815,RIPK5,5.0
9915743,ACVR2A,5.0
24889392,PIP5K1C,5.0
10138260,HUNK,8.431798275933005
153999,EPHA5,5.0
644241,BRSK2,5.0
11984591,PLK2,7.468521082957745
216239,SBK1,5.0
3062316,LRRK2(G2019S),5.0
3038522,RSK1(KinDom.2-C-terminal),5.0
3038522,MARK4,5.0
44259,EGFR(S752I759del),6.537602002101044
216239,NEK9,5.0
44259,ROS1,7.522878745280337
208908,TRKB,5.0
10127622,TNIK,5.0
11364421,NIM1,6.113509274827519
208908,PKNB(Mtuberculosis),5.0
10138260,RIPK5,6.031517051446065
208908,EGFR(E746A750del),8.065501548756432
10427712,ERK1,5.0
11984591,MLK1,8.366531544420413
25243800,PIK3CA(Q546K),6.853871964321762
44150621,FLT4,6.236572006437063
123631,EGFR(L747S752del),9.244125144327509
11427553,RET(M918T),7.327902142064283
9933475,OSR1,5.0
5494449,BRSK2,5.0
44150621,DRAK2,5.744727494896694
5494449,SGK3,5.0
24889392,PRKCH,5.0
17755052,PLK4,5.585026652029182
24889392,MINK,5.0
156414,DLK,5.0
42642645,OSR1,5.0
10113978,PAK6,5.0
5328940,MARK4,5.0
17755052,MARK3,5.0
5329102,BMPR1B,5.619788758288394
11338033,PFCDPK1(Pfalciparum),5.0
156414,ACVR2B,5.0
176155,MLK3,5.0
25243800,EGFR(L747T751del),6.113509274827519
3025986,PKAC-alpha,5.0
9915743,TXK,5.318758762624413
16725726,TNIK,5.0
16725726,BRAF(V600E),5.0
11364421,TXK,5.0
10427712,SRPK1,5.2839966563652006
10138260,TESK1,5.0
11338033,MLK3,5.0
11485656,RSK1(KinDom.2-C-terminal),5.0
3062316,MKK7,5.0
24889392,FGFR2,5.0
153999,LIMK2,5.0
10461815,DYRK1B,5.0
9933475,SNARK,5.0
16725726,ABL1(H396P)p,5.0
10127622,GAK,5.0
11485656,HIPK3,5.638272163982407
3062316,MARK1,5.0
16722836,ACVR2B,5.0
10461815,FGFR1,5.0
44150621,GAK,6.309803919971486
9929127,GRK4,5.0
5494449,NEK4,5.0
24180719,PFCDPK1(Pfalciparum),8.769551078621726
24889392,ABL1(H396P),5.0
123631,SRPK1,5.0
3038522,PKAC-beta,5.0
151194,PIK3CA(M1043I),5.0
10113978,CDK9,5.0
24180719,PIK3CA(E542K),5.0
11314340,EGFR(L858R),5.0
10127622,GRK4,5.0
5329102,ABL1(H396P)p,6.853871964321762
151194,PLK1,5.0
176870,LIMK1,5.0
25243800,PIK3CA(E545K),6.721246399047171
44150621,PKN1,6.744727494896694
24889392,YES,5.0
24180719,DLK,5.0
10461815,CSNK1G2,5.0
5329102,OSR1,6.275724130399211
9933475,EGFR(L858RT790M),5.130768280269024
11485656,KIT(D816H),5.958607314841775
5287969,ABL1(T315I)p,5.0
208908,PIK3CA(E545A),5.0
11427553,HIPK2,6.522878745280337
5287969,RIPK1,5.0
5328940,RSK1(KinDom.2-C-terminal),5.0
10113978,AMPK-alpha2,5.0
11427553,ABL1(H396P)p,7.619788758288394
11485656,PRKD3,5.0
176167,ABL1(T315I)p,5.0
16722836,JAK1(JH2domain-pseudokinase),5.698970004336019
176167,PRKCH,7.337242168318426
16722836,NEK11,5.920818753952375
208908,ITK,5.0
11485656,HIPK1,5.0
11364421,RPS6KA5(KinDom.1-N-terminal),5.0
17755052,KIT(V559D-T670I),5.0
11314340,MAP3K4,5.0
3038522,MRCKB,5.0
16725726,PIM1,6.026872146400302
10113978,MAP3K15,5.0
208908,RIPK1,5.0
44259,p38-beta,5.0
151194,STK39,5.0
5328940,MUSK,5.0
25243800,SRMS,5.0
24889392,ERK1,5.0
11984591,RIPK1,5.0
176155,TIE2,5.0
176155,RSK1(KinDom.2-C-terminal),6.494850021680094
9933475,AKT3,5.0
10461815,FLT3(K663Q),6.568636235841013
208908,CDKL5,5.0
10138260,TYK2(JH2domain-pseudokinase),6.119186407719209
151194,PKMYT1,5.0
17755052,KIT(A829P),5.0
176870,MAP3K4,5.0
11314340,KIT(D816V),6.0
9915743,ABL1(M351T),5.0
10138260,ACVR1,5.0
10461815,TEC,5.0
25243800,SIK,6.494850021680094
5329102,PCTK1,6.823908740944319
153999,AAK1,6.045757490560675
11338033,PIK3CD,5.0
11984591,PIK3CG,5.0
11364421,RET(V804M),5.0
9915743,JAK1(JH2domain-pseudokinase),5.0
176167,GSK3B,8.080921907623926
11364421,PRKX,5.0
10427712,ACVR1,5.0
216239,CDK11,6.6020599913279625
42642645,TRKC,8.468521082957745
11427553,SIK,6.173925197299174
10113978,ABL1(Q252H),6.275724130399211
24180719,PRKD2,5.0
208908,EPHB3,5.0
44150621,YES,6.236572006437063
176155,RPS6KA5(KinDom.2-C-terminal),5.0
11984591,MET(M1250T),6.638272163982407
9929127,CSNK1G3,5.0
25243800,p38-beta,5.0
11409972,MAP3K4,5.0
11314340,CSNK1A1,5.6777807052660805
10138260,EGFR(S752I759del),5.0
10461815,FLT3(D835Y),7.017728766960432
5328940,LKB1,5.0
3062316,p38-delta,5.0
16725726,ULK1,5.229147988357856
17755052,DAPK2,5.0
11984591,PRKCQ,5.0
5329102,EGFR(L747S752del),5.0
3025986,PDPK1,5.0
16722836,ABL1(E255K),7.397940008672037
44259,PIK3CA(E545A),5.0
9933475,PDPK1,5.0
156414,BRSK2,5.0
16722836,HPK1,5.886056647693163
151194,BRSK2,5.0
10127622,FLT3,5.0
5494449,PIK3CA,5.0
3025986,AURKB,5.0
10427712,PLK2,5.0
208908,PIP5K2B,5.0
9933475,MRCKB,5.0
9933475,PRKCQ,5.0
16722836,MAP3K1,5.0
3062316,RSK2(KinDom.1-N-terminal),5.0
3062316,PKN1,5.0
11364421,TEC,5.0
9929127,ZAK,5.0
16722836,AKT3,5.0
5329102,FGR,6.568636235841013
9929127,JNK3,5.0
11485656,SRMS,5.0
3062316,EGFR(L858RT790M),5.657577319177793
5329102,MAP3K1,5.0
3038522,EGFR(S752I759del),6.455931955649724
10127622,ZAK,5.0
10113978,GSK3A,5.0
151194,MYLK4,5.0
176870,PRKCE,5.0
176870,MAP4K2,5.0
24889392,p38-beta,5.0
156414,CTK,5.0
16725726,PIK3CA(E545K),5.0
11314340,NEK9,5.0
44150621,PIK3CA(H1047Y),5.0
16722836,PIK3CA(H1047Y),5.0
176870,YANK2,5.0
10127622,TBK1,5.0
11984591,FLT3,9.148741651280924
176167,PAK1,5.0
3038522,RIPK5,5.0
216239,DYRK1B,5.0
10127622,TESK1,5.0
24180719,ACVR1B,5.0
9915743,PIM3,5.0
11485656,TYK2(JH1domain-catalytic),5.0
9915743,RET(M918T),5.0
10113978,KIT(D816V),6.301029995663981
9933475,ABL1(Y253F),7.259637310505756
10138260,MEK6,5.259637310505756
44150621,PLK1,5.0
208908,SIK,5.0
11427553,EPHB1,5.6020599913279625
216239,EPHA5,5.455931955649724
9915743,MYLK2,5.0
24180719,MYLK2,5.0
10461815,BMPR1B,5.0
10138260,ASK1,5.0
9915743,LIMK2,5.0
10138260,PIK3CA(E545K),5.0
3062316,TYK2(JH1domain-catalytic),5.744727494896694
11409972,NEK11,5.0
16725726,TXK,5.0
151194,TLK2,5.0
24889392,INSR,5.0
208908,PIK3CA(I800L),5.0
123631,RSK1(KinDom.1-N-terminal),5.0
11984591,JNK3,7.431798275933005
11984591,HPK1,5.853871964321762
24180719,PRKG1,5.0
5329102,TGFBR2,5.0
10127622,GSK3A,5.0
16725726,SIK,5.0
10427712,GCN2(KinDom2S808G),5.0
151194,TGFBR2,5.0
25243800,MYO3A,6.080921907623926
5287969,FER,5.0
3038522,MST1,5.0
25243800,NEK5,5.0
9929127,PIK3CA(E545K),5.0
5494449,RIOK3,6.221848749616356
151194,YANK3,5.0
644241,EPHB3,6.0
24889392,PLK2,5.0
176167,DCAMKL2,5.0
3025986,MAP3K15,5.0
24180719,RSK4(KinDom.2-C-terminal),5.0
11409972,SRC,6.468521082957745
11485656,p38-beta,6.431798275933005
5494449,NEK11,5.0
176155,NEK4,5.0
44150621,SGK3,6.017728766960432
10427712,PIK3CA(M1043I),6.522878745280337
123631,TGFBR2,5.0
3062316,AAK1,5.0
3038522,CAMK1G,5.0
176155,KIT(A829P),5.0
44259,CSNK1G1,5.455931955649724
9915743,KIT(V559D-V654A),5.0
176870,NEK5,5.0
11485656,RPS6KA5(KinDom.2-C-terminal),5.0
11314340,JNK2,5.0
9933475,CSNK2A1,5.0
3062316,LRRK2,5.0
17755052,PCTK1,5.958607314841775
123631,SNRK,5.0
5494449,ABL1(H396P),8.481486060122112
208908,ABL1(H396P),5.0
9929127,ULK1,5.0
10127622,HIPK1,5.0
9915743,JNK2,5.0
216239,IKK-alpha,5.0
216239,LKB1,5.0
151194,GSK3A,5.0
24180719,MAP3K2,5.0
11409972,FGFR2,5.721246399047171
5329102,PIK3CA(I800L),5.0
16725726,ICK,5.0
16725726,TAOK3,5.031517051446065
10138260,ACVRL1,5.0
16725726,TESK1,5.0
10461815,MET(M1250T),9.193820026016112
11338033,PAK7,5.0
208908,PKAC-beta,5.0
44259,KIT(D816H),9.366531544420411
3038522,PIP5K2B,5.0
11427553,NEK5,5.638272163982407
176870,CSNK2A2,5.0
176167,DAPK2,5.0
17755052,ASK1,5.0
644241,PIK3CD,5.0
3038522,DRAK2,5.0
216239,ABL1(H396P)p,5.619788758288394
44259,RET(V804M),7.920818753952375
11338033,BRAF,5.0
11427553,EPHA5,5.0
17755052,RET(V804L),5.0
5328940,PIK3CA(E542K),5.0
10113978,RSK2(KinDom.1-N-terminal),5.0
24889392,CAMK2B,5.0
11409972,KIT,8.267606240177031
3038522,HUNK,5.0
123631,PKNB(Mtuberculosis),5.0
11364421,DAPK1,6.267606240177032
11984591,PIK3CA(H1047L),5.0
3062316,RIPK4,5.0
11314340,p38-delta,5.0
176155,BRSK2,5.0
3038522,FLT3(N841I),7.537602002101044
11409972,JAK1(JH2domain-pseudokinase),5.0
9929127,MLK3,5.0
16722836,ASK2,5.0
9929127,MST1,5.0
11314340,TTK,5.0
123631,MAP3K15,5.0
10461815,HUNK,5.853871964321762
9915743,ABL1(F317I)p,5.0
10113978,CASK,5.0
42642645,PKN1,5.0
11314340,PKAC-alpha,7.251811972993799
153999,PRKG2,5.508638306165728
11427553,YANK2,5.0
176167,FGFR2,5.0
44150621,SIK,5.0
216239,ULK3,5.0
24889392,PLK3,5.0
24889392,AURKA,5.0
176155,LRRK2(G2019S),5.0
123631,TRKC,5.0
3025986,DAPK1,5.0
10461815,MYO3A,5.0
153999,PKAC-beta,5.494850021680094
24889392,FGFR1,5.0
5287969,MYLK2,5.0
24180719,SBK1,5.0
16725726,SRPK1,5.0
44259,PHKG2,9.853871964321762
5328940,TLK1,6.2441251443275085
9929127,EPHA5,5.0
3025986,RET,5.0
5329102,DYRK1A,6.698970004336019
5329102,ACVRL1,5.0
216239,GAK,5.0
10461815,MYLK2,6.017728766960432
176167,RSK2(KinDom.1-N-terminal),7.060480747381382
11338033,EPHB3,5.0
644241,MAP3K2,5.0
11364421,KIT(A829P),5.0
644241,ABL1(M351T),7.823908740944319
151194,NEK3,5.0
10138260,PIK3CA(M1043I),5.0
11409972,CSNK2A2,5.0
644241,ULK3,5.0
156414,DCAMKL1,5.0
5494449,DAPK1,5.0
176167,CDK8,5.0
644241,PAK1,5.0
11427553,YES,7.744727494896694
11984591,YANK3,5.0
151194,ADCK3,5.0
9929127,DLK,5.0
25243800,PIK3CA(C420R),6.698970004336019
10138260,EPHB1,5.366531544420414
208908,ABL1(Y253F),5.0
44259,MST3,6.920818753952375
5287969,RSK1(KinDom.2-C-terminal),6.142667503568732
3025986,EGFR(L858RT790M),5.0
42642645,CSNK1E,5.337242168318426
176870,ULK3,6.036212172654444
11409972,EGFR(L747S752del),6.259637310505756
42642645,PLK2,5.0
123631,TYK2(JH1domain-catalytic),5.0
153999,ROS1,5.236572006437063
3038522,PIK3CB,5.0
44259,PLK2,6.698970004336019
44259,PAK2,8.508638306165727
9915743,PDPK1,5.0
3062316,EPHB1,9.346787486224656
176167,TLK1,6.292429823902063
11485656,MRCKA,5.0
24889392,HIPK1,5.0
5329102,MARK4,5.443697499232713
3038522,PIP5K1C,5.0
42642645,p38-beta,6.119186407719209
24889392,PRKG1,5.0
11314340,KIT(A829P),5.0
10127622,GRK7,5.0
5328940,MINK,8.494850021680094
208908,GAK,5.0
3025986,EGFR(L858R),5.0
11427553,PIK3CA(I800L),5.0
25243800,RIPK1,5.0
176155,PIK3CA(H1047Y),5.0
11427553,CSNK2A1,5.920818753952375
24889392,FLT3,8.886056647693163
11427553,CSNK1G1,5.920818753952375
644241,PIK3CA,5.0
151194,GRK1,5.0
44259,MLCK,6.853871964321762
9915743,GRK1,5.0
10138260,HPK1,7.823908740944319
11364421,PIP5K1C,5.0
24180719,IKK-alpha,5.0
10113978,TNNI3K,5.0
11314340,LIMK2,5.0
5329102,MAP3K2,7.244125144327507
11409972,AURKC,6.130768280269024
42642645,ABL1(T315I),7.744727494896694
10127622,SBK1,5.0
11364421,ABL1(T315I),5.0
11409972,STK33,5.920818753952375
644241,AMPK-alpha1,5.0
10138260,LRRK2,7.142667503568732
151194,RIOK1,5.0
44150621,MRCKB,5.0
644241,OSR1,5.0
11409972,BMPR1B,5.0
5287969,ABL1(Y253F),5.795880017344075
25243800,PRKG2,6.2839966563652006
644241,RET(M918T),5.958607314841775
208908,JNK2,5.0
24889392,MUSK,6.0
25243800,ADCK3,5.494850021680094
10127622,PIK3CA(C420R),5.0
11427553,KIT,7.275724130399211
11314340,CDK9,6.744727494896694
24180719,PRKD3,5.0
17755052,NEK9,5.0
11364421,MAP3K2,5.0
11485656,PRKG1,5.0
11314340,FYN,5.0
10113978,RIPK5,5.0
17755052,SRC,5.0
123631,TTK,5.0
11485656,ABL1(F317I)p,5.0
11314340,ACVR1,5.0
123631,GSK3B,5.0
176870,TEC,5.0
44150621,PRKD2,5.0
16725726,PRKD2,5.0
644241,ERN1,5.0
176870,SRMS,5.0
3062316,MAP3K2,6.853871964321762
216239,ADCK3,5.0
11427553,AMPK-alpha2,6.356547323513813
10113978,PHKG1,5.0
25243800,ABL1(T315I)p,6.920818753952375
10138260,ABL1(H396P),6.619788758288394
5329102,TIE2,5.0
11314340,PRKD3,6.0
24889392,FLT3(N841I),8.387216143280265
644241,ERK3,5.0
44150621,RIOK1,6.376750709602099
176155,CSK,5.0
24889392,MLCK,6.3872161432802645
216239,MYLK4,5.0
10138260,FER,7.468521082957745
151194,EGFR(L858RT790M),5.0
644241,FGR,6.494850021680094
44150621,NEK2,5.698970004336019
17755052,JAK1(JH2domain-pseudokinase),6.366531544420414
17755052,TTK,5.366531544420414
10461815,DMPK2,5.0
5328940,PRKX,5.0
10461815,SBK1,5.0
5494449,ERK3,5.0
11427553,ERN1,5.455931955649724
11984591,BLK,7.602059991327962
123631,LRRK2,5.0
9933475,TRKC,5.0
176870,DAPK1,5.0
644241,KIT(A829P),7.337242168318426
44259,MKK7,7.522878745280337
123631,TNK2,5.0
11427553,ICK,5.657577319177793
208908,BLK,5.0
176870,RIOK1,5.0
9915743,EPHA5,5.0
11314340,AURKB,5.0
208908,ACVR2A,5.0
644241,CSNK2A1,5.0
5329102,CSNK1A1,7.00436480540245
153999,CHEK2,5.431798275933005
11427553,EPHA8,5.0
44150621,TIE2,5.0
11427553,PIP5K2C,5.0
176870,PIP5K2C,6.0
10427712,AMPK-alpha2,5.0
44150621,ACVR1,5.0
10138260,RSK1(KinDom.1-N-terminal),6.744727494896694
123631,PAK6,5.0
3025986,EPHA5,5.0
156414,ROCK1,5.0
10427712,MAP3K1,5.0
24180719,HIPK2,5.301029995663981
644241,PRKX,5.0
10138260,SRMS,7.207608310501746
5328940,PKAC-alpha,5.0
3062316,HIPK1,5.0
176155,TTK,5.6020599913279625
17755052,BRSK2,5.0
176167,TBK1,5.0
3025986,DRAK2,5.0
644241,LZK,5.0
208908,YANK2,5.0
9915743,EPHA7,5.0
3025986,INSR,5.0
44259,PIK3CD,5.0
644241,PHKG2,5.0
156414,ABL1(Y253F),7.376750709602099
10461815,CSNK2A2,5.251811972993799
5329102,BRSK2,5.958607314841775
9929127,NIM1,5.0
10461815,RPS6KA5(KinDom.2-C-terminal),5.958607314841775
5328940,PAK1,5.638272163982407
16722836,NIM1,5.356547323513813
9933475,ACVR1,5.468521082957745
176167,FGFR1,5.3979400086720375
11984591,MAP3K4,6.075720713938118
5494449,PLK2,5.0
9929127,OSR1,5.0
123631,ABL1(H396P)p,6.337242168318426
5328940,CDK9,5.0
5287969,GSK3B,6.136677139879544
11409972,SRMS,7.142667503568732
9933475,CSNK1G3,5.0
3062316,FYN,9.102372908709558
5287969,KIT(V559D-T670I),5.0
42642645,CSNK2A1,5.0
5329102,GCN2(KinDom2S808G),6.744727494896694
644241,FYN,5.795880017344075
24180719,TIE2,5.0
176155,PIK4CB,5.0
11364421,RIPK5,5.0
17755052,AURKB,5.0
3062316,PIK3CA(E545A),5.0
11409972,PIK3CA(Q546K),5.0
16725726,PFTK1,5.0
3038522,BRSK2,5.0
644241,CSNK1E,5.0
176870,EPHB3,5.0
5287969,RIOK1,5.0
644241,RIPK2,5.0
42642645,PCTK1,6.050609993355088
123631,FLT3(N841I),5.522878745280337
10461815,CSNK2A1,5.0
42642645,PIM1,5.0
153999,CTK,5.0
3025986,KIT(D816H),5.0
24180719,MET(Y1235D),5.0
44150621,MAP3K1,5.0
11485656,PAK2,5.0
9929127,JAK1(JH2domain-pseudokinase),5.0
10127622,NEK5,5.0
5494449,PKMYT1,5.0
10461815,NEK3,5.0
11485656,ERK1,5.0
11314340,TNK2,5.0
176870,GRK1,5.0
3025986,ERK1,5.0
11338033,LTK,5.0
176167,JAK1(JH2domain-pseudokinase),5.0
44150621,PYK2,5.0
24180719,TLK2,5.0
42642645,PIK3CA(C420R),5.0
16725726,RPS6KA5(KinDom.2-C-terminal),6.795880017344075
16725726,TTK,5.0
11364421,PKNB(Mtuberculosis),5.0
10461815,PKN1,5.0
3038522,KIT(D816V),7.537602002101044
9933475,ERN1,6.292429823902063
11364421,IGF1R,5.0
208908,STK39,5.0
25243800,RIPK5,6.292429823902063
10138260,SIK,5.568636235841013
10427712,PLK3,5.0
10461815,ROS1,5.522878745280337
24889392,EPHB3,5.0
5494449,TNNI3K,5.0
3062316,PIK3CA(C420R),5.0
42642645,MYLK2,5.638272163982407
176167,JNK2,5.0
10113978,TNIK,6.508638306165728
176167,TLK2,5.853871964321762
176870,PDPK1,5.0
151194,ICK,5.0
9929127,TTK,5.0
24889392,BRAF,5.0
11338033,MET(Y1235D),5.0
11409972,FYN,7.301029995663981
11409972,MST3,5.886056647693163
44259,ERN1,7.67778070526608
10427712,ASK1,5.0
153999,FER,5.0
9915743,TYK2(JH1domain-catalytic),5.0
176870,NIM1,5.0
11984591,CAMK2B,5.0
11314340,ABL1(Q252H),5.0
25243800,MKK7,5.0
42642645,RSK1(KinDom.2-C-terminal),5.0
156414,PIK3CA(H1047Y),5.0
9929127,PIK3CB,5.0
10427712,CSNK2A2,5.823908740944319
10461815,EGFR(L858RT790M),5.0
5287969,WEE2,5.0
44259,OSR1,6.356547323513813
5494449,TNK2,5.356547323513813
208908,TEC,5.0
5329102,LIMK1,5.0
24180719,DRAK2,5.0
11984591,RIPK4,6.657577319177793
16722836,DRAK2,7.346787486224656
44150621,TNK2,5.0
11314340,MST1,5.0
176167,YES,5.0
5329102,ABL1(T315I),6.823908740944319
44150621,GSK3B,6.455931955649724
24180719,CSNK1G2,5.3872161432802645
10127622,EGFR(L858R),5.096910013008056
176155,MARK3,5.0
5494449,PIP5K2B,6.853871964321762
11364421,MERTK,5.508638306165728
42642645,MAP3K4,5.721246399047171
5328940,CAMK4,5.0
24889392,MYLK2,5.0
3038522,ERBB2,5.0
10113978,EPHB3,5.0
44150621,JAK1(JH2domain-pseudokinase),6.42021640338319
11427553,TTK,6.958607314841775
216239,RIPK1,5.0
176167,LIMK1,5.0
3062316,DCAMKL2,5.0
24180719,PYK2,5.0
11984591,PKN1,6.180456064458132
176870,FGR,5.958607314841775
5494449,NIM1,5.0
176155,STK39,5.0
16722836,ICK,5.721246399047171
24180719,ABL1(H396P)p,5.301029995663981
11338033,ASK2,5.0
176155,NIM1,5.0
151194,AURKB,5.0
16725726,FGFR1,5.0
44259,NEK5,6.091514981121351
5287969,RET,5.0
5494449,EPHB1,5.721246399047171
5328940,MET(Y1235D),5.508638306165728
24889392,GAK,5.0
176155,ABL1(F317I),5.0
11984591,EPHB1,6.4089353929735005
16722836,LTK,5.200659450546419
123631,MLK1,5.0
44150621,ERK3,5.0
9915743,FLT3(K663Q),5.309803919971486
123631,PIK3CG,5.0
176167,TNNI3K,5.0
3038522,EGFR(L858R),6.3979400086720375
3025986,DYRK1B,6.698970004336019
11338033,MAP4K2,5.0
10461815,PRKX,5.0
123631,MYLK2,5.721246399047171
9933475,CAMK4,5.0
10113978,RET,6.508638306165728
153999,PLK2,5.0
151194,PIP5K2C,5.0
176155,PKNB(Mtuberculosis),5.0
10461815,PAK6,5.0
10138260,PKAC-beta,5.0
3038522,GRK1,5.0
5329102,ABL1(M351T),6.920818753952375
216239,ACVR2A,5.0
11409972,RIOK1,5.0
44150621,OSR1,5.0
10461815,TNNI3K,5.0
16722836,GAK,8.958607314841775
16725726,ABL1(Q252H),5.0
11485656,SRC,5.0
25243800,MAP3K4,5.0
3025986,FLT3(D835Y),5.522878745280337
156414,ABL1(F317I),5.494850021680094
9929127,MUSK,5.0
644241,YANK3,5.0
151194,MAP4K2,5.0
176870,PIK3CA,5.0
156414,HIPK3,5.0
176870,ABL1(H396P),7.050609993355088
17755052,FAK,5.0
10113978,YANK2,5.0
16722836,FLT4,5.698970004336019
153999,JNK3,5.0
44150621,EGFR(L858R),5.0
10461815,ROCK1,5.0
9933475,ACVR2A,5.0
10113978,MARK1,5.0
11409972,MAP3K1,5.744727494896694
16722836,PRKCQ,5.0
176167,MET(Y1235D),5.075720713938119
5287969,AURKA,5.0
10127622,CDK9,5.0
644241,PKAC-alpha,5.0
5287969,BLK,5.0
5328940,ACVR2A,5.0
153999,MEK6,5.4089353929735005
44150621,HPK1,7.356547323513813
644241,SRPK3,5.0
9929127,CSNK2A2,5.0
24889392,LRRK2,5.0
5287969,ERK1,5.0
11427553,p38-beta,5.853871964321762
10427712,PIK3CA(Q546K),7.0655015487564325
44150621,GSK3A,5.0
42642645,BRAF(V600E),5.638272163982407
11984591,PIK3CD,5.376750709602099
9915743,RPS6KA5(KinDom.2-C-terminal),5.0
5329102,JAK1(JH2domain-pseudokinase),7.309803919971486
10427712,FLT3(K663Q),5.0
644241,YES,5.958607314841775
10461815,KIT,5.494850021680094
10138260,FLT4,7.301029995663981
16725726,PLK1,5.0
24180719,PRKX,5.0
5287969,FLT3,5.0
16722836,FES,6.275724130399211
10427712,TNNI3K,5.853871964321762
10138260,JAK1(JH2domain-pseudokinase),7.013228265733755
208908,NEK3,5.0
5329102,ACVR1B,5.0
9929127,SRMS,5.0
9929127,CSK,5.0
44259,GSK3B,7.161150909262744
44150621,GRK7,5.886056647693163
44150621,KIT,8.1249387366083
17755052,PIK3CA,8.958607314841775
5328940,CASK,6.080921907623926
10461815,FGFR2,5.2839966563652006
24180719,LRRK2(G2019S),5.0
216239,DMPK2,5.0
5287969,SRPK1,5.0
24180719,RSK1(KinDom.1-N-terminal),5.0
5494449,EPHA5,5.0
44259,PRKCE,9.602059991327964
11409972,DYRK1A,5.0
153999,ABL1(E255K),5.0
42642645,EGFR(E746A750del),6.508638306165728
24889392,CSNK1G1,5.0
10461815,ABL1(Y253F),5.920818753952375
9929127,PRKX,5.0
9915743,MINK,7.537602002101044
10461815,BRAF(V600E),5.0
644241,BTK,5.0
17755052,PDPK1,5.0
25243800,PIK3CA(H1047Y),6.356547323513813
9933475,ULK3,5.0
10138260,DCAMKL1,6.259637310505756
10427712,ZAK,5.0
176167,PCTK2,5.0
5494449,MAP3K1,5.0
16722836,PKAC-alpha,5.0
11338033,CAMK4,5.0
25243800,ABL1(T315I),6.0
10138260,AMPK-alpha2,6.537602002101044
11338033,PIK3CB,5.0
5329102,RIPK5,5.886056647693163
42642645,ULK3,6.346787486224656
24889392,LKB1,5.0
16722836,CDK5,5.0
9929127,AMPK-alpha2,5.0
3025986,JNK2,5.0
153999,RSK1(KinDom.2-C-terminal),5.0
5329102,PDPK1,5.455931955649724
11485656,PIK3CA,5.0
3025986,RIPK2,5.0
176155,LRRK2,5.0
25243800,CSNK1E,7.508638306165728
176167,MLK3,5.0
5328940,BRAF,5.0
44259,BRAF,5.0
216239,PAK7,5.0
24889392,PIK3CA(C420R),5.0
11409972,CSNK1G1,6.0
9915743,EGFR(L747S752del),9.031517051446064
644241,CDC2L5,5.0
216239,ROCK1,5.0
10127622,MINK,5.0
10113978,OSR1,5.0
123631,CAMK4,5.0
9933475,PRKG1,5.0
176167,DYRK1A,6.795880017344075
151194,SIK,5.0
9929127,RSK1(KinDom.2-C-terminal),5.0
176155,ABL1(F317I)p,5.0
44150621,LATS1,5.769551078621726
11984591,RET(V804L),8.657577319177793
644241,SGK3,5.0
216239,RIOK1,5.0
156414,MAP3K15,5.0
9933475,LIMK2,5.0
5287969,RIPK2,5.0
9929127,CSNK1G2,5.0
11984591,NEK11,6.769551078621726
11364421,MST1,5.0
44259,EPHA8,6.721246399047171
17755052,CDK11,5.0
44259,PIK3CA(H1047Y),5.0
11409972,TRKC,7.468521082957745
10427712,MARK1,5.0
11427553,MARK3,5.886056647693163
5494449,MAP3K2,5.958607314841775
11427553,PIM1,5.0
11364421,MAP3K4,5.0
11427553,TLK1,5.568636235841013
11984591,ACVR1B,5.958607314841775
5329102,AMPK-alpha2,7.050609993355088
5287969,BTK,5.0
5494449,FLT3,8.187086643357144
11409972,PIK3CG,5.0
10113978,FGFR2,6.6777807052660805
11984591,ACVRL1,5.0
42642645,DCAMKL1,5.0
5494449,CDC2L5,5.0
5287969,PIK3CA(I800L),5.0
10461815,YANK2,5.0
5329102,GRK4,6.853871964321762
10461815,WEE2,5.0
10127622,YANK3,5.0
3038522,LKB1,5.0
11338033,PIK3CA(C420R),5.0
5329102,EPHB1,6.318758762624413
17755052,RIOK1,5.0
11427553,ACVR1,6.853871964321762
42642645,DMPK2,6.744727494896694
3038522,AAK1,5.0
24889392,BRAF(V600E),5.0
11364421,ABL1(F317I)p,5.0
151194,BRAF,5.0
11364421,EGFR(L858R),5.886056647693163
123631,PRKCH,5.0
24889392,PLK4,5.0
10427712,PCTK1,5.0
10138260,TBK1,6.795880017344075
9933475,FGR,5.958607314841775
44259,MRCKA,7.244125144327507
10127622,MRCKB,5.0
10427712,MST1,5.0
3038522,RSK1(KinDom.1-N-terminal),5.0
10113978,RET(V804M),5.638272163982407
10427712,LKB1,5.0
16722836,GRK7,5.585026652029182
9933475,NEK3,5.0
5329102,CSNK1E,7.886056647693163
24180719,ABL1(F317I)p,5.301029995663981
156414,YANK3,5.0
16725726,RET(V804L),5.0
17755052,ITK,5.0
208908,CSNK1G2,5.0
16722836,EGFR(E746A750del),5.2076083105017466
10461815,ULK3,5.0
11427553,MYLK,6.130768280269024
11314340,FER,5.0
208908,EGFR(S752I759del),8.3767507096021
11485656,IKK-alpha,5.0
16725726,HIPK1,6.292429823902063
25243800,NEK4,5.0
11409972,PCTK2,7.823908740944319
42642645,ROCK1,5.0
10461815,SRPK3,5.795880017344075
24889392,DAPK2,5.0
156414,DYRK1B,5.0
11409972,OSR1,5.0
9915743,MRCKA,5.0
156414,ROS1,5.0
5328940,ULK1,5.920818753952375
11485656,CDKL5,5.0
5329102,CTK,5.113509274827518
11364421,GRK4,5.0
3062316,FES,5.0
156414,INSR,5.0
3038522,RET(V804L),5.0
123631,PIK3CA(Q546K),5.0
11485656,KIT(V559D-T670I),8.42021640338319
24180719,CAMK2B,5.0
24180719,EGFR(L747T751del),5.0
16725726,WEE2,5.0
176870,TESK1,5.0
5494449,ACVR2B,5.0
17755052,MET(M1250T),5.0
44259,PIK3CA(I800L),5.0
44259,CSNK1E,7.136677139879544
3025986,RPS6KA5(KinDom.1-N-terminal),5.045757490560675
11427553,GSK3B,5.0
216239,MAP3K4,5.0
5287969,MLK1,5.2441251443275085
16722836,MAK,5.0
10127622,CASK,5.0
44259,EGFR(L747S752del),6.522878745280337
9915743,SNARK,6.853871964321762
9933475,GRK4,5.0
3038522,TYK2(JH1domain-catalytic),5.0
9929127,TIE2,5.0
9929127,MAP3K15,5.0
3025986,FLT3(K663Q),5.0
10138260,RET(M918T),7.619788758288394
16725726,KIT(V559D-V654A),5.455931955649724
44259,PCTK1,7.619788758288394
176870,ERK5,5.0
5494449,ABL1(M351T),8.275724130399212
44259,ERK1,5.075720713938119
123631,GCN2(KinDom2S808G),5.0
9933475,ULK1,5.0
42642645,PIK3CA(H1047L),5.0
42642645,ASK2,5.0
176167,SNARK,5.3872161432802645
3062316,TNNI3K,7.958607314841775
11338033,MET(M1250T),5.0
10427712,BLK,5.0
10461815,ASK2,5.0
9915743,PRKG2,5.0
10427712,ABL1(Q252H),5.0
153999,PIK3CA(M1043I),5.0
10127622,PKAC-beta,5.0
16722836,HUNK,5.0
11364421,PIK3CA(M1043I),5.0
151194,RET(M918T),5.119186407719209
10127622,NIM1,5.0
3025986,JAK1(JH2domain-pseudokinase),5.0
10127622,SIK,5.0
10138260,PIM3,5.619788758288394
25243800,PIK3CA(H1047L),6.42021640338319
10427712,HIPK3,5.0
10127622,PLK1,5.0
44150621,RET,7.1487416512809245
10127622,MARK3,5.0
11427553,ERK1,5.0
11485656,PLK2,5.0
3062316,RSK1(KinDom.1-N-terminal),5.0
11364421,SRPK3,5.0
176167,RIPK4,5.0
176167,HPK1,5.744727494896694
5287969,CAMK2B,5.327902142064283
156414,MST1,5.0
24180719,HIPK3,5.013228265733755
644241,PIK4CB,5.0
25243800,PIM1,5.823908740944319
151194,SRC,5.0
5329102,PLK2,5.327902142064283
3025986,PKMYT1,5.0
25243800,CSK,5.698970004336019
9915743,ULK1,5.0
11314340,MYLK4,5.823908740944319
11364421,ACVR1B,5.0
156414,PLK4,5.0
123631,FLT4,5.0
123631,LTK,5.259637310505756
24180719,CDK8,5.721246399047171
16722836,CASK,5.552841968657781
644241,MINK,5.0
10127622,BTK,5.0
11338033,NEK11,5.0
10113978,RIPK1,6.585026652029182
176870,MRCKA,5.0
10113978,CDK11,5.0
10461815,MYLK4,5.0
11485656,ICK,5.0
5329102,RIPK2,5.0
10138260,p38-delta,5.0
3025986,CTK,5.0
644241,EGFR(S752I759del),5.0
44259,EPHA7,6.200659450546419
44150621,NEK4,5.568636235841013
3025986,SRC,5.0
208908,ZAK,5.0
11485656,PIK3CA(M1043I),5.0
208908,PCTK2,5.0
11409972,RSK2(KinDom.1-N-terminal),5.0
10113978,RSK1(KinDom.1-N-terminal),5.0
5494449,TESK1,5.251811972993799
5494449,ERK1,5.0
10427712,PRKD2,5.0
24180719,LRRK2,5.0
5494449,PDPK1,5.0
3062316,KIT(D816V),8.585026652029182
24889392,MARK1,5.0
151194,SGK3,5.0
176870,MARK3,5.0
17755052,YANK2,5.0
123631,MUSK,5.0
123631,RET,5.0
42642645,KIT(D816V),8.017728766960431
11314340,GSK3B,6.455931955649724
123631,PAK7,5.0
5329102,FES,6.017728766960432
5287969,LIMK1,5.0
11314340,MARK4,5.0
10427712,EPHA7,5.0
5287969,CASK,5.0
17755052,EPHA8,5.0
3038522,TLK2,5.0
156414,FGR,5.552841968657781
216239,TXK,5.0
123631,ROS1,5.0
10138260,FYN,5.585026652029182
123631,CHEK2,6.096910013008056
9929127,CAMK1G,5.0
153999,MERTK,5.0
25243800,EPHA7,5.0
5329102,HIPK1,7.259637310505756
3062316,PIM1,5.0
5287969,PLK3,5.0
644241,MKK7,5.0
11984591,TEC,5.795880017344075
11409972,PLK1,5.0
10461815,RIPK2,5.0
208908,RIOK1,5.0
11338033,JAK1(JH2domain-pseudokinase),5.0
5287969,PAK6,5.0
24889392,MST3,5.0
123631,PLK2,5.0
11427553,PYK2,6.119186407719209
11409972,TESK1,5.619788758288394
156414,NIM1,5.0
176155,AMPK-alpha1,5.0
9915743,CTK,5.0
17755052,CHEK2,5.0
11409972,INSR,5.657577319177793
9933475,PLK3,5.0
5287969,ABL1(T315I),5.0
11485656,FLT3,9.200659450546418
11409972,FGFR1,6.2076083105017466
5329102,PLK3,5.0
10138260,CDK8,5.0
11409972,RIOK3,5.0
176155,PKMYT1,5.0
11409972,EPHB1,6.744727494896694
11409972,SRPK1,5.0
123631,FLT3(D835Y),6.0
11984591,LIMK2,5.853871964321762
44150621,PIK3CG,5.0
11984591,NEK4,5.744727494896694
11314340,ABL1(F317I)p,5.0
16722836,FER,5.958607314841775
176167,ABL1(F317I),5.0
10127622,ERBB2,5.0
42642645,MKK7,5.0
3038522,HIPK2,5.0
5287969,INSR,5.0
3025986,BLK,5.0
644241,DLK,5.0
10427712,ABL1(F317I)p,5.0
9929127,PIM3,5.0
123631,MLK3,5.0
3025986,SIK,5.0
156414,TRKC,5.0
11984591,CSK,6.795880017344075
5329102,PKMYT1,5.0
644241,KIT(D816H),6.267606240177032
42642645,PCTK2,6.769551078621726
11314340,ERBB2,5.0
9933475,RSK4(KinDom.2-C-terminal),5.0
3038522,TTK,5.0
11314340,ABL1(E255K),5.0
44259,WEE2,5.0
5328940,BMX,6.698970004336019
44259,LIMK2,5.036212172654444
44150621,EPHA8,5.0
24180719,GSK3A,5.0
10138260,DRAK2,6.494850021680094
16722836,PCTK1,5.508638306165728
10461815,ACVRL1,5.0
216239,PLK2,5.0
11364421,TBK1,5.0
24889392,DCAMKL1,5.0
10127622,BLK,5.0
10113978,MLCK,5.0
24889392,RIOK3,5.0
16725726,MET(Y1235D),5.0
11338033,ABL1(T315I)p,5.0
5287969,p38-beta,5.0
10127622,LATS1,5.0
3038522,PIK4CB,5.0
11314340,PDGFRB,5.0
11314340,PFCDPK1(Pfalciparum),5.0
10127622,CDK8,5.0
10427712,SRC,5.0
208908,ABL1(M351T),5.0
5328940,TIE2,5.4089353929735005
10127622,GRK1,5.0
9933475,PLK2,5.0
644241,PRKG1,5.0
156414,p38-delta,5.0
156414,CDK9,5.0
11984591,CHEK2,5.0
44150621,ADCK3,5.0
156414,TEC,5.823908740944319
44259,EGFR(L858R),6.568636235841013
25243800,FGFR1,6.2441251443275085
3062316,CTK,5.0
176155,EGFR(L858R),5.721246399047171
11409972,MEK6,5.0
16725726,AMPK-alpha2,5.0
16725726,TNK2,5.0
10127622,TGFBR2,5.0
11338033,ASK1,5.0
176870,PIK3CD,5.0
10127622,RIOK3,5.0
5328940,DYRK1B,5.0
42642645,PFTK1,7.508638306165728
5329102,MUSK,6.309803919971486
42642645,CDK8,6.886056647693163
11314340,NEK2,5.0
5328940,FLT3(N841I),5.468521082957745
176870,CAMK2B,5.0
10427712,KIT,5.0
10461815,EGFR(E746A750del),5.0
11427553,PRKCQ,5.0
3025986,KIT(D816V),5.0
10461815,MRCKB,5.0
11314340,CDK8,5.455931955649724
5287969,ACVR1B,5.0
3062316,DLK,5.0
3062316,PIK3CA(I800L),5.0
208908,RSK4(KinDom.2-C-terminal),5.0
11338033,ABL1(H396P)p,5.0
16722836,TYK2(JH2domain-pseudokinase),6.346787486224656
3025986,MUSK,5.0
3025986,ACVR2A,5.0
9933475,CDK5,5.0
24180719,LTK,5.0
10461815,ITK,5.0
176870,PAK2,5.0
10127622,EPHB3,5.0
10138260,MLK1,5.585026652029182
16722836,ABL1(M351T),7.301029995663981
176155,ULK1,5.0
156414,LATS1,5.0
3025986,ITK,5.0
9915743,PRKD3,5.619788758288394
208908,KIT(D816H),5.0
156414,SRC,5.958607314841775
42642645,LTK,6.958607314841775
42642645,RPS6KA5(KinDom.1-N-terminal),5.0
10113978,ABL1(F317I),5.0
11485656,DYRK1A,5.0
123631,TIE2,5.0
153999,PRKCE,7.958607314841775
176167,CSNK1G3,5.0
24180719,IGF1R,5.0
151194,FGR,5.0
5328940,LRRK2,6.301029995663981
10427712,FER,5.0
123631,RIOK3,5.0
16725726,CHEK2,5.275724130399211
10113978,PIK3CB,5.0
44150621,PRKX,5.0
153999,AMPK-alpha1,5.0
176155,MRCKB,5.568636235841013
10138260,NEK5,5.0
176155,GAK,7.721246399047171
151194,MAK,5.0
3038522,YES,5.0
11364421,MKK7,5.0
176155,GRK4,5.0
16725726,DMPK2,5.0
10113978,CSNK1A1,5.0
9915743,ACVR2B,5.0
3062316,PIK3CD,5.0
5328940,PIK3CG,5.0
10127622,TLK1,5.0
3025986,JNK3,5.229147988357856
5328940,NEK11,6.187086643357144
9933475,RET(V804M),5.42021640338319
9929127,ACVR1B,5.0
25243800,AAK1,5.795880017344075
16722836,ABL1(H396P)p,7.214670164989233
10127622,DCAMKL2,5.0
17755052,PIK3CA(E545K),8.920818753952375
176167,TESK1,5.0
176155,CSNK2A1,5.0
9929127,KIT(V559D-V654A),5.0
3025986,PIK3CA(E545A),5.0
10461815,PAK1,5.537602002101044
644241,TNNI3K,6.443697499232713
25243800,TYK2(JH1domain-catalytic),6.552841968657781
44150621,PIM1,5.0
17755052,MST3,5.0
5328940,PDPK1,5.0
16722836,RET,6.886056647693163
16725726,PIK3CA(Q546K),5.0
153999,TBK1,6.013228265733755
42642645,BMX,6.698970004336019
176155,PAK2,5.0
5287969,TTK,5.0
10427712,RSK4(KinDom.2-C-terminal),6.013228265733755
10138260,PAK1,5.0
11485656,MAP3K1,5.0
3038522,PRKCQ,5.0
10427712,ABL1(T315I),5.10790539730952
11409972,MST1,5.522878745280337
3038522,p38-beta,5.0
176870,ROCK1,5.0
10127622,DLK,5.0
16725726,CAMK1G,5.0
24180719,LZK,5.0
5287969,MET(M1250T),5.0
156414,PKN1,5.0
24889392,RSK2(KinDom.1-N-terminal),5.0
44150621,ICK,5.0
5494449,LKB1,5.886056647693163
3038522,FLT4,5.142667503568732
153999,AURKA,5.0
16722836,PRKX,5.0
3038522,INSR,5.0
216239,ASK2,5.0
5328940,PRKD3,5.337242168318426
3025986,EPHB1,5.0
153999,ABL1(F317I),5.0
9929127,PIP5K1C,5.0
3062316,MARK3,5.0
156414,GRK7,5.0
5329102,RET(V804M),8.236572006437063
11338033,NEK9,5.0
11364421,EPHA5,5.0
44259,ABL1(T315I)p,8.537602002101044
9915743,NEK3,5.619788758288394
153999,MUSK,5.0
10113978,MAK,5.0
17755052,CSNK1G2,5.0
176870,MST3,5.0
25243800,TRKB,5.552841968657781
9929127,RIOK2,5.0
11338033,CDK5,6.154901959985743
10427712,TLK2,5.0
176870,TTK,5.431798275933005
10427712,HPK1,5.0
42642645,PHKG2,5.0
5494449,MAP4K2,5.585026652029182
24180719,ERBB2,5.0
16725726,TIE2,5.0
16725726,RET(M918T),5.886056647693163
11314340,PRKD2,5.0
11314340,EPHB1,5.0
44259,FES,7.638272163982407
151194,CDK11,5.823908740944319
11409972,HIPK2,8.136677139879545
3025986,CSNK1G3,5.0
176155,ABL1(E255K),5.0
3062316,MST1,5.42021640338319
9929127,RSK2(KinDom.1-N-terminal),5.0
153999,MAP3K4,5.0
42642645,ADCK3,5.0
10461815,CDKL5,5.0
16725726,BTK,5.0
9933475,FES,5.0
5494449,RIPK1,7.698970004336019
176870,MLK3,5.0
44150621,MST1,6.698970004336019
5328940,PLK1,5.744727494896694
176155,DAPK2,5.0
151194,SRPK1,5.0
176167,AMPK-alpha2,5.301029995663981
44150621,EPHB1,5.0
3038522,RIOK3,5.0
176155,TAOK3,5.0
16725726,DCAMKL2,5.0
208908,GRK7,5.0
208908,LKB1,5.0
11338033,LRRK2(G2019S),5.0
11984591,SRPK1,6.229147988357856
208908,MRCKA,5.0
176155,SRMS,5.0
11314340,PIK3CA(E542K),5.0
3038522,PFTK1,5.0
11314340,JAK1(JH2domain-pseudokinase),5.0
9915743,DCAMKL1,5.0
11364421,ULK1,5.0
156414,LRRK2(G2019S),5.958607314841775
16725726,p38-beta,5.0
176167,PLK4,5.0
24889392,ABL1(F317I),5.0
151194,TEC,5.0
44259,ABL1(T315I),8.075720713938118
9933475,BRAF(V600E),5.0
10461815,PLK1,5.0
5328940,DCAMKL2,5.0
5328940,HUNK,5.301029995663981
176155,RSK4(KinDom.2-C-terminal),6.6020599913279625
10113978,PLK3,5.0
16722836,BMPR1B,6.3872161432802645
10461815,PIK3CB,5.0
11364421,MYLK,7.013228265733755
11984591,BMX,6.744727494896694
153999,PKNB(Mtuberculosis),5.0
10127622,NEK9,5.0
44150621,FLT3(K663Q),8.958607314841775
24180719,MET(M1250T),5.0
17755052,TIE2,5.0
11338033,RIOK2,5.0
123631,FER,5.0
10113978,FLT3(D835Y),6.091514981121351
10427712,PCTK2,5.0
176155,PYK2,5.0
176155,MAP3K2,5.0
176167,RET,5.0
123631,DAPK1,5.0
176167,ROS1,5.0
16725726,MKK7,5.0
11364421,FLT3(N841I),5.0
153999,ACVRL1,5.0
208908,AMPK-alpha2,5.0
5328940,AURKC,5.0
11984591,SGK3,5.0
42642645,JNK3,5.4089353929735005
176155,MAP3K4,5.0
16725726,SNARK,7.0655015487564325
11409972,NEK3,5.0
5328940,CDC2L2,5.0
25243800,GCN2(KinDom2S808G),5.0
10127622,MRCKA,5.0
42642645,PIK3CA(I800L),5.0
11314340,ABL1(F317I),5.0
44259,AAK1,8.920818753952375
11984591,FGFR2,7.136677139879544
9929127,GCN2(KinDom2S808G),5.0
42642645,PAK7,5.0
5494449,PIK3CB,5.0
25243800,CSNK2A1,5.920818753952375
11984591,CDK5,5.0
3038522,ERBB4,5.0
208908,FYN,5.0
10113978,PIK3CD,5.0
10113978,FAK,5.0
24889392,EGFR(L858R),5.0
3062316,NEK11,6.327902142064283
123631,EPHB1,5.886056647693163
11364421,CSNK2A2,5.0
44150621,PLK2,6.2441251443275085
10427712,CSK,5.0
3062316,PKAC-beta,5.0
9933475,AAK1,5.0
176870,RSK2(KinDom.1-N-terminal),5.0
11338033,MYLK,5.0
216239,CDKL5,5.0
10138260,PCTK2,5.0
176155,CDKL5,5.0
10461815,TYK2(JH2domain-pseudokinase),5.180456064458132
25243800,FER,5.0
11485656,ULK3,5.0
156414,TGFBR2,6.096910013008056
44150621,RSK4(KinDom.2-C-terminal),5.0
176167,MLCK,5.0
16722836,PDPK1,5.0
9933475,TNK2,5.0
153999,MARK4,5.0
44150621,PIK3CA(H1047L),5.0
176155,TEC,5.0
123631,TYK2(JH2domain-pseudokinase),5.0
11984591,PRKG1,5.0
10113978,LZK,5.0
11338033,SNRK,5.0
44259,ABL1(Q252H),7.67778070526608
153999,ABL1(F317I)p,5.0
25243800,PKNB(Mtuberculosis),5.537602002101044
16722836,STK39,5.795880017344075
5287969,PLK4,5.075720713938119
208908,ULK3,5.0
11409972,RET(M918T),8.346787486224656
25243800,PLK4,7.154901959985743
5494449,ABL1(T315I)p,8.031517051446064
156414,PIK3CA(H1047L),5.0
16725726,OSR1,5.0
3038522,TNNI3K,5.0
156414,BTK,5.795880017344075
644241,KIT(V559D-T670I),6.823908740944319
11984591,INSR,5.958607314841775
44259,PIK3CA(E545K),5.0
216239,SGK3,5.0
11485656,GCN2(KinDom2S808G),5.0
16722836,CDK8,5.0
25243800,MAP3K1,5.6020599913279625
9933475,PKAC-beta,5.0
176870,PIK3CA(E545K),5.0
151194,STK33,5.0
644241,LRRK2(G2019S),5.0
176167,MST3,5.0
10127622,ROS1,5.0
11984591,RPS6KA5(KinDom.2-C-terminal),6.823908740944319
9915743,ULK3,5.0
644241,FLT3,5.0
644241,ACVRL1,5.0
9929127,LRRK2(G2019S),5.0
10427712,LZK,5.0
10427712,ABL1(T315I)p,6.050609993355088
151194,SNRK,5.0
3025986,MAP4K2,5.0
5329102,JNK3,5.366531544420414
16725726,MST3,5.0
10138260,ACVR2A,5.0
11427553,PIK3CA(Q546K),5.0
44259,CAMK4,7.387216143280264
176155,MLK1,5.0
3038522,TRKC,5.698970004336019
5328940,p38-beta,5.0
9933475,MLK1,5.0
3062316,MET(M1250T),5.0
44150621,PCTK1,6.366531544420414
24180719,ULK3,5.0
9915743,ERN1,5.0
11485656,PKN1,5.0
216239,DRAK2,5.0
9933475,CSK,5.0
156414,FLT3(N841I),5.619788758288394
5328940,PRKG1,5.0
156414,ACVR1,5.769551078621726
5494449,TIE2,6.346787486224656
24180719,ERK5,5.0
176155,EGFR(L858RT790M),5.886056647693163
44150621,MLCK,8.698970004336019
9933475,ACVRL1,5.0
11984591,EGFR(S752I759del),6.346787486224656
42642645,JNK2,6.173925197299174
216239,HIPK2,5.769551078621726
10138260,TEC,5.0
153999,DAPK1,6.013228265733755
25243800,CAMK1G,5.0
11314340,RET(M918T),5.0
11364421,TAOK3,5.769551078621726
42642645,ACVR1,5.0
25243800,RSK2(KinDom.1-N-terminal),6.698970004336019
24180719,FGR,7.207608310501746
5287969,ITK,5.0
5287969,PIK3CG,5.0
42642645,CDC2L5,6.6777807052660805
25243800,EGFR(L747S752del),5.619788758288394
5328940,RIOK2,5.0
3025986,STK33,5.0
11364421,PIK3CA,5.0
644241,GSK3A,5.0
24180719,PAK7,5.0
24180719,EPHA7,5.0
9933475,MET(Y1235D),6.251811972993799
153999,MST1,5.0
5328940,FLT3(K663Q),5.657577319177793
3038522,TIE2,5.0
17755052,GRK1,5.0
16722836,MAP4K2,5.6777807052660805
44150621,FLT3(N841I),8.318758762624412
10427712,MAP3K4,5.0
208908,TTK,5.0
16725726,PIP5K1C,5.823908740944319
11984591,MST3,5.0
9929127,TLK1,5.0
11409972,MAP3K15,5.0
3062316,ABL1(H396P),10.602059991327964
156414,RIOK3,5.0
11984591,PCTK2,6.481486060122113
216239,AURKB,6.356547323513813
9933475,MST3,5.0
11409972,KIT(D816V),6.443697499232713
10127622,RIOK1,5.0
3025986,MAP3K2,5.0
10427712,YES,5.0
3062316,PLK4,5.0
25243800,SRC,6.657577319177793
10127622,ERK3,5.0
5287969,MET(Y1235D),5.0
17755052,RIOK2,6.173925197299174
11409972,LIMK1,6.113509274827519
11984591,ZAK,5.0
10138260,LTK,5.376750709602099
44150621,ASK2,5.0
10113978,TBK1,5.0
156414,RIPK1,5.0
10138260,ICK,5.920818753952375
3062316,AMPK-alpha1,5.0
123631,PDGFRB,5.0
10113978,KIT(V559D-T670I),8.187086643357144
5328940,MST3,6.42021640338319
10461815,NEK11,5.0
11364421,MARK3,5.0
9933475,GRK1,5.0
3062316,RET(M918T),6.4089353929735005
3038522,ABL1(T315I),5.0
153999,FLT3(K663Q),6.481486060122113
17755052,JNK3,6.251811972993799
3038522,MLK1,5.0
216239,SRC,5.0
151194,MAP3K2,5.0
5329102,BRAF,5.0
5494449,CTK,5.0
5329102,FLT4,7.301029995663981
156414,TAOK3,5.0
11485656,RIOK1,5.0
3025986,PFCDPK1(Pfalciparum),5.0
3025986,SRPK3,5.0
3062316,RET(V804M),5.0
10138260,YES,6.585026652029182
5328940,GAK,8.886056647693163
16725726,PIK3CB,5.0
10427712,PHKG2,5.0
151194,DAPK1,5.0
151194,KIT(A829P),5.0
208908,BRAF(V600E),5.0
16722836,FLT3(K663Q),7.886056647693163
44150621,PIM3,5.0
42642645,PRKCH,5.0
11409972,ABL1(T315I),8.55284196865778
176167,GRK7,5.886056647693163
10138260,CSNK1G2,6.102372908709559
216239,NEK4,5.0
153999,HIPK2,6.853871964321762
11427553,MKK7,5.0
644241,CSNK1G1,5.0
10427712,ABL1(E255K),5.0
9933475,HPK1,6.036212172654444
16725726,MERTK,5.0
5329102,PLK1,5.0
3062316,SNRK,5.0
153999,EGFR(E746A750del),5.292429823902063
11427553,CSNK1E,6.200659450546419
11409972,SRPK3,5.0
10427712,EGFR(L858RT790M),5.657577319177793
10427712,PDPK1,5.0
216239,AMPK-alpha2,5.0
11409972,ICK,5.6020599913279625
5494449,RPS6KA5(KinDom.2-C-terminal),5.0
25243800,MRCKB,5.0
24889392,DAPK1,5.0
11984591,LRRK2(G2019S),7.568636235841013
5329102,MYO3A,5.508638306165728
176155,PIP5K2C,5.0
10127622,ERK5,5.0
10138260,RIPK1,5.920818753952375
5329102,NEK9,5.0
176167,BMPR1B,5.0
176167,MLK1,5.0
153999,p38-beta,5.0
5329102,PFCDPK1(Pfalciparum),5.886056647693163
156414,TYK2(JH1domain-catalytic),5.0
176870,GRK4,5.136677139879544
11427553,EGFR(E746A750del),5.1487416512809245
11314340,AURKA,5.0
5328940,ERK1,5.0
11314340,STK33,6.657577319177793
10427712,WEE2,5.0
5328940,RSK4(KinDom.2-C-terminal),5.0
11338033,ACVRL1,5.0
9933475,PAK1,5.0
25243800,PCTK1,5.0
16725726,GSK3A,5.2839966563652006
9929127,GRK1,5.0
176155,IKK-alpha,5.0
10138260,PFTK1,5.958607314841775
3025986,FGFR1,5.0
3025986,PLK1,5.0
10461815,CDK5,5.0
176167,GRK1,5.769551078621726
5287969,ERBB4,5.301029995663981
16722836,LRRK2(G2019S),6.0
156414,CDK11,5.0
11485656,MYLK,5.0
5329102,RIPK4,5.6777807052660805
3038522,NEK5,5.0
5329102,PAK2,5.0
176155,PAK1,5.0
123631,p38-delta,5.0
24180719,PKAC-beta,5.0
216239,ABL1(Q252H),6.886056647693163
10127622,PIK3CG,5.0
10461815,PIK3CA(Q546K),5.0
10113978,ABL1(T315I)p,5.6777807052660805
10113978,GSK3B,5.0
17755052,FLT3,5.585026652029182
10427712,ACVR2A,5.0
11485656,TLK1,5.0
644241,PDGFRB,7.136677139879544
24889392,EPHA8,5.0
3062316,ABL1(F317I),10.0
17755052,PLK2,5.0
11409972,PKAC-alpha,5.431798275933005
123631,RPS6KA5(KinDom.1-N-terminal),5.0
9929127,RSK1(KinDom.1-N-terminal),5.0
10127622,MLK3,5.0
176167,PIM1,6.698970004336019
24180719,CSNK2A2,5.0
11984591,AURKB,6.958607314841775
24889392,PKNB(Mtuberculosis),5.0
11338033,ERBB4,5.0
11338033,MERTK,5.0
123631,MERTK,5.0
176167,PRKD3,5.0
5328940,HIPK2,5.721246399047171
25243800,DAPK2,7.026872146400302
11364421,SRPK1,5.0
24889392,CSNK1A1,5.0
42642645,LRRK2,5.0
123631,RIPK4,5.0
44150621,NEK5,5.638272163982407
11485656,TIE2,6.346787486224656
10461815,MAP3K2,5.2839966563652006
123631,PHKG1,5.431798275933005
11364421,PIP5K2B,5.0
10127622,SRC,5.0
10427712,TYK2(JH2domain-pseudokinase),6.113509274827519
11338033,NEK4,5.0
3062316,PRKX,5.0
42642645,AURKC,7.920818753952375
11485656,CDC2L5,7.42021640338319
3038522,SNRK,5.0
123631,BRAF(V600E),5.0
11409972,CAMK2B,5.0
176155,RIPK5,5.0
153999,KIT(D816V),6.119186407719209
9933475,SIK,5.0
10113978,EGFR(L858R),5.0
151194,SBK1,5.0
216239,MST3,5.0
11338033,YANK2,5.0
176167,TTK,5.0
10138260,TAOK3,6.508638306165728
9933475,TYK2(JH2domain-pseudokinase),5.0
9933475,FLT3(D835Y),5.0
9929127,EGFR(L858RT790M),5.0
644241,PIK3CA(E545K),5.0
10127622,RSK4(KinDom.2-C-terminal),5.0
208908,KIT(V559D-T670I),5.0
10461815,TBK1,6.013228265733755
10127622,MAP4K2,5.0
44150621,ULK1,7.259637310505756
25243800,TGFBR2,6.6020599913279625
11409972,DLK,5.6020599913279625
11364421,MET(Y1235D),5.0
11984591,DRAK2,8.036212172654444
11364421,GRK7,6.070581074285707
123631,MINK,5.744727494896694
25243800,ERBB2,5.537602002101044
10461815,PIK3CA(I800L),5.0
10461815,AMPK-alpha1,6.508638306165728
10461815,EGFR(L858R),5.0
208908,CSNK2A1,5.0
156414,TLK1,5.0
11427553,LIMK2,5.0
24889392,NEK2,5.0
10113978,JNK2,5.0
44259,MST1,9.721246399047171
176155,PRKCH,5.0
11409972,PRKG2,5.0
176167,PAK6,5.0
153999,PIK3CD,5.0
151194,CSNK1A1,5.0
11364421,ZAK,5.0
176167,PLK2,5.0
10427712,PIK3CA(C420R),7.008773924307505
24180719,PIK3CA(H1047Y),5.0
11984591,SRC,8.075720713938118
3062316,MARK4,5.0
11409972,BRAF,5.769551078621726
156414,HPK1,5.0
25243800,PIK3CB,6.920818753952375
151194,HIPK2,5.0
44150621,TTK,5.0
3025986,MINK,5.0
11427553,MYLK4,6.769551078621726
176167,GCN2(KinDom2S808G),5.0
156414,PIK3CA(E545A),5.0
9933475,FLT3,5.0
153999,FLT3,5.721246399047171
644241,FLT3(D835Y),5.0
176167,DAPK1,5.0
10138260,EGFR(L747S752del),5.0
153999,BRAF,5.0
5494449,KIT,6.619788758288394
44150621,PIK3CA(I800L),5.0
44259,EGFR(E746A750del),6.920818753952375
44150621,JNK3,5.0
5328940,ERK5,5.638272163982407
644241,p38-beta,7.443697499232713
24180719,SIK,6.2839966563652006
10461815,CDC2L2,5.0
44259,MUSK,7.0655015487564325
151194,PAK1,5.0
24889392,ABL1(Y253F),5.0
216239,HIPK1,5.481486060122113
5328940,ACVR1,5.0
208908,EPHA5,5.0
10113978,CAMK4,5.0
10113978,MET(M1250T),5.468521082957745
11485656,ABL1(Y253F),5.0
11364421,CDK11,5.0
156414,PIM1,5.0
25243800,PHKG2,6.119186407719209
5494449,ERN1,5.251811972993799
9915743,RSK4(KinDom.2-C-terminal),5.0
44259,RIPK4,6.958607314841775
11338033,PFTK1,7.795880017344075
176155,BRAF,6.1487416512809245
9933475,SRC,7.091514981121351
16725726,SRC,5.0
11364421,PIK3CB,5.0
11485656,EGFR(E746A750del),5.0
11409972,JNK2,7.251811972993799
24180719,EPHB3,5.0
24889392,RIOK1,5.0
11409972,TYK2(JH1domain-catalytic),5.744727494896694
17755052,DRAK2,5.0
3025986,MEK6,5.0
11427553,MARK1,6.508638306165728
5329102,MYLK2,7.309803919971486
9915743,KIT,5.0
11984591,MYLK,5.187086643357144
17755052,LIMK1,5.0
10138260,KIT(D816V),6.468521082957745
24180719,MYLK,5.0
16722836,EGFR(L747T751del),5.42021640338319
10127622,CSNK1G2,5.0
11409972,ADCK3,5.0
11485656,TYK2(JH2domain-pseudokinase),5.0
9915743,PIK3CA(H1047Y),5.0
123631,EGFR(L747T751del),9.2839966563652
153999,PRKG1,5.0
5287969,CAMK4,5.494850021680094
11364421,AMPK-alpha2,5.0
123631,PLK3,5.0
176870,TRKB,5.0
11984591,CDK9,5.0
11338033,GAK,5.0
216239,FLT3(N841I),7.958607314841775
176167,PLK1,5.0
216239,ASK1,5.0
208908,GRK1,5.0
10138260,PIK3CA(E542K),5.0
9915743,BRSK2,5.0
5287969,RIOK2,5.0
5329102,TRKB,6.229147988357856
44150621,ITK,6.275724130399211
153999,FGR,5.0
11984591,p38-beta,5.0
3038522,KIT(A829P),7.638272163982407
11409972,SBK1,5.0
10113978,BLK,5.585026652029182
5494449,MLK1,6.4089353929735005
176870,ERK1,5.0
11485656,MARK3,5.0
176167,TNIK,5.0
10461815,SGK3,5.0
156414,FES,5.0
5494449,MYLK4,5.657577319177793
216239,PAK1,5.0
16722836,ADCK3,5.154901959985743
11984591,GSK3A,5.6020599913279625
9929127,PHKG1,5.0
16725726,CASK,5.0
17755052,ROCK1,5.0
156414,STK39,5.0
153999,PAK6,5.0
16725726,ABL1(E255K),5.0
176167,PIK3CG,5.0
5328940,STK39,5.431798275933005
176155,PFCDPK1(Pfalciparum),6.070581074285707
5494449,CSK,5.318758762624413
208908,LATS1,5.0
11427553,EGFR(L858RT790M),6.1938200260161125
16722836,AURKB,6.309803919971486
10427712,ABL1(M351T),5.0
156414,TRKB,5.0
5329102,RET(V804L),8.060480747381382
123631,ACVR1,5.0
208908,TLK2,5.0
208908,ACVRL1,5.0
9933475,STK33,6.267606240177032
216239,PIK3CA(H1047Y),5.0
5329102,RSK2(KinDom.1-N-terminal),6.236572006437063
44150621,ASK1,5.0
17755052,RIPK1,5.0
9933475,DCAMKL2,5.0
16722836,GSK3B,5.0
3025986,CAMK1G,5.0
3038522,MUSK,5.0
123631,MARK4,5.0
11984591,TNK2,7.154901959985743
3025986,DCAMKL1,5.795880017344075
208908,DYRK1B,5.0
5329102,TNNI3K,5.0
17755052,RSK2(KinDom.1-N-terminal),5.522878745280337
216239,PLK3,5.0
24889392,CSNK1G3,5.0
16722836,DCAMKL2,6.060480747381382
123631,RET(M918T),5.0
5328940,AURKB,5.0
11409972,ABL1(H396P)p,7.508638306165728
10138260,FGR,6.4089353929735005
11364421,EPHB1,5.0
11338033,p38-beta,5.0
10127622,NEK4,5.0
5329102,CSNK1G3,6.619788758288394
208908,DAPK1,5.0
9915743,GSK3B,5.0
5494449,RIOK2,6.6020599913279625
5328940,EPHA5,7.568636235841013
5494449,MYLK2,7.366531544420414
10427712,GSK3A,5.0
11427553,EGFR(L858R),5.0
644241,DYRK1A,5.0
3062316,TXK,8.67778070526608
176870,ABL1(M351T),7.180456064458132
11338033,MLCK,5.0
10113978,PIK3CA,5.0
5328940,MRCKA,5.0
5328940,YANK2,5.0
44259,NEK2,6.1249387366083
156414,ASK2,5.0
3038522,JNK2,5.0
176167,ABL1(M351T),5.0
11409972,CSNK1G3,7.013228265733755
9929127,FLT3(D835Y),5.0
42642645,MAP4K2,5.698970004336019
644241,PRKCE,5.0
16725726,RET,5.0
11314340,PKNB(Mtuberculosis),5.0
44150621,CAMK2B,5.0
5287969,JNK3,5.259637310505756
9915743,DYRK1B,5.0
5287969,ULK1,5.0
16725726,FLT3(N841I),5.0
5494449,ABL1(T315I),8.013228265733755
3062316,TLK1,5.0
44150621,CDK8,5.0
44150621,FES,5.0
151194,NIM1,5.0
11485656,BLK,5.0
11364421,ICK,5.0
25243800,DAPK1,7.013228265733755
16725726,PRKG2,8.508638306165727
11485656,SRPK3,5.0
11485656,MARK4,5.0
9933475,PRKCH,5.0
44150621,BRAF,5.0
644241,ROCK1,5.0
9915743,PIP5K1C,5.0
5494449,CSNK1G1,5.0
176870,MAP3K1,5.0
10113978,PLK4,6.537602002101044
24889392,CSNK1G2,5.0
11485656,ABL1(E255K),5.0
151194,LTK,5.0
176167,CASK,5.0
11314340,PRKCQ,7.920818753952375
5287969,EPHA5,5.455931955649724
9929127,LZK,5.0
176155,PKAC-alpha,5.0
216239,ICK,5.0
3062316,YANK3,5.0
10461815,ADCK3,5.0
176870,PIK3CA(E545A),5.0
3038522,PKN1,5.0
5287969,MARK4,5.0
11314340,MRCKA,6.42021640338319
11984591,CAMK1G,6.337242168318426
153999,ULK1,5.0
11485656,TEC,5.0
42642645,GAK,5.0
3038522,EPHA7,5.0
216239,YANK3,5.0
644241,CASK,5.0
42642645,TNNI3K,6.886056647693163
16725726,CSNK1A1,5.0
11338033,HIPK2,5.0
5287969,YANK2,5.0
156414,PFCDPK1(Pfalciparum),5.0
11314340,PDPK1,5.0
44259,ACVR2A,5.050609993355088
5494449,PLK1,5.0
216239,FGFR2,5.568636235841013
3038522,CSNK1A1,5.0
5287969,FLT3(N841I),5.187086643357144
44150621,MINK,8.040958607678906
10113978,TLK1,5.0
176870,LIMK2,5.0
17755052,ACVR1,5.0
24889392,CSNK1E,5.0
10138260,EPHB3,5.0
123631,PLK4,5.0
11427553,MINK,7.602059991327962
10461815,JNK3,5.0
151194,MRCKB,5.0
16725726,MEK6,5.0
11364421,BTK,5.0
16725726,JAK1(JH2domain-pseudokinase),5.0
9915743,NEK11,5.0
11338033,HUNK,5.0
9929127,PLK1,5.0
10138260,PHKG1,7.080921907623926
11427553,FLT3(D835Y),7.886056647693163
10113978,TYK2(JH1domain-catalytic),5.468521082957745
5287969,MYLK4,5.0
25243800,SGK3,5.0
5287969,TYK2(JH2domain-pseudokinase),7.455931955649724
176155,KIT,5.0
11409972,RIPK5,6.443697499232713
44150621,ZAK,5.0
16725726,CAMK4,6.431798275933005
156414,ERN1,5.0
9929127,DMPK2,5.0
3062316,CDC2L5,5.0
5287969,PKAC-beta,5.0
10461815,MLK3,5.0
24889392,TIE2,5.0
5494449,SIK,5.6020599913279625
24180719,BMPR1B,5.508638306165728
11427553,LRRK2(G2019S),7.346787486224656
25243800,PRKD3,5.0
11409972,PKMYT1,5.0
9929127,IKK-alpha,6.0
42642645,YANK3,5.0
11485656,PRKG2,5.0
10127622,MLCK,5.0
151194,TNNI3K,5.0
123631,PRKD3,5.0
123631,CSNK1G1,5.0
10113978,PRKCQ,5.0
24180719,MRCKB,5.0
10138260,AKT3,5.0
176155,JAK1(JH2domain-pseudokinase),5.0
5329102,MYLK,6.552841968657781
11364421,ASK1,5.0
9915743,LTK,5.0
16722836,PIP5K2B,6.795880017344075
11409972,JNK3,6.119186407719209
11364421,RET,5.0
9933475,DAPK1,5.0
176155,RIPK4,5.0
151194,HIPK3,5.0
5287969,TGFBR2,5.251811972993799
3062316,GCN2(KinDom2S808G),5.795880017344075
10138260,CDK11,5.0
151194,EGFR(L858R),5.0
11984591,PIK3CA(E545A),5.0
11314340,PLK4,5.0
3038522,ADCK3,5.0
25243800,CDK5,5.0
11984591,ADCK3,5.958607314841775
16725726,FGR,5.0
16722836,PAK2,5.221848749616356
11338033,ROCK1,5.0
176870,TAOK3,5.0
123631,ABL1(E255K),6.3979400086720375
11409972,EPHA8,7.744727494896694
10427712,TAOK3,5.619788758288394
10138260,TRKB,6.00436480540245
16722836,CAMK1G,5.494850021680094
10127622,ITK,5.0
10113978,HIPK1,5.0
208908,FLT3,5.0
11314340,PCTK1,5.823908740944319
10138260,LIMK1,5.0
16722836,CSNK1G3,5.0
11364421,PIK3CA(Q546K),5.0
3038522,YANK3,5.0
11427553,TNNI3K,5.0
9933475,PAK7,5.0
11338033,PIK3CA(E545K),5.0
216239,SNARK,5.0
44259,CDKL5,6.468521082957745
3062316,TNIK,5.698970004336019
176870,PIM1,5.0
17755052,OSR1,5.0
11364421,ERK3,5.0
9933475,ROCK1,5.0
9915743,FLT4,5.0
25243800,AURKB,5.0
3062316,GAK,8.585026652029182
10138260,GSK3B,5.0
42642645,SBK1,5.0
11427553,FAK,5.6777807052660805
17755052,DMPK2,5.0
11409972,MYLK,5.0
3025986,RIPK1,5.0
216239,EGFR(L858RT790M),5.0
16725726,MET(M1250T),5.0
11338033,FLT3,5.0
44150621,RET(M918T),7.327902142064283
44259,ADCK3,5.0
3038522,SRPK1,5.0
5328940,CSNK1G1,5.0
176870,RIOK3,5.0
16722836,AURKC,6.455931955649724
153999,EGFR(L858R),5.0
644241,ABL1(T315I),6.180456064458132
11338033,PIP5K1C,5.0
5329102,PHKG1,8.259637310505756
3062316,ABL1(H396P)p,10.337242168318426
5494449,FES,5.130768280269024
11427553,TNK2,5.795880017344075
44259,PFTK1,6.795880017344075
10113978,CDC2L5,5.0
16722836,PIK3CA,5.0
44259,RIOK3,7.119186407719209
11427553,p38-delta,5.0
11485656,PIK3CA(Q546K),5.0
10427712,CAMK4,5.0
151194,PIK3CA(Q546K),5.0
176155,TRKC,5.0
5494449,ADCK3,5.0
644241,CHEK2,5.0
176167,PIK3CB,5.0
10138260,KIT,9.167491087293763
42642645,PIK3CA(E542K),5.0
11427553,PIK3CA(E545K),5.0
17755052,JNK2,5.744727494896694
10427712,PHKG1,5.0
11364421,EGFR(L858RT790M),6.619788758288394
5494449,PIK3CA(E542K),5.0
10138260,YANK3,5.0
17755052,PAK6,5.0
5328940,GRK4,5.309803919971486
44259,FLT3(N841I),8.67778070526608
10127622,TNNI3K,5.0
11485656,IGF1R,5.0
44150621,DCAMKL1,5.0
5287969,MERTK,5.167491087293763
25243800,ROS1,5.920818753952375
3025986,DMPK2,5.0
24180719,SNARK,5.0
3038522,CSNK1G3,5.0
5329102,EGFR(E746A750del),5.0
11364421,FGFR1,5.0
17755052,MYLK2,5.0
11427553,TXK,6.236572006437063
5328940,STK33,7.431798275933005
11427553,MAP3K4,5.795880017344075
25243800,PHKG1,5.0
11984591,PRKCH,5.0
11427553,PKAC-alpha,5.0
3025986,PRKG2,5.0
156414,RSK1(KinDom.1-N-terminal),5.0
5328940,DCAMKL1,5.0
17755052,CDK8,5.0
11409972,LATS1,6.327902142064283
25243800,FLT4,6.619788758288394
10138260,CSNK1A1,6.3979400086720375
216239,BMX,5.0
17755052,PIK3CB,7.795880017344075
11314340,AAK1,7.366531544420414
16725726,LRRK2,5.0
25243800,LRRK2,6.537602002101044
11427553,AURKB,7.055517327849832
25243800,GRK1,6.031517051446065
11485656,PAK6,5.0
176167,AAK1,5.568636235841013
208908,RET(V804M),5.0
17755052,PIM3,5.0
5329102,ABL1(H396P),7.130768280269024
5329102,MLK3,5.886056647693163
16722836,TLK1,5.886056647693163
176870,CTK,5.0
11427553,MLCK,8.366531544420413
156414,RET(M918T),6.075720713938118
25243800,KIT(A829P),5.795880017344075
3038522,AKT3,5.0
10427712,RET(V804M),5.0
11984591,KIT(D816H),8.187086643357144
24889392,PIK3CA(E545A),5.0
44150621,PIK3CA(E545K),5.0
3038522,PIM1,5.0
3038522,TLK1,5.0
644241,MEK6,5.0
153999,SRPK3,5.795880017344075
153999,MYO3A,5.0
151194,CDK5,5.0
11338033,HIPK3,5.0
9933475,FLT3(K663Q),5.638272163982407
9933475,IKK-alpha,5.0
44259,BRAF(V600E),5.0
153999,EGFR(S752I759del),5.0
5329102,PIK3CA(H1047Y),5.0
176155,PRKD2,5.0
5494449,CSNK2A1,5.0
208908,ERK5,5.0
10113978,PDPK1,5.0
5328940,ITK,5.769551078621726
10461815,ABL1(E255K),6.113509274827519
16725726,FLT3(K663Q),5.0
176155,LTK,5.0
16725726,PIK3CA(M1043I),5.0
176870,FLT3(D835Y),6.886056647693163
25243800,MET(Y1235D),5.0
5287969,PRKCH,6.455931955649724
10461815,RSK1(KinDom.1-N-terminal),5.0
16722836,MET(M1250T),5.356547323513813
5287969,KIT(D816H),5.045757490560675
16725726,CAMK2B,5.0
5494449,FER,5.376750709602099
9933475,EGFR(L747T751del),6.075720713938118
25243800,AURKA,5.0
644241,PIP5K2B,5.0
42642645,CTK,5.0
16725726,CDC2L5,5.0
11984591,CDK8,5.0
5494449,FAK,5.0
11364421,CDKL5,5.0
11409972,PKAC-beta,6.585026652029182
123631,FGFR2,5.0
11364421,ASK2,5.0
176870,LRRK2(G2019S),5.318758762624413
10461815,PFCDPK1(Pfalciparum),5.0
5329102,KIT(A829P),7.366531544420414
156414,RET(V804L),5.0
208908,PHKG1,5.0
208908,RSK2(KinDom.1-N-terminal),5.0
216239,PRKX,5.0
24180719,PIK3CG,5.0
44259,DYRK1A,8.397940008672037
3062316,TTK,5.0
25243800,p38-delta,5.0
10461815,EGFR(L747S752del),5.0
151194,MARK1,5.0
11485656,PIK3CB,5.0
5494449,PAK6,5.013228265733755
5287969,ABL1(H396P)p,5.769551078621726
156414,MRCKA,5.0
10427712,TRKC,5.0
16725726,PHKG1,5.0
11485656,NIM1,5.0
5287969,YES,5.0
10113978,PRKD3,5.0
5494449,DCAMKL1,5.0
24180719,MARK1,5.0
176870,PIK3CA(I800L),5.0
123631,PRKCE,5.0
644241,PIP5K1C,5.0
3062316,TBK1,5.0
5329102,RPS6KA5(KinDom.2-C-terminal),5.769551078621726
11314340,HIPK1,6.638272163982407
3038522,MKK7,5.0
5287969,MARK3,5.0
208908,ERBB2,8.154901959985743
11364421,RIPK2,5.0
42642645,PRKD2,5.0
5494449,MLCK,7.823908740944319
3062316,CSNK1G3,5.0
17755052,MAK,5.0
3038522,RPS6KA5(KinDom.2-C-terminal),5.0
153999,RIOK1,6.091514981121351
208908,RIOK2,5.0
153999,KIT(A829P),5.3872161432802645
11364421,MINK,5.795880017344075
10113978,ERK1,5.0
5494449,MET(Y1235D),6.443697499232713
208908,SRPK1,5.0
9929127,TESK1,5.0
5328940,LZK,6.318758762624413
24889392,TYK2(JH2domain-pseudokinase),5.0
5329102,LIMK2,5.0
24889392,ERBB2,5.0
644241,CTK,5.0
644241,TAOK3,5.769551078621726
644241,ABL1(E255K),7.443697499232713
5329102,EGFR(L747T751del),5.0
216239,PYK2,5.0
123631,PIK3CD,5.0
176155,PIP5K2B,5.0
216239,PIK3CA(E545A),5.0
44259,JNK3,6.958607314841775
10427712,MYLK2,5.0
11427553,BMX,5.721246399047171
9929127,NEK5,5.0
208908,CDC2L5,5.0
5494449,AMPK-alpha1,5.958607314841775
44259,CDK11,6.721246399047171
176870,BMPR1B,5.0
176870,ITK,5.0
24180719,PRKCQ,5.0
11338033,ULK1,5.0
11427553,PRKG2,6.096910013008056
5287969,ABL1(F317I)p,5.229147988357856
176870,LTK,6.050609993355088
10138260,PIK3CA,5.0
10113978,MINK,5.0
11314340,PAK2,5.823908740944319
11364421,HIPK2,5.537602002101044
208908,RIPK5,5.0
17755052,IKK-alpha,5.0
10138260,PIK3CB,5.0
3062316,CDK9,5.0
5287969,GRK1,6.187086643357144
151194,DMPK2,5.0
3038522,CTK,5.0
44150621,MAP4K2,5.721246399047171
9915743,EPHA8,5.0
11409972,NEK4,6.337242168318426
5287969,PIP5K1C,5.585026652029182
176870,DCAMKL1,5.0
123631,ERBB4,6.3872161432802645
5328940,TGFBR2,5.0
11485656,PIK3CG,5.0
9929127,FLT3(K663Q),5.0
16725726,EGFR(S752I759del),5.0
644241,MARK1,5.0
151194,KIT(D816V),5.0
9929127,ULK3,5.0
10461815,SIK,5.0
5329102,CDK8,5.0
3062316,PRKG2,5.0
10461815,PIK3CA(E545K),5.0
10127622,IKK-alpha,5.0
644241,PRKG2,5.0
10461815,RIOK2,5.0
123631,ADCK3,5.0
176870,PIK3CG,5.0
11984591,MERTK,6.769551078621726
9933475,YANK3,5.0
9915743,PRKCE,5.0
9929127,PFCDPK1(Pfalciparum),5.0
10113978,PYK2,5.0
9915743,FYN,5.1938200260161125
151194,PIK3CA(H1047L),5.0
11364421,PDPK1,5.0
208908,EGFR(L858R),8.55284196865778
3038522,LRRK2(G2019S),5.0
123631,PIK3CA(I800L),5.0
3038522,MYLK2,5.0
9933475,MST1,5.366531544420414
11485656,MST3,5.0
11485656,GRK7,5.0
216239,PRKD2,5.0
17755052,PKAC-alpha,5.0
153999,PHKG1,5.431798275933005
16722836,ACVRL1,5.619788758288394
25243800,MARK4,5.0
176167,ABL1(Y253F),5.0
5287969,MINK,5.886056647693163
176870,ASK2,5.0
11427553,AURKA,6.187086643357144
3062316,ITK,5.0
10127622,MAP3K15,5.0
16722836,EPHB1,5.769551078621726
42642645,EPHA8,8.744727494896694
11984591,ABL1(T315I),6.173925197299174
644241,MUSK,5.0
10427712,PKMYT1,5.0
11485656,PFCDPK1(Pfalciparum),5.0
9933475,CDC2L5,5.0
10427712,ADCK3,7.026872146400302
123631,PIM1,5.0
9915743,TAOK3,5.376750709602099
9915743,MLK1,5.267606240177032
9915743,MAP3K1,5.0
176870,HIPK1,5.0
10138260,PRKD3,5.568636235841013
151194,CAMK1G,5.0
10427712,CSNK1G1,5.2441251443275085
3025986,ERBB4,5.0
11364421,GSK3A,5.0
24180719,NIM1,5.0
3038522,RSK4(KinDom.2-C-terminal),5.0
156414,NEK4,5.0
644241,MYLK,5.0
44259,MAP3K4,5.920818753952375
44150621,MYLK2,7.036212172654444
42642645,FGR,7.397940008672037
3062316,DCAMKL1,5.0
176870,PKN1,5.0
176870,PIK4CB,5.0
9929127,GRK7,5.0
11485656,PIM3,5.0
44150621,MARK1,5.638272163982407
3025986,PIK3CA(H1047Y),5.0
44259,PRKCH,8.318758762624412
17755052,EPHA7,5.0
16722836,CTK,5.769551078621726
10138260,LRRK2(G2019S),7.154901959985743
11364421,PLK4,5.0
3025986,RIOK3,5.0
10138260,MARK1,5.823908740944319
10138260,CAMK1G,6.026872146400302
24889392,PKMYT1,5.0
17755052,ABL1(T315I)p,5.0
9915743,RET,5.0
11409972,CHEK2,6.443697499232713
208908,MKK7,5.356547323513813
11338033,CASK,7.619788758288394
151194,PRKD3,5.0
5328940,KIT(V559D-T670I),5.0
208908,MINK,5.0
11364421,CDC2L2,5.0
16722836,MST1,5.0
9933475,NEK5,5.0
44259,MAP3K2,8.619788758288394
10138260,FES,5.0
208908,PFTK1,5.0
11409972,SNRK,5.0
11364421,PKAC-beta,5.0
5329102,ERBB4,5.0
24889392,MAP3K2,5.0
11338033,PIK3CG,5.0
42642645,LIMK2,5.769551078621726
44259,ITK,7.721246399047171
44150621,CSNK1G3,5.0
24180719,FER,5.0
24180719,BRAF(V600E),7.0
9929127,PAK2,5.0
11984591,SNARK,7.187086643357144
17755052,ERBB2,5.0
5494449,DYRK1A,5.0
11485656,RIPK2,5.0
10427712,LATS1,5.346787486224656
11984591,RIPK5,5.0
16722836,PIK3CA(I800L),5.0
44150621,ERN1,5.0
9933475,STK39,5.0
216239,MET(M1250T),5.0
11338033,CDC2L2,8.2839966563652
9915743,EGFR(E746A750del),8.638272163982407
16725726,PIK3CA(I800L),5.0
11984591,PHKG1,5.0
10138260,BTK,5.3979400086720375
176870,HIPK2,5.0
9933475,DLK,5.0
156414,RIOK1,5.075720713938119
5329102,CDC2L2,5.0
3062316,DAPK1,5.0
10461815,NEK4,5.0
11409972,KIT(A829P),8.356547323513812
11338033,RET(V804L),5.0
17755052,PIK4CB,5.0
44259,DAPK2,8.795880017344075
5494449,TYK2(JH1domain-catalytic),6.292429823902063
9915743,PIK3CA(Q546K),5.0
5494449,PRKD3,5.0
9915743,CDK11,5.0
156414,BLK,7.346787486224656
5329102,WEE2,5.0
44150621,WEE2,5.0
153999,GRK4,6.229147988357856
176155,ABL1(T315I)p,5.0
17755052,BMX,5.0
3025986,MAK,5.638272163982407
5328940,PKN1,5.537602002101044
17755052,EGFR(L858R),5.0
156414,FGFR2,5.0
644241,PIK3CA(Q546K),5.0
11427553,PRKD3,6.107905397309519
16725726,TLK2,5.0
9929127,FGR,5.0
10127622,KIT,5.0
3038522,BLK,5.0
156414,LRRK2,6.301029995663981
11338033,ABL1(H396P),5.0
11409972,PKNB(Mtuberculosis),5.0
176155,TYK2(JH2domain-pseudokinase),5.698970004336019
10138260,PRKG2,5.0
5287969,FGFR2,5.0
25243800,ABL1(H396P)p,7.236572006437063
176870,FES,5.0
5287969,EGFR(L747S752del),5.657577319177793
3062316,JAK1(JH2domain-pseudokinase),5.0
216239,HUNK,5.0
216239,KIT(D816H),6.366531544420414
156414,MYLK2,5.0
3038522,PIK3CA,5.0
44150621,PIP5K2B,6.585026652029182
216239,ABL1(E255K),5.468521082957745
44259,KIT(D816V),9.193820026016112
9933475,PAK6,5.0
24889392,SIK,5.0
156414,PDPK1,5.0
11314340,PIK3CA(H1047L),5.0
10461815,ASK1,5.0
176155,BRAF(V600E),6.275724130399211
9915743,DAPK2,5.0
42642645,KIT(V559D-T670I),8.619788758288394
44150621,EGFR(E746A750del),5.0
10127622,CSK,5.0
5329102,ABL1(E255K),6.744727494896694
5287969,ABL1(M351T),5.721246399047171
644241,RSK4(KinDom.2-C-terminal),5.0
11364421,p38-delta,5.0
216239,AAK1,5.0
3025986,MYLK2,6.008773924307505
208908,PDPK1,5.0
42642645,ABL1(T315I)p,6.508638306165728
16725726,TLK1,5.0
44150621,AMPK-alpha1,6.2839966563652006
17755052,GAK,5.568636235841013
16725726,PIK3CA(H1047Y),5.0
11984591,RIOK2,5.468521082957745
10138260,MYLK4,7.494850021680094
3038522,TXK,5.0
24180719,KIT(A829P),5.236572006437063
11314340,KIT(V559D-T670I),5.0
44259,CAMK1G,7.638272163982407
216239,SNRK,5.0
153999,RSK4(KinDom.2-C-terminal),5.0
25243800,RPS6KA5(KinDom.1-N-terminal),5.0
11314340,TAOK3,5.958607314841775
9933475,MINK,6.267606240177032
11485656,SIK,5.0
11409972,PHKG2,5.0
3038522,CSK,5.0
176167,ABL1(E255K),5.0
9933475,MET(M1250T),6.236572006437063
16725726,PCTK1,5.0
123631,TNIK,5.161150909262744
176870,MAP3K2,5.6020599913279625
3038522,ABL1(F317I)p,5.0
11427553,PKN1,6.236572006437063
5328940,RET(V804M),5.376750709602099
11409972,CTK,5.886056647693163
44259,FGFR1,7.045757490560675
5494449,ZAK,5.552841968657781
176167,RPS6KA5(KinDom.2-C-terminal),5.0
644241,PKMYT1,5.0
11338033,PRKCQ,5.0
644241,TBK1,5.0
153999,RIOK3,6.187086643357144
25243800,CSNK1A1,6.443697499232713
11984591,ASK1,5.0
176870,ABL1(E255K),7.200659450546419
16725726,KIT(A829P),5.744727494896694
156414,MAP4K2,6.481486060122113
9915743,ERBB4,8.619788758288394
10427712,CDK11,5.0
11314340,PIK3CA(E545A),5.0
3038522,TRKB,6.130768280269024
3025986,RET(V804M),5.0
3062316,DYRK1B,5.0
3062316,STK39,5.0
11984591,MUSK,7.0
644241,PYK2,5.0
10127622,MARK4,5.0
3025986,PLK4,5.0
11364421,LIMK2,5.0
44259,DRAK2,7.67778070526608
11314340,EGFR(L747T751del),5.0
216239,p38-beta,6.638272163982407
151194,MST1,5.0
24180719,SRPK1,5.0
10461815,PIK3CD,5.0
151194,KIT,8.292429823902063
24180719,CASK,5.0
176870,TRKC,5.0
16725726,PKMYT1,5.0
24180719,AKT3,5.0
25243800,ERBB4,5.0
25243800,PRKCE,8.045757490560675
11409972,YANK2,5.0
5329102,SRPK1,6.6020599913279625
5328940,PIM1,5.0
11364421,ULK3,5.0
644241,RET(V804L),5.0
11314340,CAMK4,6.1487416512809245
44150621,LIMK1,5.0
9929127,CDK9,5.0
5287969,PRKG1,5.0
10461815,ABL1(T315I)p,5.4089353929735005
5494449,PRKG1,5.0
11409972,AKT3,5.0
10461815,PIK4CB,5.0
3062316,LZK,5.275724130399211
11409972,TIE2,7.721246399047171
11364421,CASK,5.0
24889392,GRK7,5.0
11485656,FAK,5.0
11984591,MYLK4,6.091514981121351
11427553,NEK2,5.275724130399211
176870,FAK,5.0
11314340,MYO3A,5.0
3038522,CDK11,5.0
11427553,NIM1,5.958607314841775
25243800,EGFR(L858R),6.0
10127622,CHEK2,5.0
9929127,ASK2,5.0
11338033,EGFR(L747S752del),5.0
5494449,JNK2,5.0
3025986,ABL1(H396P),5.0
16722836,FAK,7.376750709602099
176155,ACVR1B,5.522878745280337
176167,RET(V804L),5.0
10427712,KIT(V559D-T670I),5.0
208908,PAK2,5.0
11409972,NEK5,5.958607314841775
5494449,PAK2,5.2441251443275085
10461815,MARK1,5.0
9933475,PIK3CA(C420R),5.0
9933475,FLT4,8.366531544420413
11364421,DMPK2,5.0
10427712,PAK6,5.0
11338033,PRKCH,5.0
11984591,WEE2,5.026872146400302
25243800,ACVR1B,7.236572006437063
44259,TLK2,7.795880017344075
11314340,ACVR2B,5.0
151194,PYK2,5.0
216239,TAOK3,5.568636235841013
644241,MLK1,5.0
11485656,TNNI3K,5.0
42642645,RET,9.130768280269024
16722836,JNK3,6.698970004336019
153999,PIK3CA(I800L),5.0
44259,PLK1,6.721246399047171
216239,TNK2,5.0
11338033,PAK2,5.0
176155,SRC,5.275724130399211
11314340,PHKG1,5.920818753952375
153999,RIPK2,5.0
44259,PIK3CB,5.0
3025986,FLT3,5.0
11314340,MYLK,6.060480747381382
24889392,BTK,5.0
9929127,MLCK,5.0
11409972,TNK2,5.0
11364421,MRCKA,5.0
9933475,PKAC-alpha,5.0
10113978,DAPK2,5.0
156414,EGFR(E746A750del),9.585026652029182
9929127,WEE2,5.0
10127622,PHKG2,5.0
25243800,CAMK2B,5.0
16725726,ABL1(F317I),5.0
5328940,MST1,6.721246399047171
9915743,LATS1,5.0
156414,PLK2,5.0
9933475,LKB1,5.0
11364421,RET(V804L),5.0
10127622,ABL1(M351T),5.0
216239,GRK4,5.0
24180719,TESK1,5.823908740944319
176870,MYLK4,5.0
10138260,ACVR2B,5.0
5328940,EGFR(S752I759del),6.958607314841775
42642645,PIK3CA,5.0
5329102,NIM1,6.070581074285707
11409972,RPS6KA5(KinDom.2-C-terminal),5.0
644241,MERTK,5.0
5328940,KIT(D816H),6.744727494896694
11485656,ABL1(T315I),5.356547323513813
11409972,TYK2(JH2domain-pseudokinase),5.0
151194,MET(M1250T),5.0
5494449,PDGFRB,6.508638306165728
9933475,MAK,5.0
17755052,PRKG2,5.0
5494449,BTK,5.356547323513813
644241,HIPK2,5.0
5329102,PAK1,5.0
9933475,MAP3K1,5.0
9915743,BMPR1B,5.0
16725726,ACVRL1,5.0
44150621,PCTK2,5.522878745280337
176155,NEK2,5.0
11984591,FLT3(D835Y),9.431798275933003
3062316,BRAF(V600E),6.2441251443275085
176155,EPHB1,5.0
176167,MAP3K2,5.0
208908,PRKX,5.0
9915743,BRAF(V600E),5.0
153999,DCAMKL2,5.0
5328940,PLK3,5.0
11409972,ABL1(H396P),8.585026652029182
208908,SRMS,5.0
16725726,MAP3K1,5.0
9929127,TRKB,5.0
9929127,STK39,5.0
11409972,TGFBR2,6.585026652029182
25243800,MAP3K15,5.0
44259,IGF1R,6.6777807052660805
44259,PLK4,9.113509274827518
3062316,MRCKA,5.698970004336019
5328940,ABL1(M351T),10.431798275933003
3038522,RIOK1,5.0
176167,MUSK,5.0
10427712,CSNK1E,5.920818753952375
11485656,ROS1,5.0
17755052,AURKA,5.0
644241,TYK2(JH2domain-pseudokinase),5.0
11485656,PCTK2,5.0
9915743,FER,6.292429823902063
10461815,ZAK,5.0
11984591,GRK1,6.060480747381382
5494449,TEC,5.060480747381382
9929127,PRKCH,5.0
17755052,RET(V804M),5.0
176167,FGR,5.0
9933475,RSK1(KinDom.1-N-terminal),5.0
9929127,GAK,5.0
5328940,RIPK4,5.0
151194,TIE2,5.0
3038522,WEE2,5.0
123631,PIK3CA(H1047Y),5.0
176167,KIT(A829P),5.0
3062316,PAK2,5.0
10113978,PIM1,5.0
3025986,ASK2,5.0
5329102,ABL1(T315I)p,7.259637310505756
216239,PIP5K2B,5.0
9933475,PRKD3,5.0
3038522,PIK3CA(Q546K),5.0
11338033,TRKB,5.0
42642645,CDKL5,5.568636235841013
24889392,RIPK2,5.568636235841013
16725726,PAK1,6.259637310505756
216239,MARK4,5.0
17755052,SRMS,5.0
176155,MET(Y1235D),5.102372908709558
5494449,FGFR1,6.259637310505756
9929127,HIPK1,5.0
3062316,JNK2,5.0
153999,MAP3K2,6.1487416512809245
208908,TLK1,5.0
123631,ABL1(T315I),5.0
11984591,AURKA,6.795880017344075
176167,ERK1,5.0
156414,KIT(D816H),6.221848749616356
5494449,GSK3B,5.0
176870,PLK4,5.721246399047171
10113978,EGFR(L747S752del),5.0
44150621,SRPK3,6.6020599913279625
176167,IGF1R,5.0
24889392,TEC,5.0
24180719,FLT3,5.886056647693163
153999,EPHA8,5.0
3025986,TLK2,5.0
10461815,CSNK1G3,5.0
24180719,CSK,5.657577319177793
25243800,OSR1,5.0
11338033,RSK2(KinDom.1-N-terminal),5.0
3062316,BTK,8.853871964321762
5328940,MARK3,5.0
10138260,KIT(V559D-T670I),9.2518119729938
5329102,LTK,5.744727494896694
123631,AKT3,5.0
11427553,TBK1,6.886056647693163
11314340,MET(Y1235D),5.0
3038522,HIPK1,5.0
5494449,PIM1,5.0
16725726,GAK,5.0
11409972,PIK3CB,5.0
11338033,TYK2(JH1domain-catalytic),5.0
176870,HPK1,5.0
3062316,PRKCH,5.0
3025986,FAK,5.0
9915743,EGFR(L858RT790M),7.568636235841013
9933475,HIPK3,5.0
17755052,RSK1(KinDom.2-C-terminal),5.0
24180719,DAPK1,5.0
42642645,RSK4(KinDom.2-C-terminal),5.0
24180719,CDK9,5.0
153999,ABL1(M351T),5.0
208908,AURKC,5.0
42642645,TLK2,5.0
11364421,PYK2,6.508638306165728
3025986,TNK2,5.0
123631,RIPK1,5.0
44259,CSK,6.481486060122113
10138260,PRKX,5.0
5287969,LRRK2(G2019S),5.698970004336019
11984591,DYRK1B,5.0
9933475,MARK1,5.0
9933475,YANK2,5.0
11364421,CDK5,5.0
11409972,PAK7,5.0
44150621,LRRK2,5.823908740944319
10427712,TRKB,5.0
11409972,TNIK,7.161150909262744
11984591,CDK11,5.0
11984591,PIK3CA(M1043I),5.0
11314340,PKN1,6.6777807052660805
176167,ABL1(H396P)p,5.0
216239,EGFR(L747T751del),5.0
5494449,PAK1,5.356547323513813
176167,PIM3,5.958607314841775
11338033,FGFR2,5.0
10427712,DCAMKL2,5.0
11485656,NEK2,5.0
11338033,MARK1,5.0
123631,GRK4,5.0
123631,CASK,5.0
3025986,MAP3K4,5.0
11314340,MLK1,5.0
42642645,BRSK2,5.0
5328940,SRC,9.0
9915743,YANK3,5.0
10113978,IKK-alpha,5.0
11409972,PYK2,6.2839966563652006
216239,KIT(A829P),7.698970004336019
16722836,PRKCE,5.091514981121351
5287969,JNK2,5.0
5494449,MKK7,5.0
5329102,CSK,5.0
151194,AMPK-alpha2,5.0
3025986,PIK3CA,5.0
9933475,TNIK,6.091514981121351
151194,DCAMKL2,5.0
216239,FGFR1,5.552841968657781
42642645,MERTK,9.568636235841012
176167,PCTK1,5.275724130399211
11364421,RIPK4,5.0
11984591,TIE2,6.508638306165728
11485656,STK39,5.0
17755052,ABL1(H396P),5.0
11984591,TLK1,6.309803919971486
11409972,STK39,5.823908740944319
11984591,ABL1(H396P)p,6.4089353929735005
10113978,MLK1,6.537602002101044
11364421,PIK3CA(H1047Y),5.0
11427553,ACVR2B,6.431798275933005
11364421,RIOK1,5.657577319177793
176155,SRPK3,5.0
5287969,PIK3CA(H1047Y),5.0
5494449,DRAK2,5.0
644241,ULK1,5.0
9929127,SNRK,5.0
5287969,KIT(V559D-V654A),5.0
17755052,AAK1,5.040958607678906
10138260,PIP5K2C,5.0
10127622,JAK1(JH2domain-pseudokinase),5.0
24889392,PIK3CG,5.0
153999,PRKCH,5.744727494896694
156414,NEK9,5.0
44259,SNRK,7.045757490560675
151194,CDKL5,5.0
25243800,YES,6.795880017344075
176870,AMPK-alpha2,5.0
3062316,CDK8,5.0
176870,FLT4,5.6777807052660805
5328940,EGFR(L858RT790M),6.4089353929735005
24180719,YANK3,5.0
176167,HIPK1,6.0
11427553,FGFR1,6.431798275933005
5494449,PKAC-beta,5.0
10127622,BMPR1B,5.0
16722836,MYO3A,5.0
153999,SGK3,5.853871964321762
10138260,SBK1,6.2076083105017466
10138260,EGFR(L858R),5.0
9915743,EGFR(S752I759del),9.200659450546418
11485656,BMPR1B,6.1487416512809245
44150621,RSK1(KinDom.2-C-terminal),5.0
11364421,NEK3,6.142667503568732
11984591,BRAF,6.619788758288394
11485656,ABL1(H396P)p,5.0
10127622,PRKG1,5.0
5287969,MAP3K2,5.214670164989233
644241,ABL1(T315I)p,5.0
11364421,PLK2,9.09151498112135
44150621,AURKA,5.0
44259,PIK4CB,6.337242168318426
11984591,LATS1,5.0
176167,PYK2,5.0
10461815,RSK1(KinDom.2-C-terminal),5.0
11485656,WEE2,5.0
156414,PCTK2,5.0
10461815,ACVR2B,5.0
10427712,PLK4,5.0
3025986,PCTK1,8.148741651280925
11984591,MAP3K15,5.0
9915743,NEK9,5.0
42642645,WEE2,5.0
176870,RIOK2,5.0
123631,FES,5.0
11314340,RSK1(KinDom.1-N-terminal),5.0
10461815,ABL1(M351T),5.769551078621726
44150621,RIOK2,6.585026652029182
11364421,AURKB,5.0
216239,BTK,5.0
9933475,ABL1(H396P)p,7.346787486224656
11485656,LRRK2(G2019S),5.0
16722836,MYLK4,6.886056647693163
42642645,HIPK2,6.657577319177793
3062316,EPHA5,9.619788758288394
156414,RET(V804M),5.0
44259,JAK1(JH2domain-pseudokinase),5.0
644241,SNRK,5.0
16725726,INSR,5.0
156414,MST3,5.0
10127622,LRRK2(G2019S),5.0
25243800,RSK1(KinDom.2-C-terminal),5.0
11409972,p38-delta,7.886056647693163
44259,EGFR(L747T751del),6.6777807052660805
42642645,ACVR2A,5.0
44150621,CSNK2A1,5.585026652029182
24180719,TNIK,5.6020599913279625
9929127,RIOK3,5.0
5287969,ASK1,5.0
644241,MYO3A,5.0
644241,MLK3,5.0
156414,LIMK1,5.0
44259,GRK1,9.013228265733757
151194,DYRK1A,5.0
10138260,CAMK4,5.568636235841013
11314340,CSNK1G1,6.275724130399211
9929127,PDGFRB,5.0
644241,EGFR(L747T751del),5.0
11984591,OSR1,5.508638306165728
11427553,GRK1,5.0
156414,MET(M1250T),5.769551078621726
11409972,ABL1(F317I)p,7.886056647693163
5328940,PFCDPK1(Pfalciparum),5.0
156414,RIOK2,5.0
10138260,BRAF,5.0
3062316,RSK4(KinDom.2-C-terminal),5.0
5329102,ERK5,5.00436480540245
16725726,MRCKB,5.0
11485656,CASK,5.0
10138260,MARK4,5.698970004336019
10113978,ABL1(M351T),6.251811972993799
153999,AMPK-alpha2,5.0
11984591,NEK2,6.585026652029182
10461815,OSR1,5.0
3062316,SRMS,7.886056647693163
5328940,NEK5,5.0
5494449,HUNK,5.008773924307505
10113978,EGFR(L858RT790M),5.0
11314340,PRKG1,6.568636235841013
10427712,CDC2L5,5.0
10113978,CAMK2B,5.0
5494449,ABL1(F317I)p,5.6777807052660805
176167,MAK,5.0
176167,STK33,5.309803919971486
10138260,BMX,5.0
3062316,PLK2,5.0
153999,MAP3K15,5.0
24180719,DCAMKL2,5.0
11984591,EGFR(L858R),6.6020599913279625
176155,CSNK1E,7.0
16722836,DYRK1A,5.0
44259,CAMK2B,8.886056647693163
11409972,CDK8,8.853871964321762
11984591,RSK2(KinDom.1-N-terminal),5.096910013008056
25243800,CSNK2A2,6.026872146400302
644241,BLK,6.301029995663981
16725726,PKAC-beta,7.886056647693163
24180719,MARK3,5.0
16722836,ABL1(Y253F),7.251811972993799
44150621,FAK,5.0
151194,TXK,5.0
3038522,STK33,5.0
11314340,CSK,5.0
11409972,DCAMKL1,5.0
10113978,KIT,8.55284196865778
16722836,AURKA,5.356547323513813
176167,PHKG2,5.0
153999,MARK1,5.0
11409972,CDKL5,8.18045606445813
11409972,CAMK1G,5.0
176167,SRC,5.0
5287969,NEK2,5.0
176167,RIOK1,5.0
5329102,MST1,7.721246399047171
216239,MRCKA,5.0
208908,CAMK4,5.0
3025986,BMX,5.0
11314340,GRK1,5.0
5494449,MUSK,6.522878745280337
176167,CHEK2,5.0
156414,ABL1(H396P)p,7.244125144327507
156414,PRKD2,5.0
5328940,PLK2,6.017728766960432
17755052,CSNK1G1,5.0
151194,PCTK1,5.0
16725726,ABL1(T315I)p,5.0
9933475,LIMK1,5.0
5328940,FLT3,5.657577319177793
11485656,PKNB(Mtuberculosis),5.0
42642645,ABL1(E255K),6.823908740944319
11314340,RIOK2,5.275724130399211
25243800,AKT3,5.585026652029182
11427553,PIK3CA(E542K),5.0
3062316,EPHA7,5.0
10127622,ACVR2B,5.0
11314340,ERK3,5.0
153999,TGFBR2,5.0
11314340,TRKB,5.0
25243800,TLK2,5.0
151194,EPHB3,5.0
11338033,RIPK1,5.0
9915743,LIMK1,5.0
16722836,ERK5,7.180456064458132
10138260,DYRK1A,6.585026652029182
176870,NEK2,5.0
208908,JAK1(JH2domain-pseudokinase),5.0
16722836,PIM3,5.0
10427712,ASK2,5.0
16722836,INSR,6.070581074285707
156414,CSNK1G2,5.0
5494449,MARK3,5.6020599913279625
216239,MST1,5.0
11427553,RIPK5,6.180456064458132
11338033,CDK11,5.481486060122113
3038522,RET(V804M),5.0
44259,CDC2L2,5.0
11485656,RSK1(KinDom.1-N-terminal),5.0
644241,TLK1,5.0
176167,MET(M1250T),5.0
10138260,ABL1(Y253F),6.236572006437063
10461815,HIPK2,6.920818753952375
11485656,ASK2,5.0
5287969,TXK,5.0
9933475,PLK4,5.6777807052660805
11338033,KIT(D816H),5.0
176167,MYLK4,6.638272163982407
10461815,RSK2(KinDom.1-N-terminal),5.00436480540245
9915743,PIK3CA(E545K),5.0
176870,GCN2(KinDom2S808G),5.356547323513813
3062316,ERBB4,7.259637310505756
3062316,DAPK2,5.0
5329102,SIK,5.494850021680094
5494449,PIK3CA(I800L),5.0
5329102,ROCK1,6.337242168318426
10113978,SRC,5.552841968657781
10461815,ERK3,5.0
3025986,SBK1,5.0
10461815,CSNK1A1,5.0
153999,PDGFRB,5.0
11427553,CDC2L5,5.0
10113978,CSK,5.0
5494449,PLK4,8.036212172654444
11427553,PLK2,5.0
10127622,PIK3CA(H1047L),5.0
17755052,TYK2(JH1domain-catalytic),5.0
151194,MUSK,5.0
9915743,MAP3K4,7.4089353929735005
10127622,RIPK5,5.0
10138260,MUSK,7.0
11984591,ABL1(Y253F),5.744727494896694
11314340,BLK,5.0
24180719,CDC2L5,5.0
176155,PRKCE,5.0
176167,RIPK1,5.0
9933475,p38-delta,5.0
11984591,ASK2,5.0
10127622,KIT(A829P),5.0
3025986,ASK1,5.0
24180719,GRK1,5.0
153999,ERBB4,5.0
5494449,GCN2(KinDom2S808G),5.721246399047171
153999,RSK1(KinDom.1-N-terminal),6.3979400086720375
16722836,PCTK2,6.455931955649724
17755052,CSNK1A1,5.0
11314340,NEK11,5.0
151194,EPHA8,5.0
17755052,STK39,5.0
10113978,ULK3,5.0
9929127,FAK,5.0
156414,GSK3A,5.0
644241,LKB1,5.0
9929127,DAPK1,5.0
3038522,ACVR2B,5.0
5329102,PIK3CA(C420R),5.0
42642645,PRKX,5.0
5494449,BRAF(V600E),5.0
10461815,MRCKA,5.0
5494449,PCTK1,6.638272163982407
176167,PLK3,5.0
5287969,PFTK1,6.958607314841775
11485656,AMPK-alpha1,5.0
5329102,GRK1,6.537602002101044
5494449,LIMK1,5.585026652029182
5328940,PKMYT1,6.455931955649724
10113978,TIE2,5.481486060122113
11984591,CSNK1G3,5.0
24180719,FYN,5.638272163982407
151194,TRKB,5.0
3038522,PHKG1,5.0
10113978,PKNB(Mtuberculosis),5.0
176155,PFTK1,5.0
3025986,PIK3CA(M1043I),5.0
153999,PIK3CA(H1047L),5.0
176870,DRAK2,5.026872146400302
9929127,PRKG1,5.0
10127622,ACVR1,5.0
44259,ABL1(E255K),7.657577319177794
11984591,GAK,6.6020599913279625
216239,GCN2(KinDom2S808G),5.0
644241,CDK11,5.0
3025986,GCN2(KinDom2S808G),5.0
11485656,SBK1,5.0
3038522,MYLK,5.0
3038522,GAK,5.431798275933005
11409972,CSNK1A1,5.0
208908,TBK1,5.0
3062316,PIK3CA(E545K),5.0
216239,FLT3(K663Q),8.346787486224656
10127622,PIK3CD,5.0
44150621,KIT(A829P),7.346787486224656
16725726,NIM1,5.0
11427553,FLT3(N841I),7.886056647693163
153999,TNIK,5.0
11984591,EPHB3,5.0
11984591,PLK3,8.292429823902063
3038522,RIPK2,5.0
11364421,LIMK1,5.0
10461815,GSK3B,5.0
5329102,TRKC,5.292429823902063
5287969,FLT3(K663Q),5.0
24180719,SGK3,5.142667503568732
11485656,PIK3CD,5.0
151194,RIOK3,5.0
44150621,HIPK3,5.292429823902063
3025986,ICK,6.823908740944319
11338033,CSNK1G2,5.0
44150621,ROCK1,6.119186407719209
10461815,p38-beta,5.0
11338033,PLK4,5.0
16725726,CDKL5,5.0
10138260,CSNK1E,6.468521082957745
216239,MYLK,5.0
10427712,SIK,5.0
3038522,PAK6,5.0
5329102,INSR,6.301029995663981
10461815,GRK7,7.214670164989233
17755052,SRPK1,5.0
44150621,ERK1,5.0
5329102,p38-delta,5.0
216239,TESK1,5.0
9933475,PIP5K2C,5.0
176167,PIK3CA(E542K),5.0
16725726,TGFBR2,5.0
24180719,MERTK,5.0
644241,BRAF,5.769551078621726
24180719,MKK7,5.0
24889392,DYRK1B,5.0
42642645,MINK,5.585026652029182
24180719,EGFR(S752I759del),5.0
176870,SNRK,5.0
5328940,OSR1,5.0
151194,PIP5K2B,5.0
3038522,PIK3CG,5.0
208908,PIK3CA(Q546K),5.0
9929127,RIPK5,5.0
16725726,EGFR(E746A750del),5.0
16722836,MET(Y1235D),5.0
44259,RET,7.823908740944319
24180719,EPHA5,5.0
151194,MINK,5.0
3038522,p38-delta,5.0
17755052,CAMK4,5.0
3062316,ULK1,5.0
9933475,EPHA5,5.0
11338033,ULK3,5.0
10138260,SRPK1,5.3979400086720375
11427553,PIK3CA(M1043I),5.0
16722836,PIP5K2C,5.3872161432802645
11314340,OSR1,5.0
176870,ERN1,5.0
11485656,ERK3,5.0
151194,CSNK1G1,5.0
208908,RET(M918T),5.0
44259,MYLK2,7.214670164989233
5287969,CSNK1G2,5.0
24889392,ERBB4,5.0
5328940,SRPK3,5.4089353929735005
11984591,PLK1,6.080921907623926
25243800,EGFR(L858RT790M),6.180456064458132
5287969,YANK3,5.0
644241,STK39,5.0
5328940,KIT,6.376750709602099
123631,FGFR1,5.0
10461815,ERK1,5.0
5328940,HPK1,7.823908740944319
9929127,PKAC-beta,5.0
42642645,TNIK,6.6777807052660805
10127622,PRKX,5.0
24889392,CDK9,5.0
208908,PIK3CA(E545K),5.0
156414,PIK3CA(Q546K),5.0
156414,SNARK,5.0
153999,PIK3CA(E545A),5.0
3038522,MAK,5.0
44259,MRCKB,7.376750709602099
11364421,MST3,5.0
24180719,RET(M918T),5.0
11338033,MUSK,5.0
208908,AKT3,5.0
16722836,PRKG2,5.795880017344075
5287969,CTK,5.0
176155,PIM1,5.0
151194,CDK8,5.346787486224656
42642645,MEK6,5.0
44150621,PIK3CA(C420R),5.0
17755052,CAMK2B,5.0
11427553,PFTK1,6.060480747381382
9933475,KIT(V559D-V654A),9.508638306165729
42642645,IKK-alpha,5.229147988357856
11314340,HPK1,5.0
16722836,EPHA5,5.0
11485656,MERTK,6.060480747381382
156414,SGK3,5.0
25243800,PKAC-beta,5.0
9915743,GAK,6.6020599913279625
11485656,PIK3CA(I800L),5.0
16725726,RSK1(KinDom.2-C-terminal),5.0
24180719,PCTK2,5.0
3038522,CDC2L5,5.0
156414,BMX,5.585026652029182
5329102,SGK3,6.657577319177793
10461815,AAK1,6.494850021680094
176155,LATS1,5.0
10138260,CDC2L5,5.0
5328940,HIPK1,6.2839966563652006
25243800,FGFR2,6.6777807052660805
10127622,PLK4,5.0
16725726,SNRK,5.0
9929127,EPHA7,5.0
44150621,ABL1(F317I)p,5.346787486224656
16725726,RET(V804M),5.0
156414,LZK,5.0
176167,MARK3,5.0
10461815,PRKD3,5.0
11409972,MLK3,5.3979400086720375
208908,PIK4CB,6.026872146400302
44259,LZK,6.6777807052660805
153999,MKK7,5.0
44150621,MARK3,5.468521082957745
44150621,ACVR2B,5.0
24889392,ABL1(F317I)p,5.0
11485656,MYO3A,5.0
10113978,PIK3CA(Q546K),5.0
42642645,HIPK3,7.366531544420414
5494449,FLT3(N841I),8.366531544420413
10138260,EPHA5,5.0
5287969,DLK,5.0
11338033,PIK3CA(Q546K),5.0
176155,CSNK2A2,5.0
24180719,RPS6KA5(KinDom.2-C-terminal),5.0
44259,GAK,7.769551078621726
3025986,FER,5.0
176155,CSNK1A1,7.1249387366083
10113978,AAK1,5.537602002101044
176167,TGFBR2,5.0
156414,RPS6KA5(KinDom.1-N-terminal),5.0
5494449,PKNB(Mtuberculosis),5.657577319177793
176167,EPHB3,5.0
10138260,SNRK,5.823908740944319
3062316,TAOK3,5.638272163982407
10427712,YANK3,5.0
9929127,YES,5.0
216239,GSK3A,5.0
11314340,ERN1,5.0
11314340,PIK3CA(C420R),5.0
11427553,MLK3,6.638272163982407
5329102,ASK1,5.0
44259,ASK1,6.958607314841775
153999,KIT,5.0
3062316,FLT4,5.0
25243800,ACVR2A,7.744727494896694
11338033,RIPK2,5.0
11984591,BTK,6.721246399047171
208908,CASK,5.0
5494449,CDKL5,5.552841968657781
10113978,FGR,5.795880017344075
9933475,JNK3,5.0
10427712,BMX,5.0
42642645,GSK3B,5.0
176167,CAMK2B,5.0
176155,ABL1(M351T),5.0
44150621,MRCKA,5.0
16722836,ROCK1,5.6777807052660805
11314340,RIPK4,5.0
9933475,MYLK4,5.0
123631,STK33,5.0
176167,INSR,5.0
3025986,FGR,5.0
25243800,DCAMKL2,5.0
10138260,STK39,6.366531544420414
44259,PDPK1,8.769551078621726
10127622,MARK1,5.0
176167,DCAMKL1,5.0
11314340,MLK3,5.0
24889392,ADCK3,5.0
153999,RSK2(KinDom.1-N-terminal),5.443697499232713
9915743,PIK3CA(M1043I),5.0
16722836,MAP3K4,5.3872161432802645
3025986,ACVR2B,5.0
44150621,DAPK2,5.0
216239,ACVR2B,5.0
10127622,SRPK1,5.0
11427553,PIK3CA(E545A),5.0
9915743,PIK3CA,5.0
176167,EPHA7,5.0
16725726,MYLK4,5.0
16725726,EPHA5,5.0
11338033,RIOK1,5.0
10113978,SBK1,5.0
123631,STK39,5.0
123631,DRAK2,5.42021640338319
9915743,PLK3,5.0
3062316,PIK3CB,5.0
216239,FAK,5.0
16725726,MINK,5.0
11409972,FLT3,9.102372908709558
11364421,EGFR(L747T751del),5.318758762624413
176870,PIK3CA(H1047L),5.0
25243800,CASK,5.795880017344075
153999,EGFR(L747T751del),5.0
24889392,ACVR1B,5.0
10138260,AAK1,7.180456064458132
11314340,CSNK1E,6.920818753952375
10461815,FLT3,6.6020599913279625
10138260,MAP3K2,7.136677139879544
10138260,PIK3CA(Q546K),5.0
176155,PIM3,5.0
11984591,BRSK2,5.0
153999,DYRK1B,5.267606240177032
216239,ABL1(T315I),6.229147988357856
156414,CSNK1E,6.376750709602099
3025986,ACVRL1,5.0
5287969,SRC,5.0
11364421,PRKCQ,5.0
42642645,PDGFRB,9.017728766960431
11338033,GRK7,5.0
5287969,MARK1,5.0
24889392,ABL1(Q252H),5.0
5494449,BMX,5.585026652029182
9915743,CDK8,5.0
24889392,LTK,5.0
16725726,DLK,5.0
216239,LIMK1,5.795880017344075
16722836,FLT3(N841I),7.698970004336019
24180719,RIOK3,5.0
11338033,FER,5.0
123631,PKN1,5.0
3062316,PCTK1,5.0
16725726,PRKD3,6.00436480540245
176870,MARK4,5.0
42642645,PIK3CG,5.0
10427712,RIPK4,7.013228265733755
11409972,MARK3,5.0
208908,GSK3B,5.0
5329102,AURKC,6.657577319177793
11364421,p38-beta,5.0
17755052,PRKG1,5.0
208908,BRSK2,5.0
24889392,CTK,5.0
9929127,RPS6KA5(KinDom.2-C-terminal),5.0
16722836,DAPK1,7.795880017344075
16722836,ABL1(T315I),6.619788758288394
5328940,MYLK4,5.0
176167,CDK9,5.886056647693163
3038522,TEC,5.0
24180719,TEC,5.0
24180719,BRSK2,5.0
151194,ACVR1B,5.0
16725726,AAK1,5.0
176870,HIPK3,5.0
11485656,TNK2,5.0
24180719,p38-delta,5.0
644241,FGFR1,5.0
10427712,AURKA,5.0
176167,SBK1,5.0
25243800,STK39,5.0
5287969,LKB1,5.0
9915743,GRK7,5.0
9929127,NEK9,5.0
44259,TIE2,6.853871964321762
5287969,NEK9,5.0
176155,BLK,5.0
17755052,KIT,5.0
10127622,PAK7,5.0
123631,CDC2L2,5.0
156414,PRKG2,5.0
10127622,DRAK2,5.0
156414,GSK3B,5.0
123631,AURKA,5.0
644241,MARK4,5.0
153999,FES,5.0
176167,ABL1(Q252H),5.0
5328940,PIK3CA,5.0
11364421,PKMYT1,5.0
156414,DMPK2,5.0
5287969,PAK2,5.0
3025986,TRKB,5.0
644241,TLK2,5.0
153999,FYN,5.0
44259,TYK2(JH2domain-pseudokinase),5.508638306165728
42642645,TIE2,8.508638306165727
24889392,ACVR2B,5.0
24889392,BMX,5.0
5328940,AMPK-alpha1,5.4089353929735005
156414,NEK11,5.0
5329102,PIK3CA(E545K),5.0
17755052,EGFR(L747T751del),5.0
10138260,PCTK1,6.026872146400302
9915743,RIOK3,5.0
153999,TYK2(JH2domain-pseudokinase),5.0
11427553,MAP3K2,7.142667503568732
153999,FLT4,5.0
11984591,PKMYT1,5.0
16722836,OSR1,5.0
5329102,MINK,7.537602002101044
10138260,CASK,5.0
11409972,NEK2,5.0
44259,TLK1,7.568636235841013
5328940,FGR,8.200659450546418
3025986,ULK1,5.552841968657781
11364421,PIK3CG,5.0
11364421,EGFR(E746A750del),5.721246399047171
25243800,MERTK,5.327902142064283
11409972,FER,6.229147988357856
10461815,PFTK1,5.886056647693163
11485656,ULK1,5.0
11409972,ABL1(E255K),7.1249387366083
123631,EPHA5,5.823908740944319
5329102,FAK,6.356547323513813
16725726,LIMK2,5.0
11409972,EPHA7,5.958607314841775
208908,PIK3CD,5.0
11338033,MAK,7.013228265733755
176155,MARK1,5.0
9933475,ABL1(T315I)p,7.698970004336019
11409972,GRK4,5.0
5287969,GRK7,6.008773924307505
153999,ASK1,5.0
153999,PCTK1,5.585026652029182
44150621,SNRK,5.0
9929127,p38-delta,5.0
11338033,AAK1,5.0
44150621,KIT(D816H),6.769551078621726
9933475,ABL1(F317I),5.552841968657781
10427712,ERN1,5.0
151194,ABL1(M351T),5.0
10113978,GCN2(KinDom2S808G),5.0
3062316,ROS1,5.0
11409972,GAK,5.886056647693163
25243800,AURKC,5.0
9933475,MARK3,5.0
176155,MAP3K1,5.0
11984591,EGFR(E746A750del),5.958607314841775
3062316,ULK3,5.337242168318426
17755052,MYO3A,5.0
42642645,CDK9,5.795880017344075
176870,GAK,8.508638306165727
153999,PIK3CA,5.0
3025986,AURKC,5.301029995663981
208908,PRKD2,5.0
10427712,PIK3CA,7.229147988357856
17755052,HIPK3,6.221848749616356
11314340,NEK5,5.0
11338033,PDPK1,5.0
153999,PHKG2,5.0
151194,CSNK2A1,5.0
5328940,PIK3CA(I800L),5.0
44259,HPK1,8.366531544420413
16725726,PIP5K2B,5.0
216239,ERBB2,5.0
44150621,CSNK2A2,6.698970004336019
42642645,EPHA5,8.18045606445813
10138260,MYLK2,6.721246399047171
176167,BMX,5.0
151194,DRAK2,5.0
16722836,TIE2,5.721246399047171
11338033,MAP3K4,5.0
216239,NEK3,5.0
644241,ACVR2A,5.0
216239,MAP3K1,5.0
11364421,TNNI3K,5.0
44259,AMPK-alpha2,7.920818753952375
176167,TAOK3,5.0
208908,ROS1,5.0
11338033,PIK3CA(M1043I),5.0
5494449,HPK1,7.142667503568732
9915743,TESK1,5.0
9933475,TTK,5.0
5494449,BRAF,5.0
10113978,PKAC-alpha,5.0
208908,CDC2L2,5.0
151194,PFCDPK1(Pfalciparum),5.0
5287969,ACVR2A,5.508638306165728
11338033,RIPK4,5.0
10113978,HIPK2,5.0
176167,SGK3,5.0
3062316,LIMK1,6.2441251443275085
11984591,GRK7,5.698970004336019
11364421,AURKC,5.0
5328940,DYRK1A,5.0
10427712,NEK11,5.0
123631,TEC,5.0
216239,RPS6KA5(KinDom.1-N-terminal),5.0
3062316,SRPK1,5.0
208908,CDK11,5.0
156414,YES,5.795880017344075
11427553,MYO3A,6.130768280269024
11338033,PIP5K2B,5.0
10113978,FLT3,5.958607314841775
3025986,DYRK1A,6.468521082957745
9915743,SNRK,5.0
151194,MYLK,5.0
9933475,NEK4,5.0
10427712,CSNK2A1,5.552841968657781
24889392,ASK2,5.0
24889392,TNIK,5.552841968657781
176167,AURKB,5.0
17755052,MKK7,5.0
10127622,PIK3CA,5.0
11338033,PRKCE,5.0
10138260,SRC,5.309803919971486
11364421,PAK6,5.0
11485656,FLT4,7.795880017344075
10427712,RIOK1,5.236572006437063
9929127,KIT,5.0
11409972,PAK6,5.0
3025986,PIK3CG,5.0
9933475,JAK1(JH2domain-pseudokinase),5.0
5287969,GAK,6.431798275933005
5494449,GRK7,5.0
156414,PHKG2,5.0
5329102,GSK3A,5.0
176155,SNRK,5.0
11364421,HIPK1,5.3872161432802645
25243800,ABL1(Q252H),6.619788758288394
11314340,DYRK1A,8.67778070526608
11427553,EGFR(L747S752del),5.0
5328940,ABL1(E255K),10.327902142064282
11338033,TAOK3,7.244125144327507
9915743,CSNK1G3,5.10790539730952
176167,DRAK2,5.0
25243800,ABL1(M351T),7.221848749616356
208908,TNNI3K,5.0
156414,CDKL5,5.0
151194,ROCK1,5.0
644241,TYK2(JH1domain-catalytic),5.0
44150621,TLK1,5.0
11314340,TLK2,5.0
644241,AMPK-alpha2,5.0
42642645,ROS1,7.853871964321762
9933475,MKK7,5.0
3025986,MET(M1250T),5.0
5494449,CSNK1A1,5.0
44259,CDK8,6.292429823902063
10113978,MYO3A,5.0
9929127,FER,5.0
10427712,PIP5K2B,5.10790539730952
44259,TNK2,7.795880017344075
3038522,ASK2,5.0
10427712,RIPK1,5.0
5494449,MYO3A,5.0
216239,MET(Y1235D),5.0
156414,IGF1R,5.0
24180719,ABL1(T315I),5.0
151194,PAK7,5.0
3062316,PCTK2,5.0
11409972,ACVRL1,5.0
10427712,TNK2,5.0
151194,ABL1(H396P)p,5.0
123631,HIPK3,5.0
123631,LZK,5.0
17755052,PFCDPK1(Pfalciparum),5.0
176155,LIMK1,5.0
10113978,TXK,5.585026652029182
176155,FGR,5.0
208908,BTK,5.0
5329102,PIK3CA(E545A),5.0
5329102,TESK1,5.0
176870,RPS6KA5(KinDom.1-N-terminal),5.0
5287969,PIK3CA(E545A),5.0
5287969,HPK1,5.481486060122113
644241,PIK3CA(C420R),5.0
25243800,HIPK3,6.886056647693163
16725726,MLK3,5.0
9915743,TNIK,6.853871964321762
24180719,PIK3CA(I800L),5.0
156414,PAK6,5.0
644241,EPHB1,5.886056647693163
10461815,BRSK2,5.0
44150621,ABL1(Y253F),7.337242168318426
176155,SIK,5.0
3062316,ABL1(Y253F),10.236572006437065
42642645,MLCK,5.522878745280337
176167,AURKC,5.0
208908,PIK3CB,5.0
216239,MKK7,5.0
5494449,RET(V804M),7.886056647693163
5328940,CAMK1G,5.0
25243800,PDPK1,5.0
24180719,RET(V804L),5.0
10427712,PLK1,5.0
10427712,MYLK,5.0
10127622,RPS6KA5(KinDom.1-N-terminal),5.0
5328940,RSK2(KinDom.1-N-terminal),5.920818753952375
3062316,ROCK1,5.0
10461815,FER,5.0
11314340,ZAK,5.0
11427553,JAK1(JH2domain-pseudokinase),6.721246399047171
16725726,GRK7,6.42021640338319
16725726,HUNK,5.0
16722836,RET(V804M),7.091514981121351
5329102,SBK1,6.698970004336019
644241,ZAK,7.958607314841775
44259,YANK3,6.508638306165728
11338033,PRKD3,5.0
644241,CDC2L2,5.0
3025986,EPHA7,5.0
156414,ZAK,5.920818753952375
5329102,SRC,5.6777807052660805
16725726,ERK5,5.0
3062316,EGFR(L858R),6.920818753952375
216239,PRKG1,5.0
16722836,PRKG1,5.42021640338319
176870,PRKD2,5.0
17755052,CSNK1G3,5.0
3062316,PRKCE,5.0
176870,NEK4,5.0
208908,ASK1,5.0
10138260,PRKCE,5.0
9929127,ACVR2A,5.0
25243800,FGR,6.795880017344075
17755052,FGFR2,5.0
5287969,OSR1,5.0
3062316,RIOK1,5.0
10461815,p38-delta,5.0
5328940,ULK3,6.337242168318426
3025986,LIMK2,5.0
10113978,SNRK,5.0
9915743,RET(V804L),5.0
5328940,PAK7,5.0
644241,NIM1,5.0
11409972,PLK4,5.0
5287969,TAOK3,7.00436480540245
151194,CSNK1E,5.0
11485656,PIK3CA(H1047L),5.0
153999,BLK,5.0
176155,FGFR2,5.0
216239,ERN1,5.0
11409972,CSNK2A1,5.0
11409972,ERBB2,5.0
5494449,PIK3CD,5.0
5494449,NEK5,5.376750709602099
10427712,MARK3,5.0
10138260,DAPK2,6.3979400086720375
5328940,EPHB3,6.6777807052660805
9933475,MLK3,5.0
176870,BMX,5.0
25243800,PIK3CA(E545A),6.638272163982407
16722836,FGFR1,6.552841968657781
17755052,MYLK4,6.107905397309519
10138260,KIT(D816H),6.508638306165728
9929127,EGFR(E746A750del),5.0
644241,PCTK2,5.0
10427712,BTK,5.0
17755052,HUNK,5.0
11427553,MEK6,6.086186147616283
25243800,ABL1(F317I),5.0
17755052,ACVR2B,5.0
42642645,MRCKA,6.180456064458132
9915743,MET(M1250T),5.173925197299174
3025986,CSNK1G1,5.0
11314340,MERTK,5.0
216239,PLK1,5.0
9915743,DRAK2,5.958607314841775
44259,ACVR2B,5.337242168318426
11984591,PIK3CA(Q546K),5.0
10461815,MAP3K1,5.0
153999,CSNK1G2,5.0
123631,KIT(D816H),5.259637310505756
16722836,LATS1,5.0
17755052,ABL1(T315I),5.0
10138260,MST1,6.886056647693163
208908,NEK11,5.0
17755052,LIMK2,5.0
44150621,IKK-alpha,5.744727494896694
5287969,DMPK2,5.0
208908,CTK,5.0
644241,MST3,5.0
17755052,MARK4,5.0
5287969,PIK3CA(E545K),5.0
9933475,PYK2,5.0
11427553,CAMK2B,5.0
17755052,MAP3K15,5.0
5287969,NEK4,5.0
11984591,CDKL5,5.0
3025986,CSK,5.0
16725726,PIM3,6.1249387366083
176167,ADCK3,5.0
16722836,GSK3A,5.0
10127622,WEE2,5.0
10138260,MAP3K4,5.0
10138260,MAP3K15,5.920818753952375
5287969,KIT(D816V),5.337242168318426
9915743,MARK3,5.0
11314340,RSK1(KinDom.2-C-terminal),5.0
10461815,TNIK,6.508638306165728
153999,NEK4,5.0
10138260,CDKL5,5.0
5287969,PFCDPK1(Pfalciparum),5.0
11485656,LIMK1,5.0
10138260,ZAK,5.0
3038522,RPS6KA5(KinDom.1-N-terminal),5.0
9929127,PRKD3,5.0
176155,LIMK2,5.0
123631,CDC2L5,5.0
24180719,BLK,5.958607314841775
9915743,HPK1,7.031517051446065
3062316,TRKC,5.0
176870,RET(V804M),5.0
5328940,RIOK1,5.657577319177793
3062316,AURKB,5.0
44259,PIK3CA(H1047L),6.3979400086720375
44259,AURKA,7.769551078621726
153999,PIP5K2B,6.080921907623926
44150621,PLK3,5.0
644241,MAP3K1,5.0
10461815,TGFBR2,5.0
151194,PKAC-beta,5.0
11314340,MARK3,5.0
123631,JNK3,5.494850021680094
9929127,SGK3,5.0
5494449,PKN1,5.823908740944319
11427553,RSK4(KinDom.2-C-terminal),5.0
10461815,MST3,5.0
17755052,BRAF(V600E),5.0
10138260,CSK,5.0
3062316,PIK3CA(H1047L),5.0
3038522,RIPK4,5.0
3062316,NIM1,5.0
11984591,RIOK1,6.468521082957745
10427712,p38-delta,5.0
24180719,EGFR(E746A750del),5.0
3025986,TIE2,5.0
9915743,AURKA,5.0
644241,INSR,5.0
3062316,PHKG2,5.0
25243800,DMPK2,5.0
11984591,PYK2,7.537602002101044
156414,ACVR2A,5.0
10427712,RIPK2,6.301029995663981
5328940,CSNK1G3,5.0
10427712,RSK1(KinDom.2-C-terminal),6.657577319177793
10138260,PIK3CA(E545A),5.0
25243800,ERK3,5.0
9915743,TRKC,5.0
123631,AAK1,5.0
176155,MAP4K2,5.0
24180719,ERBB4,5.0
208908,DYRK1A,5.0
5287969,PAK1,5.0
3062316,FAK,5.0
11427553,NEK9,6.2839966563652006
24889392,DYRK1A,5.0
9915743,ACVR1,5.0
153999,GSK3B,5.585026652029182
16725726,CDK9,5.0
44150621,PIK3CB,5.0
25243800,CAMK4,5.0
5328940,MRCKB,5.0
10127622,TYK2(JH1domain-catalytic),5.0
216239,TNIK,5.102372908709558
5328940,HIPK3,5.494850021680094
44259,SGK3,8.468521082957745
11338033,AMPK-alpha2,5.0
10138260,JNK3,5.443697499232713
16725726,RIPK2,5.0
10427712,PAK1,5.0
17755052,SNRK,5.0
10461815,ABL1(T315I),5.42021640338319
42642645,PLK1,5.0
5494449,CDK8,5.0
176167,ASK2,5.0
176167,MYO3A,5.0
11364421,PHKG1,5.0
156414,ADCK3,5.823908740944319
5287969,FLT4,5.0
16722836,EPHA8,5.113509274827518
24180719,DYRK1A,5.0
11485656,YANK3,5.0
5329102,NEK2,5.853871964321762
9915743,FGR,5.721246399047171
10138260,TGFBR2,5.0
24180719,FGFR1,5.275724130399211
156414,MAK,5.0
153999,DLK,5.0
176155,YANK3,5.0
5494449,RPS6KA5(KinDom.1-N-terminal),5.0
9929127,EPHB1,5.0
16722836,ACVR1,6.823908740944319
3025986,LATS1,5.0
151194,CASK,5.0
3038522,TNK2,5.0
216239,MAP3K15,5.0
9929127,GSK3A,5.0
11364421,TYK2(JH2domain-pseudokinase),5.0
153999,DMPK2,5.0
25243800,PIP5K2B,5.0
10427712,EPHB1,5.0
9929127,MARK3,5.0
11409972,RPS6KA5(KinDom.1-N-terminal),6.136677139879544
9929127,ERBB4,5.0
5329102,PAK7,6.1938200260161125
44259,ABL1(Y253F),7.638272163982407
10138260,WEE2,5.0
24889392,RIOK2,5.0
216239,LZK,5.0
11338033,KIT(A829P),5.0
5328940,ABL1(H396P),10.207608310501746
10427712,CAMK2B,5.0
10113978,ROCK1,5.0
176870,CHEK2,5.0
9933475,LZK,5.0
44259,PIK3CA(Q546K),5.0
11427553,RIOK3,7.214670164989233
11427553,ABL1(M351T),7.721246399047171
11338033,CSK,5.0
176167,CSNK1E,5.0
208908,EGFR(L858RT790M),5.0
3038522,KIT(V559D-T670I),5.958607314841775
216239,CDK5,5.080921907623926
16725726,PIP5K2C,5.0
11364421,SNRK,5.0
10461815,PIK3CA(C420R),5.0
16722836,SRPK1,6.795880017344075
11485656,FES,5.0
11314340,MET(M1250T),5.0
11409972,PIK3CA(H1047L),5.0
17755052,EGFR(E746A750del),5.0
5329102,ZAK,5.0
644241,ITK,5.0
44259,RIOK1,6.886056647693163
10427712,EGFR(E746A750del),5.3872161432802645
216239,ITK,5.0
3025986,TLK1,5.0
16722836,CAMK2B,5.167491087293763
9929127,YANK3,5.0
9929127,MYLK4,5.0
208908,PKAC-alpha,5.0
11364421,HPK1,5.0
10127622,FER,5.0
208908,MYLK4,5.0
24889392,MET(M1250T),5.0
10127622,ERBB4,5.0
9915743,GSK3A,5.0
10427712,MKK7,5.0
25243800,GSK3A,5.0
5328940,MAP3K15,5.0
16722836,PLK3,5.795880017344075
9933475,MAP3K4,5.0
9915743,YANK2,5.1938200260161125
11984591,EPHA7,7.4089353929735005
3025986,GAK,5.744727494896694
9933475,CDK9,5.0
3062316,PHKG1,5.0
11485656,SNRK,5.0
11427553,SBK1,6.236572006437063
24180719,HPK1,5.0
5329102,LATS1,6.200659450546419
11485656,CAMK1G,5.0
156414,ABL1(F317I)p,6.0
16722836,RIOK3,7.040958607678906
11338033,CAMK2B,5.0
5287969,CSNK1A1,5.508638306165728
10427712,LRRK2,5.0
5328940,PIK3CA(E545K),5.0
176167,ITK,5.0
644241,RIOK1,5.0
17755052,CDK5,5.0
3025986,PAK1,5.0
11338033,PKAC-alpha,5.0
3025986,ABL1(M351T),5.0
5494449,PYK2,5.585026652029182
9915743,ASK2,5.0
5329102,FGFR1,6.2839966563652006
3062316,MLCK,5.0
208908,IGF1R,5.0
9915743,TNK2,6.167491087293763
11427553,CDK8,5.0
25243800,TRKC,5.0
11485656,ABL1(T315I)p,5.0
176870,FLT3,5.920818753952375
44259,TTK,7.214670164989233
208908,TAOK3,5.0
24889392,ABL1(M351T),5.0
10127622,ADCK3,5.0
11314340,SIK,5.0
44150621,TNNI3K,5.0
176155,GCN2(KinDom2S808G),5.0
644241,PIM1,5.0
11485656,PAK1,5.0
216239,PKN1,5.0
11338033,CDK9,8.236572006437063
176870,EGFR(E746A750del),9.318758762624412
5328940,PHKG1,6.468521082957745
24889392,PDPK1,5.0
11409972,BTK,5.0
11485656,ABL1(Q252H),5.0
176155,PHKG2,5.0
3062316,p38-beta,6.3872161432802645
3062316,AURKC,5.0
11485656,MAP3K15,5.0
123631,CDKL5,5.0
24180719,MYO3A,5.0
11427553,JNK2,6.638272163982407
44150621,p38-delta,5.0
24180719,ABL1(E255K),5.346787486224656
9929127,p38-beta,5.0
123631,LIMK1,5.0
3062316,RPS6KA5(KinDom.2-C-terminal),5.0
9933475,CASK,5.0
44259,SRC,7.0655015487564325
9929127,SRC,5.0
24180719,PAK2,5.0
216239,PDGFRB,7.431798275933005
10461815,CTK,5.0
11984591,MARK4,7.050609993355088
153999,TIE2,5.0
156414,SNRK,5.0
156414,DCAMKL2,5.0
5494449,YES,6.327902142064283
11314340,EPHA8,5.0
153999,ASK2,5.0
24889392,ERK3,5.0
10138260,DYRK1B,5.585026652029182
10427712,EGFR(L858R),5.853871964321762
176167,JNK3,5.0
10427712,ACVR1B,5.0
11314340,KIT,5.0
24180719,BRAF,6.481486060122113
44150621,EPHB3,5.0
11427553,PRKD2,5.823908740944319
3025986,CDK11,6.022276394711152
208908,PHKG2,5.0
11314340,FLT3,6.267606240177032
176155,PIK3CB,5.0
42642645,DAPK2,5.0
24180719,RIPK4,5.0
44259,PIK3CG,5.744727494896694
5328940,PIK3CA(E545A),5.0
24180719,ASK2,5.0
153999,CDK11,5.0
11338033,DAPK1,5.0
10427712,PIK3CB,7.096910013008056
42642645,PIK3CA(M1043I),5.0
151194,NEK4,5.0
10427712,AMPK-alpha1,5.0
11485656,PIP5K2C,5.0
216239,RIOK3,5.0
24180719,ADCK3,5.0
10113978,PAK1,5.0
11338033,NEK3,5.0
11984591,PRKD3,5.4089353929735005
24180719,AURKB,5.638272163982407
176155,NEK9,5.0
11427553,EPHA7,6.4089353929735005
208908,RET,5.0
153999,CAMK2B,5.0
151194,RIPK2,5.0
5494449,p38-delta,5.0
9915743,BRAF,5.0
11409972,RSK1(KinDom.1-N-terminal),5.0
10113978,FES,5.853871964321762
11427553,RIOK1,7.327902142064283
5329102,CAMK2B,5.853871964321762
11409972,PIM3,5.0
16722836,PIM1,5.0
216239,LRRK2,5.0
123631,PCTK1,5.0
644241,LIMK2,5.0
10113978,MET(Y1235D),5.6777807052660805
42642645,PRKG2,5.0
10113978,DYRK1B,5.0
11314340,BTK,5.0
3025986,MLK1,5.0
3038522,JAK1(JH2domain-pseudokinase),5.0
10138260,IGF1R,5.0
3025986,ROCK1,5.0
3062316,PIK3CA,5.0
24889392,CAMK1G,5.0
10127622,ASK1,5.0
156414,CSNK2A1,5.0
25243800,ICK,5.0
44150621,PKNB(Mtuberculosis),6.522878745280337
5328940,CDKL5,5.0
153999,EGFR(L747S752del),5.0
153999,PIK3CA(C420R),5.0
16722836,LZK,6.229147988357856
9915743,ASK1,5.0
3038522,DCAMKL1,5.0
11984591,EGFR(L747S752del),6.251811972993799
10127622,JNK2,5.0
10113978,TRKC,5.0
24889392,MAP3K4,5.0
156414,ERBB4,8.187086643357144
42642645,KIT,8.602059991327963
5494449,CDC2L2,6.585026652029182
5287969,CDK8,6.920818753952375
644241,BMPR1B,5.0
5328940,PAK6,5.0
24180719,MAP4K2,5.0
5329102,DCAMKL1,6.431798275933005
9933475,DMPK2,5.0
216239,STK33,5.619788758288394
156414,SRPK3,5.0
10127622,ABL1(T315I),5.0
24889392,SGK3,5.0
9915743,ACVRL1,5.0
11409972,MRCKB,5.0
10427712,PDGFRB,5.0
11427553,ERBB4,5.0
176167,NEK11,5.0
5494449,ACVR1,5.721246399047171
11338033,BRSK2,5.0
5329102,MRCKA,5.0
176155,NEK3,5.0
42642645,CHEK2,7.244125144327507
11427553,TAOK3,6.0
156414,PLK1,5.0
11427553,MAK,5.0
16722836,NEK3,6.1938200260161125
11984591,MINK,5.0
16725726,BRAF,5.0
176155,TXK,5.346787486224656
3025986,TBK1,5.0
9929127,RIPK1,5.0
176870,ACVRL1,5.0
176167,PIK3CA(M1043I),5.0
42642645,PAK6,5.0
9933475,PIK4CB,5.0
44259,PIM3,9.292429823902063
9933475,PIK3CA(I800L),5.0
3062316,ADCK3,6.721246399047171
153999,ABL1(Q252H),5.0
123631,BTK,5.0
44259,PAK7,8.920818753952375
3062316,FGFR2,5.853871964321762
216239,AURKA,5.0
216239,TRKB,5.6777807052660805
9929127,JNK2,5.0
24889392,MARK4,5.0
11984591,ABL1(F317I),5.0
11314340,RET(V804L),5.721246399047171
11409972,NEK9,5.744727494896694
9929127,BLK,5.0
11409972,RIPK4,6.744727494896694
176870,EGFR(L747S752del),9.327902142064282
176155,PIK3CA(Q546K),5.0
3025986,CDK5,6.130768280269024
11485656,ACVR2B,5.0
24180719,PIK3CA(Q546K),5.0
176870,ROS1,5.0
16725726,JNK3,5.0
123631,PIK3CA(H1047L),5.0
156414,TLK2,5.0
11364421,DRAK2,5.0
11409972,HUNK,5.0
24889392,SRC,5.0
44150621,ABL1(Q252H),7.1249387366083
9929127,PYK2,5.0
123631,PIP5K2C,5.1249387366083
17755052,AMPK-alpha1,5.0
16725726,TBK1,5.0
3038522,ERK5,5.0
5494449,CHEK2,5.0
10127622,FGFR1,5.0
42642645,PIP5K2C,7.552841968657781
42642645,PYK2,7.853871964321762
44150621,BRSK2,5.0
11314340,PIK3CA(Q546K),5.0
11364421,KIT(D816H),5.0
153999,MET(M1250T),5.0
123631,ERK3,5.795880017344075
644241,LIMK1,5.0
16722836,RIPK1,5.275724130399211
10138260,MKK7,5.0
11364421,ACVR2B,5.0
11314340,SNRK,5.0
10127622,DYRK1A,5.0
10138260,NIM1,5.958607314841775
5494449,EGFR(E746A750del),5.0
11485656,CHEK2,5.0
24889392,TYK2(JH1domain-catalytic),5.0
5328940,FAK,6.2441251443275085
5328940,DMPK2,5.0
156414,ABL1(Q252H),7.040958607678906
216239,KIT(V559D-V654A),6.619788758288394
216239,PHKG2,5.0
10461815,LRRK2,5.0
10427712,MAK,5.0
176870,MET(M1250T),5.552841968657781
11364421,DCAMKL2,5.0
16722836,HIPK2,6.0
16725726,ITK,5.0
44259,EGFR(L858RT790M),9.455931955649724
3038522,MAP3K1,5.0
176155,RET,5.0
176155,MEK6,5.0
24180719,LATS1,5.0
24180719,NEK5,5.0
5287969,STK39,5.0
208908,MEK6,5.0
123631,DYRK1B,5.0
208908,ABL1(T315I),5.0
5329102,TYK2(JH2domain-pseudokinase),6.443697499232713
644241,MST1,5.0
216239,DCAMKL1,5.0
16722836,TESK1,5.494850021680094
11485656,RSK4(KinDom.2-C-terminal),5.0
176167,MAP3K15,5.0
151194,INSR,5.0
9929127,ABL1(Q252H),5.0
24180719,ASK1,5.0
10138260,ABL1(M351T),6.301029995663981
156414,CAMK2B,5.0
25243800,ABL1(E255K),7.251811972993799
44150621,GRK1,5.657577319177793
44150621,HUNK,6.3872161432802645
9915743,ERK1,5.0
5287969,CAMK1G,5.0
44150621,TLK2,5.585026652029182
11984591,PAK2,6.468521082957745
44150621,EGFR(S752I759del),5.0
11314340,PIP5K2C,5.0
11427553,PCTK2,5.721246399047171
10127622,FLT4,5.0
9933475,EPHA8,5.275724130399211
3025986,PIK3CA(E545K),5.0
24180719,PHKG2,5.0
156414,PRKX,5.0
216239,ABL1(F317I),5.769551078621726
644241,ABL1(Y253F),7.886056647693163
44259,RET(V804L),7.823908740944319
17755052,CSK,5.0
44259,HUNK,6.2076083105017466
123631,MARK1,5.0
11984591,FGR,7.481486060122113
11409972,MARK1,5.0
9929127,DRAK2,5.0
9915743,p38-beta,5.0
10427712,MET(Y1235D),5.0
10127622,TRKB,5.0
11409972,ABL1(T315I)p,7.602059991327962
176167,LRRK2(G2019S),5.0
176870,MYLK,5.0
208908,MARK1,5.0
44259,PIK3CA(C420R),5.0
11364421,PKAC-alpha,5.0
644241,STK33,5.0
10138260,PIK3CA(C420R),5.0
9933475,FAK,5.0
44150621,TXK,5.0
176870,EPHB1,5.958607314841775
10461815,JNK2,5.0
10427712,SNRK,5.0
11427553,MRCKB,5.0
16725726,FLT4,5.0
3025986,BTK,5.0
10113978,LTK,5.167491087293763
3025986,EGFR(S752I759del),5.0
10138260,TTK,6.744727494896694
10461815,MINK,6.6020599913279625
11427553,HUNK,6.337242168318426
644241,PKAC-beta,5.0
644241,IGF1R,5.0
3062316,LATS1,5.0
153999,SNRK,5.0
16725726,ASK1,5.0
10461815,AURKC,6.522878745280337
42642645,TYK2(JH2domain-pseudokinase),5.0
10113978,NEK9,5.0
42642645,NEK9,6.327902142064283
176155,EPHA5,5.0
11364421,KIT(D816V),5.0
9929127,MINK,5.0
11364421,ABL1(H396P),5.698970004336019
9933475,KIT(D816H),6.086186147616283
153999,ABL1(H396P),5.0
16725726,EPHB1,5.0
5494449,MAP3K4,5.6020599913279625
17755052,AMPK-alpha2,5.0
9933475,HIPK1,5.0
10461815,ACVR1,5.0
11427553,MAP4K2,7.958607314841775
9915743,TLK2,5.0
9933475,TRKB,5.0
11338033,PLK1,5.0
216239,PIP5K1C,5.0
176167,CTK,5.0
156414,GCN2(KinDom2S808G),5.0
9929127,FGFR2,5.0
10461815,FES,5.0
44259,RIPK2,5.2839966563652006
42642645,MET(Y1235D),9.086186147616283
44150621,MUSK,6.080921907623926
16725726,CDK11,5.0
17755052,PAK2,5.0
153999,NEK11,5.0
644241,NEK11,5.0
44150621,EGFR(L747S752del),5.0
11364421,MAP3K1,5.0
11338033,LIMK2,5.0
3025986,SGK3,5.0
16725726,PDPK1,5.0
3038522,IKK-alpha,5.0
10138260,ACVR1B,5.0
11314340,ACVRL1,5.0
5329102,RIOK1,7.455931955649724
16725726,RIOK1,5.0
10113978,NIM1,5.0
44259,ABL1(F317I),6.259637310505756
17755052,ICK,5.031517051446065
3025986,FES,5.0
9915743,CDK9,5.0
25243800,IGF1R,5.0
5329102,FLT3(N841I),8.619788758288394
176167,EGFR(L858R),5.0
3025986,PIP5K2C,5.0
11338033,JNK3,5.0
10461815,SNRK,5.0
151194,MAP3K4,5.0
123631,PRKX,5.0
10427712,FLT3,5.0
16725726,EPHA7,5.0
156414,PKMYT1,5.0
5329102,PCTK2,5.920818753952375
10461815,TXK,5.0
151194,MAP3K1,5.0
216239,KIT(D816V),6.508638306165728
11314340,ICK,6.259637310505756
3062316,ACVR2B,6.2441251443275085
11485656,LTK,6.259637310505756
176155,FAK,5.0
176167,PFCDPK1(Pfalciparum),5.0
5494449,SNARK,6.275724130399211
10427712,MYLK4,5.0
5494449,PIK3CA(C420R),5.0
5287969,AAK1,5.275724130399211
9929127,MEK6,5.0
10127622,MAP3K4,5.0
5494449,ASK1,5.0
44150621,PRKG1,5.0
9915743,ROCK1,5.0
11984591,RPS6KA5(KinDom.1-N-terminal),5.0
10427712,PRKX,5.0
156414,SRMS,5.173925197299174
176870,LKB1,5.0
11427553,KIT(D816V),6.795880017344075
208908,HIPK3,5.0
3025986,ABL1(T315I),5.0
11485656,LATS1,5.6777807052660805
44150621,AURKB,6.552841968657781
123631,FGR,5.585026652029182
9929127,TEC,5.0
5329102,DCAMKL2,5.568636235841013
3038522,CSNK1G2,5.0
44259,GRK7,9.065501548756432
9915743,CDC2L5,5.0
5329102,NEK11,5.0
16722836,DAPK2,7.537602002101044
9915743,CAMK4,5.0
11427553,MAP3K1,5.0
11427553,OSR1,5.769551078621726
10113978,PFTK1,5.0
16722836,DLK,5.200659450546419
10127622,BRAF(V600E),5.0
9933475,ICK,5.0
9915743,SRPK1,5.0
9933475,ABL1(M351T),7.251811972993799
16725726,ERK1,5.0
11984591,YES,7.455931955649724
11314340,PIP5K1C,5.0
156414,ICK,5.0
11485656,EPHB3,5.853871964321762
9929127,ERBB2,5.0
5329102,ULK3,7.376750709602099
156414,AURKB,5.376750709602099
151194,LRRK2(G2019S),5.0
3025986,DAPK2,5.0
176167,MYLK2,5.0
176155,PIP5K1C,5.585026652029182
176870,PRKX,5.0
42642645,FAK,6.744727494896694
44150621,ABL1(H396P),7.376750709602099
16725726,MAK,5.0
3038522,PLK1,5.0
9915743,SIK,6.657577319177793
11409972,EPHB3,5.0
10127622,STK39,5.0
44259,MYLK4,6.327902142064283
216239,DAPK1,5.0
151194,ERN1,5.0
24889392,EGFR(L747S752del),5.0
10127622,PFTK1,5.0
11409972,AMPK-alpha1,5.853871964321762
10138260,JNK2,5.481486060122113
5494449,DYRK1B,5.0
644241,PIK3CA(H1047Y),5.0
11364421,BRAF,5.0
11485656,ERBB4,5.0
44259,FAK,7.1938200260161125
44259,TESK1,6.494850021680094
11409972,RIPK1,6.6777807052660805
11485656,AKT3,5.0
176870,BRAF,5.0
9915743,RSK1(KinDom.2-C-terminal),5.0
156414,SRPK1,5.0
3038522,CHEK2,5.0
11984591,AMPK-alpha1,6.522878745280337
3025986,TEC,5.0
3038522,ERN1,5.0
176167,FES,5.0
11314340,FGFR2,5.0
3025986,NEK4,5.0
123631,ULK3,5.0
5329102,PIK3CA(M1043I),5.0
3025986,TNNI3K,5.0
42642645,SIK,6.795880017344075
10127622,PIK3CA(I800L),5.0
123631,RIOK1,5.0
11338033,BRAF(V600E),5.0
10427712,PIM3,5.0
44259,PRKX,7.886056647693163
10113978,PRKG1,5.0
11314340,PIK3CB,5.0
11314340,ERK5,5.0
10427712,PIP5K2C,6.275724130399211
24180719,GSK3B,5.0
176870,JAK1(JH2domain-pseudokinase),5.0
9915743,CSNK2A2,5.0
216239,BLK,5.0
176155,TNIK,6.086186147616283
44259,INSR,6.958607314841775
123631,NIM1,5.0
151194,LATS1,5.0
11427553,TLK2,5.744727494896694
644241,DRAK2,5.0
17755052,BLK,5.0
151194,CDK9,5.0
208908,DCAMKL1,5.0
9929127,AKT3,5.0
10127622,MEK6,5.0
9933475,AMPK-alpha2,5.0
176167,FLT3(N841I),6.6020599913279625
42642645,TGFBR2,5.0
151194,GSK3B,5.0
208908,SGK3,5.0
3025986,IKK-alpha,5.0
11427553,ERK5,5.568636235841013
9929127,MAK,5.0
5287969,GRK4,5.0
10427712,PKAC-alpha,5.0
123631,BMX,5.0
24180719,MLK3,5.0
153999,PAK2,5.0
156414,EGFR(L747S752del),9.585026652029182
9915743,p38-delta,5.0
151194,ERK3,5.0
11427553,PLK1,5.0
5329102,MET(M1250T),5.920818753952375
176870,CAMK1G,5.0
44259,PRKG1,7.494850021680094
123631,MAP3K1,5.0
176870,TNIK,5.346787486224656
176167,HUNK,5.0
3025986,ROS1,5.0
11314340,MAP3K15,5.0
11984591,MAP3K2,7.026872146400302
5287969,PCTK2,6.318758762624413
153999,PIP5K2C,5.0
644241,MAP4K2,5.0
9929127,PLK2,5.0
11485656,MYLK2,5.552841968657781
3038522,BRAF,5.0
208908,RSK1(KinDom.1-N-terminal),5.0
24180719,FLT3(K663Q),5.638272163982407
176870,ACVR1B,5.0
9915743,PAK1,6.6777807052660805
156414,TNNI3K,5.251811972993799
10427712,RSK1(KinDom.1-N-terminal),5.0
10127622,EPHA8,5.0
16725726,MST1,5.0
216239,PKNB(Mtuberculosis),5.0
17755052,ULK1,5.0
10113978,PIK3CA(H1047Y),5.0
153999,HPK1,5.585026652029182
44150621,ABL1(T315I),6.958607314841775
24889392,PFCDPK1(Pfalciparum),5.0
3062316,PYK2,5.0
25243800,DYRK1A,5.638272163982407
17755052,ABL1(F317I),5.0
16722836,ABL1(H396P),7.346787486224656
644241,TXK,5.0
11314340,CSNK1G3,6.040958607678906
5494449,TRKB,6.619788758288394
3062316,SRPK3,5.0
3038522,ITK,5.0
151194,RPS6KA5(KinDom.2-C-terminal),5.0
5329102,PIK3CB,5.0
24889392,CSK,5.0
176155,DYRK1A,5.0
25243800,ULK3,5.00436480540245
5494449,ICK,5.0
9929127,PHKG2,5.0
11364421,RIPK1,5.0
156414,TNK2,5.0
9933475,ACVR2B,5.0
208908,FLT3(N841I),5.0
11427553,MAP3K15,5.0
10127622,DAPK1,5.0
644241,RPS6KA5(KinDom.1-N-terminal),5.0
9933475,TAOK3,5.301029995663981
44150621,HIPK2,6.301029995663981
208908,MUSK,5.0
17755052,TGFBR2,5.0
24889392,AURKC,5.0
24180719,PIK3CA(M1043I),5.0
24889392,FLT4,7.387216143280264
3038522,EPHA8,5.0
176167,SRPK1,5.0
216239,RSK2(KinDom.1-N-terminal),5.0
11409972,PRKX,5.356547323513813
11364421,AURKA,5.0
44150621,CSK,5.0
5328940,TESK1,5.0
123631,NEK5,5.0
9915743,CDC2L2,5.0
3062316,PRKCQ,5.0
11427553,CDK11,5.0
3038522,GSK3A,5.0
10461815,MLCK,5.0
176155,MINK,5.0
10461815,PKNB(Mtuberculosis),5.0
5328940,SRPK1,5.0
123631,ZAK,5.0
11427553,PRKG1,5.6020599913279625
123631,PRKCQ,5.0
123631,EPHA8,5.744727494896694
11409972,GRK7,5.0
123631,PKMYT1,5.0
11427553,CDK5,5.0
123631,RPS6KA5(KinDom.2-C-terminal),5.0
11427553,CDKL5,5.0
216239,PAK6,5.0
644241,TIE2,6.0
208908,NEK9,5.0
10427712,ACVR2B,5.0
11427553,DCAMKL1,5.698970004336019
11409972,PRKCE,5.0
10138260,ULK1,7.086186147616283
151194,ERK1,5.0
5494449,RIPK2,5.0
9933475,ADCK3,5.0
11984591,LZK,5.0
5287969,PCTK1,6.356547323513813
5329102,RIOK3,5.42021640338319
153999,TXK,5.0
5328940,CAMK2B,5.0
5494449,RIPK4,6.522878745280337
5328940,TNIK,7.508638306165728
3062316,PDPK1,5.0
3025986,NEK9,5.0
10127622,ERK1,5.0
3038522,PRKD3,5.0
3025986,PAK7,5.0
9915743,PIK3CD,5.0
208908,FLT4,5.0
11984591,FES,6.698970004336019
176870,YANK3,5.0
10427712,IKK-alpha,5.0
151194,LRRK2,5.0
44259,RIOK2,6.4089353929735005
176167,PKN1,5.292429823902063
44259,TEC,5.886056647693163
9929127,GSK3B,5.0
3025986,FGFR2,5.0
11338033,TNNI3K,5.0
176167,SRMS,5.0
644241,AKT3,5.0
10427712,FES,5.0
44259,AKT3,6.769551078621726
24180719,PIK3CA(C420R),5.0
153999,ACVR1,5.0
42642645,PIP5K1C,5.0
17755052,WEE2,5.0
16722836,KIT(D816V),6.795880017344075
10461815,PDPK1,5.0
10113978,ABL1(F317I)p,5.0
176870,CSK,5.017728766960432
176870,MARK1,5.0
44150621,NEK11,5.0
42642645,RET(V804M),8.55284196865778
17755052,MINK,5.0
176155,FLT3(D835Y),5.0
644241,GSK3B,5.0
5287969,STK33,5.769551078621726
5287969,EGFR(L747T751del),5.522878745280337
153999,ERK3,5.0
151194,FLT3(D835Y),5.0
9933475,PKMYT1,5.0
11984591,SNRK,5.0
10113978,YANK3,5.0
5328940,MYLK2,5.0
3025986,HPK1,5.0
5329102,LRRK2(G2019S),7.119186407719209
11409972,MRCKA,5.0
11485656,CDC2L2,5.920818753952375
11338033,EGFR(E746A750del),5.0
11485656,RET(M918T),6.920818753952375
11427553,SNRK,5.0
10127622,ABL1(T315I)p,5.0
42642645,PHKG1,5.0
9933475,CDK11,5.0
3062316,SGK3,5.0
9915743,MKK7,6.275724130399211
11485656,PKMYT1,5.0
176167,AURKA,5.0
9915743,RPS6KA5(KinDom.1-N-terminal),5.0
24180719,TBK1,5.0
11338033,TLK1,5.619788758288394
24889392,CASK,5.0
153999,ERBB2,5.0
153999,LKB1,5.229147988357856
10461815,PIP5K2B,5.795880017344075
176870,CDC2L2,5.0
3062316,CDK11,5.0
44259,MLK1,8.0
44150621,RIPK4,5.0
17755052,LKB1,5.0
3062316,PRKG1,5.0
5287969,ERK5,6.2076083105017466
11338033,KIT,5.0
11427553,PRKCE,5.0
5329102,RET(M918T),7.721246399047171
16722836,PIK3CA(M1043I),5.0
153999,GSK3A,5.0
11427553,PIP5K1C,5.0
11485656,TBK1,5.0
42642645,EPHA7,8.602059991327963
9915743,CDK5,5.0
9929127,TNK2,5.0
11409972,PIK3CA(E545K),5.0
156414,FGFR1,5.0
176870,PRKCQ,5.0
10138260,TYK2(JH1domain-catalytic),5.292429823902063
208908,LIMK1,5.0
10427712,EPHA5,5.0
5328940,EGFR(L858R),7.638272163982407
5328940,EPHA8,8.045757490560675
156414,RSK2(KinDom.1-N-terminal),5.0
42642645,PKMYT1,5.0
5328940,MLK1,5.568636235841013
176155,ADCK3,5.0
44259,RSK1(KinDom.2-C-terminal),5.920818753952375
11427553,ASK1,5.0
5328940,INSR,5.0
216239,PIM3,5.0
16725726,JNK2,5.0
176155,EGFR(L747S752del),5.795880017344075
153999,LTK,5.0
151194,SRPK3,5.0
176155,PCTK1,5.0
176870,CDK8,5.0
17755052,p38-beta,5.0
176870,MST1,5.0
3062316,PIK3CA(M1043I),5.0
10427712,NEK3,5.0
176155,JNK3,7.455931955649724
5494449,RIPK5,5.0
156414,PKNB(Mtuberculosis),5.0
3025986,ABL1(Y253F),5.0
176155,ERBB4,5.318758762624413
176155,GSK3B,5.769551078621726
17755052,LATS1,5.0
176167,PIK3CA(E545A),5.0
10127622,EPHA5,5.0
17755052,LRRK2,5.0
3062316,FLT3,5.318758762624413
5494449,BMPR1B,5.958607314841775
5494449,LTK,5.1249387366083
9933475,EGFR(L858R),6.853871964321762
644241,DCAMKL1,5.0
9933475,RIOK2,5.0
10113978,PIK3CA(H1047L),5.0
11427553,PIM3,5.0
5287969,MAP3K4,5.0
5328940,PAK2,5.721246399047171
3062316,CAMK4,5.0
5287969,TEC,5.0
3062316,SRC,9.67778070526608
44259,SRPK1,8.259637310505756
11364421,GAK,6.744727494896694
123631,PIM3,5.236572006437063
44150621,ACVRL1,5.0
25243800,NEK3,5.0
16725726,YANK2,5.0
151194,ABL1(F317I),5.0
25243800,RSK1(KinDom.1-N-terminal),5.6777807052660805
25243800,SBK1,5.0
10127622,EGFR(L858RT790M),5.0
156414,YANK2,5.0
10127622,EPHA7,5.0
11485656,DCAMKL1,5.0
5328940,TNNI3K,6.769551078621726
11314340,DAPK1,5.795880017344075
25243800,PFCDPK1(Pfalciparum),6.309803919971486
208908,MST1,5.0
5287969,PIP5K2B,5.0
176167,EPHA8,5.0
208908,EGFR(L747T751del),8.455931955649724
3062316,PKNB(Mtuberculosis),5.0
10138260,OSR1,5.795880017344075
16725726,ABL1(Y253F),5.0
11485656,MAP4K2,5.0
10461815,TIE2,5.173925197299174
16722836,STK33,6.657577319177793
11409972,MARK4,5.0
10127622,ULK1,5.0
42642645,MST3,5.0
3062316,TIE2,5.0
24180719,ACVR2B,5.494850021680094
10113978,ROS1,6.036212172654444
9933475,ERK5,5.0
10427712,SBK1,5.0
16722836,MRCKA,5.0
176155,ABL1(H396P),5.585026652029182
11338033,RSK4(KinDom.2-C-terminal),5.0
5287969,ERBB2,5.0
176155,LKB1,5.0
9933475,TEC,5.0
176870,MYLK2,6.013228265733755
5287969,MYO3A,5.0
10138260,INSR,5.920818753952375
10127622,EGFR(L747T751del),5.259637310505756
16722836,PIK3CD,5.0
17755052,IGF1R,5.0
10127622,CSNK2A2,5.0
16722836,MKK7,5.0
176167,MARK1,5.0
24180719,KIT(V559D-V654A),5.318758762624413
3038522,DYRK1B,5.0
10113978,PKN1,5.0
151194,CSNK2A2,5.0
9929127,ACVRL1,5.0
3062316,IGF1R,5.0
11485656,YANK2,6.568636235841013
9933475,ROS1,5.0
9929127,TYK2(JH2domain-pseudokinase),6.301029995663981
10461815,PKAC-alpha,5.0
10113978,PIM3,5.0
3038522,BMPR1B,5.0
11427553,FLT4,5.886056647693163
9915743,PDGFRB,5.0
11338033,GRK1,5.0
25243800,EGFR(S752I759del),5.337242168318426
42642645,TAOK3,5.0
208908,RPS6KA5(KinDom.1-N-terminal),5.0
11984591,ERBB2,5.0
10113978,KIT(D816H),6.0
9933475,RIPK2,7.008773924307505
9933475,CSNK1E,5.552841968657781
176167,PRKCQ,7.443697499232713
11984591,STK33,6.013228265733755
24180719,MINK,5.1487416512809245
11485656,RIPK1,5.552841968657781
176155,CDK11,5.0
42642645,RET(V804L),8.795880017344075
123631,ABL1(F317I),5.0
42642645,DYRK1B,5.0
17755052,PIP5K2C,5.0
156414,ERBB2,7.251811972993799
10461815,PRKCH,5.0
123631,CSNK2A2,5.0
10127622,NEK3,5.0
44150621,LIMK2,5.0
11409972,DCAMKL2,5.0
9915743,DCAMKL2,5.0
25243800,RPS6KA5(KinDom.2-C-terminal),5.823908740944319
17755052,EGFR(L858RT790M),5.0
156414,MINK,5.6777807052660805
44259,PAK1,9.244125144327509
10113978,ERK5,5.0
11314340,PIK3CA(H1047Y),5.0
11314340,PIP5K2B,5.769551078621726
44150621,PRKCQ,5.494850021680094
644241,IKK-alpha,5.0
208908,LRRK2(G2019S),5.0
156414,PRKD3,5.0
11427553,FLT3,7.823908740944319
3038522,MST3,5.0
17755052,p38-delta,5.0
151194,FGFR1,5.0
11427553,GRK7,5.301029995663981
123631,p38-beta,5.0
11485656,RET(V804L),6.013228265733755
3038522,SRPK3,5.0
9933475,NEK2,5.0
11314340,EGFR(L747S752del),5.0
16722836,RSK1(KinDom.2-C-terminal),6.376750709602099
123631,IKK-alpha,5.0
24889392,PLK1,5.0
11485656,FLT3(N841I),8.585026652029182
10138260,ROCK1,5.920818753952375
5329102,EGFR(L858R),5.0
644241,JAK1(JH2domain-pseudokinase),5.0
16722836,ERN1,5.920818753952375
25243800,PIP5K2C,6.107905397309519
3038522,ACVRL1,5.0
9933475,BTK,5.366531544420414
11314340,KIT(V559D-V654A),5.0
176155,GRK7,5.0
44150621,KIT(V559D-V654A),8.508638306165727
3038522,MET(M1250T),5.0
5329102,PRKD3,6.552841968657781
5287969,ZAK,5.0
10113978,CDC2L2,5.886056647693163
11364421,NEK4,5.0
644241,PKNB(Mtuberculosis),5.0
24180719,AMPK-alpha2,5.0
11485656,KIT(A829P),7.769551078621726
25243800,BRSK2,7.376750709602099
16725726,PAK2,6.568636235841013
156414,JNK2,5.958607314841775
16725726,RSK4(KinDom.2-C-terminal),5.0
9929127,PIK3CA(E545A),5.0
151194,PCTK2,5.0
10427712,MEK6,5.0
42642645,MLK3,6.468521082957745
123631,PIP5K2B,5.0
3025986,NIM1,5.0
644241,ERK5,5.0
11338033,TNIK,5.0
10461815,RET(V804M),6.292429823902063
16725726,RIPK4,5.0
11984591,RET(M918T),8.387216143280265
10113978,PDGFRB,8.698970004336019
5328940,PRKCE,5.619788758288394
24180719,ABL1(Y253F),5.721246399047171
16725726,RSK1(KinDom.1-N-terminal),5.0
10127622,TYK2(JH2domain-pseudokinase),5.0
156414,FAK,5.0
11984591,RSK1(KinDom.1-N-terminal),6.309803919971486
24180719,MAP3K1,5.0
208908,TGFBR2,5.0
10461815,IKK-alpha,5.0
176870,PRKCH,5.0
10113978,ABL1(T315I),5.42021640338319
644241,RIPK1,5.0
9929127,PKMYT1,5.0
5287969,EGFR(L858R),5.769551078621726
44259,STK39,6.886056647693163
44259,NEK4,5.0
10461815,MAP3K15,5.0
16722836,CDK9,5.055517327849832
9915743,HIPK2,5.0
9933475,NEK11,5.0
25243800,BTK,5.494850021680094
44150621,CASK,5.0
9933475,RET(V804L),5.0
176870,YES,5.657577319177793
216239,CDK9,5.0
5329102,LKB1,7.42021640338319
11409972,PRKD3,5.823908740944319
3025986,RSK1(KinDom.1-N-terminal),5.0
9929127,PIK3CA(H1047Y),5.0
5328940,FGFR1,5.0
10127622,SRPK3,5.0
11427553,PRKCH,5.0
16722836,GCN2(KinDom2S808G),7.0
153999,PIK3CA(E545K),5.0
17755052,TXK,5.0
11485656,PDPK1,5.0
42642645,CDK5,5.0
10127622,FLT3(K663Q),5.0
44150621,ERBB4,5.0
10113978,MST1,5.0
3025986,MLK3,5.0
11364421,SRMS,5.0
10138260,MRCKA,5.0
176870,SGK3,5.0
3062316,NEK4,5.0
176167,RIOK2,5.0
11984591,HIPK3,5.494850021680094
3025986,PIK4CB,5.0
5287969,CSNK2A1,5.0
24889392,MYO3A,5.0
176167,PRKCE,8.050609993355087
176870,BLK,6.721246399047171
10113978,DLK,5.0
176155,p38-delta,5.0
10127622,RIPK4,5.0
9929127,PLK3,5.0
176870,EGFR(L747T751del),9.455931955649724
5329102,RIOK2,7.309803919971486
156414,RIPK4,5.0
176870,DAPK2,5.0
16722836,HIPK1,6.0655015487564325
24889392,JAK1(JH2domain-pseudokinase),5.0
10113978,DYRK1A,5.0
11984591,MAP4K2,6.173925197299174
11984591,CSNK1G2,5.0
5328940,RIPK5,6.42021640338319
216239,SRMS,5.008773924307505
10427712,DAPK2,5.0
24889392,MRCKA,5.0
16725726,LKB1,5.0
11984591,JNK2,7.327902142064283
5328940,MAP4K2,8.508638306165727
25243800,MAP3K2,6.060480747381382
16722836,PHKG1,6.481486060122113
11364421,CTK,5.0
123631,MYO3A,5.0
644241,BRAF(V600E),6.2441251443275085
11409972,ABL1(M351T),7.468521082957745
11409972,TXK,5.0
644241,CAMK4,5.0
151194,PLK4,5.0
11427553,LATS1,5.301029995663981
11984591,PIP5K2C,6.920818753952375
44150621,PKAC-alpha,5.0
5329102,HIPK3,7.387216143280264
11485656,TTK,5.0
44259,ERBB2,6.721246399047171
24889392,PAK2,5.0
24889392,MLK1,5.0
10427712,LRRK2(G2019S),5.0
153999,SIK,5.0
5328940,NEK3,5.0
10138260,RIPK2,5.0
42642645,PRKCQ,5.0
208908,MARK3,5.0
156414,ULK1,5.0
151194,PIK3CA(I800L),5.0
9915743,TGFBR2,5.0
10138260,RIOK1,6.229147988357856
11984591,DLK,5.0
11314340,EGFR(E746A750del),5.0
11984591,LIMK1,6.2076083105017466
10113978,MYLK2,5.698970004336019
11364421,PCTK2,5.0
208908,ABL1(E255K),5.0
11364421,BRSK2,5.0
5287969,ASK2,5.0
9915743,RIPK1,5.0
11314340,CHEK2,5.008773924307505
3025986,FLT3(N841I),5.031517051446065
24180719,LIMK2,6.2076083105017466
17755052,PKNB(Mtuberculosis),5.0
16725726,GSK3B,7.0
11364421,ITK,5.0
9933475,RET,8.214670164989233
5329102,CDK5,5.161150909262744
42642645,ASK1,5.0
153999,PIK3CG,5.0
10113978,BRSK2,5.0
10461815,EPHA5,5.0
153999,MYLK,6.537602002101044
24889392,DRAK2,5.0
10461815,SRPK1,7.387216143280264
176870,PCTK2,5.0
3038522,NIM1,5.0
5494449,SRMS,5.0
24889392,ROS1,5.0
9929127,ABL1(M351T),5.0
16722836,SIK,7.4089353929735005
5494449,ERBB2,5.0
644241,DCAMKL2,5.0
16725726,FYN,5.0
10113978,GRK7,5.0
17755052,PIP5K2B,5.0
123631,DCAMKL1,5.0
16722836,YES,6.920818753952375
42642645,STK33,7.008773924307505
11984591,RSK1(KinDom.2-C-terminal),5.42021640338319
10127622,TLK2,5.0
11427553,MLK1,6.187086643357144
44150621,GCN2(KinDom2S808G),6.6020599913279625
11984591,NEK5,7.886056647693163
10427712,RIOK3,5.0
3025986,MST3,5.0
10461815,PIK3CG,5.0
3062316,KIT,9.09151498112135
11427553,PIK3CD,5.0
10427712,ABL1(Y253F),5.0
16725726,ACVR1,5.0
176155,YES,5.0
5287969,PKN1,5.455931955649724
10113978,DCAMKL1,5.0
24180719,DAPK2,5.0
176870,PFCDPK1(Pfalciparum),5.0
5328940,CSNK2A1,5.0
151194,PIK3CA(E545A),5.0
44150621,ACVR2A,5.0
9915743,NEK4,5.0
3038522,AURKC,5.795880017344075
176167,PIK4CB,5.0
153999,CSNK1G1,5.0
5328940,CHEK2,6.920818753952375
17755052,ABL1(Q252H),5.0
9915743,ABL1(F317I),5.0
156414,CHEK2,5.0
208908,SRPK3,5.0
17755052,ROS1,5.0
9929127,PAK6,5.0
10127622,ABL1(Q252H),5.0
176155,MRCKA,5.2076083105017466
10427712,EGFR(L747S752del),5.6020599913279625
11314340,TLK1,5.0
208908,PIK3CA(C420R),5.0
11984591,ICK,5.0
3038522,ABL1(Q252H),5.0
176155,GRK1,5.0
17755052,MRCKA,5.0
44150621,AMPK-alpha2,6.086186147616283
176155,CAMK1G,5.0
5329102,TXK,5.0
3038522,ROS1,5.0
17755052,RPS6KA5(KinDom.1-N-terminal),5.0
9915743,PIK3CB,5.0
151194,PDPK1,5.0
42642645,AMPK-alpha1,6.136677139879544
176870,PIK3CB,5.0
5329102,KIT(V559D-V654A),9.67778070526608
176167,RIOK3,5.0
176167,MST1,5.0
16722836,TTK,6.346787486224656
25243800,MLCK,6.443697499232713
10113978,RET(M918T),6.568636235841013
10127622,PKMYT1,5.0
44150621,RET(V804M),7.585026652029182
216239,EPHB3,5.0
5494449,NEK2,5.0
11409972,ERK3,5.0
9915743,FAK,5.721246399047171
176155,FER,5.0
11427553,JNK3,7.292429823902063
151194,HIPK1,5.0
16725726,RPS6KA5(KinDom.1-N-terminal),5.0
3062316,KIT(D816H),8.795880017344075
176155,IGF1R,5.0
123631,AMPK-alpha1,5.0
24180719,LIMK1,5.619788758288394
644241,RET,6.060480747381382
3062316,HIPK2,5.0
3038522,PRKCH,5.0
10427712,ULK1,5.0
44150621,PIP5K2C,5.0
11485656,ITK,5.0
153999,ICK,6.619788758288394
16725726,IGF1R,5.0
3038522,PIK3CA(H1047Y),5.0
5329102,EGFR(L858RT790M),6.0655015487564325
25243800,NEK2,5.0
11409972,AURKB,5.356547323513813
5287969,HIPK1,5.167491087293763
5329102,TNIK,7.602059991327962
10113978,WEE2,5.0
5494449,PIM3,5.0
216239,GRK7,5.0
3062316,TESK1,7.481486060122113
5328940,JNK3,5.0
44259,PRKCQ,8.070581074285707
11338033,TIE2,5.0
9929127,CSNK1E,5.0
10127622,PIK3CA(E545A),5.0
3062316,ABL1(T315I),6.050609993355088
24180719,PAK6,5.0
5287969,DRAK2,5.721246399047171
10127622,LRRK2,5.0
9915743,PKAC-alpha,5.0
176167,TEC,5.0
3062316,EGFR(L747T751del),6.795880017344075
16725726,ABL1(F317I)p,5.0
17755052,TBK1,5.0
3025986,PIK3CA(Q546K),5.0
208908,PRKCH,5.0
10138260,BLK,6.1249387366083
24889392,MET(Y1235D),5.0
11364421,PRKCE,5.0
16722836,EPHA7,5.187086643357144
5287969,DYRK1B,7.075720713938118
176167,CSNK2A2,5.0
3025986,CSNK1G2,5.0
176870,MINK,5.886056647693163
11427553,CSNK1A1,5.920818753952375
176870,RET(V804L),5.0
42642645,ACVRL1,5.0
5494449,OSR1,5.0
24889392,PIK3CA(M1043I),5.0
42642645,PIP5K2B,5.0
156414,PDGFRB,5.1249387366083
10427712,FLT3(D835Y),5.0
11485656,DAPK2,5.0
25243800,TEC,5.0
5287969,CDKL5,8.148741651280925
151194,FLT3,5.0
9933475,TIE2,6.853871964321762
3025986,RSK1(KinDom.2-C-terminal),5.0
24889392,CSNK2A1,5.0
176870,SNARK,5.0
44150621,MAP3K2,7.1487416512809245
16725726,PLK3,5.0
176155,PRKCQ,5.0
11485656,LIMK2,5.327902142064283
5287969,TLK1,5.0
17755052,PIK3CA(H1047L),8.431798275933005
10138260,ABL1(T315I)p,6.795880017344075
3038522,FYN,5.0
5494449,ABL1(Y253F),8.10790539730952
153999,CAMK1G,5.0
10138260,KIT(A829P),7.267606240177032
16722836,PDGFRB,7.346787486224656
5329102,RSK1(KinDom.2-C-terminal),5.301029995663981
176870,PKAC-alpha,5.0
9929127,PIP5K2B,5.0
216239,MARK3,5.0
10461815,EPHB1,5.0
11485656,TXK,5.0
42642645,MARK1,5.0
24889392,PFTK1,5.0
176167,EPHA5,5.0
25243800,PRKX,5.0
11984591,EPHA8,5.886056647693163
24180719,ROS1,5.0
5328940,AURKA,5.0
5328940,ADCK3,5.0
10127622,MYLK,5.0
16725726,PAK6,7.67778070526608
5494449,SBK1,5.0
5494449,KIT(V559D-T670I),6.366531544420414
16722836,PIK3CA(E545A),5.0
153999,NEK5,5.0
25243800,PLK3,5.6020599913279625
42642645,NEK2,5.0
5287969,AURKB,5.0
9929127,PIK3CD,5.0
123631,TAOK3,5.0
11409972,ACVR2B,5.853871964321762
5328940,JNK2,5.0
10427712,FGR,5.0
208908,TYK2(JH1domain-catalytic),5.0
11338033,ERN1,5.0
5328940,TBK1,6.6020599913279625
9929127,IGF1R,5.0
44150621,BTK,5.0
11338033,LZK,5.0
5287969,RET(V804M),5.0
208908,RIPK4,5.0
3038522,KIT,8.568636235841012
156414,PIK4CB,5.0
156414,PIK3CD,5.0
24180719,KIT(D816H),5.0
9929127,CDK8,5.0
11338033,PRKG2,5.0
644241,HIPK1,5.0
11485656,BTK,5.0
10461815,DAPK1,5.0
24180719,PFTK1,5.0
176870,AURKB,5.853871964321762
9933475,MEK6,5.0
176167,IKK-alpha,5.0
44259,EPHB3,5.0
176155,BMPR1B,5.481486060122113
151194,DYRK1B,5.0
3025986,SNARK,5.769551078621726
5494449,MARK4,5.309803919971486
10138260,CSNK2A2,6.522878745280337
16722836,RIOK2,5.585026652029182
176155,SGK3,5.0
644241,ACVR1,5.0
176167,MAP3K4,5.0
3062316,PRKD2,5.0
644241,FGFR2,5.0
10427712,ABL1(F317I),5.0
3038522,IGF1R,5.0
17755052,TNNI3K,5.0
3025986,ERK5,6.187086643357144
153999,PIK4CB,5.0
208908,CDK5,5.0
156414,BRAF(V600E),5.0
9933475,BRSK2,5.0
644241,CSK,5.619788758288394
9933475,TBK1,5.0
11338033,FLT3(N841I),5.0
17755052,EPHB3,5.0
151194,RSK2(KinDom.1-N-terminal),5.0
11338033,ERBB2,5.0
156414,JNK3,5.259637310505756
123631,KIT(V559D-V654A),5.0
9915743,TEC,5.0
5329102,MERTK,7.585026652029182
11314340,RIOK3,6.161150909262744
42642645,MET(M1250T),9.0
3062316,EPHB3,8.161150909262744
24889392,DLK,5.0
24889392,PIK3CA,5.0
176167,PKAC-alpha,6.481486060122113
3062316,MYO3A,5.0
208908,MLCK,5.0
11427553,CSNK1G2,6.236572006437063
44259,CSNK2A2,6.638272163982407
11314340,ABL1(T315I),5.0
11338033,ABL1(E255K),5.0
16725726,BMX,5.0
176167,CSNK1G2,5.0
24889392,TLK2,5.0
5328940,EGFR(L747S752del),7.42021640338319
176167,PIK3CD,5.0
25243800,ULK1,5.0
44259,CDK9,7.0
151194,PIK3CD,5.0
208908,JNK3,5.0
151194,FLT4,6.481486060122113
17755052,MUSK,5.0
216239,MAP4K2,5.0
176870,PIK3CA(Q546K),5.0
176155,BTK,5.0
5328940,CSNK1G2,5.0
156414,KIT(V559D-T670I),5.721246399047171
44259,SBK1,8.494850021680094
17755052,PRKD3,5.0
216239,BMPR1B,5.0
5494449,TLK1,5.3979400086720375
176870,IKK-alpha,5.0
151194,MARK4,5.0
153999,RET(M918T),5.0
11485656,CSNK1G3,5.0
16722836,MARK4,6.013228265733755
11427553,RSK1(KinDom.1-N-terminal),5.468521082957745
176167,NEK5,5.0
123631,PIK3CA(C420R),5.0
9929127,SRPK3,5.0
123631,KIT,5.0
3038522,MARK1,5.0
176167,KIT(D816V),5.958607314841775
44259,RET(M918T),7.552841968657781
9915743,IKK-alpha,5.0
24180719,PKAC-alpha,5.0
10127622,PIK3CA(E542K),5.0
3038522,SGK3,5.0
151194,PKAC-alpha,5.0
11314340,PIK3CA(I800L),5.0
5329102,PIP5K1C,5.0
10113978,PIK3CA(C420R),5.0
5287969,ABL1(E255K),5.795880017344075
156414,PIK3CA(E545K),5.0
176155,PRKG1,5.0
17755052,PKAC-beta,5.0
17755052,DCAMKL1,5.0
9915743,EGFR(L858R),9.173925197299171
5287969,PKMYT1,5.0
16725726,NEK2,5.0
44259,ABL1(M351T),7.2839966563652
176167,PFTK1,5.823908740944319
9915743,FLT3,5.267606240177032
24889392,PIM1,5.0
10461815,CDK8,5.0
44259,LRRK2(G2019S),9.4089353929735
11314340,PHKG2,5.585026652029182
208908,PIP5K1C,5.0
17755052,PAK7,5.0
10427712,CTK,5.0
10427712,TIE2,5.0
10113978,NEK5,5.136677139879544
11485656,PIK3CA(C420R),5.0
5329102,TTK,7.200659450546419
10461815,CSNK1G1,5.0
9933475,FGFR2,7.455931955649724
10127622,ABL1(H396P),5.0
153999,NEK2,5.0
3025986,PDGFRB,5.0
11427553,CSK,5.356547323513813
123631,CSNK1A1,5.0
176167,PIK3CA(Q546K),5.0
10427712,TXK,5.0
151194,FLT3(N841I),5.0
9929127,EPHB3,5.0
24889392,BMPR1B,5.0
176155,TGFBR2,5.744727494896694
9933475,ABL1(H396P),7.4089353929735005
11364421,FGFR2,5.0
11314340,HIPK2,6.657577319177793
5287969,ICK,9.161150909262744
11485656,LZK,5.0
153999,MARK3,5.0
644241,MET(M1250T),5.0
10113978,ACVR2B,5.619788758288394
176167,YANK2,5.0
10127622,CAMK2B,5.0
11409972,IKK-alpha,7.387216143280264
156414,MUSK,5.0
156414,ITK,5.251811972993799
10113978,MAP3K2,6.537602002101044
5494449,LATS1,5.259637310505756
151194,MET(Y1235D),5.0
3062316,FLT3(N841I),5.154901959985743
11984591,ROS1,7.537602002101044
5494449,MERTK,5.769551078621726
11338033,TESK1,5.0
11427553,AKT3,5.0
644241,ABL1(F317I),7.744727494896694
16725726,DYRK1A,5.0
16725726,PIK3CA(E542K),5.0
10127622,MET(M1250T),5.0
10127622,DMPK2,5.0
44150621,MET(M1250T),5.0
156414,PIM3,5.0
44150621,MERTK,5.744727494896694
176870,MKK7,5.0
16725726,NEK9,5.0
9929127,FES,5.0
10113978,LIMK1,6.142667503568732
11314340,AKT3,6.744727494896694
5494449,MAK,5.0
10461815,LIMK1,5.0
16722836,FYN,7.42021640338319
10461815,PLK2,5.080921907623926
10461815,LRRK2(G2019S),5.0
10461815,NIM1,5.060480747381382
10127622,BRAF,5.0
24180719,CHEK2,5.0
10127622,CSNK1G1,5.0
16722836,TAOK3,5.721246399047171
153999,PKAC-alpha,5.267606240177032
10113978,ABL1(E255K),6.096910013008056
151194,HUNK,5.0
10113978,PCTK2,5.0
10127622,PIK3CB,5.0
9933475,MARK4,5.0
9929127,BTK,5.0
644241,NEK4,5.0
25243800,EPHA8,6.6020599913279625
216239,ERK3,5.0
11485656,FGR,5.0
9933475,KIT,9.42021640338319
11338033,ACVR2A,5.0
44150621,STK39,6.275724130399211
156414,EPHA8,5.698970004336019
10113978,ADCK3,5.0
11409972,PIM1,5.0
11409972,BLK,7.522878745280337
10461815,FYN,5.0
9915743,YES,6.619788758288394
42642645,TYK2(JH1domain-catalytic),5.301029995663981
153999,OSR1,5.0
123631,RIPK5,5.0
176870,MUSK,5.0
3038522,DCAMKL2,5.0
5287969,ABL1(H396P),5.920818753952375
11409972,ERN1,5.221848749616356
11314340,ROS1,5.0
17755052,PLK3,5.0
11485656,OSR1,5.0
3025986,MST1,5.0
5494449,ACVR1B,5.0
9929127,DCAMKL2,5.0
11427553,CAMK4,5.0
10127622,IGF1R,5.0
5494449,p38-beta,5.0
9933475,SRPK3,5.0
42642645,CSNK1G2,5.0
5329102,HIPK2,7.508638306165728
42642645,CSNK1G1,5.0
11314340,JNK3,5.0
176870,PLK2,5.0
151194,ABL1(Q252H),5.0
216239,PIK3CB,5.0
5328940,ACVR1B,5.0
10427712,PRKG1,5.0
9915743,ROS1,5.0
5329102,PIP5K2B,7.4089353929735005
24180719,CSNK2A1,5.0
11984591,LTK,6.096910013008056
123631,TLK2,5.0
16722836,MRCKB,5.0
16722836,CSNK1A1,5.0
44259,TGFBR2,5.0
16722836,ASK1,5.0
17755052,FES,5.0
644241,ICK,5.0
9933475,TLK2,5.0
151194,ABL1(E255K),5.0
11485656,PIK3CA(E542K),5.0
208908,RET(V804L),5.0
153999,ABL1(T315I)p,5.0
11984591,PRKX,5.0
151194,ACVR2B,5.0
11314340,BMPR1B,5.0
5494449,AURKB,8.130768280269024
9915743,SRC,5.3872161432802645
11984591,TNNI3K,6.508638306165728
16722836,p38-beta,5.0
11409972,PIK3CA(M1043I),5.0
11427553,LKB1,6.619788758288394
644241,PIK3CA(E545A),5.0
11409972,PIK3CA,5.0
208908,AMPK-alpha1,5.0
123631,TLK1,5.0
16722836,MYLK2,5.522878745280337
208908,FGFR2,5.0
216239,BRAF(V600E),6.585026652029182
5328940,PIK3CD,5.0
10427712,ITK,5.0
10461815,TESK1,5.0
11338033,KIT(V559D-T670I),5.0
644241,TTK,5.0
44150621,FGFR1,6.823908740944319
11409972,BRAF(V600E),6.886056647693163
5329102,MAP3K15,5.886056647693163
9929127,RIPK2,5.0
123631,MET(Y1235D),5.455931955649724
208908,BMX,5.0
5329102,DLK,7.0
5329102,PHKG2,8.229147988357855
156414,PIP5K1C,5.0
10127622,ROCK1,5.0
644241,TRKC,6.221848749616356
25243800,AMPK-alpha1,5.0
11984591,MST1,5.0
3025986,ABL1(E255K),5.0
11338033,PRKX,5.0
176870,PKAC-beta,5.0
153999,STK33,5.585026652029182
11409972,PIP5K2C,5.0
3025986,EGFR(L747S752del),5.0
9929127,MYO3A,5.0
5328940,CDK8,5.0
176155,PAK7,5.0
10113978,MARK4,5.0
25243800,MST1,5.0
9915743,CSNK1A1,5.0
3038522,MINK,5.0
216239,PHKG1,5.0
42642645,PIK3CA(H1047Y),5.0
176167,MERTK,5.0
5494449,BLK,5.657577319177793
24180719,PIM1,5.0
176167,TYK2(JH2domain-pseudokinase),5.0
123631,ABL1(M351T),6.2839966563652006
17755052,ERN1,5.0
3038522,BMX,5.0
208908,MAP3K4,5.0
11427553,ROCK1,6.522878745280337
11338033,DLK,5.0
5329102,PKAC-alpha,5.0
3062316,EPHA8,9.619788758288394
11427553,MST1,6.251811972993799
24180719,PLK1,5.0
25243800,KIT(V559D-V654A),5.0
208908,PKMYT1,5.0
10461815,STK33,6.075720713938118
123631,MYLK,5.0
208908,HIPK2,5.0
44259,DCAMKL2,7.136677139879544
11314340,ABL1(Y253F),5.0
16725726,KIT(D816V),6.886056647693163
10138260,RSK1(KinDom.2-C-terminal),5.236572006437063
644241,GCN2(KinDom2S808G),5.0
10127622,PCTK1,5.0
5287969,TESK1,5.0
9929127,BRAF(V600E),5.0
11338033,FYN,5.0
9929127,TGFBR2,5.0
3038522,PAK1,5.0
176167,ACVRL1,5.0
11409972,BRSK2,5.0
123631,MAP3K4,5.0
17755052,LZK,5.0
9915743,PLK2,5.0
11427553,PDPK1,6.187086643357144
153999,GAK,5.958607314841775
24889392,ABL1(T315I),5.585026652029182
5287969,LRRK2,6.0
25243800,ABL1(F317I)p,5.920818753952375
156414,MET(Y1235D),6.080921907623926
216239,RIPK4,5.0
11364421,LKB1,5.0
11338033,BMPR1B,5.0
644241,RIPK5,5.0
42642645,PIK3CA(E545K),5.0
151194,EPHA7,5.0
11314340,p38-beta,5.0
11364421,GRK1,5.0
176870,GSK3A,5.0
11409972,MUSK,8.508638306165727
42642645,RSK2(KinDom.1-N-terminal),5.0
3025986,CSNK1E,6.022276394711152
176870,ICK,5.0
11314340,AMPK-alpha1,5.0
11314340,GRK4,5.853871964321762
156414,IKK-alpha,5.0
25243800,HIPK2,6.455931955649724
16725726,KIT(D816H),6.443697499232713
10113978,SIK,5.657577319177793
25243800,SRPK3,5.0
5328940,FYN,7.958607314841775
9933475,KIT(D816V),6.4089353929735005
11364421,PFTK1,5.0
123631,PFTK1,5.0
5329102,FYN,6.2839966563652006
123631,INSR,5.0
11984591,GCN2(KinDom2S808G),8.481486060122112
5287969,RSK4(KinDom.2-C-terminal),6.096910013008056
176167,CDC2L5,5.0
10113978,CHEK2,5.0
3038522,MET(Y1235D),5.0
11485656,PRKD2,5.0
10113978,ICK,5.0
11314340,ERK1,5.0
216239,EPHA7,5.275724130399211
156414,PRKCQ,5.0
10113978,BMPR1B,6.0
123631,ABL1(Q252H),5.958607314841775
123631,EGFR(L858R),9.0268721464003
151194,GRK7,5.0
10427712,MET(M1250T),5.0
151194,ABL1(H396P),5.0
11485656,TLK2,5.0
5329102,DRAK2,6.958607314841775
9933475,RIPK4,5.0
10127622,PKAC-alpha,5.0
123631,CSNK1E,6.366531544420414
5328940,KIT(A829P),6.568636235841013
11485656,MKK7,5.0
216239,SIK,5.0
176155,JNK2,6.886056647693163
176870,ABL1(Q252H),6.638272163982407
44259,CDK5,7.075720713938118
44150621,DCAMKL2,5.0
176870,TBK1,5.508638306165728
3038522,DMPK2,5.0
44150621,MAP3K15,5.0
9915743,PIK3CA(I800L),5.0
10127622,ASK2,5.0
11409972,MAP3K2,5.638272163982407
176155,ERK3,5.0
11364421,PIK3CA(H1047L),5.0
11314340,PAK7,6.173925197299174
153999,CDC2L5,5.0
10138260,ERK5,5.0
24889392,EGFR(L858RT790M),5.0
11314340,CTK,5.0
9929127,ERK5,5.0
5329102,EPHA5,5.920818753952375
11984591,FYN,7.552841968657781
3062316,MYLK,5.0
42642645,FYN,7.055517327849832
42642645,STK39,5.0
176155,HIPK1,5.0
5328940,ABL1(H396P)p,10.244125144327509
44259,MERTK,8.193820026016112
11984591,ULK1,7.853871964321762
16722836,PIK3CB,5.0
3025986,HIPK1,5.769551078621726
11427553,FES,6.1249387366083
10461815,MST1,5.0
153999,PKMYT1,5.0
3025986,RIPK5,5.0
24889392,KIT(V559D-T670I),8.221848749616356
153999,MYLK2,5.0
153999,ZAK,5.0
5287969,SBK1,5.0
644241,MAP3K15,5.0
9929127,ROS1,5.0
176167,ERBB4,5.0
123631,CAMK2B,5.0
5328940,BLK,8.481486060122112
9915743,RIPK5,5.1938200260161125
16725726,ERK3,5.0
208908,LZK,5.0
11338033,TRKC,5.0
5287969,TNNI3K,7.259637310505756
10138260,PRKG1,5.0
10113978,GRK4,5.0
11364421,BLK,5.0
11314340,DLK,5.0
5287969,NEK5,5.0
5329102,YANK2,5.0
44150621,BLK,6.721246399047171
11984591,FAK,6.6020599913279625
216239,TTK,5.455931955649724
5494449,EGFR(L858R),5.0
9929127,PIK4CB,6.568636235841013
11338033,FLT3(D835Y),5.0
151194,NEK11,5.0
208908,MLK1,5.0
176155,EPHA8,5.0
5329102,PRKCE,5.0
151194,ERK5,5.0
176155,CDK8,5.0
208908,ERN1,5.0
10461815,PIP5K2C,5.0
11338033,MRCKA,5.0
44259,BMPR1B,6.769551078621726
17755052,DLK,5.0
42642645,PIK3CB,5.0
176167,CDKL5,5.0
176167,FYN,5.0
16722836,PRKCH,5.0
10113978,KIT(V559D-V654A),7.522878745280337
16725726,CDC2L2,5.0
11338033,MAP3K15,5.0
5494449,SRC,6.769551078621726
44150621,NEK3,5.0
151194,PLK2,5.0
17755052,MLCK,5.0
10127622,PRKG2,5.0
9915743,INSR,5.522878745280337
24889392,KIT(V559D-V654A),7.443697499232713
42642645,BTK,7.119186407719209
3025986,LIMK1,5.0
11338033,PIK3CA(E545A),5.0
10138260,PIK3CD,5.0
151194,FER,5.0
5329102,PIM3,5.619788758288394
44259,KIT(V559D-T670I),8.022276394711152
11427553,DYRK1A,6.744727494896694
10461815,HPK1,6.823908740944319
11314340,SGK3,5.292429823902063
5328940,MAP3K1,5.356547323513813
10127622,PIM1,5.0
151194,NEK9,5.0
156414,PRKG1,5.0
9929127,ACVR1,5.0
9915743,MST3,8.187086643357144
10127622,HIPK2,5.0
153999,TEC,5.0
24889392,RPS6KA5(KinDom.1-N-terminal),5.0
16722836,CSK,5.229147988357856
24180719,FES,5.443697499232713
11364421,FAK,6.823908740944319
24889392,PAK6,5.0
25243800,RIPK4,6.537602002101044
42642645,TBK1,6.096910013008056
25243800,DYRK1B,5.0
156414,ABL1(T315I)p,7.161150909262744
5328940,PCTK2,5.0
11409972,TBK1,5.0
151194,MLK1,5.0
24180719,MAP3K15,5.0
9915743,PKAC-beta,5.0
9929127,ABL1(F317I),5.0
11314340,RIPK2,5.0
153999,ULK3,5.0
16725726,RIOK3,5.0
9933475,RIOK1,5.0
42642645,MAP3K15,5.0
11364421,ERK1,5.0
123631,LRRK2(G2019S),5.0
11314340,LIMK1,5.0
11984591,PKNB(Mtuberculosis),7.468521082957745
5287969,IKK-alpha,5.0
3038522,LIMK1,5.0
11364421,ACVR2A,5.0
156414,ERK1,5.0
644241,CAMK1G,5.0
176167,YANK3,5.0
5329102,EGFR(S752I759del),5.0
153999,RIPK4,5.0
5494449,YANK3,5.0
9933475,p38-beta,5.0
10427712,ERBB4,5.6777807052660805
44150621,TEC,5.0
24889392,PRKX,5.0
5328940,FER,6.443697499232713
11338033,RET(V804M),5.0
10461815,ABL1(H396P),5.0
216239,ABL1(T315I)p,5.823908740944319
16725726,BRSK2,5.0
10127622,TRKC,5.0
153999,PRKD2,6.050609993355088
176167,CAMK4,5.0
10427712,ACVRL1,5.0
10427712,DAPK1,5.0
644241,EPHA7,5.0
208908,DAPK2,5.0
10427712,MST3,5.0
5494449,PRKCE,5.0
156414,ABL1(H396P),7.337242168318426
644241,FLT3(K663Q),5.0
11427553,PIK3CB,5.0
11338033,RPS6KA5(KinDom.2-C-terminal),5.0
11485656,ABL1(H396P),5.0
153999,CDK9,5.0
10427712,EGFR(S752I759del),6.096910013008056
216239,FER,5.0
11314340,EPHB3,5.0
153999,CSNK1A1,5.0
216239,LTK,5.0
5494449,KIT(D816H),5.721246399047171
11314340,DRAK2,5.2839966563652006
3062316,OSR1,5.0
24889392,NEK11,5.0
216239,ABL1(H396P),6.2839966563652006
151194,TRKC,5.0
11338033,LKB1,5.0
42642645,YES,7.318758762624413
176167,MRCKB,5.0
208908,p38-beta,5.0
11485656,RIOK2,5.0
3062316,TNK2,8.2518119729938
10461815,SNARK,6.040958607678906
644241,KIT(V559D-V654A),6.585026652029182
176155,ACVR1,5.0
11338033,PRKG1,5.0
10113978,AURKA,5.1487416512809245
3062316,PIK4CB,5.0
24889392,MAP4K2,5.0
25243800,MYLK2,5.0
24180719,PDGFRB,6.698970004336019
3038522,AURKA,5.0
17755052,MAP3K1,5.0
176155,TYK2(JH1domain-catalytic),5.0
11364421,TRKC,5.0
16725726,NEK11,5.0
16725726,PIK3CA(H1047L),5.0
123631,NEK4,5.0
123631,CAMK1G,5.0
11485656,LRRK2,5.0
24180719,GAK,5.0
11485656,MLCK,5.0
10127622,RET(V804L),5.0
42642645,TLK1,5.0
3038522,STK39,5.0
16725726,HIPK2,6.4089353929735005
11409972,PIK3CA(I800L),5.0
151194,MERTK,5.0
176870,LZK,5.0
10461815,ERBB4,5.0
11409972,PFCDPK1(Pfalciparum),8.070581074285707
151194,RET(V804M),5.0
5329102,AURKB,6.42021640338319
11485656,BRSK2,5.0
5328940,PIK3CA(C420R),5.0
11338033,EPHA8,5.0
176155,PIK3CA(E545A),5.0
216239,PFTK1,5.537602002101044
9929127,LIMK2,5.0
10427712,CSNK1A1,6.080921907623926
25243800,LIMK2,5.0
11338033,EGFR(L858RT790M),5.0
11314340,TYK2(JH2domain-pseudokinase),5.0
176155,ERK5,5.0
11984591,KIT(D816V),8.602059991327963
10127622,AAK1,5.0
3038522,CDKL5,5.0
25243800,ASK2,5.0
25243800,CSNK1G2,5.522878745280337
16725726,LATS1,5.0
3025986,PKN1,5.0
10113978,TRKB,5.0
151194,MEK6,5.0
11338033,SGK3,5.0
5329102,MAP4K2,7.481486060122113
24180719,NEK11,6.721246399047171
42642645,HIPK1,6.376750709602099
11338033,CSNK2A2,5.0
24180719,TTK,5.0
24889392,AMPK-alpha2,5.0
208908,YANK3,5.0
153999,MINK,6.508638306165728
3062316,MEK6,5.0
11314340,EGFR(L858RT790M),5.0
11409972,ULK3,7.244125144327507
16722836,CDK11,5.0
10427712,MINK,5.0
3025986,ABL1(F317I),5.0
11409972,CDK9,6.721246399047171
10138260,RET,7.431798275933005
5328940,GRK1,5.0
208908,ERK1,5.0
176870,PIK3CA(M1043I),5.0
11338033,FLT4,5.0
156414,MARK1,5.0
5494449,TXK,5.568636235841013
153999,EGFR(L858RT790M),5.0
151194,YANK2,5.0
156414,HIPK2,5.0
11485656,FER,5.0
5329102,MAP3K4,5.318758762624413
123631,LATS1,5.0
9929127,CDKL5,5.0
5287969,CSNK1G1,5.920818753952375
44150621,RSK2(KinDom.1-N-terminal),5.251811972993799
44150621,JNK2,5.0
153999,DRAK2,5.0
11409972,FLT3(K663Q),9.292429823902063
10113978,AMPK-alpha1,5.0
24889392,AKT3,5.0
44150621,PIK3CA(E542K),5.0
176155,LZK,5.0
11314340,RIPK5,5.0
11485656,NEK9,5.0
5287969,TRKC,5.0
176167,KIT(D816H),5.0
3038522,HIPK3,5.0
9915743,AMPK-alpha2,5.0
11427553,DAPK2,5.744727494896694
5328940,BRAF(V600E),5.0
5328940,EGFR(E746A750del),7.744727494896694
11984591,PIK3CA(I800L),5.0
24889392,GSK3B,5.0
17755052,TESK1,5.0
3038522,GCN2(KinDom2S808G),5.0
156414,MYLK,5.0
42642645,YANK2,5.0
10461815,LKB1,5.585026652029182
11338033,EGFR(L858R),5.0
151194,MLCK,5.0
42642645,EGFR(L747S752del),6.6777807052660805
10427712,HUNK,5.0
156414,MLCK,5.0
216239,NEK11,5.0
176155,INSR,5.0
123631,MAK,5.0
11338033,AURKA,5.0
11338033,CDC2L5,8.494850021680094
10113978,HIPK3,5.0
44150621,LTK,5.0
208908,CSK,5.0
17755052,RET,5.0
5328940,YANK3,5.0
11409972,MAP4K2,7.0
44259,AMPK-alpha1,8.431798275933005
208908,PCTK1,5.0
11485656,ERN1,5.0
156414,FLT3(K663Q),5.795880017344075
5328940,PIM3,5.0
644241,ERK1,5.0
216239,CDK8,6.508638306165728
216239,KIT,7.552841968657781
44150621,FLT3(D835Y),8.2839966563652
5329102,BMX,5.0
10138260,CSNK1G1,6.0
9933475,HUNK,5.0
5287969,KIT,5.0
3038522,PKAC-alpha,5.0
5329102,KIT(V559D-T670I),9.55284196865778
3038522,MAP3K2,5.0
16722836,PKN1,5.958607314841775
153999,RET(V804M),5.0
3025986,PLK2,5.0
5329102,PKNB(Mtuberculosis),7.060480747381382
5328940,GSK3B,5.0
25243800,MINK,6.744727494896694
11485656,CSNK1A1,5.0
44150621,ERBB2,5.0
17755052,GRK4,5.0
153999,SBK1,5.0
9915743,BMX,5.0
11338033,GRK4,5.0
5287969,SRPK3,5.0
10427712,GRK1,5.0
153999,CAMK4,5.0
11314340,LKB1,5.0
216239,EPHB1,5.522878745280337
11409972,GSK3B,5.0
176155,EGFR(L747T751del),5.823908740944319
216239,AMPK-alpha1,5.0
176870,TNNI3K,6.2441251443275085
17755052,PDGFRB,5.0
3025986,MYO3A,5.0
10113978,MAP4K2,5.568636235841013
11427553,ABL1(H396P),7.769551078621726
9915743,MYLK4,5.0
3025986,KIT(V559D-T670I),5.0
11364421,RET(M918T),5.0
176155,DAPK1,5.0
16725726,TYK2(JH1domain-catalytic),5.0
16725726,EGFR(L858RT790M),5.0
5329102,MKK7,5.0
11984591,DAPK1,7.259637310505756
5328940,TRKB,5.920818753952375
17755052,RSK1(KinDom.1-N-terminal),5.0
176167,ASK1,5.0
42642645,BRAF,5.455931955649724
24180719,PKMYT1,5.0
5329102,KIT,9.431798275933003
11984591,ERBB4,6.221848749616356
16722836,ABL1(Q252H),6.958607314841775
10461815,RET(M918T),6.236572006437063
176167,MRCKA,5.0
11338033,RPS6KA5(KinDom.1-N-terminal),5.0
176870,ABL1(T315I),6.2076083105017466
3062316,ABL1(E255K),10.327902142064282
10127622,SNARK,5.0
156414,KIT(V559D-V654A),5.102372908709558
5494449,FLT4,5.721246399047171
42642645,SNARK,5.0
44150621,DLK,5.6777807052660805
3062316,CSNK2A2,5.0
10427712,NEK4,5.0
5287969,ABL1(Q252H),5.508638306165728
10138260,FLT3(D835Y),8.214670164989233
9929127,AURKA,5.0
10138260,MST3,7.0
16722836,TBK1,7.036212172654444
5329102,AURKA,5.769551078621726
16725726,AURKB,5.0
10127622,ABL1(E255K),5.0
3062316,MRCKB,5.6777807052660805
25243800,PYK2,5.0
25243800,RIOK3,5.0
5329102,EPHA7,5.619788758288394
151194,BMPR1B,5.0
9915743,PCTK1,5.638272163982407
3038522,PAK7,5.0
24889392,BRSK2,5.0
176155,PAK6,5.0
24180719,TXK,5.0
10461815,RIOK3,6.4089353929735005
153999,SRPK1,5.920818753952375
208908,TNK2,5.0
5329102,TLK1,6.130768280269024
24180719,DCAMKL1,5.091514981121351
9929127,ABL1(H396P)p,5.0
5287969,PIK3CA(H1047L),5.0
5494449,ABL1(H396P)p,8.508638306165727
10138260,MYLK,6.443697499232713
11984591,CDC2L5,5.0
11314340,MINK,7.0
3038522,LTK,5.0
3038522,PKNB(Mtuberculosis),5.0
11338033,ABL1(Q252H),5.0
5329102,CSNK2A2,6.795880017344075
11427553,ZAK,6.236572006437063
5329102,DMPK2,5.0
10127622,CDK11,5.0
24180719,PIK3CD,5.0
16725726,MLCK,5.0
9929127,RPS6KA5(KinDom.1-N-terminal),5.0
10127622,ERN1,5.0
44150621,MAK,5.0
644241,PRKD2,5.0
5328940,TYK2(JH1domain-catalytic),5.187086643357144
176167,MKK7,5.0
5328940,RIOK3,5.795880017344075
10461815,BTK,5.0
3062316,CDKL5,5.0
10127622,MERTK,5.0
5328940,RIPK2,5.431798275933005
208908,MST3,5.0
208908,DLK,5.0
11364421,TESK1,5.0
17755052,NEK4,5.0
176870,HUNK,5.0
11338033,PIK3CA(H1047L),5.0
3062316,TRKB,5.0
16722836,ACVR2A,5.0
3038522,KIT(D816H),6.920818753952375
44259,PKNB(Mtuberculosis),7.055517327849832
208908,HIPK1,5.0
5287969,BRAF,5.0
10461815,ACVR2A,5.0
5328940,EPHB1,7.481486060122113
11314340,RET(V804M),6.744727494896694
151194,FYN,5.0
16722836,SNARK,7.309803919971486
176167,NIM1,5.0
5329102,BRAF(V600E),5.0
216239,JAK1(JH2domain-pseudokinase),5.0
25243800,PKAC-alpha,5.431798275933005
5329102,CSNK2A1,6.045757490560675
42642645,PRKG1,5.0
3062316,NEK5,5.0
208908,DMPK2,5.0
24180719,JAK1(JH2domain-pseudokinase),5.0
9933475,PKN1,5.0
11485656,ASK1,5.0
151194,MAP3K15,5.0
10113978,BTK,5.0
9929127,PIK3CG,5.0
9915743,ABL1(Q252H),5.1487416512809245
176155,TBK1,5.0
5329102,FER,5.958607314841775
9915743,PRKCH,5.0
24180719,MRCKA,5.0
11338033,CHEK2,5.0
24180719,NEK2,5.301029995663981
24889392,TNK2,5.0
11364421,ACVR1,5.0
156414,CSNK1G3,5.0
16725726,TRKC,5.0
16722836,PLK4,7.017728766960432
3025986,LKB1,5.0
25243800,IKK-alpha,5.0
11485656,MEK6,5.0
5328940,BRSK2,5.0
153999,PLK3,5.0
123631,ACVRL1,5.0
10113978,AURKB,5.0
10113978,INSR,5.0
5329102,YANK3,5.0
10427712,LIMK1,5.0
42642645,TRKB,8.387216143280265
3025986,p38-beta,5.0
11364421,STK33,5.958607314841775
176870,ERBB4,6.638272163982407
11364421,EPHB3,5.0
11364421,CSK,5.0
24180719,MAK,5.0
3038522,NEK2,5.0
5494449,RSK1(KinDom.2-C-terminal),5.0
9915743,KIT(D816V),5.0
44259,TRKB,8.42021640338319
176167,PIK3CA,5.0
176870,ZAK,5.0
24889392,TLK1,5.0
11485656,BMX,5.0
5329102,AAK1,7.958607314841775
16725726,HIPK3,6.698970004336019
24180719,GRK7,5.0
11364421,PIK3CA(E545A),5.0
5329102,MST3,7.200659450546419
123631,ERBB2,5.455931955649724
9929127,LTK,5.0
153999,PIK3CA(E542K),5.0
208908,SBK1,5.0
208908,SNARK,5.0
10113978,GAK,6.698970004336019
24889392,FAK,5.0
11338033,FLT3(K663Q),5.0
10461815,CDC2L5,5.0
11364421,ABL1(E255K),5.229147988357856
123631,HIPK2,5.0
3025986,LTK,5.0
5328940,CDK5,5.0
9915743,DLK,6.431798275933005
3025986,YANK3,5.0
24180719,TLK1,5.0
24180719,CDK5,5.0
216239,FLT3,7.886056647693163
153999,YES,5.0
3025986,AKT3,5.0
11364421,NEK5,5.0
11409972,CDC2L2,5.958607314841775
176155,ASK1,5.0
5328940,ROS1,5.0
17755052,YES,5.0
176167,PIK3CA(E545K),5.0
10427712,CDK8,5.0
10138260,PKAC-alpha,5.0
44259,PKAC-alpha,7.721246399047171
44150621,MYLK4,7.096910013008056
5494449,KIT(A829P),6.42021640338319
10461815,GCN2(KinDom2S808G),5.468521082957745
3038522,ABL1(H396P)p,5.0
44259,TNIK,8.327902142064282
3025986,CDC2L2,7.318758762624413
10113978,ABL1(H396P),6.42021640338319
10113978,GRK1,5.0
9915743,PIK3CA(C420R),5.0
3038522,FGR,5.0
10461815,MLK1,5.0
5494449,NEK9,5.0
44259,PIP5K2B,7.113509274827519
16722836,SRMS,5.301029995663981
44259,SRMS,6.130768280269024
216239,NEK5,5.0
16722836,MERTK,6.086186147616283
11314340,ACVR2A,5.0
9933475,LRRK2,5.0
10113978,LRRK2,5.0
156414,LTK,5.292429823902063
5287969,FLT3(D835Y),5.494850021680094
123631,CSK,5.0
10461815,PKMYT1,5.0
5328940,MLK3,5.568636235841013
10461815,EGFR(S752I759del),5.0
176870,GSK3B,5.0
11427553,PKAC-beta,5.0
10427712,FAK,5.0
644241,PLK2,5.0
3062316,NEK3,5.0
17755052,FLT4,5.0
16722836,RSK4(KinDom.2-C-terminal),6.443697499232713
9933475,CHEK2,5.0
5328940,CSNK2A2,5.0
11409972,HIPK3,8.397940008672037
5329102,PKN1,6.1487416512809245
11364421,SBK1,5.0
16725726,CDK8,5.0
11314340,PAK1,5.823908740944319
11409972,TNNI3K,6.769551078621726
3025986,EPHB3,5.0
3062316,SBK1,5.920818753952375
5494449,YANK2,5.0
16722836,EGFR(L858R),5.481486060122113
44150621,DYRK1B,5.0
5329102,BLK,7.187086643357144
11364421,MYO3A,5.200659450546419
156414,LKB1,5.0
10138260,STK33,6.886056647693163
5328940,SRMS,7.0
9929127,MAP3K1,5.0
44259,EPHA5,7.022276394711152
10427712,PKNB(Mtuberculosis),5.0
176870,ABL1(H396P)p,7.236572006437063
10427712,PFTK1,5.0
42642645,GRK7,5.0
17755052,MRCKB,5.0
156414,GRK4,5.0
151194,ITK,5.0
11314340,SRPK1,6.259637310505756
9929127,ACVR2B,5.0
10461815,NEK9,5.0
25243800,PDGFRB,7.10790539730952
16722836,CDC2L2,5.0
3062316,MAP3K15,5.0
16722836,AMPK-alpha2,5.327902142064283
44259,ULK1,8.00436480540245
208908,FAK,5.0
5494449,SRPK3,6.619788758288394
44150621,CSNK1G2,5.0
9933475,FER,5.0
156414,NEK3,5.0
151194,MST3,5.0
44259,FLT3(K663Q),8.481486060122112
11314340,SRC,5.0
11427553,RPS6KA5(KinDom.2-C-terminal),5.721246399047171
3062316,ASK2,5.0
151194,BRAF(V600E),5.0
9915743,GRK4,5.0
9929127,EGFR(L747T751del),5.0
151194,PIK4CB,5.0
11338033,SRPK3,5.0
5328940,MET(M1250T),5.167491087293763
9929127,KIT(A829P),5.0
11364421,ABL1(Y253F),5.0
3062316,ABL1(F317I)p,10.387216143280265
156414,PIK3CB,5.0
10127622,MUSK,5.0
11338033,PAK6,5.0
16725726,PRKCH,8.619788758288394
11427553,FGFR2,6.070581074285707
10427712,BRAF(V600E),5.698970004336019
44259,FGR,7.769551078621726
9929127,AURKB,5.0
11984591,MRCKA,5.0
42642645,RIPK1,6.070581074285707
11314340,FLT3(D835Y),7.366531544420414
44150621,MLK1,5.00436480540245
25243800,EPHB3,5.0
11314340,HIPK3,6.958607314841775
3038522,CAMK4,5.0
44259,PKAC-beta,7.537602002101044
123631,DLK,5.0
11427553,LZK,6.301029995663981
5287969,AKT3,5.0
25243800,SNRK,5.0
176870,FGFR2,5.0
3038522,ICK,5.0
24889392,SRPK3,5.0
10113978,SNARK,5.0
16722836,PHKG2,5.795880017344075
176167,ABL1(H396P),5.0
10127622,FGR,5.0
16722836,FLT3(D835Y),8.193820026016112
153999,ABL1(H396P)p,5.0
208908,AURKB,5.0
5287969,MEK6,5.0
44259,ERK3,5.508638306165728
24889392,PRKCE,5.0
644241,PIK3CG,5.0
11984591,KIT,8.167491087293763
11338033,DYRK1B,6.537602002101044
11338033,p38-delta,5.0
10461815,MEK6,5.0
10127622,CDKL5,5.0
644241,RIOK2,5.0
9929127,LIMK1,5.0
3038522,NEK11,5.0
644241,ROS1,5.0
5287969,MST3,5.0
5328940,CSK,7.494850021680094
42642645,FGFR2,6.096910013008056
11314340,PLK2,5.0
5494449,PIP5K2C,5.0
10427712,RSK2(KinDom.1-N-terminal),5.0
11485656,HUNK,5.0
16725726,PRKX,8.142667503568731
11364421,JAK1(JH2domain-pseudokinase),5.0
11409972,TAOK3,8.236572006437063
17755052,CSNK1E,5.920818753952375
176167,EGFR(L747T751del),5.0
5329102,PRKCH,5.0
16725726,ADCK3,5.0
17755052,ABL1(E255K),5.0
17755052,ULK3,5.0
216239,YANK2,5.0
16725726,RSK2(KinDom.1-N-terminal),5.0
156414,CDC2L5,5.0
176870,MLCK,5.0
16722836,GRK1,5.0
11314340,DAPK2,5.6020599913279625
11409972,PDPK1,5.0
42642645,ABL1(H396P)p,6.958607314841775
153999,IKK-alpha,5.0
176870,ERBB2,5.537602002101044
216239,MYO3A,5.0
156414,SIK,5.0
216239,STK39,5.0
42642645,EPHB3,7.070581074285707
123631,RSK2(KinDom.1-N-terminal),5.0
11984591,PIM1,5.0
216239,EGFR(L858R),5.0
16722836,RIOK1,7.0
10127622,PRKD3,5.0
24889392,ULK1,5.0
123631,CSNK1G3,5.0
208908,FLT3(K663Q),5.0
5287969,ACVRL1,5.346787486224656
11409972,MERTK,6.431798275933005
11427553,RIPK4,6.886056647693163
11984591,EGFR(L858RT790M),7.214670164989233
9929127,MAP4K2,5.0
644241,CSNK1A1,5.0
10127622,MYLK4,5.0
11427553,IGF1R,6.036212172654444
5494449,PIK3CG,5.0
216239,PIK3CA(E545K),5.0
151194,ABL1(T315I)p,5.0
10138260,RPS6KA5(KinDom.2-C-terminal),5.823908740944319
176167,FAK,5.0
5329102,CDC2L5,5.0
5329102,CSNK1G2,6.958607314841775
44150621,FER,5.0
5287969,RET(V804L),5.0
24180719,EGFR(L858R),5.0
44150621,ERK5,5.0
176155,EGFR(E746A750del),6.468521082957745
5328940,SBK1,5.0
3062316,MYLK2,5.455931955649724
11364421,BMPR1B,5.0
644241,ABL1(H396P),8.309803919971486
9915743,ABL1(Y253F),5.0
9915743,PKN1,5.0
24889392,MERTK,5.0
9915743,MYLK,5.0
17755052,SNARK,5.0
151194,FAK,5.0
11364421,ROS1,5.0
42642645,INSR,6.6777807052660805
44259,FLT4,7.552841968657781
44150621,DMPK2,5.0
10113978,LRRK2(G2019S),5.0
156414,HUNK,5.1938200260161125
153999,LZK,5.0
25243800,PIP5K1C,7.744727494896694
11984591,TYK2(JH2domain-pseudokinase),5.0
11984591,ABL1(H396P),6.769551078621726
216239,PIK3CA(H1047L),5.0
16725726,ABL1(M351T),5.0
11409972,FAK,5.0
11485656,AAK1,5.0
44150621,PRKCH,5.0
9929127,ICK,5.0
25243800,MLK1,5.537602002101044
11314340,PKAC-beta,7.045757490560675
10113978,PHKG2,5.0
11338033,SNARK,5.0
11364421,CSNK2A1,5.0
153999,ITK,5.0
11409972,MLK1,5.0
11427553,HPK1,7.200659450546419
153999,RIPK5,5.0
16725726,PKN1,7.468521082957745
5494449,ERBB4,5.0
208908,EPHA7,5.0
17755052,LTK,5.0
17755052,MST1,5.0
42642645,ABL1(F317I)p,6.6020599913279625
11409972,DAPK2,5.0
10113978,LIMK2,6.4089353929735005
10461815,CAMK4,5.0
9915743,PYK2,5.096910013008056
11338033,NEK2,5.0
11364421,MET(M1250T),5.0
10127622,RIPK1,5.0
151194,ACVRL1,5.0
176167,ERBB2,5.0
44259,SNARK,10.065501548756432
16722836,PFCDPK1(Pfalciparum),5.920818753952375
216239,PIK3CA(C420R),5.0
11427553,SRPK3,6.698970004336019
3062316,GRK1,5.0
151194,PRKG2,5.0
11485656,CDK8,7.022276394711152
644241,SNARK,5.0
9915743,MST1,6.568636235841013
11427553,LIMK1,5.0
5329102,CDKL5,5.0
5329102,TEC,5.0
208908,CDK9,5.0
151194,BTK,5.0
176870,PAK1,5.0
5287969,DAPK2,5.0
10427712,SGK3,5.0
3025986,LRRK2,5.0
10138260,FGFR2,6.102372908709559
11314340,FLT3(N841I),6.698970004336019
11314340,MUSK,5.0
123631,CDK11,5.0
153999,STK39,5.0
9915743,PAK2,7.102372908709558
176870,AURKC,6.221848749616356
151194,WEE2,5.0
153999,TNK2,5.0
10461815,FAK,5.721246399047171
5287969,TRKB,5.0
176870,RET(M918T),6.481486060122113
5287969,CDC2L5,6.366531544420414
11485656,PYK2,5.0
644241,GRK7,5.0
153999,HIPK1,6.638272163982407
3025986,BMPR1B,5.0
216239,AURKC,6.6777807052660805
644241,DYRK1B,5.0
9915743,JNK3,5.6020599913279625
5287969,MAP3K15,5.0
11984591,JAK1(JH2domain-pseudokinase),5.0
10138260,SNARK,6.3979400086720375
10127622,FLT3(N841I),5.0
5329102,DAPK2,6.823908740944319
644241,PFTK1,5.0
9933475,SGK3,5.0
216239,LRRK2(G2019S),5.0
644241,JNK2,5.236572006437063
10138260,NEK4,5.0
11338033,YANK3,5.0
11409972,TLK2,5.0
11984591,HUNK,5.0
216239,GRK1,5.0
11427553,TNIK,7.552841968657781
10113978,PRKCE,5.0
11338033,PKNB(Mtuberculosis),5.0
156414,PIK3CG,5.0
3062316,FGFR1,5.431798275933005
16722836,SGK3,5.6020599913279625
11364421,MLK3,5.0
176167,PIP5K2B,5.0
208908,CSNK1A1,5.0
3062316,CSNK1A1,5.0
16725726,MYLK,5.0
3038522,NEK9,5.0
10427712,MAP4K2,5.0
3025986,NEK2,5.0
208908,MLK3,5.0
123631,DYRK1A,5.0
5328940,PCTK1,5.619788758288394
176870,MAK,5.0
11984591,TAOK3,5.337242168318426
10461815,RSK4(KinDom.2-C-terminal),5.0
10461815,GRK1,5.958607314841775
156414,CAMK1G,5.0
25243800,MUSK,5.0
151194,MYO3A,5.0
24889392,TBK1,5.0
156414,LIMK2,5.0
10138260,MAP4K2,5.769551078621726
11409972,ACVR1B,5.0
16722836,p38-delta,5.0
11485656,PRKX,5.0
16725726,MAP3K15,5.0
11314340,CSNK1G2,6.42021640338319
3062316,ABL1(M351T),10.795880017344077
9929127,DCAMKL1,5.0
151194,FES,5.0
644241,MAP3K4,5.0
24889392,TRKB,6.2076083105017466
5328940,MAK,5.0
10113978,FLT3(K663Q),6.130768280269024
17755052,SGK3,5.0
176870,MRCKB,5.0
11485656,PKAC-alpha,5.161150909262744
11364421,ABL1(F317I),5.0
17755052,DYRK1B,5.42021640338319
3062316,BMPR1B,7.275724130399211
24180719,MST1,5.0
44259,PIK3CA(E542K),5.0
5494449,FGFR2,6.2441251443275085
24889392,PHKG1,5.0
10138260,ROS1,5.0
24180719,ITK,5.0
11314340,TRKC,5.0
44259,MARK4,8.267606240177031
123631,FLT3(K663Q),5.292429823902063
5287969,BRSK2,5.0
176167,ERK3,5.0
156414,STK33,5.0
176155,TLK1,5.0
153999,KIT(V559D-V654A),5.0
11364421,YES,5.0
153999,PFCDPK1(Pfalciparum),5.0
5328940,CDC2L5,5.0
11409972,ULK1,5.431798275933005
11427553,BMPR1B,6.920818753952375
16722836,KIT(D816H),6.795880017344075
17755052,MEK6,5.0
42642645,PFCDPK1(Pfalciparum),6.638272163982407
156414,CDK5,5.0
216239,MERTK,5.443697499232713
5328940,PFTK1,5.853871964321762
11427553,ITK,6.619788758288394
16725726,AKT3,8.522878745280337
16725726,AMPK-alpha1,5.0
5328940,PIK3CA(H1047L),5.0
3025986,CASK,6.3979400086720375
11338033,CDK8,5.0
208908,ERBB4,7.267606240177032
5328940,PIP5K2C,5.0
644241,YANK2,5.0
16722836,SNRK,6.638272163982407
176870,ACVR2B,5.0
10138260,CHEK2,7.397940008672037
216239,DLK,5.0
11427553,PIK3CA(C420R),5.0
16722836,MYLK,6.2839966563652006
10138260,FGFR1,5.721246399047171
17755052,KIT(D816H),5.0
5328940,CSNK1E,6.958607314841775
24889392,PIK3CA(E545K),5.0
10461815,KIT(V559D-V654A),5.142667503568732
24889392,EGFR(S752I759del),5.0
156414,AAK1,5.0
151194,PIK3CA(H1047Y),5.0
9915743,PKNB(Mtuberculosis),5.0
3062316,ERBB2,5.853871964321762
11984591,RIOK3,6.6777807052660805
151194,PIK3CA,5.0
9933475,PIK3CG,5.0
5329102,PYK2,7.086186147616283
3062316,ERN1,5.0
44150621,LZK,6.769551078621726
11338033,ADCK3,5.0
123631,NEK2,5.0
44259,TYK2(JH1domain-catalytic),7.251811972993799
10461815,CASK,5.769551078621726
25243800,TESK1,6.522878745280337
3038522,AMPK-alpha2,5.0
216239,MYLK2,5.267606240177032
11409972,SIK,5.769551078621726
17755052,PIK3CA(M1043I),8.346787486224656
5329102,FLT3(D835Y),8.638272163982407
208908,ABL1(T315I)p,5.0
11984591,ERK3,5.0
11427553,LRRK2,6.455931955649724
44259,CHEK2,7.130768280269024
9933475,RIOK3,5.0
11364421,YANK2,5.0
10427712,DRAK2,5.0
5328940,JAK1(JH2domain-pseudokinase),5.0
216239,PRKG2,5.0
176167,KIT(V559D-V654A),5.0
123631,KIT(V559D-T670I),5.0
24180719,PAK1,5.853871964321762
16722836,PIK3CA(E542K),5.0
3025986,CAMK4,5.0
10113978,BRAF,6.136677139879544
153999,PIM1,6.568636235841013
24180719,KIT(D816V),5.508638306165728
11364421,FES,5.721246399047171
9929127,ABL1(T315I)p,5.0
10127622,RSK1(KinDom.2-C-terminal),5.0
123631,PKAC-beta,5.0
11427553,PIK3CA,5.0
42642645,KIT(V559D-V654A),8.119186407719209
25243800,MARK3,5.0
25243800,PIK3CA,6.823908740944319
3062316,ZAK,7.346787486224656
11314340,MARK1,5.0
151194,TBK1,5.0
176870,RPS6KA5(KinDom.2-C-terminal),5.0
11485656,PIP5K2B,5.0
42642645,p38-delta,7.267606240177032
5329102,KIT(D816H),6.958607314841775
644241,ASK1,5.0
151194,TAOK3,5.0
10461815,ERK5,5.769551078621726
9915743,PRKX,5.0
11485656,ERK5,5.0
5287969,DYRK1A,7.113509274827519
176870,BRSK2,5.0
156414,PIP5K2B,5.0
44259,PIK3CA(M1043I),5.0
5328940,PRKG2,5.0
9933475,GCN2(KinDom2S808G),5.0
16722836,AAK1,7.455931955649724
42642645,RSK1(KinDom.1-N-terminal),5.0
208908,NIM1,5.0
3062316,HIPK3,5.0
11364421,RSK2(KinDom.1-N-terminal),5.0
216239,PKAC-alpha,5.0
5328940,PIP5K1C,5.0
153999,FAK,5.0
176155,ABL1(Y253F),5.0
3062316,TGFBR2,5.537602002101044
9929127,NEK3,5.0
11314340,LRRK2,5.721246399047171
176167,DLK,5.0
9933475,FGFR1,7.275724130399211
3062316,CHEK2,5.0
9933475,EPHB1,5.0
3062316,ACVR1,6.2076083105017466
16725726,CDK5,5.0
16722836,KIT(V559D-V654A),5.455931955649724
25243800,ROCK1,5.0
5494449,FLT3(K663Q),8.318758762624412
9915743,FGFR1,5.0
3038522,FLT3,8.522878745280337
11427553,SRPK1,7.259637310505756
11409972,CSK,5.638272163982407
5494449,CSNK2A2,5.0
3038522,PIP5K2C,5.0
9933475,NIM1,5.0
11984591,ULK3,8.148741651280925
156414,AURKA,5.0
11485656,MYLK4,5.0
11984591,PFTK1,5.0
208908,CSNK1E,5.0
11409972,EGFR(E746A750del),5.721246399047171
25243800,FLT3(N841I),5.920818753952375
24889392,CDC2L2,5.0
24889392,LIMK1,5.0
151194,EPHA5,5.0
123631,DCAMKL2,5.0
11338033,OSR1,5.0
10461815,LIMK2,5.0
151194,PKN1,5.0
25243800,GRK7,5.853871964321762
24889392,RPS6KA5(KinDom.2-C-terminal),5.0
9929127,EGFR(L747S752del),5.0
44259,PLK3,6.040958607678906
9915743,LZK,6.130768280269024
11427553,YANK3,5.0
9915743,DMPK2,5.0
644241,PRKD3,5.0
5287969,EPHA8,5.0
11364421,KIT(V559D-V654A),5.0
11338033,BTK,5.0
5328940,FES,6.481486060122113
176167,EGFR(L747S752del),5.0
24180719,MUSK,5.0
44150621,PDGFRB,8.42021640338319
11364421,SGK3,5.0
5287969,EPHA7,5.0
24180719,AAK1,5.0
156414,JAK1(JH2domain-pseudokinase),5.0
25243800,FLT3(K663Q),5.853871964321762
24889392,FLT3(D835Y),8.148741651280925
42642645,SGK3,5.0
42642645,FLT3(K663Q),9.086186147616283
5287969,PRKG2,5.0
3038522,PIK3CA(I800L),5.0
156414,FLT3(D835Y),6.136677139879544
9915743,AKT3,5.0
24889392,FYN,5.0
24180719,LKB1,5.0
151194,ABL1(T315I),5.0
5329102,YES,6.920818753952375
11338033,AMPK-alpha1,5.0
25243800,CDC2L5,5.0
10127622,FAK,5.0
10138260,BRAF(V600E),5.0
9933475,WEE2,5.0
10461815,CDK11,5.0
3025986,RET(M918T),5.0
24180719,RIOK1,5.0
42642645,SNRK,5.0
11314340,PFTK1,6.102372908709559
9915743,MUSK,5.0
42642645,ACVR1B,5.0
16722836,MINK,5.050609993355088
11338033,MAP3K2,5.0
176155,NEK5,5.0
11338033,PLK3,5.0
5329102,PLK4,6.721246399047171
10427712,DYRK1B,6.136677139879544
44150621,BRAF(V600E),5.0
176870,RSK1(KinDom.1-N-terminal),5.0
10113978,EGFR(L747T751del),5.0
5287969,DCAMKL1,5.6777807052660805
3062316,ICK,5.0
16722836,PLK2,5.619788758288394
44150621,TBK1,6.886056647693163
176167,EPHB1,5.0
10127622,RIOK2,5.0
24180719,TRKC,5.0
25243800,GSK3B,5.0
25243800,LATS1,5.0
9929127,HIPK3,5.0
10113978,PIP5K1C,5.721246399047171
176155,YANK2,5.6777807052660805
24180719,CDC2L2,5.0
151194,PAK2,5.0
11364421,MLCK,5.0
176870,EGFR(L858RT790M),6.721246399047171
153999,NIM1,5.0
216239,MARK1,5.0
5494449,CDK5,5.0
11364421,PIP5K2C,6.958607314841775
10427712,INSR,5.0
44259,CASK,7.721246399047171
9929127,ERK3,5.0
176155,RET(V804M),5.0
156414,EGFR(L747T751del),9.585026652029182
24180719,EGFR(L747S752del),5.0
176155,TLK2,5.0
11314340,RIOK1,6.2076083105017466
25243800,TAOK3,6.309803919971486
10427712,TNIK,5.0
44150621,NEK9,5.040958607678906
151194,ABL1(F317I)p,5.0
11427553,ACVRL1,5.0
16725726,ABL1(T315I),5.0
9933475,CSNK2A2,5.0
9929127,BRAF,5.0
24889392,PIK3CA(I800L),5.0
17755052,MARK1,5.0
25243800,BLK,6.619788758288394
42642645,FER,7.431798275933005
11364421,HUNK,5.013228265733755
11984591,FGFR1,7.356547323513813
176155,RET(M918T),5.0
216239,JNK3,5.0
24180719,PIK3CA(H1047L),5.0
11984591,IGF1R,5.886056647693163
10113978,MUSK,5.0
5494449,LIMK2,5.585026652029182
3038522,CSNK2A1,5.0
9933475,MAP3K15,5.0
44259,LRRK2,8.508638306165727
156414,HIPK1,5.0
44150621,RIPK1,6.494850021680094
208908,KIT(A829P),5.0
42642645,CSNK2A2,5.552841968657781
9915743,PHKG2,5.0
11409972,ERK1,5.0
11984591,PCTK1,5.0
24889392,AAK1,5.0
11338033,FGFR1,5.0
216239,PIP5K2C,5.0
16725726,ZAK,5.0
5287969,PRKD3,6.769551078621726
11409972,LRRK2,6.022276394711152
176155,FLT4,5.0
9915743,PLK4,5.0
42642645,EGFR(L747T751del),6.795880017344075
10461815,INSR,5.638272163982407
44150621,MKK7,5.0
11314340,CAMK1G,5.0
16722836,EGFR(L858RT790M),6.2441251443275085
153999,PRKX,5.0
5287969,FGR,5.0
10127622,STK33,5.0
10113978,KIT(A829P),7.481486060122113
3025986,GSK3A,7.552841968657781
24180719,SRPK3,5.0
42642645,NEK5,5.0
123631,PIK3CA(E542K),5.0
44259,IKK-alpha,8.236572006437063
10138260,PLK3,5.0
176870,CSNK1G2,5.0
24180719,SRMS,7.67778070526608
176870,CAMK4,5.0
156414,MEK6,5.0
176870,EPHA8,6.026872146400302
42642645,ICK,5.0
10461815,BRAF,5.0
11364421,YANK3,5.0
123631,BLK,5.920818753952375
11364421,IKK-alpha,5.0
16722836,KIT(A829P),7.337242168318426
9915743,SGK3,5.0
10113978,RPS6KA5(KinDom.1-N-terminal),5.0
151194,SRMS,5.0
644241,CDK9,5.0
42642645,CASK,5.0
17755052,PHKG2,5.0
42642645,ULK1,5.0
11364421,TLK2,5.0
10113978,SRPK1,5.0
5328940,ACVR2B,5.0
151194,MKK7,5.0
11364421,OSR1,5.0
3025986,KIT(A829P),5.0
176870,CSNK1E,6.301029995663981
9915743,CSNK2A1,5.0
25243800,YANK3,5.0
11409972,CDC2L5,9.0268721464003
44259,CSNK1G2,6.107905397309519
10127622,LKB1,5.0
10461815,AURKB,5.698970004336019
42642645,LIMK1,6.167491087293763
10427712,EPHB3,5.0
176155,ERBB2,5.0
5494449,EGFR(S752I759del),5.0
11409972,PIP5K2B,5.0
176870,FLT3(K663Q),5.886056647693163
10138260,EGFR(E746A750del),5.0
3038522,PAK2,5.0
17755052,ACVR2A,5.0
644241,TESK1,5.0
10461815,ERN1,5.0
151194,ERBB4,5.0
11409972,GRK1,5.0
11314340,DYRK1B,8.4089353929735
176870,FYN,5.0
208908,EPHB1,5.0
11485656,CDK5,5.0
3062316,MERTK,5.0
42642645,ABL1(Q252H),8.397940008672037
3062316,EGFR(E746A750del),6.886056647693163
11485656,JNK3,5.366531544420414
9933475,PIK3CD,5.0
3038522,BTK,5.0
11485656,NEK4,5.0
10427712,IGF1R,5.0
5329102,STK39,6.853871964321762
11409972,RSK4(KinDom.2-C-terminal),5.468521082957745
16725726,CSNK1G1,5.0
10113978,CDK5,5.0
10138260,PIK3CA(H1047L),5.0
10461815,RPS6KA5(KinDom.1-N-terminal),5.0
5329102,TLK2,6.481486060122113
10427712,RET,5.0
3062316,JNK3,5.0
11984591,CASK,5.0
10138260,EGFR(L858RT790M),5.0
10427712,BMPR1B,5.0
644241,ADCK3,5.0
5287969,SNARK,5.853871964321762
11409972,AAK1,5.0
9915743,CHEK2,6.070581074285707
16722836,NEK5,6.2441251443275085
153999,TESK1,5.0
9915743,TIE2,5.522878745280337
216239,MAP3K2,5.0
5494449,EGFR(L858RT790M),5.0
5287969,TLK2,5.0
176155,ICK,5.0
123631,ROCK1,5.0
3038522,YANK2,5.0
17755052,CDK9,5.0
24180719,ABL1(H396P),6.292429823902063
11364421,MYLK2,5.0
5287969,RSK1(KinDom.1-N-terminal),5.638272163982407
3062316,ABL1(T315I)p,6.920818753952375
11314340,BMX,5.0
151194,PIP5K1C,5.0
16722836,IKK-alpha,6.080921907623926
24180719,CAMK4,5.0
24889392,CDK5,5.0
11427553,ABL1(F317I),5.795880017344075
11364421,PIK3CA(I800L),5.0
17755052,TNK2,5.0
17755052,SBK1,5.0
17755052,ERK5,5.0
16722836,BMX,5.920818753952375
11364421,BRAF(V600E),5.0
24180719,PIP5K2C,5.0
216239,ABL1(M351T),5.920818753952375
9915743,STK39,5.0
42642645,ERN1,5.0
24889392,RSK1(KinDom.1-N-terminal),5.0
11427553,PDGFRB,7.522878745280337
10113978,TESK1,5.0
10138260,RSK4(KinDom.2-C-terminal),5.0
3062316,PIK3CA(Q546K),5.0
3038522,ACVR1,5.6020599913279625
10138260,ERN1,5.721246399047171
11364421,RIOK2,5.0
216239,FLT3(D835Y),7.086186147616283
5328940,TNK2,7.537602002101044
644241,SRC,5.721246399047171
176870,ACVR1,5.0
216239,YES,5.0
216239,SRPK3,5.0
44259,EPHB1,6.619788758288394
9933475,RIPK1,5.0
11485656,FLT3(K663Q),8.886056647693163
10138260,CDK5,5.0
10427712,AURKC,5.0
11427553,RIPK1,7.1938200260161125
44150621,CHEK2,5.0
11409972,PHKG1,5.0
10427712,RET(M918T),5.0
17755052,MAP3K4,5.0
11364421,TIE2,5.0
44259,CSNK1A1,6.013228265733755
16722836,NEK4,5.795880017344075
9915743,TRKB,5.0
44259,MLK3,7.698970004336019
25243800,JAK1(JH2domain-pseudokinase),5.431798275933005
42642645,CSK,6.920818753952375
3062316,ERK5,5.0
11314340,DMPK2,6.337242168318426
644241,RPS6KA5(KinDom.2-C-terminal),5.0
3062316,AURKA,5.031517051446065
9929127,HUNK,5.0
24889392,CDK8,5.0
25243800,PLK1,5.0
10427712,PIK3CG,8.275724130399212
5494449,ROCK1,5.0
644241,PIM3,5.0
10461815,MAP4K2,5.443697499232713
11338033,ABL1(Y253F),5.0
3038522,MRCKA,5.0
176155,RSK1(KinDom.1-N-terminal),5.0
11485656,STK33,5.42021640338319
151194,PHKG1,5.0
5494449,AMPK-alpha2,6.455931955649724
153999,RIOK2,5.0
11984591,PRKG2,5.443697499232713
10113978,ERBB2,5.0
216239,TNNI3K,6.552841968657781
176870,KIT(A829P),5.0
5287969,MAK,7.552841968657781
11364421,EGFR(S752I759del),5.275724130399211
11984591,PDPK1,6.920818753952375
9929127,MYLK,5.0
3062316,YANK2,5.0
151194,AKT3,5.0
3025986,BRAF,5.886056647693163
151194,HPK1,5.0
5329102,FGFR2,6.2441251443275085
11427553,IKK-alpha,6.744727494896694
9929127,RET,5.0
11984591,PAK6,6.508638306165728
17755052,CSNK2A2,5.619788758288394
176155,SBK1,5.0
17755052,DAPK1,5.3979400086720375
17755052,ACVR1B,5.0
11364421,EGFR(L747S752del),5.200659450546419
44150621,PIK3CA(Q546K),5.0
644241,EPHA8,7.431798275933005
9929127,PKNB(Mtuberculosis),5.0
17755052,PKN1,5.0
9915743,ICK,5.0
24180719,RIPK5,5.0
11409972,RSK1(KinDom.2-C-terminal),5.0
176155,ASK2,5.0
644241,CSNK2A2,5.0
3025986,CDC2L5,7.638272163982407
9929127,NEK2,5.0
151194,TNK2,5.0
151194,EGFR(S752I759del),5.0
24889392,SRPK1,5.0
156414,FER,5.0
176870,MAP3K15,5.0
216239,MLK3,5.0
5328940,GSK3A,5.0
24180719,RPS6KA5(KinDom.1-N-terminal),5.0
10138260,TRKC,6.657577319177793
25243800,PRKD2,5.0
10461815,GRK4,6.376750709602099
10427712,DYRK1A,6.173925197299174
17755052,KIT(D816V),5.0
10427712,BRAF,5.6777807052660805
9933475,ERBB4,5.853871964321762
216239,DYRK1A,5.0
176167,FER,5.0
176870,FGFR1,5.0
9929127,MAP3K2,5.0
24889392,MAK,5.0
44150621,EPHA5,5.0
44259,RSK2(KinDom.1-N-terminal),7.161150909262744
3062316,ACVR2A,6.6777807052660805
10113978,TEC,5.0
11485656,MST1,5.853871964321762
11338033,SRMS,5.0
5494449,PHKG1,5.657577319177793
123631,PDPK1,5.0
11485656,GSK3A,5.0
11984591,TYK2(JH1domain-catalytic),6.721246399047171
11409972,LKB1,5.0
153999,JAK1(JH2domain-pseudokinase),5.0
10461815,TRKB,6.096910013008056
42642645,DAPK1,5.0
216239,ROS1,5.0
42642645,PKNB(Mtuberculosis),5.0
11409972,PIK3CA(C420R),5.0
153999,CSNK2A2,5.173925197299174
16722836,KIT,6.886056647693163
3025986,HUNK,5.0
216239,PIK3CG,5.0
10113978,CDK8,5.0
5287969,CSK,5.0
153999,PYK2,5.0
11338033,LIMK1,5.0
216239,CTK,5.0
11364421,CSNK1G2,5.2441251443275085
5329102,EPHA8,5.0
44259,PIK3CA,5.0
16722836,CSNK2A1,6.036212172654444
10138260,ASK2,5.0
3038522,NEK4,5.0
11338033,BLK,5.0
11485656,TESK1,5.0
44259,ACVR1,6.327902142064283
11338033,HPK1,5.0
5329102,ADCK3,5.0
3038522,PIK3CA(E545K),5.0
10127622,p38-beta,5.0
176870,PCTK1,5.0
16722836,TRKC,5.0655015487564325
156414,NEK2,5.0
24180719,ERK3,5.0
3062316,LIMK2,7.0655015487564325
11314340,IKK-alpha,5.0
25243800,RIOK1,5.0
644241,PFCDPK1(Pfalciparum),6.102372908709559
10138260,PRKD2,5.431798275933005
644241,RSK1(KinDom.1-N-terminal),5.0
176167,PIP5K1C,5.180456064458132
11364421,PIK3CA(E545K),5.0
123631,ABL1(Y253F),6.443697499232713
11409972,PIK3CA(H1047Y),5.0
153999,LIMK1,5.0
151194,AAK1,5.0
9929127,FLT3,5.0
9915743,ADCK3,5.0
9929127,ADCK3,5.0
10461815,STK39,5.0
9933475,PIP5K2B,5.0
3025986,FYN,5.0
176155,CDC2L2,5.0
44259,LIMK1,6.318758762624413
24180719,AURKA,5.0
5328940,PKNB(Mtuberculosis),5.259637310505756
9929127,PRKCE,5.0
216239,RET,7.886056647693163
5329102,AKT3,5.0
153999,PIK3CA(H1047Y),5.0
10127622,KIT(D816V),5.0
9929127,TLK2,5.0
176870,NEK3,5.0
9915743,PCTK2,5.0
3038522,PCTK1,5.221848749616356
176155,MERTK,5.0
16722836,LIMK2,5.102372908709558
208908,FER,5.0
44150621,KIT(V559D-T670I),7.585026652029182
16722836,TNNI3K,5.744727494896694
5494449,ERK5,5.167491087293763
5494449,EPHA7,5.0
3038522,ABL1(T315I)p,5.0
9915743,PIP5K2C,5.0
11314340,PLK3,5.0
208908,PAK7,5.0
5287969,FES,5.0
44150621,TYK2(JH2domain-pseudokinase),5.657577319177793
11984591,PLK4,8.3767507096021
16722836,CSNK1G2,5.0
176870,CDKL5,5.0
5494449,RET(V804L),8.065501548756432
10427712,PFCDPK1(Pfalciparum),5.0
5287969,AURKC,5.0
5494449,PRKCQ,5.275724130399211
24889392,YANK2,5.0
11364421,PAK7,5.0
11984591,DMPK2,5.0
9915743,PRKG1,5.0
16722836,NEK2,5.769551078621726
10127622,PDGFRB,5.0
3038522,EPHA5,5.0
11427553,RPS6KA5(KinDom.1-N-terminal),5.0
24889392,TESK1,5.0
9929127,CAMK2B,5.0
24180719,FLT3(N841I),5.4089353929735005
9933475,PIK3CA(E545A),5.0
3038522,TESK1,5.0
11427553,ABL1(Q252H),7.327902142064283
153999,TRKB,5.0
176155,OSR1,5.0
123631,GRK1,5.0
151194,CDC2L2,5.0
5287969,BMPR1B,6.346787486224656
11364421,WEE2,5.0
11314340,RPS6KA5(KinDom.2-C-terminal),5.552841968657781
9933475,CSNK1G1,5.0
10138260,BMPR1B,5.431798275933005
5494449,AURKC,8.200659450546418
11364421,FGR,5.0
176870,AURKA,5.657577319177793
123631,YES,5.0
11485656,EPHA5,5.823908740944319
153999,SNARK,6.494850021680094
3038522,EGFR(L747T751del),6.327902142064283
208908,ADCK3,5.0
17755052,RSK4(KinDom.2-C-terminal),5.0
44259,KIT(A829P),9.221848749616356
16722836,CDC2L5,5.0
5494449,SRPK1,7.086186147616283
208908,SRC,5.0
10138260,DAPK1,6.568636235841013
156414,MRCKB,5.0
123631,IGF1R,5.0
208908,TESK1,5.0
9929127,PRKD2,5.0
17755052,PIK3CG,7.318758762624413
10113978,MAP3K1,5.537602002101044
10113978,RET(V804L),5.229147988357856
10461815,ERBB2,5.0
16722836,PIK3CA(E545K),5.0
11427553,TRKB,6.853871964321762
11485656,GRK1,5.0
16722836,CDKL5,5.136677139879544
151194,IGF1R,5.0
3062316,DYRK1A,5.0
42642645,TESK1,6.585026652029182
24889392,DCAMKL2,5.0
9933475,PIK3CA(Q546K),5.0
16725726,PIK3CA(C420R),5.0
11338033,EPHB1,5.0
10461815,FLT4,5.853871964321762
11314340,RIPK1,5.0
11427553,ACVR2A,6.494850021680094
10138260,CDK9,5.0
10138260,GAK,7.356547323513813
24180719,ROCK1,5.0
17755052,AURKC,5.0
11364421,MLK1,5.0
10461815,PRKD2,5.0
9929127,FGFR1,5.0
16725726,ULK3,5.0
5287969,PHKG1,5.657577319177793
10113978,CSNK2A1,5.0
11984591,RET,8.387216143280265
42642645,KIT(D816H),7.443697499232713
9929127,PRKCQ,5.0
644241,RSK2(KinDom.1-N-terminal),5.0
3038522,RIOK2,5.0
42642645,ABL1(F317I),7.397940008672037
10113978,ZAK,5.0
644241,DMPK2,5.0
11364421,LZK,5.0
644241,PIK3CA(E542K),5.0
11409972,TTK,6.638272163982407
11338033,MKK7,5.0
10113978,PIP5K2C,6.552841968657781
16725726,EPHA8,5.0
24889392,PIP5K2B,5.0
16722836,EGFR(L747S752del),5.251811972993799
156414,TBK1,5.0
123631,BRAF,5.0
42642645,CDC2L2,6.318758762624413
16722836,PRKD2,5.0
10113978,PIK3CA(E545K),5.0
11364421,KIT(V559D-T670I),5.0
11338033,DYRK1A,6.920818753952375
11984591,ERK1,5.0
644241,KIT(D816V),6.113509274827519
10427712,PIK3CD,6.6020599913279625
3025986,RSK4(KinDom.2-C-terminal),5.0
208908,BRAF,5.0
10138260,NEK11,5.0
10138260,TLK2,6.568636235841013
153999,PIM3,7.920818753952375
208908,FGFR1,5.0
11485656,DCAMKL2,5.0
176870,DYRK1B,5.0
17755052,TNIK,5.0
176155,PRKG2,5.0
176167,CSNK1A1,5.0
208908,IKK-alpha,5.0
44150621,PAK1,5.0
44259,TBK1,9.050609993355089
208908,LTK,5.0
44259,AURKC,7.638272163982407
208908,CAMK1G,5.0
11409972,HPK1,6.6777807052660805
11364421,JNK3,5.958607314841775
153999,ABL1(T315I),5.0
208908,PRKCE,5.0
153999,PCTK2,5.0
11409972,EGFR(L858RT790M),5.795880017344075
10127622,PRKCE,5.0
16722836,LRRK2,6.060480747381382
176155,PDPK1,5.0
10461815,NEK5,5.0
3025986,PRKCH,5.0
25243800,PIK3CG,7.376750709602099
11338033,PHKG2,5.0
9929127,SBK1,5.0
10461815,BMX,5.0
5287969,LIMK2,5.0
123631,TNNI3K,5.0
5287969,CDK11,7.244125144327507
5328940,ERBB4,7.585026652029182
3038522,EGFR(L747S752del),6.3872161432802645
10138260,PIK4CB,5.0
24180719,TYK2(JH2domain-pseudokinase),5.0
11485656,CSNK1G1,5.0
5287969,RPS6KA5(KinDom.1-N-terminal),5.0
156414,KIT,5.10790539730952
3038522,PIK3CA(C420R),5.0
10113978,BMX,5.0
3025986,PIK3CA(I800L),5.0
176870,KIT(V559D-V654A),5.0
3025986,PHKG2,6.337242168318426
24889392,GCN2(KinDom2S808G),5.0
44150621,FYN,6.356547323513813
216239,BRAF,6.267606240177032
24180719,ZAK,7.387216143280264
9933475,ITK,5.0
644241,PKN1,5.0
10461815,SRC,5.0
11338033,ACVR1B,5.0
176870,TGFBR2,5.0
3062316,RSK1(KinDom.2-C-terminal),5.0
3062316,PDGFRB,9.200659450546418
176155,ABL1(T315I),5.0
44150621,PHKG1,6.1938200260161125
25243800,DCAMKL1,5.0
10138260,RPS6KA5(KinDom.1-N-terminal),6.823908740944319
24180719,MLCK,5.0
208908,PLK1,5.0
11364421,PHKG2,5.795880017344075
123631,PIK3CA(E545K),5.0
3062316,YES,9.522878745280336
176167,BTK,5.0
10427712,PRKCE,5.0
176870,CDC2L5,5.0
11338033,TEC,5.0
42642645,DYRK1A,5.0
3038522,PRKG1,5.0
123631,GAK,7.886056647693163
3062316,STK33,5.0
153999,IGF1R,5.0
11409972,MET(M1250T),7.031517051446065
16722836,PIK3CA(C420R),5.0
176167,FLT3(D835Y),7.397940008672037
11338033,IKK-alpha,5.0
10138260,PDGFRB,9.537602002101044
25243800,BMPR1B,8.67778070526608
5287969,SGK3,5.0
16725726,FLT3(D835Y),5.0
123631,AMPK-alpha2,5.0
9915743,MERTK,6.3979400086720375
25243800,ABL1(H396P),7.309803919971486
151194,MARK3,5.0
5329102,LRRK2,6.958607314841775
11338033,PAK1,5.0
11314340,EPHA7,5.0
16725726,DRAK2,5.0
11364421,RSK1(KinDom.1-N-terminal),5.267606240177032
216239,MAK,5.0
9915743,AURKC,5.0
208908,PLK2,5.0
24889392,MRCKB,5.0
176870,ABL1(T315I)p,7.229147988357856
11338033,CSNK1E,5.0
11314340,FLT4,5.0
3062316,MINK,6.366531544420414
5287969,PRKD2,5.958607314841775
11364421,PAK2,5.0
3038522,EGFR(E746A750del),6.481486060122113
24889392,IGF1R,5.0
5328940,RPS6KA5(KinDom.1-N-terminal),5.0
17755052,BTK,5.0
176167,PDPK1,5.0
24889392,PIK3CD,5.0
3025986,SRMS,5.0
3025986,PIP5K2B,5.0
24889392,KIT(D816V),6.823908740944319
3062316,PAK1,5.0
153999,AURKB,5.0
5287969,SNRK,5.0
24180719,KIT,6.744727494896694
153999,PDPK1,6.154901959985743
156414,TYK2(JH2domain-pseudokinase),5.0
17755052,DYRK1A,5.0
644241,PIK3CA(I800L),5.0
5287969,PIM1,6.251811972993799
44259,MAP3K1,6.455931955649724
216239,CSNK2A1,5.0
25243800,ASK1,5.0
176870,JNK3,5.366531544420414
10113978,MEK6,5.3872161432802645
24889392,EPHA5,5.0
10427712,FGFR1,5.0
44150621,TESK1,5.0
16722836,RIPK5,5.769551078621726
9933475,EGFR(E746A750del),6.356547323513813
10427712,RPS6KA5(KinDom.2-C-terminal),5.0
5328940,ASK1,5.0
11984591,PIK3CA(H1047Y),5.0
24180719,EGFR(L858RT790M),5.0
44259,SIK,8.657577319177793
16722836,MAP3K2,6.236572006437063
216239,ERK5,5.0
5494449,FYN,6.275724130399211
3025986,PCTK2,7.886056647693163
10113978,ACVR2A,5.0
644241,NEK9,5.0
11364421,ACVRL1,5.0
10427712,YANK2,5.0
11485656,TGFBR2,5.0
11984591,YANK2,5.0
3038522,CDK9,5.0
3038522,DYRK1A,5.0
5494449,ABL1(F317I),5.142667503568732
151194,DCAMKL1,5.0
10138260,PAK7,5.886056647693163
9933475,SBK1,5.0
10138260,RIPK4,5.0
176870,TLK2,5.0
5287969,PIP5K2C,6.060480747381382
11409972,YANK3,5.0
176870,ERK3,5.0
16722836,PAK6,5.161150909262744
3038522,TAOK3,5.0
24180719,ABL1(T315I)p,5.0
9933475,SNRK,5.0
11984591,ROCK1,6.229147988357856
42642645,MUSK,7.886056647693163
10461815,ABL1(H396P)p,5.045757490560675
123631,AURKC,5.0
5328940,DAPK2,5.0
11427553,CSNK2A2,6.638272163982407
9933475,SRPK1,5.0
3025986,LZK,5.0
10427712,RPS6KA5(KinDom.1-N-terminal),5.0
5329102,HPK1,7.795880017344075
176155,SNARK,5.0
9929127,NEK11,5.0
24889392,IKK-alpha,5.0
11984591,KIT(A829P),8.455931955649724
10427712,NEK9,5.0
3038522,AMPK-alpha1,5.0
10127622,ABL1(F317I),5.0
10427712,TTK,5.113509274827518
10138260,PKN1,5.721246399047171
16722836,IGF1R,5.657577319177793
153999,WEE2,5.0
3025986,DLK,5.0
10138260,CAMK2B,5.638272163982407
176870,SRPK1,5.0
42642645,RPS6KA5(KinDom.2-C-terminal),5.0
5328940,MKK7,5.275724130399211
10113978,PAK7,5.0
644241,GRK1,5.0
24889392,FES,5.0
10138260,NEK9,5.0
42642645,MYLK,5.0
11338033,ICK,8.080921907623926
151194,DLK,5.0
11314340,CDC2L2,5.0
156414,MERTK,5.0
5287969,PKNB(Mtuberculosis),5.0
123631,MRCKB,5.0
11427553,ULK3,6.920818753952375
11485656,PLK1,5.0
3062316,BMX,8.853871964321762
17755052,SIK,5.0
9929127,CTK,5.0
3025986,EPHA8,5.0
9929127,PIK3CA(C420R),5.0
16722836,YANK3,5.0
17755052,PRKCH,5.0
3025986,GRK7,5.0
5329102,PRKX,5.0
5328940,PRKD2,5.0
5494449,CASK,5.0
5494449,IKK-alpha,5.0
44150621,TGFBR2,5.0
11314340,MYLK2,5.0
16722836,MLK3,5.508638306165728
9929127,PCTK2,5.0
10127622,PLK2,5.0
44259,BTK,6.6777807052660805
3062316,RIOK2,5.0
11427553,DCAMKL2,5.0
24180719,PRKCH,5.0
11485656,AURKB,6.4089353929735005
11984591,TNIK,5.886056647693163
16722836,MEK6,5.0
16722836,TEC,5.0
11485656,RIPK4,5.0
123631,ABL1(H396P),6.167491087293763
176155,ITK,5.0
3038522,ABL1(H396P),5.0
10138260,PRKCQ,5.142667503568732
11314340,DCAMKL1,5.0
176167,NEK2,5.0
176167,NEK9,5.0
17755052,PIK3CA(I800L),8.148741651280925
176155,ACVR2B,5.0
17755052,FLT3(D835Y),6.1487416512809245
24889392,GRK1,5.0
5329102,MYLK4,7.823908740944319
11427553,PIP5K2B,7.026872146400302
11364421,FLT3,5.0
11338033,DRAK2,5.0
123631,CSNK2A1,5.0
3025986,AURKA,5.130768280269024
11984591,MAP3K1,5.0
42642645,CAMK1G,5.0
176870,ULK1,5.0
156414,MKK7,6.958607314841775
176167,TYK2(JH1domain-catalytic),5.0
24180719,JNK2,5.0
16725726,LTK,5.0
11364421,PIK3CA(E542K),5.0
11427553,CSNK1G3,5.920818753952375
216239,EGFR(L747S752del),5.0
3038522,PDGFRB,8.346787486224656
5494449,PIP5K1C,5.0
44150621,EPHA7,5.0
10461815,MARK4,5.0
5329102,EPHB3,5.0
10138260,ERK3,5.0
11409972,PLK3,5.091514981121351
11338033,ABL1(T315I),5.0
153999,ACVR1B,5.0
156414,CSNK2A2,5.0
25243800,ERK1,5.0
10427712,DMPK2,5.0
176167,ICK,6.167491087293763
11364421,PIM3,5.0
156414,PYK2,5.0
42642645,GCN2(KinDom2S808G),5.0
11364421,DAPK2,6.031517051446065
5329102,SNRK,6.1938200260161125
176870,LRRK2,5.537602002101044
3025986,PIK3CA(E542K),5.0
9929127,AAK1,5.0
25243800,BMX,6.173925197299174
11314340,DCAMKL2,5.0
151194,GRK4,5.0
25243800,SNARK,5.443697499232713
9915743,ITK,5.0
3062316,PIK3CA(H1047Y),5.0
10461815,ABL1(Q252H),5.0
3062316,PKMYT1,6.886056647693163
25243800,MET(M1250T),5.0
3025986,MERTK,5.0
10461815,PIK3CA(H1047L),5.0
10138260,TNNI3K,5.0
10138260,MET(M1250T),5.494850021680094
5329102,CHEK2,8.0
9933475,MERTK,5.585026652029182
11984591,PKAC-beta,6.292429823902063
176870,CDK9,5.0
176167,KIT,5.0
3062316,NEK9,5.0
44259,ULK3,8.920818753952375
216239,ZAK,8.200659450546418
3062316,FLT3(K663Q),5.494850021680094
11364421,JNK2,5.0
11984591,PFCDPK1(Pfalciparum),5.0
208908,RIOK3,5.0
156414,EGFR(S752I759del),9.721246399047171
151194,PIM1,5.0
176155,PIK3CA(H1047L),5.0
17755052,CTK,5.0
11364421,RPS6KA5(KinDom.2-C-terminal),6.568636235841013
5328940,PIK3CA(M1043I),5.0
3025986,RIOK1,5.0
10461815,DCAMKL2,6.00436480540245
5494449,TBK1,6.309803919971486
9933475,DCAMKL1,5.0
5328940,CTK,5.236572006437063
176167,CSNK1G1,5.0
176870,PRKG2,5.0
10138260,PKMYT1,5.0
10127622,ICK,5.0
9915743,CSK,6.259637310505756
16725726,PKNB(Mtuberculosis),8.494850021680094
11314340,RSK2(KinDom.1-N-terminal),5.0
208908,ABL1(F317I)p,5.0
11314340,TBK1,5.0
5287969,MRCKB,5.481486060122113
11314340,CSNK2A1,5.259637310505756
11364421,DYRK1B,5.0
3025986,MARK3,5.0
42642645,PIK3CA(Q546K),5.0
5328940,DLK,6.173925197299174
156414,TIE2,5.0
9933475,RIPK5,5.0
44259,FYN,7.481486060122113
24889392,MKK7,5.0
10127622,FLT3(D835Y),5.0
5494449,PIK4CB,5.0
10461815,MYLK,5.102372908709558
11409972,MET(Y1235D),6.130768280269024
5287969,CSNK2A2,5.0
44259,TRKC,7.769551078621726
216239,CSNK2A2,5.0
25243800,PKMYT1,5.0
3062316,NEK2,5.187086643357144
16722836,PIK3CA(Q546K),5.0
3038522,PDPK1,5.0
11338033,PRKD2,5.0
151194,EGFR(L747T751del),5.0
5328940,BMPR1B,5.0
16722836,PYK2,6.657577319177793
24889392,PCTK1,5.0
10138260,TIE2,5.0
5328940,RET(M918T),5.42021640338319
3025986,WEE2,5.0
17755052,FGFR1,5.0
11485656,PIP5K1C,5.0
5329102,LZK,7.022276394711152
153999,CDK8,5.0
9929127,EGFR(L858R),5.0
17755052,ACVRL1,5.0
151194,PRKX,5.0
10461815,MAP3K4,5.744727494896694
208908,NEK5,5.0
16722836,PKAC-beta,5.0
11364421,PRKG1,5.0
10427712,ROCK1,5.0
5287969,HIPK2,5.376750709602099
24180719,BTK,5.0
11314340,CDC2L5,5.508638306165728
208908,ACVR1B,5.0
24889392,RIPK1,6.050609993355088
44150621,RPS6KA5(KinDom.1-N-terminal),6.167491087293763
25243800,MYLK4,5.0
151194,p38-beta,5.0
9933475,LATS1,5.0
24180719,YANK2,5.0
24180719,RET,5.0
11409972,GCN2(KinDom2S808G),5.0
16725726,PKAC-alpha,7.721246399047171
3038522,ACVR2A,5.0
216239,TRKC,6.221848749616356
3062316,MAK,5.0
5287969,ERK3,5.0
24180719,CSNK1E,5.0
25243800,CDK11,5.6020599913279625
176870,SRC,6.154901959985743
10138260,PLK1,5.0
216239,CSNK1E,5.0
44259,PIP5K2C,5.0
11409972,ACVR2A,5.0
42642645,ERBB4,6.214670164989233
644241,CSNK1G2,5.0
17755052,PIK3CA(E545A),9.065501548756432
9929127,CSNK1A1,5.0
176167,GAK,5.0
44259,NEK11,5.508638306165728
11409972,CAMK4,5.431798275933005
3025986,PKAC-beta,5.0
42642645,AAK1,5.0
10461815,DYRK1A,5.0
5494449,ACVRL1,5.022276394711152
156414,RSK4(KinDom.2-C-terminal),5.0
9929127,LKB1,5.0
9933475,FYN,5.920818753952375
9915743,IGF1R,5.0
25243800,PKN1,5.0
11984591,HIPK1,6.086186147616283
10127622,DYRK1B,5.0
16725726,PRKG1,6.6777807052660805
25243800,ACVRL1,8.537602002101044
24180719,HIPK1,5.259637310505756
176167,PHKG1,5.376750709602099
176870,EPHA5,6.1487416512809245
156414,CDC2L2,5.0
11409972,FGR,6.721246399047171
44259,ASK2,6.585026652029182
10113978,DMPK2,5.0
11314340,WEE2,5.0
153999,RPS6KA5(KinDom.1-N-terminal),5.886056647693163
176167,LIMK2,5.0
5494449,LRRK2(G2019S),5.0
11314340,TXK,5.0
123631,EGFR(E746A750del),9.267606240177033
5494449,TYK2(JH2domain-pseudokinase),5.180456064458132
208908,RSK1(KinDom.2-C-terminal),5.0
3038522,ULK1,5.0
11427553,RET,6.823908740944319
5328940,MARK1,5.0
5287969,PYK2,5.508638306165728
11984591,LRRK2,7.443697499232713
9929127,CSNK1G1,5.0
10461815,BLK,5.721246399047171
153999,PIK3CA(Q546K),5.0
176155,KIT(D816H),5.0
11364421,CSNK1G3,5.619788758288394
44259,PKN1,8.886056647693163
216239,EGFR(E746A750del),5.0
11984591,AMPK-alpha2,6.1249387366083
42642645,AMPK-alpha2,5.920818753952375
151194,RIOK2,5.0
16722836,PIK3CA(H1047L),5.4089353929735005
156414,CSK,5.214670164989233
16722836,PAK7,5.920818753952375
10461815,CAMK2B,5.0
9929127,STK33,5.0
42642645,TTK,6.366531544420414
5494449,PRKCH,5.0
10461815,CSK,5.0
176155,PRKX,5.0
216239,ERK1,5.0
9915743,STK33,6.026872146400302
24180719,RSK2(KinDom.1-N-terminal),5.0
5329102,KIT(D816V),6.42021640338319
16725726,PCTK2,5.0
11409972,RET(V804L),8.366531544420413
176167,EGFR(S752I759del),5.0
24889392,HUNK,5.0
156414,GAK,7.0
10113978,NEK3,5.0
5287969,CDK9,8.193820026016112
216239,ABL1(Y253F),6.180456064458132
25243800,RET(V804L),6.455931955649724
11485656,PFTK1,5.0
17755052,PIK3CA(H1047Y),8.387216143280265
151194,RET(V804L),5.0
44150621,PIK3CD,5.0
3038522,TYK2(JH2domain-pseudokinase),5.0
42642645,RIPK4,6.045757490560675
208908,GCN2(KinDom2S808G),5.0
24180719,PIK3CA(E545K),5.0
176870,STK39,5.0
16722836,MLK1,5.494850021680094
25243800,FLT3(D835Y),6.251811972993799
42642645,ACVR2B,5.0
10427712,ERK3,5.0
5328940,TYK2(JH2domain-pseudokinase),5.346787486224656
10113978,PRKG2,5.0
10138260,DMPK2,5.0
16722836,ULK1,6.568636235841013
156414,TESK1,5.494850021680094
24889392,PIP5K2C,5.0
5329102,ACVR2A,5.0
208908,PKN1,5.0
9929127,AURKC,5.0
3038522,FES,5.0
208908,TXK,5.0
44150621,CDK5,5.0
3025986,PRKX,5.0
11409972,MYO3A,7.387216143280264
208908,EPHA8,5.0
3025986,PIM1,5.0
10138260,FLT3(K663Q),9.154901959985745
3025986,PIP5K1C,5.0
10138260,NEK2,5.958607314841775
24180719,FLT4,5.0
11485656,DYRK1B,5.0
3025986,ERBB2,5.0
176167,OSR1,5.0
10127622,MST1,5.0
11364421,RIOK3,5.356547323513813
11427553,TYK2(JH1domain-catalytic),6.795880017344075
5287969,LATS1,5.0
3038522,BRAF(V600E),5.0
11409972,CSNK1E,5.3979400086720375
11338033,PIK3CA,5.0
5329102,JNK2,5.619788758288394
176155,p38-beta,7.154901959985743
5494449,TGFBR2,5.0
10138260,MAP3K1,5.0
11485656,RIOK3,5.0
11485656,ACVRL1,5.0
5328940,BTK,8.318758762624412
11485656,GAK,5.638272163982407
11485656,HPK1,6.080921907623926
644241,LTK,5.0
11427553,MERTK,6.1249387366083
5328940,AAK1,5.638272163982407
3038522,PCTK2,5.0
24180719,PKNB(Mtuberculosis),5.0
42642645,CAMK4,5.0
3038522,CASK,5.0
10138260,LATS1,6.070581074285707
9929127,BMPR1B,5.0
17755052,TEC,5.0
153999,FGFR2,5.0
9929127,PAK7,5.0
5329102,ERBB2,5.0
16722836,ABL1(T315I)p,7.187086643357144
16722836,MARK1,6.154901959985743
5329102,IKK-alpha,6.2839966563652006
3038522,PLK3,5.0
44150621,PLK4,5.0
11984591,PRKD2,5.0
25243800,NEK11,5.0
44259,MET(Y1235D),6.853871964321762
9915743,MET(Y1235D),5.376750709602099
24889392,RET,8.096910013008056
24889392,PIK3CA(H1047L),5.0
216239,RIPK5,5.0
5287969,p38-delta,5.0
3062316,CSK,9.0
10461815,PIK3CA,5.0
3062316,RIPK2,7.508638306165728
156414,AMPK-alpha1,5.0
10427712,JNK3,5.0
9915743,PAK7,5.0
9929127,CDK11,5.0
25243800,TBK1,5.0
176155,FLT3,5.0
17755052,TYK2(JH2domain-pseudokinase),5.744727494896694
11427553,PHKG2,6.853871964321762
25243800,KIT,6.443697499232713
