drug_id,prot_id,affinity
11427553,EPHA5,5.0
216239,MAP4K4,5.318758762624413
11712649,PIK3CD,5.0
123631,MST1,5.0
5328940,AMPK-alpha2,5.0
11712649,TNK2,5.0
3081361,PIK3CA(H1047Y),5.0
11314340,EGFR(S752I759del),5.0
5287969,MAP3K15,5.0
151194,MAP4K5,5.0
447077,CDK8,5.0
11427553,ABL1(Y253F),7.443697499232713
5494449,EGFR(S752I759del),5.0
11626560,EPHA4,6.443697499232713
6450551,BRK,5.0
5291,SRMS,5.0
126565,FLT3(D835Y),9.244125144327509
51004351,DMPK2,5.0
10184653,RIPK2,5.568636235841013
10184653,TAOK2,5.0
3081361,EPHA1,6.638272163982407
11338033,GRK7,5.0
5287969,NEK9,5.0
9926791,HIPK1,5.0
44259,PRKCD,8.823908740944319
10127622,DYRK2,5.0
11427553,ABL1(F317I),5.795880017344075
10461815,DAPK3,5.0
11717001,ERK5,5.0
16722836,FLT3(ITD),7.795880017344075
11338033,FLT3(ITD),5.0
11717001,ERBB3,5.638272163982407
176167,TLK1,6.292429823902063
123631,PAK2,5.0
24779724,TBK1,5.0
11485656,OSR1,5.0
9926791,DYRK1A,5.0
11667893,MAP4K4,5.236572006437063
6918454,ABL1(Q252H),5.0
176167,TNNI3K,5.0
216239,PIM2,5.0
11485656,EGFR(L747T751del),5.0
9926791,MARK3,5.0
9915743,EPHA5,5.0
156422,ULK1,5.0
216239,RIPK5,5.0
447077,EPHB6,8.698970004336019
11617559,SRPK1,5.0
156422,EPHA5,5.853871964321762
10184653,PIP5K1A,5.0
644241,TTK,5.0
10127622,SRPK3,5.0
3038525,MAPKAPK5,5.0
25243800,PKAC-alpha,5.431798275933005
11234052,MST1R,5.0
5329102,MEK5,7.337242168318426
5494449,PRKD2,5.0
11667893,ERK3,5.0
644241,IRAK1,5.0
16038120,PFCDPK1(Pfalciparum),6.1487416512809245
11667893,DYRK2,5.0
25243800,STK35,6.301029995663981
11984591,WEE1,6.050609993355088
11626560,KIT(L576P),5.0
5287969,SNRK,5.0
16038120,FLT3(N841I),7.958607314841775
156422,NEK2,5.0
51004351,RPS6KA5(KinDom.1-N-terminal),6.619788758288394
9884685,PHKG1,5.0
11717001,PRP4,5.0
11626560,EGFR(L858R),5.0
176870,FLT3(N841I),6.301029995663981
11984591,EPHB2,6.055517327849832
3025986,CHEK1,5.0
9933475,EPHA6,7.443697499232713
9884685,PIM1,5.0
3038525,EGFR(T790M),5.0
25243800,PIP5K1C,7.744727494896694
10461815,TRKC,6.031517051446065
11656518,EPHA2,5.537602002101044
16722836,NEK9,6.823908740944319
4908365,BRAF,5.0
156414,CDKL5,5.0
11364421,DDR2,5.0
11626560,FLT3(ITD),6.136677139879544
9915743,PFTAIRE2,5.0
5494449,CSNK1E,5.0
11409972,ZAK,8.638272163982407
10138260,MET,5.0
11984591,FLT3(R834Q),8.356547323513812
9809715,CAMK1,5.229147988357856
24889392,MAP3K3,5.0
5494449,SgK110,6.275724130399211
153999,DDR1,5.0
10138260,CTK,5.2076083105017466
25127112,EGFR(L858R),5.0
16722836,PHKG2,5.795880017344075
156414,YANK2,5.0
11626560,INSR,6.468521082957745
11717001,PFPK5(Pfalciparum),5.0
16722836,MARK1,6.154901959985743
126565,HUNK,6.2441251443275085
16722836,YES,6.920818753952375
3025986,CDK4-cyclinD3,7.180456064458132
11667893,SNRK,5.0
11314340,CDK4-cyclinD1,5.0
10184653,p38-gamma,5.0
5328940,SGK3,5.0
16722836,STK35,5.0
44259,RSK4(KinDom.2-C-terminal),5.481486060122113
9915743,AKT3,5.0
9926791,MLK3,5.0
9884685,TNIK,5.0
6918454,SRPK3,5.0
216239,EPHB1,5.522878745280337
16038120,TNK2,8.698970004336019
10184653,PRKX,5.0
10074640,AAK1,5.0
10074640,RPS6KA5(KinDom.1-N-terminal),5.0
11338033,HPK1,5.0
24180719,BMPR1A,5.0
3062316,MINK,6.366531544420414
25243800,DMPK2,5.0
11338033,AMPK-alpha2,5.0
176155,DAPK1,5.0
5328940,EGFR(L861Q),7.1487416512809245
11712649,HCK,5.823908740944319
216239,ERK1,5.0
176870,BRSK1,5.0
151194,MAPKAPK2,5.0
44150621,FLT3(ITD),8.443697499232712
176155,PIP5K1C,5.585026652029182
5287969,MAP4K2,7.050609993355088
11617559,PLK4,5.0
11617559,TYK2(JH1domain-catalytic),5.0
5287969,MEK3,5.920818753952375
216239,EGFR(L747S752del),5.0
51004351,MRCKB,5.0
16725726,ABL1(Q252H)p,5.0
9809715,ABL1(Q252H),7.136677139879544
11984591,EPHB6,6.508638306165728
16722836,WEE1,6.4089353929735005
176155,CAMK2B,5.0
176167,PAK2,5.0
4908365,KIT(A829P),7.221848749616356
24180719,MLK3,5.0
176167,TAOK3,5.0
9915743,PIK3C2G,5.0
11364421,EPHB4,5.0
9915743,CDKL1,5.0
11717001,CHEK2,5.0
17755052,MST1R,5.0
11314340,MAP3K2,5.0
4908365,CDK5,5.0
16038120,p38-gamma,5.026872146400302
10138260,SLK,6.337242168318426
123631,MLK1,5.0
6450551,EPHB3,5.0
11234052,PIK3CA(Q546K),5.0
176870,PIK3CA(H1047Y),5.0
9929127,CDK2,5.0
11717001,EGFR(L861Q),5.0
11626560,p38-delta,5.0
3038522,ERK2,5.0
447077,EGFR(E746A750del),6.744727494896694
9926791,MST3,5.0
10113978,ERK2,5.0
153999,BMPR1B,5.0
9915743,TESK1,5.0
24889392,CDC2L2,5.0
11712649,YSK4,5.0
6918454,ULK3,5.0
126565,MINK,8.443697499232712
16038120,MET(M1250T),7.1938200260161125
9933475,EPHA2,5.0
156414,ULK3,5.327902142064283
25127112,CLK3,5.0
3025986,IRAK3,5.537602002101044
3081361,SNRK,5.0
9809715,EGFR(L747S752del),5.0
11667893,MLK1,5.0
51004351,PIP5K2C,5.0
17755052,CSF1R,5.0
644241,CDK8,5.0
16007391,HIPK1,5.0
216239,DLK,5.0
151194,SRPK2,5.0
9926791,PKNB(Mtuberculosis),5.698970004336019
9915743,PKMYT1,5.0
11626560,AKT1,5.0
17755052,IRAK3,5.769551078621726
3062316,CDK4-cyclinD1,5.0
644241,STK36,5.0
176167,EPHB4,5.0
11717001,MST1R,5.0
10461815,ERK2,5.0
176155,CDK3,5.0
9926791,ERK8,5.0
11314340,DDR2,5.0
11314340,EPHB3,5.0
10074640,MAP3K1,5.0
4908365,MRCKB,5.0
10461815,FLT3(D835H),6.853871964321762
9929127,LIMK1,5.0
9915743,CSNK1G3,5.10790539730952
16725726,RET(V804M),5.0
44150621,SLK,6.522878745280337
3062316,TGFBR1,6.638272163982407
3062316,ERK4,5.0
11667893,TAOK3,5.0
10184653,AMPK-alpha2,5.0
3081361,EPHB4,6.2839966563652006
5329102,ABL1(Y253F),6.853871964321762
176167,ADCK3,5.0
11427553,CAMK2A,5.3979400086720375
10427712,QSK,5.0
176870,TLK2,5.0
25127112,CHEK1,5.0
156414,MKNK1,6.585026652029182
10427712,PFTK1,5.0
10074640,SNARK,5.0
11314340,ACVR1B,5.0
9884685,HIPK3,6.508638306165728
176870,EGFR(G719S),9.2839966563652
10184653,CDK8,5.0
11984591,p38-delta,6.161150909262744
24180719,FRK,5.721246399047171
3038525,VRK2,5.0
16722836,TLK2,5.698970004336019
3038525,TYRO3,5.0
10127622,INSR,5.0
3081361,EPHA5,6.619788758288394
9929127,PFTK1,5.0
5329102,VEGFR2,8.823908740944319
9929127,MAP4K3,5.0
4908365,MAP3K3,6.657577319177793
126565,MST3,6.119186407719209
5328940,MARK4,5.0
11409972,ASK1,5.0
11717001,TGFBR1,5.309803919971486
151194,PIK3C2G,5.0
11485656,KIT(L576P),8.721246399047171
5494449,LZK,6.744727494896694
10127622,ABL1(H396P)p,5.0
3038525,DLK,5.0
11338033,CSNK1G3,5.0
11984591,STK39,5.0
126565,ULK2,7.221848749616356
9884685,GSK3A,5.0
24889392,EPHA1,5.0
11314340,ICK,6.259637310505756
10461815,ROCK2,5.060480747381382
11617559,EPHA8,5.0
10127622,ABL1(F317L),5.0
17755052,SIK,5.0
10138260,LATS1,6.070581074285707
11667893,TLK2,5.0
25243800,MST1R,5.0
11656518,MAP4K4,5.886056647693163
3081361,FGFR2,5.958607314841775
11314340,NEK1,5.0
9915743,ARK5,5.823908740944319
9884685,NDR1,5.0
11984591,TESK1,6.443697499232713
6918454,MYO3B,5.0
11656518,PRKCE,5.0
3038525,PDGFRB,5.075720713938119
16038120,PLK3,6.6777807052660805
11338033,ABL1(F317L),5.0
11409972,IKK-alpha,7.387216143280264
11427553,PLK4,7.67778070526608
51004351,EIF2AK1,5.0
9933475,CDK2,5.0
9915743,RSK2(KinDom.1-N-terminal),5.0
11314340,MST2,5.267606240177032
10074640,KIT(A829P),7.920818753952375
11338033,MARK3,5.0
16007391,JAK3(JH1domain-catalytic),5.0
10074640,KIT(V559D),8.236572006437063
51004351,PIM2,5.508638306165728
4908365,SNARK,6.886056647693163
24180719,TNK2,5.958607314841775
11617559,AKT3,5.0
10138260,RPS6KA4(KinDom.1-N-terminal),6.698970004336019
9809715,MAP4K5,6.4089353929735005
5287969,FLT3(K663Q),5.0
10427712,JNK2,5.0
16007391,PLK3,5.0
3025986,MST2,5.0
3038522,YANK2,5.0
11427553,PDGFRB,7.522878745280337
9884685,RSK3(KinDom.2-C-terminal),5.0
3062316,PIK3CB,5.0
9929127,CSNK1G1,5.0
11712649,GRK4,5.0
11717001,PIK3CG,5.0
10113978,DCAMKL1,5.0
11626560,MYLK4,5.0
24889392,ROS1,5.0
10074640,DYRK2,5.0
156422,BRSK1,5.0
4908365,PCTK1,5.0
10138260,SRC,5.309803919971486
156414,ABL1(M351T),7.42021640338319
447077,EPHB4,7.920818753952375
156414,CAMKK2,5.0
644241,IKK-alpha,5.0
10074640,MEK4,5.0
644241,KIT(V559D-V654A),6.585026652029182
10427712,SIK2,5.0
10074640,TESK1,5.0
176870,TNK1,6.200659450546419
5494449,CHEK2,5.0
5291,STK33,5.0
11984591,CDK4-cyclinD1,5.0
11717001,FGFR3,5.0
5328940,JNK1,5.0
16038120,MEK1,6.259637310505756
644241,ABL1(Q252H),8.0
25127112,RSK4(KinDom.2-C-terminal),6.823908740944319
9929127,NIM1,5.0
25127112,PAK3,5.0
3062316,ERN1,5.0
11314340,TXK,5.0
11364421,TLK2,5.0
16038120,BIKE,5.721246399047171
3081361,STK39,5.0
17755052,S6K1,5.0
24889392,TTK,5.0
11626560,DDR1,6.292429823902063
11364421,PAK3,5.0
151194,CDKL3,5.0
11485656,LATS1,5.6777807052660805
3025986,INSR,5.0
9929127,CAMK1,5.0
644241,FLT1,5.0
25243800,MERTK,5.327902142064283
3025986,PHKG2,6.337242168318426
16722836,PIK3CA(E545A),5.0
644241,ACVR2B,5.0
42642645,JAK2(JH1domain-catalytic),5.823908740944319
24889392,PHKG1,5.0
216239,MEK1,5.0
9929127,MYO3B,5.0
10138260,PRKD2,5.431798275933005
5328940,TEC,5.494850021680094
5287969,ABL1(T315I)p,5.0
10074640,OSR1,5.0
11626560,FLT3(D835H),6.301029995663981
208908,CAMK1D,5.0
6918454,MET(Y1235D),5.0
3038522,EPHA8,5.0
11717001,SGK3,5.0
11617559,DRAK1,5.0
151194,CDKL2,5.0
3081361,CIT,5.744727494896694
24180719,EPHA5,5.0
5329102,FLT3,9.387216143280265
9929127,EPHA8,5.0
9926791,CDK2,5.0
16007391,CDKL3,5.0
208908,MST3,5.0
17755052,DYRK1B,5.42021640338319
9926791,BRSK1,5.0
5328940,MELK,5.0
16722836,EPHA8,5.113509274827518
5329102,MLCK,7.638272163982407
10127622,FLT4,5.0
42642645,AKT2,5.0
11234052,MLK1,5.0
11626560,MLCK,5.0
9884685,JNK2,5.0
3081361,TNIK,5.638272163982407
3025986,CDC2L2,7.318758762624413
153999,CSNK1G2,5.0
176870,PIM2,5.0
156414,BRSK1,5.0
11656518,RSK1(KinDom.2-C-terminal),5.0
16722836,FGFR3(G697C),6.119186407719209
3062316,PFTAIRE2,5.0
10074640,CDKL5,5.0
644241,PHKG2,5.0
44259,IKK-alpha,8.236572006437063
16725726,QSK,5.0
3038522,FLT3(D835H),6.508638306165728
11656518,PRKCQ,5.0
16038120,AAK1,6.327902142064283
176155,PKAC-beta,5.0
10184653,CSNK2A2,5.0
123631,AURKB,5.0
10184653,FGR,5.0
16725726,CAMK2G,5.0
216239,ULK1,5.0
126565,DDR1,6.292429823902063
16722836,PRKCQ,5.0
10138260,PIK3C2G,5.0
216239,CAMKK1,5.0
24779724,PCTK1,5.0
51004351,MKNK1,5.0
208908,DDR2,5.0
11617559,SIK,5.0
44259,RIOK2,6.4089353929735005
156422,CAMKK2,5.0
5328940,IKK-epsilon,7.275724130399211
24889392,NEK3,5.0
25243800,AURKC,5.0
176155,ERK1,5.0
5329102,LIMK1,5.0
11485656,CSNK1A1,5.0
3038522,CLK2,5.187086643357144
156422,STK39,5.0
24180719,IKK-alpha,5.0
10184653,MLK1,5.0
176155,EGFR,5.769551078621726
10074640,CDK7,5.0
51004351,DYRK1A,7.0
11364421,AMPK-alpha1,5.0
6450551,MARK2,5.0
10138260,JAK2(JH1domain-catalytic),5.795880017344075
10074640,DAPK2,5.0
156414,PIK3CA(H1047Y),5.0
176870,EPHB6,5.769551078621726
24889392,TAOK1,5.0
10074640,FER,5.0
9933475,IRAK3,5.0
10074640,CDK3,5.0
5328940,PRKR,5.0
5329102,AURKB,6.42021640338319
11667893,CAMKK2,5.0
156422,CSNK1E,5.0
42642645,FGFR2,6.096910013008056
9926791,EGFR(L858R),5.0
44150621,FLT3(D835Y),8.2839966563652
3038525,SRMS,5.0
11656518,SgK110,5.0
11667893,DRAK1,5.0
42642645,ERN1,5.0
44259,MAK,5.585026652029182
5291,RIPK2,5.0
9933475,DYRK1A,5.0
11712649,MEK5,5.0
4908365,PAK2,5.0
11234052,AKT3,5.0
447077,TLK2,5.0
11656518,EPHA8,5.958607314841775
44150621,IGF1R,5.0
9933475,PIM1,5.0
4908365,FLT3(R834Q),7.10790539730952
6918454,AURKC,5.744727494896694
3062316,AURKB,5.0
11364421,RSK3(KinDom.2-C-terminal),6.154901959985743
176167,PFTK1,5.823908740944319
447077,TSSK1B,5.0
9915743,MLK3,5.236572006437063
9884685,CSNK1G2,5.0
24180719,EGFR(G719S),5.0
9809715,PRKCH,5.0
11984591,RSK1(KinDom.1-N-terminal),6.309803919971486
9926054,EGFR(E746A750del),5.0
9926791,PLK4,5.0
25243800,NEK9,5.0
11314340,ABL1(M351T),5.0
447077,ACVR1,6.795880017344075
25243800,MARK1,5.0
6450551,YANK2,5.0
11984591,PIM1,5.0
11364421,TESK1,5.0
208908,CHEK2,5.0
9884685,JNK3,5.0
9926054,PIK3CA(Q546K),5.0
9809715,RIPK1,6.619788758288394
9884685,SNARK,5.0
151194,DLK,5.0
5494449,GRK4,6.3979400086720375
10461815,AKT2,5.0
11409972,BRSK2,5.0
4908365,TEC,5.698970004336019
176155,MYLK2,5.0
11485656,YANK3,5.0
5494449,PFTAIRE2,5.0
24779724,ABL1(F317I),5.0
644241,EGFR,5.0
216239,ABL1(Q252H)p,5.259637310505756
11626560,SIK,5.0
4908365,TRKB,6.920818753952375
176167,CLK3,5.0
10184653,EPHA2,5.0
11667893,CDKL3,5.0
11717001,MUSK,5.0
42642645,SGK3,5.0
447077,PIK3CB,5.0
3081361,CDKL2,5.0
123631,OSR1,5.0
11427553,PIK3C2G,5.0
44150621,EGFR(L861Q),5.0
5329102,PIK3CA,5.0
10127622,TEC,5.0
44259,IKK-epsilon,8.292429823902063
176155,MAP4K3,5.0
17755052,HPK1,5.0
9926054,HUNK,5.0
126565,BRK,5.769551078621726
153999,MLK2,5.0
5328940,ACVR2A,5.0
44259,IRAK4,8.769551078621726
11984591,CAMK2B,5.0
11409972,RET,7.769551078621726
10427712,ZAP70,5.0
11617559,STK39,5.0
9929127,CSNK2A1,5.0
11409972,ABL1(F317L)p,7.886056647693163
176167,CSK,5.0
126565,CDK3,6.376750709602099
447077,ERBB3,6.853871964321762
11984591,p38-alpha,5.0
447077,HCK,8.481486060122112
51004351,TXK,5.0
5287969,MKNK2,5.494850021680094
16007391,LCK,6.42021640338319
51004351,IRAK3,6.744727494896694
11234052,LZK,5.0
9809715,FAK,6.6777807052660805
5328940,LIMK1,5.0
10127622,PAK6,5.0
10127622,PDGFRA,5.0
11712649,SNRK,5.0
25243800,TAK1,5.795880017344075
9933475,BRAF,5.0
176155,S6K1,5.0
208908,MLK3,5.0
3081361,MAP4K3,5.823908740944319
17755052,FER,5.0
216239,CSNK1G1,5.0
3081361,FRK,6.769551078621726
10427712,PKN1,5.0
10427712,EPHB2,5.0
6918454,p38-delta,5.0
9915743,PFCDPK1(Pfalciparum),5.0
11984591,PLK3,8.292429823902063
151194,CLK1,5.0
5329102,PKAC-beta,5.0
5494449,MEK6,5.585026652029182
10184653,CDK5,5.0
126565,PRKCD,6.619788758288394
9926054,IKK-beta,6.886056647693163
6450551,ULK3,6.173925197299174
11338033,INSRR,5.0
123631,FLT3,5.508638306165728
16725726,HIPK4,5.0
17755052,FLT3(K663Q),5.585026652029182
11409972,PAK6,5.0
3062316,HIPK2,5.0
5291,RET(V804M),5.0
10461815,TRKA,6.494850021680094
11717001,CTK,5.0
10127622,EGFR(L858RT790M),5.0
11364421,MUSK,5.0
5328940,DCAMKL3,5.267606240177032
16038120,MEK6,5.698970004336019
9809715,MLK3,6.154901959985743
3038522,LIMK2,5.0
6450551,DCAMKL1,5.0
44150621,RSK4(KinDom.1-N-terminal),5.337242168318426
208908,CSNK1G1,5.0
11409972,RET(V804L),8.366531544420413
9933475,FGFR3(G697C),7.455931955649724
11712649,MKK7,5.0
44150621,DAPK1,5.0
9933475,ROCK2,5.0
6450551,MAK,5.0
11234052,CDK11,5.0
3038522,EPHB1,5.0
11717001,AMPK-alpha2,5.0
9809715,RIOK1,7.638272163982407
447077,SGK3,5.0
11485656,STK35,5.0
10074640,TIE2,5.0
153999,SIK2,5.0
9926054,RPS6KA5(KinDom.1-N-terminal),5.0
3038522,CDK2,5.0
9929127,CDC2L5,5.0
16722836,CSNK2A1,6.036212172654444
3025986,PIK4CB,5.0
6918454,PIM2,5.0
11717001,CDKL2,5.0
5494449,NDR2,5.161150909262744
11626560,VRK2,5.0
11234052,CDK3,5.0
10184653,CDKL1,5.0
176155,PRKCD,5.0
11717001,EPHA2,5.0
5494449,ABL1(F317L),6.318758762624413
176870,TAOK2,5.0
9884685,ABL1(Q252H),5.0
156422,TAOK3,5.0
11485656,CAMK2D,5.0
153999,NEK2,5.0
9926054,PAK3,5.0
51004351,ERK3,5.0
176870,CAMK1G,5.0
6918454,PLK1,5.0
10184653,RET(M918T),5.0
151194,PRKCQ,5.0
10127622,DCAMKL1,5.0
11338033,CAMK4,5.0
3025986,LATS2,5.0
9915743,CDK9,5.0
42642645,FER,7.431798275933005
25243800,SBK1,5.0
16038120,LCK,7.309803919971486
156414,PIM2,5.0
51004351,ABL1(F317I),5.0
10113978,ICK,5.0
24779724,DYRK1A,6.107905397309519
123631,RIOK1,5.0
5287969,DYRK2,5.0
4908365,CSNK1E,5.0
11717001,FGFR1,5.0
24889392,SRPK1,5.0
11409972,CDC2L5,9.0268721464003
9926791,TRPM6,5.0
11626560,PIK3CA,5.0
16725726,p38-alpha,5.0
44259,EPHB1,6.619788758288394
176155,FGFR1,5.0
126565,FLT3(N841I),8.853871964321762
3081361,PRKCE,5.0
176167,DDR1,5.0
6918454,RET(V804L),5.0
25127112,YANK2,5.0
9929127,CAMKK1,5.0
9884685,PKN2,5.0
5291,NEK3,5.0
24779724,RSK1(KinDom.1-N-terminal),5.0
11234052,ABL1(F317I),5.0
9926054,PRKG2,5.0
11234052,BMPR1A,5.0
10127622,JNK2,5.0
3062316,MELK,5.0
153999,PLK4,5.327902142064283
11338033,PRKG1,5.0
16722836,SGK3,5.6020599913279625
16038120,MKNK2,7.356547323513813
10113978,YANK1,5.0
11717001,HIPK2,5.0
153999,SNRK,5.0
176167,RSK4(KinDom.2-C-terminal),5.0
5291,PIK3CA(H1047Y),5.0
156422,TYK2(JH1domain-catalytic),5.0
24779724,PFTAIRE2,5.0
10138260,FLT3,9.267606240177033
9809715,CTK,5.0
176870,CDC2L5,5.0
5328940,MEK2,8.00436480540245
24180719,SRC,5.327902142064283
11485656,PDPK1,5.0
9884685,ERK1,5.0
151194,CSNK1G2,5.0
11314340,KIT(A829P),5.0
5494449,CDK4-cyclinD1,5.0
151194,TBK1,5.0
16725726,PKN2,5.508638306165728
5291,CSNK1G1,5.0
176155,NEK9,5.0
10461815,PFPK5(Pfalciparum),5.0
216239,IKK-beta,5.0
11712649,EGFR(G719C),5.0
151194,CAMK2D,5.0
10184653,PIM1,5.0
10138260,NIM1,5.958607314841775
447077,STK36,6.537602002101044
17755052,GSK3A,5.0
44150621,LRRK2(G2019S),6.055517327849832
10184653,KIT(D816H),5.0
9926791,ROCK2,6.376750709602099
11485656,MAK,5.0
3081361,TBK1,5.0
11617559,PIK3CA(E545A),5.0
3038525,KIT(V559D-V654A),5.0
16038120,NEK9,6.096910013008056
11409972,CAMKK2,6.657577319177793
16007391,TXK,5.0
16722836,KIT(L576P),6.920818753952375
5329102,KIT(D816V),6.42021640338319
176870,PIK3CA,5.0
42642645,FLT3(ITD),8.585026652029182
447077,HIPK2,5.0
3081361,MST1R,5.0
176155,NDR2,5.0
176155,HUNK,5.0
11364421,p38-gamma,5.0
11984591,EPHA3,6.443697499232713
16725726,PRKCH,8.619788758288394
156414,ITK,5.251811972993799
447077,SRC,9.148741651280924
11984591,PAK2,6.468521082957745
11485656,ZAP70,5.0
3038522,WEE1,5.0
24889392,RSK1(KinDom.1-N-terminal),5.0
16725726,PIK3CA(E545K),5.0
24889392,TBK1,5.0
3038522,PYK2,5.0
25127112,SNRK,5.0
151194,RPS6KA5(KinDom.1-N-terminal),5.0
11667893,RPS6KA4(KinDom.2-C-terminal),5.0
11427553,MAP3K1,5.0
5291,EGFR(L858R),5.0
6918454,CDC2L2,5.0
11617559,JNK1,5.0
11617559,PIK3C2G,5.0
126565,EPHB3,5.0
6918454,PKNB(Mtuberculosis),5.0
644241,CDKL1,5.0
42642645,BRK,8.366531544420413
16038120,MET(Y1235D),6.744727494896694
10461815,LYN,5.0
10427712,MAPKAPK5,5.0
11667893,STK35,5.267606240177032
3062316,FLT1,5.301029995663981
11364421,CSNK1D,5.823908740944319
6450551,INSRR,5.0
447077,JAK1(JH1domain-catalytic),6.481486060122113
9926054,LRRK2,5.0
25243800,MYO3A,6.080921907623926
16725726,MST2,5.0
11717001,CDC2L1,5.0
11712649,LATS1,5.0
5329102,JAK3(JH1domain-catalytic),5.920818753952375
3062316,ROCK1,5.0
11984591,ABL1(Q252H)p,6.366531544420414
3062316,MLK1,5.0
5329102,MEK1,6.886056647693163
5329102,ULK1,7.638272163982407
16722836,DRAK2,7.346787486224656
17755052,ACVR1B,5.0
4908365,ERK2,5.0
11485656,MST2,5.823908740944319
42642645,KIT,8.602059991327963
9884685,FLT1,5.0
11485656,RIOK2,5.0
3062316,EPHB6,10.4089353929735
11667893,CDK4-cyclinD1,5.0
10127622,PIK3CA(M1043I),5.0
11656518,EGFR(S752I759del),5.0
3025986,PKAC-beta,5.0
9933475,CTK,5.0
10427712,CLK4,6.886056647693163
11338033,AURKB,5.0
4908365,SRPK2,5.657577319177793
11234052,MAPKAPK2,5.0
17755052,NEK7,5.0
16725726,TEC,5.0
44150621,EIF2AK1,5.0
126565,CSNK1D,5.0
11338033,EGFR(L747T751del),5.0
3038525,TEC,5.0
10127622,PKN2,5.0
176155,PRKD3,5.0
9929127,IGF1R,5.0
11409972,PIK3CA(H1047L),5.0
10127622,PIM1,5.0
11617559,ABL1(F317I),5.0
6450551,CSNK1E,5.0
10113978,RET(M918T),6.568636235841013
11984591,MST1R,6.327902142064283
16038120,ABL1(T315I),7.2839966563652
3038522,NDR1,5.0
24889392,EPHA6,5.040958607678906
16007391,STK16,5.0
11427553,ACVRL1,5.0
42642645,TRKA,8.318758762624412
6918454,NDR2,5.0
123631,NDR2,5.0
10184653,CDK11,5.0
126565,CDKL5,8.0
11409972,YES,6.585026652029182
51004351,BRAF(V600E),5.0
9933475,CSNK1A1,5.0
11338033,ASK2,5.0
11984591,TTK,5.958607314841775
11984591,ERN1,5.795880017344075
644241,IGF1R,5.0
447077,MLK2,5.275724130399211
9933475,YES,6.585026652029182
9926791,SRPK3,5.0
10113978,ERBB2,5.0
10427712,FGFR1,5.0
11984591,MST1,5.0
6918454,FES,5.0
11485656,SRPK1,5.0
51004351,PAK1,5.6777807052660805
11656518,MAP3K3,5.0
156414,PCTK3,5.0
11717001,NIM1,5.0
24779724,MLK1,5.0
9933475,DMPK2,5.0
9926054,STK16,5.0
5329102,ERK1,5.0
123631,ERK3,5.795880017344075
216239,EGFR(T790M),5.0
10427712,PIK3CA(H1047Y),6.823908740944319
10113978,ANKK1,5.0
11712649,NLK,5.0
126565,MARK2,7.853871964321762
11717001,BIKE,5.0
51004351,PLK1,5.0
5494449,JAK3(JH1domain-catalytic),6.200659450546419
10127622,p38-alpha,5.0
10184653,RSK1(KinDom.2-C-terminal),5.0
5329102,GCN2(KinDom2S808G),6.744727494896694
3038522,LOK,5.022276394711152
16038120,IKK-beta,5.0
44150621,DAPK2,5.0
11712649,CAMK2D,5.0
9915743,MLCK,5.0
25243800,DYRK2,7.229147988357856
10138260,RSK3(KinDom.2-C-terminal),5.017728766960432
6450551,MARK4,5.0
44150621,NEK2,5.698970004336019
5494449,PIK3CA(M1043I),5.0
9915743,EGFR(L861Q),9.431798275933003
11656518,FLT3,5.853871964321762
44259,PIK3CA(E545A),5.0
9926791,LRRK2(G2019S),6.259637310505756
9915743,MERTK,6.3979400086720375
11984591,PRKD2,5.0
11617559,YSK4,5.0
44150621,MAP3K1,5.0
216239,MARK3,5.0
176870,DAPK2,5.0
11712649,SgK110,5.0
24180719,MYLK2,5.0
51004351,AKT2,6.107905397309519
11234052,DLK,5.0
3081361,EGFR(G719S),8.229147988357855
16722836,JAK2(JH1domain-catalytic),8.958607314841775
9933475,NEK11,5.0
6450551,KIT(D816V),5.886056647693163
123631,BIKE,5.0
208908,RSK1(KinDom.1-N-terminal),5.0
176870,LOK,7.721246399047171
11617559,TTK,5.0
25127112,AXL,5.0
3081361,EGFR(L861Q),7.958607314841775
123631,YES,5.0
11364421,KIT(V559D-V654A),5.0
17755052,CDC2L1,5.0
5328940,MET,5.657577319177793
216239,SgK110,5.0
11656518,ABL1(F317I),5.10790539730952
24889392,JAK2(JH1domain-catalytic),5.0
10138260,MARK2,6.356547323513813
11667893,PRKCQ,5.0
11234052,HCK,5.568636235841013
4908365,BLK,7.958607314841775
4908365,IKK-epsilon,5.886056647693163
16725726,ABL1(T315I),5.0
5328940,STK35,8.698970004336019
9929127,ABL1(F317I),5.0
156414,ACVR2A,5.0
44259,PIK3C2B,5.0
9929127,LATS1,5.0
153999,LOK,6.552841968657781
3062316,ROCK2,5.0
3038525,TLK1,5.0
9926054,CDKL5,5.0
10427712,RET,5.0
447077,CSF1R,9.173925197299171
9926791,SGK3,5.0
3081361,BRAF(V600E),5.0
24889392,MEK3,5.0
156422,AURKC,5.0
156414,WEE2,5.0
42642645,PRKG1,5.0
24779724,YES,5.0
3062316,LIMK2,7.0655015487564325
16722836,AKT2,5.0
11617559,MKK7,5.0
9929127,AURKA,5.0
208908,KIT(V559D-V654A),5.0
11234052,PKMYT1,5.0
11984591,PRKD3,5.4089353929735005
10127622,PIK3CD,5.0
25127112,CAMK1G,5.657577319177793
5328940,RIOK3,5.795880017344075
44259,PRKCI,7.585026652029182
3025986,MEK3,5.0
9926054,PAK2,5.0
11626560,TIE1,6.958607314841775
44150621,AXL,5.42021640338319
3081361,KIT(D816H),6.376750709602099
16725726,NDR2,5.0
447077,SgK110,5.958607314841775
6918454,AKT3,5.0
151194,RIPK1,5.0
9929127,JNK3,5.0
208908,CAMK2A,5.0
9933475,DRAK1,5.0
10127622,ULK1,5.0
6450551,EPHA7,5.0
153999,VRK2,5.0
42642645,FLT1,8.42021640338319
9926791,INSRR,5.0
6450551,PRKD1,5.0
644241,FES,5.0
3025986,KIT(V559D-T670I),5.0
4908365,PIP5K1C,5.0
3038525,MLK1,5.0
16007391,CAMKK2,5.0
5329102,TNK2,5.050609993355088
42642645,RIOK3,5.0
25127112,CDC2L5,5.0
3081361,CDC2L1,5.0
3062316,DMPK2,5.920818753952375
126565,FAK,5.958607314841775
16007391,JNK1,5.0
11234052,CDKL5,5.0
176155,PCTK1,5.0
126565,RSK1(KinDom.2-C-terminal),5.619788758288394
216239,FLT3,7.886056647693163
11409972,CSF1R,8.236572006437063
11314340,GAK,6.744727494896694
16725726,ERK8,5.0
9915743,MAP3K2,6.346787486224656
216239,ERK3,5.0
10127622,QSK,5.0
176870,PRKCD,5.0
126565,BMPR1B,7.244125144327507
11617559,PIP5K1A,5.0
10427712,DDR2,5.0
11617559,INSRR,5.0
153999,FLT4,5.0
5329102,QSK,5.0
176155,EPHB2,5.0
10461815,LKB1,5.585026652029182
11314340,PAK7,6.173925197299174
9915743,JNK1,5.481486060122113
3038522,ASK1,5.0
9926791,PRKD1,5.0
11338033,EPHA5,5.0
11717001,PKAC-beta,5.0
151194,DCAMKL1,5.0
9933475,PRKCI,5.0
24779724,CDC2L1,5.0
176167,DDR2,5.0
11234052,SBK1,5.0
5291,PHKG2,5.0
3038525,ZAK,5.0
208908,PFTAIRE2,5.0
9933475,CDK7,5.0
5291,CLK4,5.6777807052660805
6918454,MKNK2,5.0
25243800,CSNK1G1,5.4089353929735005
11427553,CDC2L1,5.0
123631,BMPR1B,5.0
123631,ACVR2A,5.0
16007391,ICK,5.0
4908365,ITK,6.309803919971486
10138260,CAMK1,5.481486060122113
9915743,ASK1,5.0
5287969,LCK,5.0
11617559,JNK3,5.0
11656518,PLK1,5.0
3038522,MYLK4,5.0
24180719,SNRK,5.0
156414,EGFR(G719C),9.886056647693165
9809715,DRAK2,6.173925197299174
9926054,p38-beta,5.0
11626560,ALK,8.481486060122112
447077,p38-gamma,5.0
3025986,ABL1(F317I),5.0
11667893,CIT,6.522878745280337
9915743,FLT3(ITD),5.0
25243800,MAP3K4,5.0
6918454,KIT(V559D),5.0
644241,ABL1(H396P)p,7.67778070526608
9926791,PKAC-beta,5.0
11617559,RSK3(KinDom.1-N-terminal),5.0
10127622,ASK2,5.0
9884685,NEK2,5.0
6918454,ABL2,5.0
3081361,ERK5,5.0
11984591,LOK,7.154901959985743
16007391,RSK1(KinDom.2-C-terminal),5.0
51004351,EGFR(E746A750del),5.154901959985743
6450551,NEK5,5.0
42642645,IRAK1,5.0
11712649,NEK11,5.0
16725726,NEK2,5.0
6918454,ARK5,5.0
156414,VEGFR2,5.0
11717001,CLK4,5.0
123631,RAF1,5.0
208908,RIOK3,5.0
16038120,CAMK2A,6.008773924307505
123631,TSSK1B,5.0
4908365,PIK3CA(E545K),5.0
153999,TGFBR1,5.0
123631,PIK3CA(E545A),5.0
16038120,AKT2,5.0
216239,RPS6KA5(KinDom.2-C-terminal),5.0
151194,CIT,5.055517327849832
208908,MAP4K4,5.0
16725726,PFPK5(Pfalciparum),5.0
11617559,HIPK1,5.0
9929127,HIPK2,5.0
25243800,SRMS,5.0
9915743,MAPKAPK2,5.0
11427553,ASK1,5.0
11314340,EGFR(L747S752del),5.0
9933475,JAK3(JH1domain-catalytic),5.0
24889392,PIK3CA(H1047L),5.0
3081361,PKNB(Mtuberculosis),5.0
11364421,GAK,6.744727494896694
9926791,TIE2,5.0
11984591,PLK2,7.468521082957745
9929127,RET(V804L),5.0
10074640,BMPR2,5.0
9915743,CAMK1,5.0
9884685,FLT3(R834Q),5.0
10138260,ERK5,5.0
11427553,CAMKK1,6.6777807052660805
9926054,AMPK-alpha2,5.0
10113978,CAMKK1,5.0
11626560,EGFR(L861Q),5.568636235841013
3062316,BMPR2,5.0
11234052,MAP4K4,6.229147988357856
10113978,PRP4,5.0
153999,YANK3,5.0
6918454,KIT(V559D-T670I),5.0
10138260,ERBB3,5.0
25127112,TXK,5.0
153999,MKNK1,5.1487416512809245
208908,ADCK3,5.0
10461815,EPHA7,5.0
9915743,TAK1,5.0
11717001,LIMK1,5.0
11427553,CSNK1G1,5.920818753952375
126565,HIPK4,6.823908740944319
447077,NDR2,5.0
9933475,MEK6,5.0
25127112,RSK1(KinDom.2-C-terminal),6.920818753952375
9809715,JNK2,5.0
644241,SRMS,5.0
3038525,PIP5K1C,5.0
10138260,DYRK1B,5.585026652029182
11667893,ABL1(H396P)p,5.0
123631,NEK5,5.0
44259,BRAF,5.0
216239,EPHB6,6.619788758288394
11485656,EIF2AK1,5.0
208908,CSNK1A1,5.0
9915743,BMPR2,5.0
3038525,PIM3,5.0
9929127,ERK2,5.0
11984591,CDKL1,5.6777807052660805
644241,MRCKA,5.0
156422,ERK2,5.0
11617559,PRKCI,5.0
10113978,PHKG2,5.0
9926791,TYK2(JH2domain-pseudokinase),5.0
3038522,RPS6KA4(KinDom.1-N-terminal),5.0
156422,CSNK2A1,5.0
11427553,SNARK,7.267606240177032
126565,MET(Y1235D),7.387216143280264
5494449,TAOK1,6.537602002101044
10127622,NEK6,5.0
10113978,AURKA,5.1487416512809245
176870,ERN1,5.0
9926054,EPHA1,5.0
44150621,CDKL5,5.0
156414,PRKCH,5.0
11617559,GRK7,5.0
153999,PRKCI,5.853871964321762
10184653,NDR2,5.0
10184653,RIPK5,5.0
6450551,EGFR(E746A750del),5.0
208908,YSK4,5.0
11717001,RSK2(KinDom.1-N-terminal),5.0
3038522,LTK,5.0
24180719,AAK1,5.0
6450551,DYRK2,5.0
11427553,RIPK1,7.1938200260161125
11656518,PLK4,5.0
151194,PIK3CB,5.0
3081361,BMX,5.0
11427553,EPHB3,5.0
4908365,PRKX,5.0
11984591,AXL,7.086186147616283
447077,PIK3CA(Q546K),5.0
156422,WEE1,5.0
123631,CDK9,5.0
123631,ABL1(M351T),6.2839966563652006
24180719,MST1,5.0
44150621,MAP4K4,6.795880017344075
11667893,BLK,5.657577319177793
10127622,FGR,5.0
17755052,IKK-epsilon,5.0
3081361,CAMK1,5.0
16007391,SNARK,5.0
10074640,CSNK1A1,5.0
11409972,DAPK2,5.0
216239,ABL1(H396P)p,5.619788758288394
51004351,RIOK1,5.920818753952375
10461815,LTK,5.0
176870,KIT(A829P),5.0
51004351,ACVR1B,5.0
176870,MINK,5.886056647693163
11427553,BRK,5.0
6450551,RSK3(KinDom.2-C-terminal),5.0
11667893,ABL1(Q252H)p,5.0
25243800,PRKX,5.0
153999,PFCDPK1(Pfalciparum),5.0
24779724,PAK7,5.0
44150621,CDC2L5,5.0
5329102,NEK5,5.0
11984591,EGFR,6.522878745280337
9915743,IGF1R,5.0
16722836,PIM2,5.0
9809715,DYRK1B,5.795880017344075
10461815,BMX,5.0
24180719,PIK3CA(I800L),5.0
11667893,BRAF(V600E),6.552841968657781
24779724,EPHB2,5.0
9929127,SgK110,5.0
9926791,GSK3B,5.0
24779724,WEE1,5.0
3062316,p38-beta,6.3872161432802645
9926791,CSNK1G1,5.0
9809715,TTK,7.657577319177794
176167,ROCK1,5.0
153999,EGFR(L747T751del),5.0
25127112,PIK3CD,5.0
156414,ROCK2,5.0
11626560,PRKCH,5.0
51004351,SRC,5.920818753952375
11656518,ZAP70,5.0
16038120,MRCKB,5.318758762624413
25243800,PIM2,6.619788758288394
156414,EGFR(L747T751del),9.585026652029182
4908365,PDGFRA,7.568636235841013
176870,LIMK1,5.0
151194,DAPK3,5.0
24180719,PRKG2,5.0
16725726,RPS6KA5(KinDom.1-N-terminal),5.0
44259,DYRK2,6.6020599913279625
10138260,TRPM6,5.0
9884685,RPS6KA5(KinDom.2-C-terminal),5.0
5329102,ALK,6.769551078621726
10113978,CDKL5,5.0
24889392,MEK1,5.0
11338033,STK35,5.0
126565,IKK-epsilon,7.958607314841775
10127622,TRKC,5.0
176167,FLT4,5.42021640338319
6918454,ASK2,5.0
5291,ABL1(M351T),7.356547323513813
123631,DCAMKL3,5.537602002101044
123631,EGFR(G719C),8.698970004336019
5287969,AXL,5.455931955649724
3038522,MAP3K3,5.0
644241,JAK3(JH1domain-catalytic),5.0
24779724,IKK-beta,5.0
208908,VRK2,5.0
24180719,PKAC-alpha,5.0
11712649,ERBB4,5.0
3038525,PIK4CB,5.0
10184653,MST1,5.0
9884685,PIK3CA(E545A),8.823908740944319
9926791,SRMS,5.0
11364421,SIK,5.0
176870,EGFR(L747T751del),9.455931955649724
11667893,PAK1,5.0
3038522,CHEK2,5.0
11314340,MEK2,5.0
24779724,CSNK2A2,5.0
11314340,PCTK3,5.113509274827518
16007391,NEK5,5.0
123631,PKNB(Mtuberculosis),5.0
176167,FLT3(ITD),7.142667503568732
5494449,KIT(V559D-T670I),6.366531544420414
9926791,YSK4,5.0
9933475,RPS6KA5(KinDom.2-C-terminal),5.0
4908365,ABL1(H396P)p,6.356547323513813
153999,PFTK1,5.0
6918454,ABL1(F317L),5.0
10138260,ABL1(E255K),6.508638306165728
9926054,PRKD2,5.0
11364421,MYLK4,5.0
3081361,MST4,5.0
176155,PRKD1,5.0
17755052,CDK3,5.0
24180719,TIE2,5.0
24779724,PAK3,5.0
10138260,PIK3CA(H1047L),5.0
16038120,AKT3,5.0
51004351,TIE2,5.721246399047171
42642645,NEK6,5.0
447077,EPHA6,7.154901959985743
11485656,CLK1,5.050609993355088
11712649,PIK3CA(C420R),5.0
156414,ERBB4,8.187086643357144
5494449,MARK4,5.309803919971486
176155,HIPK2,5.0
644241,MLCK,5.0
9915743,SRC,5.3872161432802645
208908,BRSK2,5.0
208908,PYK2,5.0
25127112,ABL1,5.431798275933005
10461815,BLK,5.721246399047171
9884685,ADCK3,5.0
11234052,TAOK1,5.0
176155,TESK1,5.0
44259,PIM1,8.494850021680094
10138260,p38-gamma,5.0
11617559,CDK8,5.0
5329102,ADCK4,5.0
11409972,BMPR2,5.0
5328940,MYO3A,5.2076083105017466
3062316,FYN,9.102372908709558
3025986,GRK4,5.0
11712649,YANK2,5.0
10074640,TLK2,5.0
11626560,CDC2L1,6.119186407719209
42642645,EGFR(S752I759del),5.958607314841775
156422,CAMK1G,5.0
11667893,MAK,5.0
3062316,STK35,6.113509274827519
24779724,PIP5K2B,5.0
9809715,YSK4,8.2839966563652
6450551,YES,5.568636235841013
9884685,JAK1(JH1domain-catalytic),5.0
11617559,DYRK1A,5.0
123631,DMPK,5.161150909262744
16007391,EGFR(L747T751del),5.455931955649724
24779724,GAK,5.0
5329102,IRAK3,6.026872146400302
3038525,DRAK1,5.0
126565,CHEK1,8.55284196865778
216239,LRRK2(G2019S),5.0
16038120,ERK3,5.0
11617559,EGFR,5.0
10184653,TLK2,5.0
216239,MEK5,6.721246399047171
216239,FGFR4,5.0
11984591,DYRK2,6.327902142064283
10184653,NEK4,5.0
5494449,PIP5K1C,5.0
126565,ROCK2,7.1487416512809245
3038525,PYK2,5.0
4908365,NEK3,5.0
16038120,CDK11,5.0
24180719,LYN,5.958607314841775
9933475,MST4,5.346787486224656
44259,SIK2,8.958607314841775
44259,MRCKB,7.376750709602099
11485656,ASK1,5.0
16722836,NDR2,5.0
9933475,PCTK1,5.0
10127622,CSNK2A2,5.0
24180719,ROCK2,5.0
24779724,PDGFRA,5.0
11485656,PIK3CA(E545K),5.0
11234052,ABL1(H396P),6.4089353929735005
10113978,YES,5.301029995663981
9809715,ERBB3,5.0
447077,MARK3,6.130768280269024
9926791,KIT(V559D-T670I),5.0
16038120,LATS1,5.795880017344075
10127622,LKB1,5.0
11409972,BMX,5.2441251443275085
216239,CSF1R,7.552841968657781
9926054,SgK110,5.0
9926791,PIK3CA(H1047L),5.0
42642645,FLT3(D835Y),8.698970004336019
447077,CDK5,5.0
6450551,STK36,5.0
11617559,RET,5.0
24889392,ULK1,5.0
5329102,NEK3,5.0
6450551,RSK2(KinDom.1-N-terminal),5.0
10113978,GRK4,5.0
151194,LATS2,5.0
9929127,MTOR,5.0
10127622,MAP3K4,5.0
156422,FLT4,5.1487416512809245
9809715,PCTK3,6.292429823902063
9929127,PRKD2,5.0
11984591,MAP3K2,7.026872146400302
5291,BMPR1A,5.0
11717001,PIM3,5.0
10138260,CDK5,5.0
24180719,NEK7,5.0
11626560,PIK3C2G,5.0
11409972,EGFR(G719S),6.2839966563652006
5494449,RIOK3,6.221848749616356
156422,HUNK,5.0
24180719,MELK,5.0
9926054,ABL1(F317L)p,5.0
3062316,CSK,9.0
25243800,LOK,7.113509274827519
3038522,CSNK1G1,5.0
216239,HIPK3,6.356547323513813
51004351,ABL1(Y253F),5.0
5291,ABL1(H396P)p,7.187086643357144
16725726,CSNK1G3,5.0
11712649,AURKB,7.366531544420414
11338033,CDKL5,8.585026652029182
9929127,PLK4,5.0
3081361,AURKA,5.0
11617559,MARK4,5.0
25127112,ABL1(M351T),5.2076083105017466
5329102,EPHA4,5.0
9915743,PDGFRB,5.0
447077,CDC2L1,5.0
44259,SBK1,8.494850021680094
156422,SLK,6.823908740944319
11314340,TGFBR2,5.0
9915743,CSK,6.259637310505756
153999,FLT3(R834Q),5.886056647693163
5328940,FGFR3,5.0
11234052,LKB1,5.0
11314340,TAK1,6.1938200260161125
11617559,ERBB3,5.0
17755052,FLT1,5.0
24180719,RET(M918T),5.0
3038525,AURKA,5.0
10184653,RSK3(KinDom.1-N-terminal),5.0
24889392,SBK1,5.0
3038525,EPHA8,5.0
3081361,RSK1(KinDom.1-N-terminal),5.0
11314340,NEK5,5.0
11667893,PFTAIRE2,5.0
11617559,ADCK4,5.0
11717001,PIK3CA(I800L),5.0
44150621,IRAK4,6.886056647693163
24180719,FGFR1,5.275724130399211
10113978,PRKCE,5.0
25243800,ERN1,5.0
176167,ALK,5.0
9884685,PIK3CA(I800L),8.537602002101044
11667893,ADCK3,5.0
25243800,EGFR(T790M),5.619788758288394
51004351,IKK-alpha,5.42021640338319
11667893,PIK3CA(H1047Y),5.0
11338033,DYRK1B,6.537602002101044
44259,TRKC,7.769551078621726
10184653,NEK5,5.0
176155,FGFR3(G697C),5.0
5291,INSRR,5.0
9915743,DYRK1A,5.0
16007391,LKB1,5.0
447077,DYRK1A,5.0
44150621,ERK1,5.0
3062316,CDK3,5.0
9926054,MEK6,5.0
156414,RET,5.376750709602099
16038120,TYK2(JH2domain-pseudokinase),5.721246399047171
9915743,SGK3,5.0
216239,FLT3(ITD),7.102372908709558
25243800,FYN,6.522878745280337
9884685,CDK2,5.0
11717001,MARK3,5.0
11717001,ABL1(Q252H),5.0
3038522,ADCK4,5.0
11314340,TSSK1B,5.0
3025986,DRAK2,5.0
11626560,SNARK,6.920818753952375
11364421,RSK1(KinDom.1-N-terminal),5.267606240177032
3038522,FLT3(ITD),8.040958607678906
11667893,AMPK-alpha2,5.0
151194,MLK2,5.0
24180719,FLT1,5.721246399047171
11409972,KIT(D816H),7.173925197299174
10113978,PIK3CA(E545A),5.0
44259,PCTK2,7.017728766960432
9926791,CLK1,5.0
6918454,SBK1,5.0
11364421,MST2,5.0
16722836,VRK2,5.0
42642645,TNK2,6.698970004336019
11409972,FGFR4,5.853871964321762
3038522,TYK2(JH2domain-pseudokinase),5.0
216239,PRKD1,5.0
25243800,EPHA2,6.2076083105017466
11617559,TYRO3,5.0
25243800,MEK6,5.0
9915743,STK35,5.346787486224656
644241,ABL1(F317I)p,7.251811972993799
176167,FYN,5.0
5494449,FRK,5.42021640338319
11338033,FRK,5.0
42642645,MAP4K4,6.721246399047171
11485656,PYK2,5.0
11667893,EPHA1,5.0
24889392,MAP4K5,6.356547323513813
9926791,CAMKK1,5.0
9915743,HCK,6.309803919971486
11485656,ROCK1,5.0
9809715,OSR1,5.886056647693163
3038525,CDC2L1,5.0
151194,RSK4(KinDom.2-C-terminal),5.0
208908,EPHB2,5.0
126565,CDK4-cyclinD1,7.522878745280337
6918454,CDK2,5.0
5494449,ERK2,5.0
5494449,LRRK2,5.0
42642645,ERK4,5.0
5291,MAPKAPK2,5.0
216239,PFPK5(Pfalciparum),5.0
123631,CAMK1G,5.0
3038522,EIF2AK1,5.0
42642645,LOK,9.275724130399212
10127622,PIK3CA(E545A),5.0
16722836,TNNI3K,5.744727494896694
9926054,PKAC-beta,5.0
5291,BRAF,5.0
3062316,TAK1,5.431798275933005
25127112,MLK3,5.0
44259,CAMKK2,9.795880017344077
10138260,QSK,5.0
11626560,PRKD2,5.0
9926791,TSSK1B,5.0
44259,LIMK1,6.318758762624413
126565,ABL1(Y253F),6.040958607678906
17755052,KIT(A829P),5.0
6918454,RSK4(KinDom.1-N-terminal),5.0
9933475,CASK,5.0
644241,MAP3K4,5.0
3081361,EGFR(T790M),7.0
11314340,YSK1,5.0
24180719,ABL1(E255K),5.346787486224656
25127112,CAMK2G,7.0
42642645,EGFR(L747E749del),6.795880017344075
447077,ACVR1B,7.017728766960432
11667893,PLK2,5.0
151194,EPHB4,5.0
9809715,DMPK,5.0
11234052,LIMK1,5.0
24889392,CDC2L1,5.0
51004351,MAP4K2,5.6020599913279625
156414,DLK,5.0
10127622,ABL1(F317L)p,5.0
216239,RPS6KA4(KinDom.1-N-terminal),5.0
9926054,CSF1R,5.0
11364421,JAK3(JH1domain-catalytic),5.0
24180719,DCAMKL3,5.6020599913279625
24779724,CDK11,5.0
208908,PDGFRB,5.0
3025986,NEK4,5.0
16722836,ABL1(F317L)p,6.744727494896694
208908,ERBB4,7.267606240177032
9933475,BLK,6.920818753952375
176167,RSK2(KinDom.1-N-terminal),7.060480747381382
153999,PIK3CA(E545K),5.0
3038522,TAOK3,5.0
176870,JAK1(JH2domain-pseudokinase),5.0
24779724,EGFR(L858RT790M),5.0
176155,AKT1,5.0
176155,TAK1,5.0
9884685,CDK4-cyclinD1,5.0
11617559,EPHA5,5.0
11626560,ERBB4,5.0
3038525,AMPK-alpha2,5.0
4908365,FER,6.920818753952375
11712649,HIPK3,5.0
176155,MARK4,5.0
176870,HCK,5.744727494896694
11717001,SRMS,5.0
42642645,ZAP70,5.0
11617559,EPHA1,5.0
10074640,BIKE,5.0
176870,S6K1,5.0
16038120,INSR,8.619788758288394
11712649,NIM1,5.0
156422,IRAK3,5.0
176870,AURKB,5.853871964321762
11234052,TYK2(JH2domain-pseudokinase),5.0
5291,ERBB4,5.0
3038522,ABL1(H396P)p,5.0
156414,JAK2(JH1domain-catalytic),5.0
17755052,CDK5,5.0
10138260,GSK3A,5.0
16007391,KIT(V559D-T670I),8.102372908709558
6918454,FGFR1,5.0
11626560,RAF1,5.0
9809715,MAP3K4,5.0
11712649,MAP3K4,5.0
11485656,CDK8,7.022276394711152
24180719,KIT(V559D),7.42021640338319
9926054,BIKE,5.0
11626560,IGF1R,6.107905397309519
216239,PAK4,5.0
24889392,PLK1,5.0
123631,RIPK2,6.275724130399211
3081361,ROS1,5.0
11364421,FLT3,5.0
10074640,PAK7,5.0
10461815,CDC2L5,5.0
16725726,RIOK3,5.0
5287969,ABL1(Q252H)p,5.920818753952375
11712649,TESK1,5.0
5287969,MST1,5.0
9926791,EPHB3,5.0
25127112,ADCK3,5.0
25243800,ASK2,5.0
11338033,MAP3K4,5.0
11626560,BIKE,6.130768280269024
5291,S6K1,5.0
9926054,ABL1(T315I)p,5.0
9929127,MAP4K2,5.0
16038120,ERK8,6.6777807052660805
3025986,FYN,5.0
10113978,PIK3C2G,5.0
11364421,EGFR(L861Q),5.568636235841013
11626560,SGK3,5.0
9933475,PIK3CA(E542K),5.0
5329102,CSNK1A1L,6.259637310505756
11984591,PDPK1,6.920818753952375
11427553,NEK7,6.6777807052660805
24889392,MYLK,5.0
5287969,PIM3,6.221848749616356
10074640,DLK,5.0
3062316,SLK,6.142667503568732
11234052,CDK7,5.0
10113978,TNIK,6.508638306165728
11338033,SRPK1,5.0
11656518,BMX,5.0
17755052,MARK1,5.0
11626560,DCAMKL1,6.481486060122113
6450551,MLK1,5.522878745280337
25127112,CDC2L1,5.0
11712649,PIP5K1C,5.0
11409972,p38-gamma,7.537602002101044
9915743,PRP4,5.0
11234052,TXK,5.0
6450551,GRK7,5.0
126565,RIPK2,6.1938200260161125
11427553,PHKG1,6.6777807052660805
11338033,SGK3,5.0
9926054,NIM1,5.0
3062316,PIK3CA(M1043I),5.0
3038525,NEK5,5.0
16007391,PRKR,5.0
6450551,CLK4,5.0
10184653,KIT(L576P),5.0
11409972,PCTK1,6.376750709602099
3025986,PIM3,5.0
447077,LRRK2,5.1249387366083
4908365,SGK3,5.0
16722836,CDKL2,5.886056647693163
4908365,CDK7,5.0
9926054,MEK3,5.0
10184653,JNK3,5.698970004336019
11234052,PRKCE,5.0
10138260,MLK3,5.769551078621726
11626560,MAP4K3,7.1249387366083
11485656,KIT(V559D),8.769551078621726
5329102,ZAP70,5.0
16725726,NEK4,5.0
176155,BRK,5.4089353929735005
9926791,WEE2,5.0
10427712,MST2,5.0
9884685,MARK1,5.0
6918454,TYK2(JH2domain-pseudokinase),5.0
176167,ULK1,5.0
11626560,SYK,5.6020599913279625
10074640,LKB1,5.0
16038120,EPHA6,6.920818753952375
3038525,TAOK1,5.0
216239,RSK2(KinDom.1-N-terminal),5.0
11364421,TXK,5.0
10138260,IKK-epsilon,6.318758762624413
11314340,CSF1R,5.0
17755052,LYN,5.0
10427712,CSNK1G2,5.619788758288394
11667893,SRC,5.0
9933475,RSK4(KinDom.1-N-terminal),5.0
5329102,ROCK2,6.853871964321762
9929127,YES,5.0
208908,PHKG2,5.0
3038525,TIE1,5.0
11626560,PIK3CA(E545A),5.0
51004351,CDK9,5.0
11617559,SRPK3,5.0
156414,TRPM6,5.0
11617559,ABL1(Y253F),5.0
11656518,DLK,5.0
6918454,ERBB4,5.0
9926791,PLK1,5.0
11717001,AURKA,5.0
11409972,MET,5.356547323513813
16722836,STK36,6.060480747381382
3038522,PIP5K2B,5.0
4908365,ERK8,5.0
17755052,LATS1,5.0
11656518,ULK2,5.0
3062316,RSK2(KinDom.1-N-terminal),5.0
5494449,CASK,5.0
126565,JNK3,7.920818753952375
10184653,ABL1(M351T),5.920818753952375
208908,BMPR1A,5.0
9809715,EGFR(L861Q),5.0
6918454,ULK2,5.0
3081361,BRSK1,5.0
5494449,JAK2(JH1domain-catalytic),6.721246399047171
10427712,SgK110,5.0
3038522,PIK3CA(C420R),5.0
25127112,EPHA3,5.214670164989233
5494449,RPS6KA5(KinDom.1-N-terminal),5.0
11626560,PIK3CB,5.0
11712649,HPK1,5.0
6918454,TNIK,5.0
16038120,DCAMKL2,7.795880017344075
151194,FER,5.0
156422,STK35,5.0
11409972,FLT1,7.0655015487564325
10184653,LTK,5.0
9926054,LKB1,5.0
16722836,KIT(V559D-T670I),5.823908740944319
4908365,ABL1,6.173925197299174
11409972,STK36,5.886056647693163
9926054,HCK,5.0
10074640,MAP4K5,5.0
42642645,CDKL1,5.0
16725726,CSF1R,5.0
447077,SLK,5.431798275933005
176155,ULK2,5.0
9884685,RET,5.0
11667893,ADCK4,5.0
208908,KIT(V559D),5.0
11717001,ZAP70,5.0
176870,NEK5,5.0
176870,SRPK1,5.0
176167,LTK,5.0
151194,ACVR2A,5.0
126565,OSR1,5.096910013008056
11626560,LIMK1,6.080921907623926
11338033,KIT(A829P),5.0
42642645,TYK2(JH2domain-pseudokinase),5.0
10138260,TAOK1,5.920818753952375
44259,PIK3CA(H1047Y),5.0
16725726,ERN1,5.0
11427553,RSK3(KinDom.2-C-terminal),5.1249387366083
9933475,EGFR(L858RT790M),5.130768280269024
11364421,TNIK,5.0
3025986,PLK2,5.0
11364421,MST1R,5.0
176167,KIT,5.0
25243800,TNNI3K,6.055517327849832
10184653,IKK-beta,5.0
11984591,STK36,6.638272163982407
10113978,MEK3,5.0
151194,CSNK1E,5.0
123631,PRKCD,5.0
10184653,CSNK1E,5.886056647693163
208908,ABL1(Y253F),5.0
42642645,DYRK1A,5.0
9884685,EPHB4,5.0
11234052,S6K1,5.0
5329102,ANKK1,6.508638306165728
216239,CHEK2,5.0
5329102,TAOK3,6.6777807052660805
44150621,STK33,5.0
10113978,PDGFRA,8.309803919971486
644241,PIM1,5.0
16725726,BRAF(V600E),5.0
11626560,HCK,5.0
156422,PLK3,5.0
176870,LCK,6.6020599913279625
25127112,MEK2,5.3979400086720375
176870,ABL1(T315I)p,7.229147988357856
10127622,FGFR1,5.0
25127112,TLK2,5.0
10184653,TBK1,5.0
5494449,EPHA7,5.0
11338033,CLK3,6.431798275933005
11984591,ERBB3,5.0
5494449,PFCDPK1(Pfalciparum),5.0
11626560,TYK2(JH1domain-catalytic),6.6777807052660805
4908365,NEK5,5.0
44259,MLCK,6.853871964321762
25243800,PIP5K2C,6.107905397309519
25243800,YANK1,6.161150909262744
11409972,EPHA2,6.795880017344075
11667893,ACVR2B,5.0
11234052,FGFR3(G697C),6.823908740944319
24180719,QSK,5.0
9926054,VEGFR2,5.0
123631,CLK4,5.0
10074640,ULK1,5.0
11712649,EGFR(L861Q),5.0
11314340,ANKK1,5.0
10127622,MST2,5.0
24779724,MYO3A,5.0
11314340,NEK6,5.0
11427553,SIK,6.173925197299174
25127112,TAOK2,6.508638306165728
11234052,TLK1,5.0
11984591,CTK,5.0
10113978,ABL1(Q252H)p,6.275724130399211
10127622,ANKK1,5.0
11234052,FAK,5.0
25127112,ABL1(H396P),5.958607314841775
126565,MAK,5.769551078621726
10461815,PFTK1,5.886056647693163
24889392,PIP5K2B,5.0
216239,PIP5K1C,5.0
3038525,IRAK1,5.0
10138260,BRAF(V600E),5.0
4908365,RSK1(KinDom.2-C-terminal),5.0
44259,BRSK2,8.455931955649724
208908,GSK3A,5.0
5329102,DYRK1A,6.698970004336019
17755052,FGFR3,5.0
176870,ERK2,5.0
11712649,PKMYT1,5.0
176870,STK16,5.0
151194,MAP3K4,5.0
11338033,DAPK3,5.0
24779724,EGFR(T790M),5.0
10184653,FAK,5.0
11617559,RSK1(KinDom.2-C-terminal),5.0
11656518,FGFR1,5.327902142064283
6918454,DYRK1A,5.0
24180719,ACVR1B,5.0
11656518,EGFR(L858R),5.0
25243800,STK16,5.3979400086720375
9926054,PIP5K2C,5.0
208908,MERTK,5.0
208908,ULK2,5.0
16722836,MAP4K4,5.0
25127112,NIM1,5.0
3038522,LATS1,5.0
24779724,RSK2(KinDom.1-N-terminal),5.0
10113978,FGR,5.795880017344075
44150621,CAMK4,5.0
10427712,TAOK2,5.0
176870,BTK,5.0
44259,PAK1,9.244125144327509
4908365,p38-alpha,5.0
10461815,GRK1,5.958607314841775
51004351,EGFR(L747S752del),5.769551078621726
10127622,RIPK4,5.0
6918454,TIE1,5.0
123631,CAMK1,5.0
5494449,MAP4K3,6.537602002101044
42642645,FLT3(D835H),8.853871964321762
9926054,RET(V804L),5.0
51004351,CLK2,6.0655015487564325
10127622,MAPKAPK5,5.0
11364421,RET(M918T),5.0
3025986,CAMK2D,5.0
16038120,RIOK3,5.455931955649724
44150621,MYLK,5.455931955649724
4908365,MINK,7.091514981121351
11409972,CDKL1,7.886056647693163
11984591,ACVR1B,5.958607314841775
11485656,MARK1,5.0
11409972,YANK3,5.0
16007391,CSNK1G3,5.0
11234052,TESK1,5.0
447077,IKK-beta,5.0
10427712,S6K1,5.0
11712649,TNIK,5.0
3038525,MARK4,5.0
25127112,ERBB3,5.0
5287969,DDR2,5.0
44150621,HIPK2,6.301029995663981
9926791,LYN,5.0
9926054,TYRO3,5.0
10184653,RIOK3,5.0
5494449,ABL1p,8.1249387366083
3025986,AURKA,5.130768280269024
11409972,CSNK1G1,6.0
16038120,MAP4K2,6.721246399047171
16007391,AMPK-alpha1,5.0
11338033,MAP4K2,5.0
3038522,PAK4,5.0
4908365,ABL1(H396P),6.552841968657781
6918454,TEC,5.0
3081361,PIK3CA(C420R),5.0
10461815,ABL1(Q252H),5.0
156414,NEK2,5.0
176155,EGFR(L747S752del),5.795880017344075
44150621,PHKG1,6.1938200260161125
9809715,PIK3CA(M1043I),5.0
44259,ABL1(F317L)p,7.337242168318426
11485656,JNK1,5.0
153999,CAMK2G,5.10790539730952
3038525,PKN2,5.0
3062316,FLT3(N841I),5.154901959985743
24889392,DDR2,5.958607314841775
176870,EPHA7,5.853871964321762
3081361,ABL1(T315I),6.823908740944319
11984591,PKNB(Mtuberculosis),7.468521082957745
11234052,PHKG2,5.0
123631,PCTK2,5.0
5291,MAP3K4,5.0
11338033,FAK,5.0
644241,GCN2(KinDom2S808G),5.0
176870,FLT3(R834Q),5.0
9933475,FLT3(R834Q),5.0
156422,ROCK2,5.0
3081361,NEK4,5.0
11427553,ZAK,6.236572006437063
126565,JNK1,7.958607314841775
176870,SRPK3,5.080921907623926
10113978,ALK,5.657577319177793
176155,AURKC,5.0
11409972,BLK,7.522878745280337
4908365,RIPK1,6.619788758288394
644241,LZK,5.0
11427553,ADCK4,5.0
25127112,ERK4,5.0
6918454,PIK3CA(H1047Y),5.0
11712649,TRKC,5.0
123631,RPS6KA4(KinDom.2-C-terminal),5.920818753952375
11712649,EPHA1,5.744727494896694
51004351,GSK3B,5.744727494896694
156422,SRPK3,5.0
447077,EGFR(T790M),5.0
176155,SRPK1,5.0
16038120,ARK5,7.886056647693163
16007391,PDGFRA,7.42021640338319
11409972,PRP4,5.0
24779724,MEK5,5.0
5291,MRCKA,5.0
9915743,SgK110,5.0
44259,ACVR1B,6.167491087293763
9884685,GRK4,5.0
11717001,RET(M918T),5.0
9809715,SRMS,5.0
176155,DRAK1,5.0
153999,PIM1,6.568636235841013
10138260,MST1,6.886056647693163
10074640,SRPK1,5.0
3025986,ABL1(Y253F),5.0
216239,EGFR(L858R),5.0
3081361,CHEK1,5.0
3025986,ERK1,5.0
9926791,TNNI3K,5.0
5329102,CDKL2,5.958607314841775
208908,YES,5.0
208908,TYK2(JH2domain-pseudokinase),5.0
9926791,RSK1(KinDom.2-C-terminal),5.853871964321762
11712649,HIPK2,5.0
9926054,PFTAIRE2,5.0
16007391,BRSK2,5.0
3038525,CLK4,5.0
6918454,MRCKA,5.0
5287969,STK36,5.0
3081361,FGFR4,5.638272163982407
25243800,PAK3,5.0
126565,MYO3A,6.585026652029182
123631,MYLK4,5.0
5291,IRAK4,5.0
24889392,EPHA5,5.0
10113978,S6K1,5.0
447077,HIPK1,5.0
151194,MINK,5.0
176167,MLK3,5.0
3038522,NEK1,5.0
11667893,MRCKB,5.0
11234052,KIT(L576P),7.267606240177032
156414,PCTK1,5.0
5291,CDK5,5.0
11617559,EPHB3,5.0
10138260,MYO3A,5.853871964321762
176155,FLT3(D835Y),5.0
11667893,MUSK,5.0
123631,PIK3C2G,5.0
44259,ROCK1,9.55284196865778
9884685,CDK8,5.0
3038525,MRCKB,5.0
24889392,NEK11,5.0
17755052,MAP4K3,5.0
156422,CSNK1G2,5.0
16722836,AMPK-alpha1,5.619788758288394
5328940,NEK1,5.0
16038120,ABL1(Q252H),7.4089353929735005
16038120,JNK1,6.795880017344075
44150621,PIM2,5.0
44150621,MAP3K3,5.0
10074640,HPK1,5.0
5494449,PYK2,5.585026652029182
25243800,ABL1(T315I)p,6.920818753952375
5291,HCK,5.0
156422,p38-beta,8.142667503568731
25243800,KIT(D816H),5.455931955649724
44259,TBK1,9.050609993355089
5328940,AKT3,5.0
5287969,CSNK2A1,5.0
10074640,CIT,5.0
10427712,ERK1,5.0
208908,JNK3,5.0
9933475,FER,5.0
10138260,MAPKAPK5,5.552841968657781
25127112,MEK5,5.0
151194,MAP4K3,5.0
25127112,TAOK1,5.886056647693163
9809715,DDR1,7.920818753952375
9926791,ICK,5.0
11626560,PIK4CB,5.0
16725726,CDK7,5.0
24889392,PFPK5(Pfalciparum),5.0
11485656,p38-delta,5.0
6918454,PRP4,5.0
11314340,MAST1,5.0
3038522,CDC2L1,5.0
24889392,MET(M1250T),5.0
4908365,LYN,5.795880017344075
24180719,EGFR(L861Q),5.0
151194,ABL1(F317I),5.0
11717001,ICK,5.0
3081361,CDK9,5.0
6450551,DMPK,5.0
9933475,PAK2,5.0
5329102,DCAMKL1,6.431798275933005
10113978,MYO3B,5.0
11485656,PKAC-beta,5.0
123631,PKAC-beta,5.0
5287969,MAP4K3,5.346787486224656
10113978,DYRK2,5.0
10461815,EPHA5,5.0
25127112,CLK1,5.0
11984591,AKT1,5.0
44259,MLK1,8.0
5287969,RSK3(KinDom.1-N-terminal),5.366531544420414
9929127,PAK4,5.0
5291,EPHB4,5.0
5329102,AMPK-alpha2,7.050609993355088
3062316,ASK1,5.0
10427712,NEK5,5.0
44259,TNNI3K,6.0
176167,QSK,5.0
11427553,SgK110,6.638272163982407
11617559,RSK4(KinDom.1-N-terminal),5.0
176870,CDK4-cyclinD1,5.0
5287969,CHEK1,5.0
24180719,ICK,5.0
6450551,CAMKK1,5.853871964321762
9884685,MARK4,5.0
4908365,PAK7,6.3872161432802645
17755052,NDR1,5.0
126565,BRAF,5.0
11485656,PIP5K2B,5.0
11427553,NEK1,5.508638306165728
9926054,NEK1,5.0
6450551,PDGFRA,9.292429823902063
156414,PIK3CA(E542K),5.0
123631,ASK1,5.0
4908365,EGFR(L747T751del),5.0
11717001,MST4,5.0
123631,PRKCQ,5.0
9884685,RSK1(KinDom.2-C-terminal),5.0
17755052,MYLK,5.0
10074640,EPHB1,5.0
156414,JAK1(JH2domain-pseudokinase),5.0
3062316,GRK7,5.0
42642645,HIPK1,6.376750709602099
4908365,CDK8,5.0
25127112,GRK4,5.214670164989233
25243800,MYO3B,5.6777807052660805
11427553,PRP4,6.568636235841013
4908365,TAOK3,5.657577319177793
11427553,CAMK1G,5.6777807052660805
11314340,MAP3K15,5.0
3038522,BRAF,5.0
5291,EPHA5,5.0
216239,MLK1,5.0
11234052,TYRO3,5.0
11712649,PFTK1,5.0
176870,WEE2,5.0
11617559,ACVR2A,5.0
9933475,MST1R,5.537602002101044
208908,CSNK1A1L,5.0
16038120,NIM1,5.585026652029182
156414,DRAK2,5.136677139879544
153999,DRAK2,5.0
11617559,PAK1,5.0
3062316,DAPK3,5.0
3025986,VEGFR2,5.0
216239,CDK9,5.0
11364421,FER,5.0
208908,FGFR1,5.0
156414,KIT(A829P),6.154901959985743
9884685,p38-delta,5.0
11364421,JNK1,5.0
3038525,EPHB6,5.0
11314340,BMPR1A,5.0
51004351,NEK11,5.0
11314340,ERK1,5.0
644241,EPHB3,6.0
24889392,EIF2AK1,5.0
10074640,ABL1,8.67778070526608
16038120,PYK2,8.958607314841775
156414,SGK3,5.0
9933475,EPHA5,5.0
126565,SLK,7.455931955649724
5291,ADCK4,5.0
11364421,MAP4K4,5.0
153999,MAP4K4,5.0
11485656,CDKL2,5.0
9884685,PRKG2,5.0
3038525,ABL1,5.0
10127622,TYRO3,5.0
151194,ERK2,5.0
17755052,GSK3B,5.0
24180719,PIK3CA,5.0
11314340,ABL2,5.0
447077,HIPK3,5.0
156422,NEK9,5.0
3025986,NDR1,5.0
11427553,NEK9,6.2839966563652006
10184653,ABL2,5.0
176167,DCAMKL2,5.0
11485656,EPHA7,6.958607314841775
5291,MAPKAPK5,5.0
16038120,FES,8.318758762624412
156414,SLK,5.744727494896694
24779724,PKN1,5.0
11234052,MEK6,5.0
644241,LRRK2,5.0
3038522,QSK,5.0
123631,CTK,5.0
16007391,CAMK1D,5.0
11338033,PDGFRB,5.0
16725726,EGFR(L858RT790M),5.0
11364421,EGFR(L747T751del),5.318758762624413
3081361,MST2,5.0
156422,NIM1,5.0
156414,EPHA6,6.568636235841013
5328940,TYK2(JH2domain-pseudokinase),5.346787486224656
10427712,CIT,5.0
11409972,RIOK1,5.0
3081361,CAMK2A,5.0
10184653,RPS6KA4(KinDom.2-C-terminal),5.0
10427712,AAK1,6.060480747381382
3025986,PAK2,5.0
11656518,LCK,6.1938200260161125
9915743,PKN1,5.0
10461815,CAMK1G,5.0
123631,NLK,5.376750709602099
151194,STK39,5.0
3025986,ERBB3,5.0
11656518,CAMK2G,5.0
208908,ABL1(T315I)p,5.0
10138260,PIK3CA(E545A),5.0
9809715,PKAC-beta,5.0
9933475,PRKD1,5.0
3081361,PIK3C2G,5.0
9926054,ABL1p,5.0
123631,FLT3(K663Q),5.292429823902063
126565,GRK1,7.619788758288394
126565,PIK3CB,5.173925197299174
11667893,PIK3CA(C420R),5.0
10074640,MAP4K4,5.0
25127112,MAK,5.0
644241,CAMK1G,5.0
11409972,QSK,5.0
24180719,RSK4(KinDom.2-C-terminal),5.0
25127112,JNK1,5.318758762624413
11712649,TBK1,5.0
10461815,GSK3A,5.0
11712649,ALK,5.0
6450551,SRPK2,5.0
42642645,EGFR(E746A750del),6.508638306165728
5287969,p38-gamma,5.0
24180719,HUNK,5.0
9884685,ERK3,5.0
11667893,FLT4,8.013228265733755
5494449,CDK3,5.0
16722836,MST1R,5.0
16007391,TAOK3,5.0
11717001,DYRK1B,5.0
5291,CAMK4,5.0
24779724,FGFR3(G697C),5.0
24889392,PRKD2,5.0
5328940,FGR,8.200659450546418
11667893,MARK4,5.0
3038522,MST3,5.0
10461815,CIT,5.0
11712649,MEK4,5.0
11712649,AKT3,5.0
11338033,GSK3A,7.638272163982407
3025986,MAP3K3,5.0
24779724,ERBB2,5.0
447077,NEK6,5.0
5329102,ABL1(F317I)p,6.050609993355088
3038525,ARK5,5.0
5494449,PIM2,5.0
11364421,NDR1,5.0
11712649,CAMK1G,5.0
3062316,MLK2,5.0
4908365,MST2,6.795880017344075
25243800,ITK,5.0
5287969,DYRK1A,7.113509274827519
156414,MAK,5.0
11626560,PIK3C2B,5.0
24889392,LTK,5.0
9929127,JNK1,5.0
9915743,FLT1,5.0
644241,TAK1,5.0
17755052,FLT3(ITD),5.657577319177793
9809715,DAPK1,5.0
6450551,LOK,5.920818753952375
10113978,SRPK2,5.0
11626560,IKK-alpha,5.0
5287969,PKNB(Mtuberculosis),5.0
16038120,CDKL5,5.0
5329102,GRK7,6.744727494896694
3038525,GSK3B,5.0
16007391,EGFR(G719S),6.769551078621726
10461815,ABL1,5.585026652029182
9933475,ULK3,5.0
11984591,TRKB,6.045757490560675
24180719,YANK2,5.0
11409972,RSK4(KinDom.1-N-terminal),5.0
9809715,ROCK1,5.0
24180719,CLK4,5.0
447077,SRPK3,5.0
24779724,SNARK,5.0
10138260,FRK,5.744727494896694
11364421,ERBB3,5.0
42642645,ULK2,5.0
5287969,EGFR(L858R),5.769551078621726
11984591,JAK2(JH1domain-catalytic),8.455931955649724
11364421,CLK2,6.337242168318426
11667893,PIK3CA(Q546K),5.0
6918454,TAOK3,5.0
10184653,EPHA7,5.0
11617559,EPHB4,5.0
10461815,FER,5.0
11409972,NEK1,5.2839966563652006
11314340,YANK2,5.0
11667893,ABL1(Q252H),6.173925197299174
4908365,CSNK2A1,5.0
11712649,TYK2(JH1domain-catalytic),5.0
11485656,FLT3(N841I),8.585026652029182
176167,NIM1,5.0
3062316,BMPR1B,7.275724130399211
6918454,PIK3C2G,5.0
9915743,STK39,5.0
11427553,MST1R,6.091514981121351
11485656,KIT(V559D-V654A),7.67778070526608
16038120,DAPK3,5.657577319177793
9933475,ASK2,5.0
17755052,ABL1(H396P)p,5.0
6450551,FLT4,6.769551078621726
10427712,HIPK4,5.0
11626560,ABL1p,6.958607314841775
11314340,CSNK2A1,5.259637310505756
156422,EGFR(L858RT790M),5.0
25243800,KIT(V559D),6.585026652029182
176870,p38-beta,5.0
9884685,MAP4K3,5.0
10138260,BRSK2,5.3872161432802645
644241,PCTK2,5.0
447077,DDR2,7.920818753952375
11314340,CDKL5,6.698970004336019
10427712,SYK,5.0
6450551,CLK3,5.0
11712649,KIT(A829P),5.0
11617559,PLK3,5.0
3025986,TNIK,5.0
10138260,SgK110,5.301029995663981
4908365,PIK3CA(E545A),5.0
17755052,AURKC,5.0
5291,RIOK1,5.0
25243800,PKN1,5.0
11712649,PRKCH,5.0
3025986,CAMKK2,5.0
16007391,EPHB4,5.0
16722836,CDC2L1,5.0
5328940,PRKCH,5.0
3038525,RET(V804M),5.0
11656518,PRKCH,5.0
9926054,HIPK1,5.0
10138260,GRK4,6.431798275933005
10461815,WEE2,5.0
44150621,AURKB,6.552841968657781
5291,AAK1,5.0
16007391,PCTK1,5.200659450546419
11427553,PAK2,5.568636235841013
9926791,MYLK2,5.0
24180719,CAMK1D,5.0
5287969,ERK4,5.0
5287969,SIK2,5.0
11717001,MLCK,5.0
3025986,FGFR4,5.0
151194,EGFR(L747T751del),5.0
6918454,PRKR,5.0
11409972,KIT(L576P),8.67778070526608
447077,PLK4,5.0
44150621,JAK2(JH1domain-catalytic),6.886056647693163
42642645,CSNK1D,5.0
3038522,MAP3K15,5.0
10184653,TESK1,5.0
216239,LOK,6.823908740944319
10461815,PRKCQ,5.0
5328940,EPHA8,8.045757490560675
42642645,p38-delta,7.267606240177032
11314340,FLT3(R834Q),5.744727494896694
3038525,HCK,5.0
25127112,GSK3A,5.0
176870,NEK7,5.0
11314340,TLK1,5.0
16007391,DDR1,5.744727494896694
5291,GCN2(KinDom2S808G),5.0
42642645,CDK4-cyclinD1,5.0
44150621,CSNK1G2,5.0
11234052,MEK5,5.508638306165728
25243800,MST3,5.0
24889392,EGFR(L858RT790M),5.0
6450551,DCAMKL2,5.0
176870,TLK1,5.0
11984591,ABL1,6.275724130399211
644241,NEK11,5.0
3038525,PHKG1,5.0
42642645,FGFR3(G697C),5.795880017344075
3062316,MAP3K3,6.552841968657781
3025986,CDK5,6.130768280269024
3038522,DYRK1B,5.0
11409972,PRKCD,5.0
3062316,AURKC,5.0
16038120,ICK,5.3979400086720375
10074640,MTOR,5.0
156422,JAK1(JH2domain-pseudokinase),5.0
11314340,MET,5.0
156422,DLK,5.0
25127112,QSK,5.886056647693163
126565,TRPM6,5.0
3081361,FGFR1,6.251811972993799
11409972,CDC2L2,5.958607314841775
25243800,PIK3C2G,6.823908740944319
11409972,KIT(V559D-V654A),7.0
25127112,CSNK1G3,5.0
25127112,NEK9,5.0
176167,PRKCH,7.337242168318426
11485656,NLK,5.0
10461815,FLT3(R834Q),5.337242168318426
3081361,FLT3(D835Y),6.080921907623926
16725726,TESK1,5.0
10184653,FLT3(D835Y),5.853871964321762
16038120,MST4,6.292429823902063
9933475,BRK,6.251811972993799
156422,PDGFRA,5.920818753952375
9926791,BTK,5.0
9809715,NEK1,5.0
11409972,PCTK3,7.267606240177032
5494449,PIM3,5.0
44259,FLT3(K663Q),8.481486060122112
24180719,CAMK2G,5.0
11656518,BTK,5.0
10184653,ACVR2A,5.0
11717001,LRRK2,5.0
25127112,NDR2,5.0
5291,SRPK3,5.0
44150621,CHEK2,5.0
5287969,ABL1(F317L),5.6020599913279625
51004351,MEK4,5.318758762624413
11712649,MET,5.0
6918454,MAP4K5,5.0
11234052,PCTK1,5.0
16725726,PIK3CG,5.0
5328940,DAPK1,5.0
3025986,MAPKAPK5,5.0
11656518,HUNK,5.0
44150621,HIPK1,5.376750709602099
44259,DAPK1,8.853871964321762
176870,MAP4K3,5.0
5494449,SRMS,5.0
42642645,BTK,7.119186407719209
5287969,GCN2(KinDom2S808G),5.0
9809715,MLCK,6.958607314841775
123631,DDR2,5.0
6450551,PIK3C2G,5.0
11338033,MLK1,5.0
3081361,ERBB2,5.585026652029182
11409972,TLK2,5.0
10138260,PHKG2,7.0
24779724,MUSK,5.0
5287969,ABL1p,5.823908740944319
10138260,FGFR3(G697C),6.42021640338319
9809715,PIK3CA(C420R),5.0
156422,HIPK3,5.0
24779724,JAK1(JH1domain-catalytic),5.0
6450551,EGFR(L747E749del),5.0
156422,PIK3CA(H1047Y),5.0
24180719,CDK5,5.0
51004351,TGFBR1,5.0
3038525,CAMK1D,5.0
11667893,BIKE,5.0
11338033,BRSK1,5.0
644241,MEK4,5.0
123631,ACVR2B,5.0
3038522,PIK3CA(H1047L),5.0
176870,ACVR1,5.0
176870,MELK,5.0
123631,FGFR4,5.0
10113978,LTK,5.167491087293763
10113978,PIK3CA(I800L),5.0
10074640,STK16,5.0
6450551,FAK,5.0
447077,MLK3,6.259637310505756
42642645,MAPKAPK5,5.0
16038120,PIK3CG,5.0
16007391,PKN1,5.0
42642645,p38-beta,6.119186407719209
9929127,PIK3CA(E542K),5.0
11626560,EGFR(T790M),5.0
11427553,PIK3CD,5.0
10184653,SRMS,5.0
3038522,ABL1(F317L),5.0
44150621,PRKG1,5.0
11667893,MAP3K2,5.161150909262744
11667893,NEK9,5.0
11314340,HPK1,5.0
11984591,BRK,6.443697499232713
447077,SNRK,5.0
9915743,TAOK2,5.0
24180719,EGFR(L858RT790M),5.0
216239,STK35,5.0
9884685,PIK3CA(E542K),8.853871964321762
24889392,SRMS,5.0
9926054,EGFR(T790M),5.0
5328940,CSNK1E,6.958607314841775
11667893,PCTK3,5.0
11364421,RPS6KA4(KinDom.2-C-terminal),7.920818753952375
9933475,ACVR1B,5.823908740944319
151194,PRKCH,5.0
153999,LTK,5.0
5329102,EIF2AK1,5.0
51004351,p38-beta,5.0
10184653,EGFR(L747T751del),9.920818753952377
25243800,DDR2,5.214670164989233
17755052,CDKL3,5.0
3038525,SLK,5.0
3038525,CAMK2D,5.0
5291,PAK1,5.0
6918454,ACVR2A,5.0
9809715,NEK5,5.0
11717001,ERN1,5.0
3038525,FGFR3,5.0
42642645,KIT(D816H),7.443697499232713
216239,TAOK2,6.267606240177032
5287969,CDKL5,8.148741651280925
11314340,MST1,5.0
10184653,CDK2,5.0
5329102,NEK6,5.0
10074640,IRAK3,5.0
11427553,RSK1(KinDom.2-C-terminal),5.0
6450551,CDC2L5,5.0
44259,MLK2,7.2839966563652
16038120,PRKD2,6.795880017344075
11984591,TIE1,7.119186407719209
11427553,CSF1R,6.920818753952375
216239,TGFBR2,5.161150909262744
5291,PIK3CA(M1043I),5.0
3038522,AXL,5.200659450546419
10184653,NIM1,5.0
9809715,CAMK1G,6.585026652029182
10461815,PAK7,5.585026652029182
11485656,EPHA3,5.455931955649724
3025986,AXL,5.0
3038525,ACVR2A,5.0
10127622,CSF1R,5.0
5494449,CDK7,5.0
11667893,SRPK3,5.0
11485656,LIMK1,5.0
11984591,ACVR2B,5.0
216239,p38-delta,5.180456064458132
11314340,GRK4,5.853871964321762
11314340,BRSK2,5.0
176155,PIK3CD,5.0
6918454,ABL1(T315I),5.0
156414,TTK,5.0
9926054,CAMK1D,5.0
51004351,EGFR(T790M),8.008773924307505
153999,MAPKAPK2,5.0
9915743,RIOK1,5.0
5494449,BMX,5.585026652029182
9929127,FGFR4,5.0
123631,HIPK1,5.0
10138260,BLK,6.1249387366083
9933475,TBK1,5.0
25127112,TNNI3K,5.0
11617559,ABL1(T315I),5.0
10138260,AKT1,5.0
11409972,PIK3CA(Q546K),5.0
24889392,S6K1,5.0
11717001,PFCDPK1(Pfalciparum),5.0
5291,ABL1(F317L)p,6.958607314841775
5328940,PRKCI,5.0
5328940,MAP4K5,9.30102999566398
44259,MELK,7.481486060122113
9929127,MAP3K2,5.0
9929127,MRCKA,5.0
10074640,CSNK1G2,5.0
11427553,NEK11,5.0
3038522,HUNK,5.0
3025986,ABL2,5.0
3038522,ABL1(M351T),5.0
10074640,TEC,5.0
156414,AMPK-alpha2,5.0
51004351,MEK5,5.0
25243800,CDC2L1,5.0
11712649,ERK5,5.0
11712649,STK33,5.0
11314340,FLT4,5.0
24779724,ACVR1,5.0
208908,BRSK1,5.0
9926791,EPHB2,5.0
9915743,TRKC,5.0
5328940,IRAK4,6.443697499232713
44150621,GSK3A,5.0
216239,CSK,5.0
3025986,CSNK1A1,6.0
11314340,MINK,7.0
3081361,KIT(L576P),6.853871964321762
11314340,ACVRL1,5.0
11314340,PRKX,7.013228265733755
11617559,ABL1(Q252H),5.0
24180719,MEK5,9.795880017344077
9933475,DDR1,8.769551078621726
9933475,BRSK2,5.0
11717001,MAP3K3,5.0
9929127,NDR2,5.0
9809715,PRKD2,6.142667503568732
44150621,TAOK1,5.0
176870,MTOR,5.0
10113978,SRPK1,5.0
11667893,PKAC-alpha,5.0
5494449,ABL1(H396P),8.481486060122112
10427712,FLT1,5.0
16722836,MTOR,5.0
11626560,SRMS,5.0
11667893,MEK1,5.0
16038120,CAMK1G,5.522878745280337
3062316,MYO3B,5.0
153999,ROCK1,5.0
24779724,MEK4,5.0
10074640,PLK2,5.0
6918454,IRAK3,5.0
3038525,IRAK3,5.0
10461815,RET(V804M),6.292429823902063
11656518,LRRK2,5.0
25243800,BRAF(V600E),5.795880017344075
151194,AAK1,5.0
5494449,YSK1,5.318758762624413
11617559,PRKG1,5.0
11427553,MLK3,6.638272163982407
176870,MEK6,5.0
16038120,MAP3K15,6.096910013008056
44150621,CDKL3,5.0
9926791,PRKG2,5.0
176870,CDKL3,5.0
6918454,CAMK2A,5.468521082957745
9929127,AMPK-alpha1,5.0
11409972,CAMK1D,5.356547323513813
9929127,PIK3C2B,5.0
11717001,PAK2,5.0
11485656,FER,5.0
11314340,PRKG2,7.721246399047171
11626560,PIK3CA(E542K),5.0
5291,PCTK1,5.0
11485656,RIPK1,5.552841968657781
11485656,PKAC-alpha,5.161150909262744
9929127,BRSK2,5.0
24889392,ABL1(Q252H)p,5.0
156422,PIK3C2B,5.0
25127112,PIP5K1C,5.0
24779724,PIK3CA(E545A),5.0
10113978,PCTK2,5.0
208908,CDK9,5.0
9884685,PCTK1,5.0
5329102,PRKCD,5.0
644241,IRAK3,5.0
16038120,FGFR3,7.022276394711152
11717001,CDK5,5.0
16038120,ABL1(H396P),7.136677139879544
9884685,FGFR1,5.0
17755052,GRK7,5.0
11338033,PRP4,5.0
16038120,MST3,5.537602002101044
11626560,CSNK2A1,5.0
11338033,PKAC-alpha,5.0
156422,PYK2,6.00436480540245
11409972,LOK,9.036212172654444
5291,PIK3CA(H1047L),5.0
644241,AAK1,5.0
447077,PKMYT1,7.356547323513813
11314340,ABL1(F317L),5.0
644241,DAPK3,5.0
208908,MAP3K4,5.0
5328940,PCTK2,5.0
208908,MYO3A,5.0
10138260,ACVRL1,5.0
10127622,SYK,5.0
5287969,HUNK,5.0
11667893,CAMK1,5.0
9915743,CSNK1E,6.537602002101044
6918454,RET(M918T),5.0
5329102,PRKD3,6.552841968657781
10427712,IKK-alpha,5.0
11364421,RIPK1,5.0
10113978,MKNK1,5.0
11984591,RSK3(KinDom.2-C-terminal),5.0
10184653,SGK3,5.0
11712649,JAK1(JH2domain-pseudokinase),5.0
24889392,PRKCQ,5.0
10184653,PIM3,5.0
25127112,PRP4,5.0
176167,ANKK1,5.0
6450551,TRKA,5.744727494896694
11409972,TAOK1,7.537602002101044
44150621,EGFR(L747E749del),5.0
126565,ALK,7.1487416512809245
11485656,MAP3K15,5.0
11314340,FAK,5.0
3038525,PKAC-beta,5.0
153999,PYK2,5.0
11485656,LKB1,5.0
11427553,MEK6,6.086186147616283
11617559,TAOK3,5.0
9884685,BMPR1B,5.0
3081361,YANK2,5.0
9933475,LIMK2,5.0
9884685,CLK2,5.259637310505756
9926791,DYRK2,5.0
3038525,TSSK1B,5.0
11338033,LYN,5.0
11712649,PIK4CB,5.0
11656518,FAK,5.0
9809715,YES,7.096910013008056
3038522,ACVR2A,5.0
9915743,ABL1(F317I),5.0
6450551,FLT3(D835Y),6.568636235841013
153999,NEK9,5.0
11234052,RSK3(KinDom.2-C-terminal),5.0
6918454,MST3,5.0
216239,RSK3(KinDom.2-C-terminal),5.0
11626560,HUNK,5.0
10427712,CDC2L1,5.0
6450551,BMPR1A,5.0
3025986,TESK1,5.0
11984591,HPK1,5.853871964321762
16725726,ERK5,5.0
44259,RET,7.823908740944319
10427712,STK16,6.267606240177032
216239,OSR1,5.0
5287969,YSK1,5.0
3025986,ULK1,5.552841968657781
25127112,RIPK4,5.6777807052660805
24180719,MST4,5.0
3062316,FRK,9.508638306165729
44259,TIE1,7.187086643357144
24180719,EPHB2,5.0
16038120,GRK1,6.3872161432802645
6450551,VEGFR2,8.229147988357855
9933475,OSR1,5.0
6450551,MLCK,5.769551078621726
11314340,DCAMKL3,5.0
176870,CLK1,5.0
10127622,PIP5K2B,5.0
25127112,MST1R,5.0
156422,PRKD2,5.0
10113978,ABL1(F317L),5.356547323513813
126565,TESK1,6.537602002101044
24889392,FGFR1,5.0
208908,DCAMKL1,5.0
447077,MAP3K15,5.0
4908365,DAPK1,5.301029995663981
16007391,PKN2,5.0
44259,PFCDPK1(Pfalciparum),9.602059991327964
10113978,GAK,6.698970004336019
11364421,ERN1,5.0
9809715,EPHA5,5.0
11338033,ERN1,5.0
9926054,TEC,5.0
5329102,CASK,5.0
3025986,ERBB2,5.0
123631,IKK-epsilon,5.0
644241,LATS1,5.0
3038522,CDK9,5.0
16007391,PRKCI,5.0
25127112,MLCK,5.0
447077,PAK3,5.0
11984591,CDC2L1,5.0
11984591,FLT3(ITD),9.267606240177033
3038525,PIP5K2B,5.0
11712649,MAP3K15,5.0
24889392,TESK1,5.0
10127622,AMPK-alpha2,5.0
644241,ABL2,7.585026652029182
3038522,HIPK4,5.619788758288394
9915743,TGFBR2,5.0
11364421,SRMS,5.0
10461815,FGR,5.721246399047171
9915743,PLK2,5.0
5329102,PKN1,6.1487416512809245
44259,CSNK2A2,6.638272163982407
11712649,FGFR3,5.920818753952375
11984591,ARK5,7.1249387366083
644241,RET(M918T),5.958607314841775
10138260,MLCK,7.376750709602099
11427553,DLK,7.173925197299174
11234052,EGFR,5.0
9933475,EIF2AK1,5.508638306165728
16725726,PRKD3,6.00436480540245
9926791,IKK-alpha,5.0
16038120,RIPK1,5.0
3062316,MARK2,5.0
6450551,SLK,6.0
24889392,MET(Y1235D),5.0
9809715,MST1,8.045757490560675
9809715,NEK6,5.0
5287969,EGFR(L747E749del),5.638272163982407
11626560,JNK3,5.0
11984591,MTOR,5.0
11234052,PRKD1,5.0
9884685,AKT3,5.0
51004351,AKT1,6.022276394711152
11485656,PRKCQ,5.0
11338033,NIM1,5.0
9929127,EGFR(G719S),5.0
176167,MARK1,5.0
5329102,RPS6KA4(KinDom.1-N-terminal),7.017728766960432
9926054,MLK2,5.0
44150621,EGFR(L747S752del),5.0
208908,FLT3(K663Q),5.0
176155,CSNK1G1,5.0
123631,RET(V804L),5.0
10113978,CAMK2A,5.0
151194,RSK1(KinDom.1-N-terminal),5.0
11712649,MRCKA,5.0
3081361,RSK2(KinDom.1-N-terminal),5.0
9884685,PFPK5(Pfalciparum),5.0
11338033,VRK2,5.0
11364421,PKN1,5.0
11626560,CAMK2A,5.0
44259,PCTK3,6.568636235841013
4908365,TRKA,7.251811972993799
11485656,PKMYT1,5.0
208908,HIPK1,5.0
25127112,PYK2,5.0
176155,ERBB3,5.0
51004351,FER,5.920818753952375
11485656,CLK4,5.795880017344075
10461815,DLK,6.173925197299174
126565,RIPK5,8.275724130399212
123631,MEK2,5.0
16007391,FES,5.0
16722836,PKN1,5.958607314841775
9809715,CSK,5.0
10074640,MAP4K2,5.0
9915743,MRCKB,5.0
11364421,RSK3(KinDom.1-N-terminal),5.0
447077,PDPK1,5.0
156414,JAK1(JH1domain-catalytic),5.0
11427553,KIT,7.275724130399211
9926054,AURKA,5.0
447077,NDR1,5.0
9915743,ABL1(T315I),5.0
10138260,PLK2,5.0
10127622,TBK1,5.0
17755052,TGFBR2,5.0
10127622,CAMKK2,5.0
51004351,RET(V804L),7.568636235841013
16725726,PDPK1,5.0
156414,PAK6,5.0
25127112,FLT3(K663Q),5.0
10113978,MAP3K4,5.0
156422,MST2,5.0
16007391,TRPM6,5.0
24889392,CLK4,5.0
11656518,ABL1(T315I)p,5.0
11485656,PAK4,5.0
16722836,TESK1,5.494850021680094
11485656,CAMKK2,5.0
16007391,MKK7,5.0
4908365,KIT(V559D-T670I),7.4089353929735005
10127622,DDR2,5.0
6450551,BRSK2,5.0
5494449,NEK2,5.0
11409972,PIK3CA,5.0
5328940,DDR1,6.920818753952375
3081361,MLK2,5.0
9933475,MUSK,5.0
208908,MEK2,5.0
24779724,SLK,5.0
25243800,CDKL3,5.0
5329102,PIK4CB,5.0
10074640,ABL1p,7.259637310505756
25127112,SRPK1,5.6777807052660805
9933475,RSK3(KinDom.2-C-terminal),5.0
9926054,KIT(V559D),5.2441251443275085
10074640,NEK6,5.0
10127622,ROCK2,5.0
9929127,LRRK2,5.0
24779724,PRKG2,5.0
16038120,MST2,6.508638306165728
126565,PKN1,8.275724130399212
123631,PIK3CA(E542K),5.0
9915743,EGFR(L747E749del),9.214670164989233
11617559,PDPK1,5.0
11485656,ABL1(F317I),5.0
176155,PFTAIRE2,5.0
5291,SGK3,5.0
11984591,EGFR(G719C),5.0
644241,FGFR3,5.0
10127622,CDKL5,5.0
6450551,EGFR(S752I759del),5.0
11485656,ABL1(M351T),5.0
3038525,TRPM6,5.0
6450551,FGFR3,6.6777807052660805
9929127,PIM1,5.0
10127622,TLK2,5.0
9884685,CSNK1E,5.0
11364421,RIOK3,5.356547323513813
16722836,MEK6,5.0
10427712,TRKA,5.0
176155,YSK1,5.0
3062316,KIT(A829P),9.18045606445813
16038120,VRK2,5.0
156422,MET(Y1235D),5.0
176167,EGFR(L858R),5.0
3025986,MYO3A,5.0
11427553,MLK1,6.187086643357144
3062316,MKNK2,5.0
5287969,DRAK2,5.721246399047171
9809715,ACVR1B,5.309803919971486
11984591,PKN2,5.585026652029182
51004351,AKT3,5.356547323513813
208908,FGFR3,5.0
9884685,FGFR3,5.0
3062316,ANKK1,5.0
3038522,DCAMKL2,5.0
9915743,PIK4CB,5.0
42642645,RPS6KA4(KinDom.2-C-terminal),5.0
156414,ACVRL1,5.0
156414,PIP5K1A,5.0
5328940,ERBB3,9.113509274827518
9915743,LYN,6.086186147616283
11656518,CAMK2A,5.0
11717001,BMPR1A,5.0
11656518,PIK4CB,5.0
24889392,KIT(D816H),6.494850021680094
17755052,NEK6,5.0
10113978,PIM2,5.0
11984591,MEK5,7.387216143280264
9915743,NLK,5.0
10427712,DCAMKL3,5.0
5328940,RPS6KA5(KinDom.2-C-terminal),5.0
17755052,EGFR(L747S752del),5.0
11984591,FLT1,7.795880017344075
9933475,LRRK2,5.0
10427712,PKAC-alpha,5.0
3038525,ABL1(H396P)p,5.0
44259,FRK,7.346787486224656
6450551,KIT(D816H),5.376750709602099
5287969,AKT1,5.0
16722836,MAP4K5,5.0
9915743,MAP4K3,8.113509274827518
44150621,RET(V804L),7.568636235841013
176155,LZK,5.0
153999,NEK5,5.0
16722836,PKMYT1,5.0
11427553,AMPK-alpha2,6.356547323513813
3038522,DCAMKL1,5.0
25127112,OSR1,5.568636235841013
216239,PHKG1,5.0
156422,PIK3CA(I800L),5.0
51004351,IKK-epsilon,6.795880017344075
5328940,EPHB6,5.522878745280337
10427712,FRK,5.0
10138260,CAMK1D,6.013228265733755
126565,MERTK,7.494850021680094
151194,RIPK5,5.0
11667893,FYN,5.552841968657781
6450551,MKNK2,5.0
5494449,CLK1,5.0
6918454,PIK3CA,5.0
6450551,PAK2,5.0
9809715,RPS6KA4(KinDom.2-C-terminal),5.0
11314340,PIM3,6.853871964321762
11717001,NDR1,5.0
16038120,DYRK2,5.0
176167,PKN1,5.292429823902063
16722836,TGFBR1,5.0
51004351,DAPK1,5.327902142064283
10127622,PRKD3,5.0
156414,MYO3B,5.0
4908365,CSNK1A1L,5.0
176167,SYK,5.0
11984591,BMPR1A,5.0
153999,HIPK4,5.0
17755052,PAK4,5.0
5291,PAK3,5.0
447077,ABL1(H396P)p,8.853871964321762
9933475,INSR,5.0
11427553,ABL1(H396P)p,7.619788758288394
10138260,PDGFRB,9.537602002101044
3038522,p38-delta,5.0
10138260,MAP4K2,5.769551078621726
24779724,ABL1(Y253F),5.0
24889392,RSK3(KinDom.2-C-terminal),5.0
11364421,MST3,5.0
9926054,CDK3,5.0
4908365,TYRO3,5.0
44150621,NEK6,5.823908740944319
11427553,BLK,5.455931955649724
11656518,PIP5K1C,5.0
25243800,PIK3CD,7.508638306165728
5291,ABL1(Q252H),8.744727494896694
11667893,CSNK1E,5.0
10138260,MARK3,5.958607314841775
11717001,MLK2,5.0
51004351,ICK,5.229147988357856
5494449,TBK1,6.309803919971486
5329102,EPHA1,5.0
3025986,EPHA3,5.0
447077,EPHB1,8.356547323513812
24180719,TNK1,5.0
176167,MARK2,5.0
5287969,ADCK4,5.0
3038522,CDKL1,5.0
216239,ABL1,6.886056647693163
11338033,EPHB2,5.0
25127112,NEK4,5.0
24779724,MST2,5.0
9933475,BIKE,5.0
208908,EGFR(E746A750del),8.065501548756432
9926054,MAK,5.0
6918454,PRKD2,5.0
126565,MYLK4,7.537602002101044
176155,CLK4,5.0
10427712,CHEK1,5.0
25243800,ABL1(H396P),7.309803919971486
5291,NEK5,5.0
11717001,DMPK2,5.0
9929127,PCTK1,5.0
10074640,MEK2,5.0
6918454,MYLK,5.0
126565,PHKG2,8.769551078621726
24779724,MAP4K3,5.0
176155,PCTK2,5.0
5291,EGFR(L858RT790M),5.0
5328940,EPHB2,8.075720713938118
156414,ICK,5.0
9926791,HCK,5.0
25243800,DRAK2,5.494850021680094
11656518,GRK4,5.0
10127622,YANK3,5.0
10461815,ROS1,5.522878745280337
16038120,EGFR(L747E749del),7.142667503568732
11617559,RPS6KA4(KinDom.1-N-terminal),5.0
10127622,WEE1,5.0
11427553,IKK-epsilon,6.468521082957745
447077,WEE1,7.1487416512809245
51004351,TRKA,6.42021640338319
24180719,ERK1,5.0
5287969,PDGFRB,5.0
25127112,IKK-beta,5.638272163982407
3062316,AMPK-alpha2,5.0
644241,RPS6KA5(KinDom.1-N-terminal),5.0
24889392,BIKE,5.0
5287969,PIK3CA(M1043I),5.0
11617559,ABL1(F317L),5.0
123631,JAK2(JH1domain-catalytic),5.0
4908365,DCAMKL3,5.0
9933475,MERTK,5.585026652029182
9926791,KIT(A829P),5.0
17755052,FLT3(D835H),5.769551078621726
24180719,TRKB,5.0
5328940,PCTK1,5.619788758288394
9926054,EPHA6,5.0
11409972,FGFR2,5.721246399047171
6918454,EPHB2,5.0
44150621,CIT,5.086186147616283
5494449,MAP3K3,5.721246399047171
16007391,YES,5.42021640338319
11409972,BTK,5.0
5328940,ABL1(H396P)p,10.244125144327509
11984591,ULK3,8.148741651280925
6450551,PAK7,5.0
11485656,TSSK1B,5.0
156422,ACVR1B,5.0
216239,NLK,6.1938200260161125
216239,PHKG2,5.0
9926791,SRC,5.0
25243800,EGFR(E746A750del),6.657577319177793
156414,CDK7,5.0
11314340,ASK2,5.0
24180719,PLK3,5.0
3038525,ABL1(F317L),5.0
3025986,MLK2,5.0
5291,BIKE,5.0
24889392,CLK3,5.0
44259,EPHB2,5.6777807052660805
9809715,PIK3CA(E545K),5.0
9884685,WEE1,5.0
9929127,EPHB4,5.0
9926054,PHKG1,5.0
11617559,NEK5,5.0
25243800,CIT,5.0
6450551,MST1R,5.0
10184653,NEK3,5.0
10184653,ABL1(Q252H),6.102372908709559
16722836,DAPK2,7.537602002101044
11314340,EGFR(T790M),5.0
5291,p38-delta,5.0
5328940,PAK6,5.0
11717001,PIK3CB,5.0
208908,EGFR(L858RT790M),5.0
3038525,EGFR(G719C),5.0
3038522,SYK,5.0
126565,AKT3,5.2076083105017466
176155,CDKL1,5.0
176167,FLT1,5.0
5494449,LOK,6.920818753952375
208908,TAK1,5.0
11427553,PIK3CA(I800L),5.0
11485656,MEK4,5.0
156422,HCK,5.0
4908365,TESK1,5.0
10461815,PAK2,5.0
10113978,TRKB,5.0
123631,RSK3(KinDom.2-C-terminal),5.0
5287969,CDC2L5,6.366531544420414
24180719,ERBB3,5.0
9915743,DAPK3,5.0
5287969,MLK2,5.2839966563652006
3038525,PRKX,5.0
25127112,SRC,5.0
10074640,CHEK1,5.0
11485656,TAK1,5.0
16725726,SYK,5.0
42642645,TYK2(JH1domain-catalytic),5.301029995663981
17755052,PDGFRB,5.0
9933475,IGF1R,5.0
11485656,TYRO3,5.0
9929127,NLK,5.0
11314340,KIT(L576P),5.0
11409972,EGFR(S752I759del),5.0
51004351,PKAC-beta,6.619788758288394
6918454,MINK,5.0
9884685,TLK2,5.0
44259,PIM3,9.292429823902063
11314340,S6K1,5.443697499232713
24180719,AURKC,5.6020599913279625
126565,PKAC-alpha,6.657577319177793
10184653,BMPR1B,5.0
176155,DAPK3,5.0
156414,PIK4CB,5.0
3038522,PHKG2,5.0
156414,FLT3(D835Y),6.136677139879544
17755052,PIP5K1A,5.0
16725726,EGFR(L747T751del),5.0
25243800,TBK1,5.0
10461815,PRKX,5.0
9884685,PIM3,5.0
156414,MLK2,5.0
11338033,MST3,5.0
10184653,ABL1(F317I),5.537602002101044
3025986,PLK3,5.0
208908,CTK,5.0
5291,IKK-beta,5.0
11984591,CSNK1E,5.0
216239,FYN,5.075720713938119
16038120,ABL1(M351T),7.022276394711152
16007391,TLK2,5.0
156414,HIPK4,5.958607314841775
156422,CSF1R,5.091514981121351
10138260,LZK,6.267606240177032
24180719,ABL1(Y253F),5.721246399047171
6918454,MARK4,5.0
10138260,TIE2,5.0
5287969,BRAF(V600E),5.0
151194,ERBB4,5.0
3038522,TGFBR2,5.0
16038120,CDK8,5.0
9884685,EGFR,5.0
216239,IKK-alpha,5.0
25127112,RPS6KA5(KinDom.2-C-terminal),6.853871964321762
151194,CDK4-cyclinD1,5.0
208908,PIK3CA(E542K),5.0
5329102,PRKR,6.173925197299174
11712649,ZAK,5.0
156422,CDC2L5,5.958607314841775
44259,MARK3,8.522878745280337
10461815,KIT(V559D-V654A),5.142667503568732
11667893,ACVR1,5.0
11314340,LKB1,5.0
11712649,IKK-alpha,5.0
9929127,PKNB(Mtuberculosis),5.0
6918454,BRK,5.0
11314340,RIPK4,5.0
17755052,PIK3CA(Q546K),8.769551078621726
10138260,LATS2,6.366531544420414
9929127,KIT(D816V),5.0
11485656,CDK4-cyclinD1,5.0
16725726,MYO3B,5.0
10184653,LRRK2,5.0
208908,MEK1,5.0
11626560,IRAK3,7.508638306165728
156414,MET(Y1235D),6.080921907623926
11667893,ICK,5.0
3081361,MAP3K1,5.0
176870,ACVR1B,5.0
6450551,FGFR4,5.0
11409972,TNNI3K,6.769551078621726
11617559,YSK1,5.0
644241,CDKL2,5.0
208908,EPHA1,5.0
25127112,INSR,5.0
42642645,ACVRL1,5.0
4908365,PIM3,5.769551078621726
16722836,FES,6.275724130399211
3025986,EPHA8,5.0
9926054,SYK,5.0
9926054,EPHA5,5.0
11656518,MAP4K3,5.1249387366083
25243800,MYLK4,5.0
176167,ROCK2,5.0
5494449,JNK3,5.552841968657781
25127112,RET(M918T),6.200659450546419
156422,MLCK,5.0
11717001,MLK1,5.0
16725726,JNK3,5.0
9926791,RIPK5,5.0
6450551,MARK3,5.0
11338033,PCTK2,9.022276394711152
9926791,MEK4,5.0
17755052,ANKK1,5.0
10113978,HCK,5.2441251443275085
11338033,FLT3(D835Y),5.0
16722836,PDGFRA,5.568636235841013
151194,PFTAIRE2,5.0
9926791,ERBB4,5.0
11712649,PYK2,5.698970004336019
6450551,DDR1,6.468521082957745
9926054,MYO3B,5.0
11712649,PIP5K1A,5.0
11427553,PIK3CA(H1047L),5.0
10113978,EPHA7,5.0
25127112,BMPR2,6.031517051446065
10184653,YANK1,5.0
644241,SRPK3,5.0
24779724,RIOK1,5.0
24779724,ABL1(H396P),5.468521082957745
10074640,CDK4-cyclinD3,5.0
11617559,CHEK1,5.0
5494449,EGFR(L747S752del),5.0
10184653,PKN1,5.0
5329102,PHKG2,8.229147988357855
9929127,SYK,5.0
11717001,PIM2,5.0
11314340,FGFR3(G697C),5.0
24779724,PRKD3,5.0
11338033,ABL1(M351T),5.0
156414,SRPK1,5.0
9884685,CAMK2B,5.0
208908,ACVR2A,5.0
3038525,CAMK4,5.0
11234052,GSK3B,5.0
5291,SRPK1,5.0
6918454,LKB1,5.0
9884685,FLT3,5.6020599913279625
5287969,WEE2,5.0
176870,TYK2(JH1domain-catalytic),5.0
11409972,PIK3CA(E542K),5.0
9926791,p38-beta,5.0
3062316,PAK3,5.0
156414,DYRK1A,5.823908740944319
16725726,RIPK2,5.0
11485656,MAP3K2,5.0
11314340,DMPK2,6.337242168318426
9933475,ABL1(H396P),7.4089353929735005
11427553,TAOK3,6.0
10113978,PIM3,5.0
24180719,PRKCE,5.0
5329102,MAP4K3,6.744727494896694
9926054,FGR,5.0
17755052,TESK1,5.0
11667893,PYK2,5.0
11234052,MAP4K3,5.0
44150621,ARK5,6.619788758288394
9933475,PRKG2,5.0
44259,SIK,8.657577319177793
5291,CDK8,5.0
3025986,CDK9,7.119186407719209
123631,CAMK2G,5.0
44150621,PIK3CA(Q546K),5.0
9809715,PRKD3,6.1938200260161125
3038522,IRAK4,5.0
16722836,PLK3,5.795880017344075
11717001,RPS6KA5(KinDom.1-N-terminal),5.0
3038522,MYO3B,5.0
9926054,PFPK5(Pfalciparum),5.0
44150621,STK36,5.0
3038525,CAMK2G,5.0
44150621,EPHA2,5.0
5494449,PIK3CA,5.0
11338033,PFPK5(Pfalciparum),5.0
10113978,FER,5.568636235841013
16722836,PIK3CA(M1043I),5.0
5328940,LATS1,5.0
44259,PIK3CA(Q546K),5.0
6918454,CDK5,5.0
24180719,CDKL1,5.0
44259,TEC,5.886056647693163
6918454,MARK3,5.0
3038522,ERK4,5.0
44259,MKK7,7.522878745280337
9915743,PAK7,5.0
9809715,CLK2,6.119186407719209
151194,MYLK2,5.0
208908,PLK2,5.0
11717001,PIK3CA(E545K),5.0
11314340,SGK3,5.292429823902063
10074640,EGFR(L858R),5.0
11485656,ABL1(F317I)p,5.0
11717001,BRAF(V600E),9.744727494896694
10138260,CSNK1D,6.585026652029182
176167,p38-delta,5.0
16007391,EIF2AK1,5.823908740944319
3025986,PFTAIRE2,6.130768280269024
10113978,VRK2,5.0
5494449,GAK,5.494850021680094
9929127,ZAP70,5.0
126565,EGFR(G719C),5.920818753952375
24180719,SgK110,5.0
208908,PLK1,5.0
9809715,DDR2,7.376750709602099
5328940,SIK,7.522878745280337
10184653,MAP4K4,5.0
11656518,MLK2,5.0
5329102,PIP5K2C,5.0
208908,AKT2,5.0
10184653,TRPM6,5.0
16038120,MARK4,7.920818753952375
11427553,ADCK3,5.0
42642645,ALK,7.161150909262744
5328940,JAK3(JH1domain-catalytic),5.920818753952375
9809715,PIK3C2G,5.0
11626560,PHKG2,5.0
123631,AKT2,5.0
10127622,FGFR4,5.0
216239,PAK6,5.0
208908,BIKE,5.0
5494449,MYLK,5.0
24779724,FLT3(K663Q),5.0
10127622,WEE2,5.0
3038525,CSNK1G2,5.0
176155,CDK2,5.0
10427712,p38-gamma,5.0
10113978,MAPKAPK5,5.0
11984591,MELK,5.0
16038120,RPS6KA4(KinDom.1-N-terminal),5.6020599913279625
9926054,MEK4,5.0
176870,ABL1(F317L),6.1938200260161125
176870,p38-alpha,5.0
10427712,PIK3CD,6.6020599913279625
16007391,BRSK1,5.0
11712649,EGFR(E746A750del),5.0
6450551,MLK3,5.0
11667893,PRKG2,5.0
10184653,CIT,5.537602002101044
3025986,MTOR,5.0
16038120,MAP4K5,6.721246399047171
11656518,WEE2,5.0
9809715,TEC,5.0
11485656,TBK1,5.0
9926791,CDK5,5.0
24889392,CDK9,5.0
11617559,BRAF(V600E),5.0
44259,ARK5,8.356547323513812
6450551,EGFR(T790M),5.0
44150621,DYRK2,5.221848749616356
11364421,BMPR1B,5.0
5291,FLT3(K663Q),5.0
9933475,SGK3,5.0
11427553,PFTAIRE2,5.585026652029182
6918454,JAK2(JH1domain-catalytic),5.0
3025986,SLK,5.0
3038525,FGFR1,5.0
16007391,ERBB2,5.366531544420414
25127112,FLT3(N841I),5.0
156414,CDC2L2,5.0
9884685,FLT3(D835H),5.229147988357856
10184653,AURKC,5.0
644241,TLK2,5.0
3062316,EGFR(T790M),5.638272163982407
5328940,PIK4CB,5.0
153999,TTK,5.0
153999,CSF1R,5.0
9884685,KIT(V559D-V654A),5.0
3038522,FLT3(D835Y),5.744727494896694
9884685,ASK1,5.0
11717001,MARK2,5.0
5329102,MKK7,5.0
25127112,IKK-epsilon,5.920818753952375
9933475,MARK3,5.0
24889392,PLK3,5.0
11626560,YANK3,5.0
10074640,ULK2,5.0
10113978,PKN2,5.0
11364421,LKB1,5.0
24889392,TYRO3,5.0
25127112,ERBB4,5.0
9884685,RIOK2,6.113509274827519
6450551,PIK3CA(C420R),5.0
24779724,ACVR1B,5.0
17755052,ICK,5.031517051446065
156422,GSK3B,5.0
11234052,MYLK2,5.0
3038522,PIK3CG,5.0
3025986,CDK2,7.161150909262744
10127622,TYK2(JH2domain-pseudokinase),5.0
176167,PRKG2,6.769551078621726
151194,EGFR(L747S752del),5.0
9884685,MEK4,5.0
447077,FLT4,6.130768280269024
11338033,AURKA,5.0
176167,PRKCI,5.0
25243800,TAOK2,6.4089353929735005
10113978,CAMK1D,5.0
11712649,PIK3CA(H1047Y),5.0
11427553,ERK5,5.568636235841013
10427712,NLK,5.0
3038525,IRAK4,5.0
10113978,NEK9,5.0
11617559,CDK2,5.0
447077,PCTK3,5.0
5328940,PKAC-alpha,5.0
11712649,EPHB1,6.481486060122113
216239,EGFR(L861Q),5.0
11626560,NLK,5.0
11626560,CLK1,5.0
25127112,SRPK2,5.0
25243800,BIKE,5.221848749616356
5494449,FGR,6.102372908709559
11338033,SIK,5.0
176155,DMPK2,6.3979400086720375
25127112,PAK7,5.886056647693163
16722836,MARK3,6.522878745280337
9929127,PAK7,5.0
11338033,EGFR(E746A750del),5.0
208908,NEK2,5.0
208908,CDK5,5.0
5494449,KIT(D816V),6.537602002101044
156414,RIPK5,5.0
11234052,EGFR(L858R),5.292429823902063
16722836,YANK1,5.0
3062316,QSK,7.552841968657781
16038120,ERBB3,5.0
5494449,NEK1,5.0
44150621,RIPK2,5.0
11984591,PIK3C2G,5.0
44150621,SNRK,5.0
16725726,SIK2,5.161150909262744
10127622,ERK4,5.0
5494449,ERBB3,5.1487416512809245
126565,LIMK1,5.795880017344075
10074640,PIK3CA(E545K),5.0
11984591,CDC2L2,5.0
9926054,KIT(V559D-V654A),5.0
6450551,TSSK1B,5.0
6450551,EPHA1,5.0
11617559,PRKD2,5.0
156422,PDGFRB,5.958607314841775
11712649,NDR2,5.0
5287969,FES,5.0
6918454,RSK1(KinDom.2-C-terminal),5.0
11338033,NEK6,5.0
5328940,CAMK2B,5.0
5328940,TAK1,7.0
151194,CDK8,5.346787486224656
5287969,TIE2,5.0
5494449,NEK6,5.0
176167,YSK1,5.0
9884685,MST1R,5.0
153999,PHKG2,5.0
16722836,RIPK1,5.275724130399211
11314340,PIM1,6.744727494896694
25243800,EGFR(L747T751del),6.113509274827519
11626560,ACVR2A,5.0
156422,ERK4,5.0
16725726,WEE1,5.0
24889392,NEK1,5.0
4908365,LIMK2,5.0
10184653,STK39,5.0
156414,WEE1,5.0
208908,PKMYT1,5.0
11626560,CHEK1,5.0
9915743,TNK2,6.167491087293763
216239,MAK,5.0
9929127,FGFR3(G697C),5.0
11617559,MYLK4,5.0
5287969,LZK,5.0
3062316,PIK4CB,5.0
9809715,IKK-epsilon,6.769551078621726
156414,FLT3(K663Q),5.795880017344075
9915743,p38-alpha,5.0
10113978,CTK,5.0
11409972,MAP4K2,7.0
176155,CSNK1A1L,5.769551078621726
9809715,SLK,7.292429823902063
25243800,CLK2,6.0
9926791,SIK2,5.0
9929127,DCAMKL1,5.0
42642645,MEK1,7.920818753952375
176167,PRKR,5.0
11338033,YANK1,5.0
10184653,CSNK1A1,5.0
10074640,PIK4CB,5.0
44150621,TRPM6,5.0
156414,DDR1,6.3979400086720375
123631,ASK2,5.0
11617559,MERTK,5.0
11717001,ABL1,5.0
16722836,MELK,5.585026652029182
3062316,CDKL3,5.0
9884685,MST1,5.0
11234052,MARK3,5.0
123631,CAMK2B,5.0
151194,BMPR1B,5.0
4908365,PDGFRB,7.552841968657781
4908365,AURKC,5.522878745280337
16722836,p38-alpha,5.0
42642645,RPS6KA5(KinDom.2-C-terminal),5.0
3025986,TNNI3K,5.0
16007391,CLK4,5.0
447077,MYO3B,5.0
9933475,KIT,9.42021640338319
9933475,PIK3CA(I800L),5.0
16007391,EPHA1,5.0
11626560,ERK5,6.292429823902063
24180719,ULK1,5.0
11314340,CLK2,9.292429823902063
10138260,CDK3,5.0
5329102,ZAK,5.0
10074640,RIOK2,5.769551078621726
11617559,MEK6,5.0
16725726,EGFR(L861Q),5.0
6918454,CSNK1G2,5.0
9929127,SGK3,5.0
4908365,PIK3C2B,5.0
11656518,PIK3CA(E545A),5.0
156422,OSR1,5.0
25127112,CSNK1D,5.0
153999,SRPK1,5.920818753952375
11717001,EGFR(L747S752del),5.0
6450551,IRAK1,5.508638306165728
11617559,FAK,5.0
11234052,PFPK5(Pfalciparum),5.0
3081361,MEK5,7.309803919971486
11234052,FLT3(D835Y),5.0
16007391,CDK3,5.0
11717001,MEK4,5.0
126565,EGFR(E746A750del),6.3979400086720375
208908,TYK2(JH1domain-catalytic),5.0
644241,RIPK4,5.0
51004351,DCAMKL1,5.0
10127622,RAF1,5.0
9933475,MARK4,5.0
10127622,TNK2,5.0
156414,FER,5.0
123631,DAPK2,5.0
3038522,MEK4,5.0
17755052,CTK,5.0
11314340,PFTAIRE2,5.6777807052660805
44150621,MARK3,5.468521082957745
11712649,MAP4K2,5.0
10138260,CLK3,5.0
10461815,PKN1,5.0
16725726,FLT3,5.0
11409972,PDGFRA,7.568636235841013
10461815,CDK8,5.0
11626560,CSK,5.0
5291,CDK4-cyclinD3,5.0
51004351,BRK,5.0
126565,TAOK2,6.301029995663981
3062316,ROS1,5.0
10461815,SIK2,5.6020599913279625
16007391,HUNK,5.0
5494449,TAOK3,7.091514981121351
153999,JAK1(JH2domain-pseudokinase),5.0
208908,IGF1R,5.0
42642645,NDR1,5.0
11485656,TNIK,5.552841968657781
9915743,BRSK1,5.0
3038522,MST1R,5.0
644241,BRAF(V600E),6.2441251443275085
11427553,STK36,5.0
11984591,NEK3,6.769551078621726
17755052,PRKX,5.0
17755052,AXL,5.0
10427712,MAP4K3,5.0
25127112,GAK,7.00436480540245
11338033,JAK2(JH1domain-catalytic),5.0
3025986,FER,5.0
9884685,CAMKK1,5.0
25243800,AXL,5.920818753952375
3081361,ALK,5.6777807052660805
3062316,FLT3(ITD),5.00436480540245
11617559,EPHA2,5.0
17755052,BTK,5.0
44150621,ABL1,7.0
9933475,TYRO3,6.080921907623926
11626560,DLK,6.769551078621726
176870,NEK1,5.0
4908365,NEK6,5.0
9926054,MST2,5.0
10184653,TNK2,5.0
25243800,ASK1,5.0
123631,TGFBR2,5.0
156422,ADCK3,5.0
11667893,MKNK2,5.0
42642645,YANK2,5.0
11234052,MET(Y1235D),5.0
9884685,RET(M918T),5.0
126565,CSNK1G3,5.0
9915743,CDK2,5.0
16722836,PIP5K1C,5.0
9929127,CTK,5.0
11717001,CSNK1E,6.886056647693163
5329102,FGFR3,6.537602002101044
644241,TNIK,5.0
5329102,ADCK3,5.0
11427553,LKB1,6.619788758288394
176167,JAK1(JH1domain-catalytic),5.0
644241,MEK2,5.0
6918454,NIM1,5.0
208908,ERK2,5.0
216239,MRCKB,5.0
11234052,CSNK2A2,5.0
5328940,DDR2,6.853871964321762
156414,MST2,5.0
42642645,RIPK2,7.67778070526608
216239,EGFR(G719C),5.0
10138260,CDKL1,5.0
447077,MET(M1250T),5.958607314841775
11314340,ZAP70,5.0
5494449,KIT(D816H),5.721246399047171
10184653,PAK7,5.0
208908,IRAK1,5.0
5328940,ABL1,9.920818753952377
123631,MARK1,5.0
644241,TXK,5.0
3038525,MAP4K4,5.0
9809715,RPS6KA5(KinDom.1-N-terminal),6.698970004336019
11667893,MST3,5.0
9884685,ABL1,5.0
6918454,CAMK2D,5.0
16007391,MAP3K4,5.0
6450551,CDC2L1,5.0
3025986,p38-beta,5.0
11427553,ABL1(H396P),7.769551078621726
176155,SYK,5.0
156414,TNNI3K,5.251811972993799
24180719,RIOK3,5.0
176167,PRKCD,7.602059991327962
3025986,SYK,5.0
11667893,PIK3CG,5.0
11984591,ACVR2A,5.0
11617559,JAK1(JH2domain-pseudokinase),5.0
9933475,SRPK3,5.0
16725726,MST1R,5.0
5328940,ABL1p,10.244125144327509
11485656,TGFBR2,5.0
10427712,MST4,5.0
153999,TRKA,5.0
5291,EGFR(L747S752del),5.0
11427553,MEK3,6.823908740944319
447077,PAK4,5.0
11626560,SRC,6.251811972993799
10427712,ROS1,5.0
5494449,PKNB(Mtuberculosis),5.657577319177793
156414,DCAMKL2,5.0
51004351,CDKL1,5.0
11717001,EPHB3,5.0
16725726,SRMS,5.0
216239,EGFR(S752I759del),5.0
10184653,PIK3CA(H1047Y),5.0
5494449,BRK,5.0
9929127,RSK4(KinDom.2-C-terminal),5.0
11364421,AXL,5.0
10427712,CLK3,5.1487416512809245
11656518,EPHA3,5.0
10113978,ABL1(E255K),6.096910013008056
44259,STK39,6.886056647693163
9915743,AURKB,5.0
25127112,LTK,6.356547323513813
176870,TXK,5.42021640338319
9926054,YANK3,5.0
16725726,EPHA5,5.0
11234052,FLT3(N841I),5.0
11314340,PRKCH,8.022276394711152
3038525,SRPK1,5.0
216239,FAK,5.0
11984591,TAOK3,5.337242168318426
3081361,S6K1,5.795880017344075
51004351,PRKCH,6.537602002101044
11667893,TNK1,5.0
16725726,PCTK2,5.0
3038525,PIK3CA(E545K),5.0
151194,MEK6,5.0
11984591,SIK,7.275724130399211
3062316,CDC2L1,5.0
11234052,ACVR2A,5.0
11984591,FLT3(K663Q),9.167491087293763
10113978,MET(Y1235D),5.6777807052660805
24779724,BMPR1A,5.0
11617559,ACVRL1,5.0
11717001,MEK2,5.0
10184653,ROS1,5.0
16722836,IGF1R,5.657577319177793
11626560,ITK,5.698970004336019
176167,MAP4K5,5.0
5329102,TLK1,6.130768280269024
42642645,CSF1R,8.744727494896694
11617559,ITK,5.0
176870,CDC2L2,5.0
11617559,IRAK1,5.0
11364421,PRKCI,5.0
16007391,MARK1,5.0
11338033,CAMK2D,5.0
3038522,ARK5,5.0
9809715,KIT(A829P),7.060480747381382
176167,MAP3K4,5.0
5328940,OSR1,5.0
5287969,LIMK2,5.0
44259,CSNK2A1,6.026872146400302
16007391,ULK2,5.0
5494449,EGFR(E746A750del),5.0
25127112,NEK2,5.0
3081361,EGFR(E746A750del),8.318758762624412
3025986,RIOK1,5.0
156414,YSK1,5.0
6450551,SNARK,5.886056647693163
44259,SYK,7.853871964321762
11485656,RSK1(KinDom.2-C-terminal),5.0
5329102,CAMK2D,6.376750709602099
208908,BMX,5.0
11427553,EPHA1,6.823908740944319
17755052,DRAK1,5.0
156422,SIK2,5.0
123631,NEK11,5.0
11712649,MAP3K3,5.0
156414,TBK1,5.0
16007391,FLT3(N841I),7.366531544420414
24889392,INSR,5.0
25127112,ULK1,6.522878745280337
44150621,SRPK1,6.376750709602099
24180719,TTK,5.0
9926054,GSK3A,5.0
3062316,KIT(V559D-V654A),8.568636235841012
11617559,PIM3,5.0
25127112,ITK,5.0
9884685,JAK2(JH1domain-catalytic),5.0
11667893,FLT3(ITD),6.0
10127622,PRKCE,5.0
5328940,MRCKB,5.0
176167,PIK3C2G,5.0
44150621,p38-gamma,5.0
9809715,p38-delta,5.0
24889392,RPS6KA5(KinDom.1-N-terminal),5.0
151194,PIM2,5.0
51004351,LIMK2,5.0
9915743,ABL1(H396P)p,5.0
11617559,EGFR(L858RT790M),5.0
25243800,STK33,5.346787486224656
10138260,PKN1,5.721246399047171
156414,EPHA1,5.6020599913279625
16725726,ULK3,5.0
11485656,PRKD3,5.0
3038522,INSRR,5.0
11234052,PFCDPK1(Pfalciparum),5.0
176870,YSK4,7.602059991327962
11314340,TYK2(JH2domain-pseudokinase),5.0
44259,CHEK1,8.494850021680094
11485656,ABL2,5.0
153999,ERN1,5.0
44259,STK16,6.568636235841013
3038522,ABL1(Q252H),5.0
9929127,MKK7,5.0
3081361,CDK4-cyclinD3,5.0
25127112,RET(V804L),6.552841968657781
11234052,SLK,6.769551078621726
123631,ABL1p,6.318758762624413
24180719,RSK3(KinDom.2-C-terminal),5.0
11485656,CAMK2A,5.0
3038522,TSSK1B,5.0
11667893,KIT(L576P),8.886056647693163
10461815,GSK3B,5.0
11667893,LATS1,5.0
5328940,GSK3A,5.0
9884685,MAP3K15,5.0
3038525,PCTK3,5.0
24180719,DAPK3,5.0
9884685,MLK1,5.0
17755052,MAP4K2,5.0
11485656,PRKG1,5.0
24779724,AAK1,5.0
5328940,RPS6KA4(KinDom.2-C-terminal),5.0
10113978,MET,5.698970004336019
9884685,ABL1(Q252H)p,5.0
3062316,DDR2,8.494850021680094
17755052,STK16,5.958607314841775
126565,DRAK2,8.301029995663981
11717001,PRKCE,5.0
11427553,ABL2,6.6020599913279625
11234052,RSK4(KinDom.1-N-terminal),5.0
16007391,SgK110,5.0
153999,ABL1(Y253F),5.0
10127622,EPHB2,5.0
3038525,CASK,5.0
11364421,SRPK2,5.0
11617559,TIE1,5.0
176155,NDR1,5.0
11626560,ERBB3,5.0
9884685,ADCK4,5.0
5494449,PIP5K2C,5.0
24180719,PIP5K1C,5.0
11234052,DRAK2,5.0
9929127,PRKCQ,5.0
11364421,LZK,5.0
10184653,CAMKK1,5.0
11427553,AKT1,5.0
11667893,CDK5,5.0
9929127,FLT3,5.0
10461815,PIM2,5.0
11234052,DCAMKL1,5.0
6450551,DLK,5.769551078621726
6918454,RPS6KA4(KinDom.1-N-terminal),5.0
44259,RPS6KA5(KinDom.2-C-terminal),6.050609993355088
5328940,ABL1(F317L)p,10.537602002101044
24779724,SRC,5.0
11427553,TGFBR2,5.0
24779724,CDK8,5.0
156422,HIPK4,5.0
11656518,NEK4,5.0
17755052,DYRK1A,5.0
11485656,TXK,5.0
153999,YSK4,7.318758762624413
10113978,HPK1,6.1249387366083
3062316,PFCDPK1(Pfalciparum),6.1938200260161125
9884685,RIOK3,5.0
51004351,ABL1(T315I)p,6.102372908709559
11626560,TRPM6,5.0
11427553,RIOK3,7.214670164989233
11364421,TIE2,5.0
10138260,MTOR,5.0
176155,MRCKA,5.2076083105017466
9926054,NEK7,5.0
11984591,TRKA,6.769551078621726
3025986,TLK1,5.0
16038120,SNARK,8.920818753952375
3038525,LYN,5.769551078621726
5328940,CDK4-cyclinD3,5.0
42642645,LATS1,5.0
9809715,KIT,8.244125144327509
9926054,CSNK1D,5.0
25127112,TYK2(JH1domain-catalytic),9.045757490560677
153999,RIPK4,5.0
11626560,RSK3(KinDom.1-N-terminal),5.0
10113978,LATS1,5.0
16007391,NIM1,5.0
16007391,PIK3CA(I800L),5.0
11984591,AKT3,5.0
176870,FLT3(D835H),6.455931955649724
4908365,LIMK1,5.0
6918454,LOK,5.0
11364421,ALK,6.795880017344075
447077,TGFBR1,5.823908740944319
208908,EPHA7,5.0
17755052,BRK,5.0
216239,MAP3K1,5.0
156422,LOK,7.920818753952375
25243800,INSRR,5.0
11234052,BRAF,5.0
11409972,PAK2,5.0
25127112,CSNK2A2,5.481486060122113
123631,PFPK5(Pfalciparum),5.0
10113978,LIMK1,6.142667503568732
11485656,CDK5,5.0
11338033,MAP4K4,5.0
11364421,RPS6KA4(KinDom.1-N-terminal),5.0
9926054,CSNK1G3,5.0
16007391,PIK3CB,5.0
9915743,RIPK2,5.0
3062316,JAK3(JH1domain-catalytic),6.1938200260161125
208908,PRKCD,5.0
51004351,ADCK3,5.0
10127622,GRK4,5.0
3081361,PIK3CA(E542K),5.0
11409972,CLK1,6.958607314841775
447077,KIT,8.744727494896694
11427553,WEE1,5.552841968657781
11656518,CDK2,5.0
6918454,FER,5.0
11712649,MARK2,5.0
17755052,MEK5,5.0
216239,MLK3,5.0
24779724,FLT3(N841I),5.0
3062316,INSRR,5.0
11717001,ABL1(Q252H)p,5.0
3062316,RIPK2,7.508638306165728
17755052,LRRK2(G2019S),5.0
6918454,LTK,5.0
9809715,LZK,6.853871964321762
9884685,EPHA2,5.0
11427553,ABL1(Q252H)p,7.657577319177794
44259,PIK3CA(H1047L),6.3979400086720375
11984591,CAMK2A,5.958607314841775
9915743,FLT3,5.267606240177032
6450551,CDK9,5.0
10184653,FYN,5.0
16725726,TAOK1,6.2076083105017466
10113978,BMPR2,5.0
10184653,ROCK2,5.0
16007391,CAMK2D,5.0
176870,EPHB2,5.0
10127622,RIOK2,5.0
24779724,TSSK1B,5.0
126565,PIK3CA(H1047L),7.309803919971486
11667893,PIM1,5.0
5287969,PIK3CA(E545A),5.0
42642645,FLT3(R834Q),7.958607314841775
3081361,MRCKA,5.585026652029182
10113978,PLK2,5.0
51004351,YANK1,5.619788758288394
44259,CLK3,6.040958607678906
9929127,PIP5K2B,5.0
156422,PLK2,5.0
24779724,TGFBR2,5.0
10427712,IRAK1,5.0
11364421,STK35,5.0
5287969,MAP3K3,5.00436480540245
16038120,EGFR(L858R),7.337242168318426
123631,SLK,6.036212172654444
24779724,ROCK1,5.0
11984591,ERK3,5.0
16725726,DRAK1,5.0
151194,ABL1(F317L),5.0
24779724,BTK,5.0
11712649,DAPK1,5.0
5291,EGFR(L747T751del),5.0
151194,PLK3,5.0
11364421,ERBB2,5.0
16038120,EGFR(G719S),5.795880017344075
176155,FES,5.0
11984591,LZK,5.0
644241,MYLK2,5.0
644241,LTK,5.0
151194,MYO3A,5.0
447077,CSNK1G2,5.0
11656518,CDC2L1,5.0
11712649,CDK3,5.0
11485656,TIE1,6.958607314841775
11364421,EPHB3,5.0
5328940,MLK1,5.568636235841013
176167,EPHB6,5.0
9929127,MST1R,5.0
10127622,DAPK2,5.0
11717001,ADCK4,5.0
10427712,ROCK1,5.0
9926054,RIPK2,5.0
17755052,STK35,5.0
42642645,SNARK,5.0
51004351,ERK1,5.0
11984591,MLCK,5.0
156422,PAK7,5.0
3038525,ACVR1,5.0
153999,RIPK1,5.0
3081361,PKN1,5.0
24779724,MAP3K4,5.0
216239,CAMK2G,5.0
4908365,ERK5,5.0
16725726,PIM3,6.1249387366083
10113978,PIK3CA(H1047L),5.0
16725726,CSNK1G1,5.0
5329102,SRPK2,6.721246399047171
10074640,FLT3(D835H),5.0
25127112,CSNK1A1L,5.0
9933475,SRMS,5.0
11626560,ULK1,6.0
51004351,MST2,6.657577319177793
16725726,TYK2(JH1domain-catalytic),5.0
16038120,PIK3CB,5.0
9933475,MAPKAPK5,5.0
11234052,ANKK1,5.0
11314340,TEC,5.0
153999,IKK-beta,5.0
176870,HUNK,5.0
16038120,ASK1,5.0
16725726,ACVR2B,5.0
156414,TNK2,5.0
4908365,HIPK3,5.3979400086720375
4908365,TIE1,5.0
25243800,PAK6,5.958607314841775
3038522,JAK1(JH1domain-catalytic),5.0
3081361,BRSK2,5.0
176167,PRKG1,5.958607314841775
11656518,DAPK2,5.0
44259,EIF2AK1,5.0
16725726,CSNK2A1,5.0
11338033,STK33,5.0
11656518,GAK,5.0
216239,KIT(D816V),6.508638306165728
156422,ABL1(F317L)p,5.0
24180719,NEK4,5.0
9809715,ACVR2A,5.0
16722836,ABL1(H396P),7.346787486224656
5494449,ABL1(H396P)p,8.508638306165727
151194,PIK3CD,5.0
3025986,MARK2,5.0
3062316,CLK2,5.0
51004351,EPHA1,5.0
11626560,ANKK1,6.107905397309519
644241,DYRK2,5.0
5329102,RIOK3,5.42021640338319
9929127,AURKB,5.0
42642645,IRAK3,6.431798275933005
9933475,KIT(D816V),6.4089353929735005
5494449,MEK1,5.744727494896694
16007391,BRAF,5.0
11626560,LZK,6.638272163982407
16038120,RPS6KA4(KinDom.2-C-terminal),5.0
9809715,TLK2,5.0
10461815,PIP5K2B,5.795880017344075
9933475,PRKD2,5.0
126565,PAK7,7.619788758288394
51004351,CAMK1D,6.173925197299174
16725726,FGFR2,5.0
156414,PHKG2,5.0
16725726,DCAMKL3,6.958607314841775
11427553,MST1,6.251811972993799
5291,RSK3(KinDom.1-N-terminal),5.0
176167,ITK,5.0
3081361,PIM2,5.0
10113978,PIK3CA(M1043I),5.0
151194,GRK1,5.0
447077,TIE1,5.920818753952375
11717001,PRKX,5.0
11338033,BIKE,5.0
10184653,MARK4,5.0
11712649,MELK,5.0
10427712,CASK,5.0
9929127,MET(M1250T),5.0
44150621,FRK,5.638272163982407
208908,p38-delta,5.0
11234052,ULK1,5.0
153999,EGFR,5.0
25243800,PIK3CA(Q546K),6.853871964321762
11617559,TRPM6,5.0
9929127,PIK3CA(Q546K),5.0
9926791,PRKCD,5.698970004336019
10127622,GSK3B,5.0
11364421,DCAMKL3,5.0
3038525,CDKL5,5.0
44150621,ABL1(F317I),5.0
51004351,NEK6,5.0
3062316,PRKCI,5.0
51004351,ADCK4,5.0
216239,MKNK2,6.886056647693163
5328940,TTK,5.0
9809715,JAK1(JH2domain-pseudokinase),8.318758762624412
10427712,LIMK2,5.0
11234052,LTK,5.0
10127622,PFTAIRE2,5.0
156414,MAP4K3,5.0
10113978,CHEK2,5.0
11984591,SNRK,5.0
10184653,ITK,5.0
208908,FRK,5.0
16038120,ITK,7.468521082957745
9926054,EIF2AK1,5.0
3081361,CSNK1G1,5.0
16725726,EPHB1,5.0
11409972,LTK,6.795880017344075
6450551,CDK4-cyclinD1,5.0
9809715,CAMK1D,5.657577319177793
16722836,FLT3,7.886056647693163
16007391,RET(V804M),6.619788758288394
153999,PIK3CA(Q546K),5.0
3081361,CDK4-cyclinD1,5.0
5328940,ROS1,5.0
10427712,INSR,5.0
208908,MST4,5.0
156422,RIOK2,5.0
216239,ITK,5.0
9926791,JAK1(JH2domain-pseudokinase),5.0
3081361,DYRK1B,5.0
11427553,AKT2,5.0
5329102,TLK2,6.481486060122113
44150621,NLK,5.0
447077,TRKA,5.0
156422,MST1,5.0
11984591,PRKR,6.744727494896694
10184653,ULK3,5.0
5329102,MAPKAPK5,5.0
123631,MAP3K4,5.0
5291,TYK2(JH2domain-pseudokinase),5.060480747381382
10138260,PIP5K2B,6.585026652029182
126565,WEE2,5.102372908709558
6450551,HIPK2,5.0
11717001,CAMK2B,5.0
9929127,RIPK1,5.0
44259,GSK3B,7.161150909262744
16722836,MLK3,5.508638306165728
156422,MAP4K3,5.0
16038120,FGR,6.920818753952375
42642645,FLT3,9.045757490560677
6450551,ABL1,7.075720713938118
10074640,AKT1,5.0
176870,PIK3CA(H1047L),5.0
9933475,PIK3CD,5.0
208908,ADCK4,5.0
11617559,RSK1(KinDom.1-N-terminal),5.0
10427712,PIK3CA(Q546K),7.0655015487564325
10427712,EGFR(L861Q),5.721246399047171
24889392,CHEK2,5.0
5287969,PIK3CA(Q546K),5.0
24180719,RIPK5,5.0
11364421,PFCDPK1(Pfalciparum),5.0
44259,CSNK1A1L,6.6020599913279625
156414,CAMK1,5.0
9884685,PKNB(Mtuberculosis),5.0
3025986,RIPK2,5.0
208908,MAK,5.0
4908365,MKK7,5.0
10461815,YANK2,5.0
10427712,SRPK2,5.0
11409972,MST3,5.886056647693163
5328940,MARK2,5.0
3081361,CDK2,5.0
153999,LCK,5.0
11717001,KIT(D816H),5.0
5494449,TNNI3K,5.0
17755052,RPS6KA5(KinDom.2-C-terminal),5.0
9926791,CDC2L1,5.0
11717001,PIK3CA(E545A),5.0
17755052,ZAK,5.0
151194,TGFBR2,5.0
153999,DCAMKL3,5.0
11427553,PIP5K1C,5.0
9926054,ULK3,5.0
176870,TYRO3,5.4089353929735005
44150621,RIPK4,5.0
10184653,PKNB(Mtuberculosis),5.0
11712649,YANK3,5.0
42642645,RSK4(KinDom.1-N-terminal),5.0
9915743,RPS6KA5(KinDom.2-C-terminal),5.0
16722836,CAMK2G,6.267606240177032
126565,CDC2L5,6.0
24779724,MKK7,5.0
3025986,PIK3CA(E542K),5.0
176167,AURKB,5.0
42642645,GSK3B,5.0
447077,MRCKB,5.958607314841775
6918454,LRRK2(G2019S),5.0
16038120,RPS6KA5(KinDom.2-C-terminal),5.0
6918454,RIOK3,5.0
16007391,MEK2,5.376750709602099
25127112,FLT4,5.0
123631,PKN2,5.0
10127622,KIT(V559D),5.0
3025986,ROCK1,5.0
11656518,ANKK1,5.0
9926054,JAK1(JH2domain-pseudokinase),5.0
5328940,RSK3(KinDom.2-C-terminal),5.0
10461815,CAMK2A,5.468521082957745
3062316,RIPK4,5.0
156414,ERK4,5.267606240177032
51004351,RPS6KA5(KinDom.2-C-terminal),5.0
5328940,KIT(V559D),6.366531544420414
16725726,IRAK4,5.0
11338033,EGFR(L858RT790M),5.0
6918454,RIOK1,5.0
153999,AURKC,5.0
123631,CAMK4,5.0
11717001,PLK2,5.0
11314340,JAK1(JH1domain-catalytic),5.0
16722836,TRKB,5.508638306165728
5494449,CIT,5.0
5328940,NDR2,5.0
208908,PCTK3,5.0
11409972,ANKK1,6.200659450546419
4908365,ABL1p,6.4089353929735005
11656518,PHKG1,5.0
156414,AKT1,5.0
6450551,MAP4K3,5.920818753952375
11427553,EGFR(G719S),5.337242168318426
208908,JNK1,5.0
11626560,JAK2(JH1domain-catalytic),6.537602002101044
153999,TAOK2,5.4089353929735005
10461815,PKN2,5.0
11427553,PIP5K1A,7.292429823902063
447077,ERK5,5.0
6918454,MAP3K4,5.0
25127112,IKK-alpha,5.0
5494449,MEK2,5.698970004336019
216239,BRAF(V600E),6.585026652029182
16038120,JAK3(JH1domain-catalytic),7.769551078621726
3025986,BMPR1A,5.0
9926791,ARK5,5.0
11656518,PRKG1,5.0
11667893,IGF1R,5.0
3025986,LRRK2(G2019S),5.0
3038522,CDKL3,5.0
216239,DAPK1,5.0
25243800,AMPK-alpha1,5.0
11485656,FGFR1,5.0
208908,ABL1,5.0
9809715,SRPK2,7.443697499232713
24779724,TRKA,5.0
3081361,HCK,6.443697499232713
11364421,CSNK1A1,5.508638306165728
10461815,MLCK,5.0
25243800,BMPR1A,7.1938200260161125
11364421,MKNK1,5.0
25243800,LYN,6.251811972993799
11338033,MKNK1,5.0
11626560,CDK7,6.481486060122113
4908365,PIK3CA(M1043I),5.0
176155,MEK4,5.0
3081361,GSK3A,5.0
5328940,ROCK1,6.060480747381382
11364421,FYN,5.0
25127112,RSK1(KinDom.1-N-terminal),5.0
176167,p38-alpha,5.0
123631,AMPK-alpha2,5.0
5291,JAK3(JH1domain-catalytic),5.0
176870,IKK-alpha,5.0
5494449,JNK1,5.0
16007391,MST2,5.0
9929127,MRCKB,5.0
11717001,BLK,5.0
11314340,ABL1(Y253F),5.0
11717001,TESK1,5.0
24889392,ABL1(T315I),5.585026652029182
42642645,ROS1,7.853871964321762
216239,TNIK,5.102372908709558
24180719,TEC,5.0
24180719,PCTK3,5.0
42642645,CAMK2D,5.0
3081361,MKNK1,6.443697499232713
42642645,IRAK4,5.0
208908,DRAK2,5.0
11712649,CSNK1A1,5.0
9915743,CDC2L2,5.0
44259,NEK11,5.508638306165728
10127622,PAK2,5.0
176167,SRMS,5.0
11485656,VEGFR2,8.09151498112135
11717001,PAK1,5.0
51004351,NEK9,5.0
3025986,STK16,5.0
208908,PIK4CB,6.026872146400302
11984591,PIK3CA(H1047Y),5.0
11667893,PLK4,5.0
3038522,ZAK,5.0
644241,PLK4,5.0
10074640,EPHA4,5.0
16038120,MINK,6.481486060122113
176167,RPS6KA5(KinDom.1-N-terminal),6.431798275933005
11667893,ACVR2A,5.0
4908365,RET(M918T),8.193820026016112
9915743,KIT(D816H),5.0
126565,AURKA,7.795880017344075
5291,TAOK1,5.0
11626560,TESK1,6.42021640338319
11338033,ABL1(T315I),5.0
447077,BRAF(V600E),8.356547323513812
24180719,SRPK3,5.0
16725726,MEK3,5.0
11712649,PIM1,5.0
10427712,AMPK-alpha2,5.0
51004351,GRK1,7.070581074285707
44150621,ABL1p,7.267606240177032
4908365,CSF1R,8.494850021680094
9929127,DYRK2,5.0
11667893,LIMK1,5.0
9929127,LTK,5.0
10427712,TBK1,5.0
9884685,MET(Y1235D),5.0
11656518,MLK1,5.0
11409972,PAK3,5.3979400086720375
16038120,RSK1(KinDom.2-C-terminal),6.187086643357144
16038120,KIT,6.958607314841775
3038525,ABL1(F317L)p,5.0
16722836,NEK2,5.769551078621726
10113978,PRKG1,5.0
25127112,ZAP70,5.0
6918454,ERK4,5.0
25243800,TEC,5.0
9884685,CDC2L1,5.0
11314340,CSNK1G3,6.040958607678906
44259,HPK1,8.366531544420413
9926054,BMPR2,5.0
4908365,DLK,6.481486060122113
25243800,KIT,6.443697499232713
123631,MKK7,5.0
447077,LATS2,5.0
10138260,DMPK2,5.0
5291,PRKD3,5.0
176870,RIPK1,5.0
42642645,TAOK3,5.0
11712649,MAPKAPK5,5.0
10113978,MAST1,5.0
10427712,EGFR(S752I759del),6.096910013008056
16722836,MAST1,5.0
126565,LTK,6.309803919971486
3038522,BRAF(V600E),5.0
11364421,DAPK2,6.031517051446065
126565,HIPK1,6.229147988357856
24180719,PAK6,5.0
3025986,RIPK4,5.0
11364421,PCTK1,5.0
216239,EPHA1,5.508638306165728
11656518,ERK8,5.0
24180719,RSK1(KinDom.1-N-terminal),5.0
9926054,SRC,5.0
11984591,MYO3A,5.0
11617559,LRRK2,5.0
9926791,ULK3,5.1938200260161125
216239,ZAP70,5.0
25243800,PIK4CB,6.026872146400302
24779724,JAK1(JH2domain-pseudokinase),5.0
9915743,ACVRL1,5.0
5328940,PRKG2,5.0
10461815,KIT(D816H),5.3979400086720375
16722836,ABL1(F317I)p,6.251811972993799
44150621,MAP3K4,5.259637310505756
16007391,CDC2L1,5.920818753952375
16722836,CDKL5,5.136677139879544
9884685,CSNK2A2,5.537602002101044
11717001,PFTAIRE2,5.0
3025986,ZAP70,5.0
123631,TLK1,5.0
176870,MRCKB,5.0
24180719,PIK3CD,5.0
3081361,GRK1,5.0
5328940,CAMKK1,5.0
176870,ICK,5.0
123631,NDR1,5.0
5494449,ABL1(E255K),8.522878745280337
5494449,PHKG1,5.657577319177793
5328940,EGFR(L747E749del),7.537602002101044
9915743,PRKCH,5.0
24779724,PKNB(Mtuberculosis),5.0
11234052,MKNK1,5.0
644241,FRK,7.0655015487564325
11712649,ASK2,5.0
11712649,ROCK2,5.0
3081361,SRC,7.154901959985743
24889392,GCN2(KinDom2S808G),5.0
25243800,RSK4(KinDom.1-N-terminal),6.214670164989233
176167,EPHB1,5.0
44150621,QSK,5.0
42642645,PKMYT1,5.0
11626560,NEK6,5.0
11712649,EPHB2,5.0
24180719,FLT3(K663Q),5.638272163982407
16038120,MST1,6.481486060122113
9926054,DYRK2,5.6777807052660805
11485656,HIPK1,5.0
10461815,PIK3CA(H1047L),5.0
11712649,PIK3CA(E542K),5.0
126565,FGR,7.2839966563652
10184653,TYK2(JH1domain-catalytic),5.0
156422,ABL1(Q252H)p,5.0
11712649,ABL1(T315I)p,5.552841968657781
447077,PAK7,5.0
11409972,MET(M1250T),7.031517051446065
151194,PHKG2,5.0
5329102,MEK4,6.154901959985743
25127112,LATS2,5.0
5287969,FAK,5.0
16038120,EPHA4,6.040958607678906
10074640,PDPK1,5.0
11656518,MRCKB,5.0
156414,ABL1(F317L),5.823908740944319
11626560,MKNK2,5.0
11667893,MST1R,5.0
3081361,GRK7,5.0
3025986,NEK9,5.0
4908365,CDK11,5.0
3025986,p38-gamma,5.0
176155,PIM2,5.0
5328940,SRPK2,5.0
9884685,ERBB3,5.0
11409972,EPHB3,5.0
156422,SRPK1,5.0
24889392,ABL1(H396P),5.0
5494449,ACVR1B,5.0
11712649,DDR1,5.376750709602099
9926791,MST1R,5.0
11234052,PRKCQ,5.0
10184653,PIK3C2B,5.0
11427553,CSNK2A1,5.920818753952375
11427553,MET,6.769551078621726
6450551,CAMK2B,5.0
153999,MRCKA,5.0
5291,PYK2,5.0
10184653,PLK4,5.0
11717001,RIOK2,5.920818753952375
11409972,ARK5,5.0
176167,CSNK1E,5.0
42642645,ABL1(H396P)p,6.958607314841775
16722836,PIK3C2G,5.0
11338033,PKN1,5.0
153999,EGFR(G719C),5.0
25127112,NEK6,5.0
11364421,CAMK1G,5.0
9926791,PIP5K2C,5.0
16038120,NEK3,5.055517327849832
25243800,MAST1,5.0
44150621,FLT3,9.193820026016112
9926791,BMPR1B,5.0
153999,MAP3K3,6.769551078621726
153999,PCTK2,5.0
9929127,PIK3CA(C420R),5.0
11984591,YSK4,7.173925197299174
16038120,JAK2(JH1domain-catalytic),7.795880017344075
11712649,EGFR(L858R),5.494850021680094
10113978,PFTK1,5.0
176870,CSK,5.017728766960432
176870,AKT2,5.0
11656518,EPHA1,5.10790539730952
44259,CAMK2G,9.259637310505756
11338033,KIT(D816V),5.0
11712649,MYLK,5.0
16725726,ZAP70,5.0
156422,PKNB(Mtuberculosis),5.0
10074640,STK35,5.0
11984591,SYK,7.721246399047171
9926791,CAMK4,5.0
9926791,NEK6,5.0
11717001,PIK3CA(C420R),5.0
5329102,DCAMKL3,6.958607314841775
9926791,TLK1,5.0
447077,EPHB3,6.468521082957745
11314340,CSNK1A1L,5.337242168318426
25127112,PIP5K2C,5.0
44150621,CLK1,5.167491087293763
44150621,HCK,5.481486060122113
11427553,CAMK2B,5.0
16038120,MLCK,5.0
16722836,BMPR2,5.537602002101044
644241,SIK2,5.0
24779724,MKNK1,5.0
11234052,CDC2L2,5.0
176155,MINK,5.0
176167,PRKCE,8.050609993355087
9929127,HPK1,5.0
9926791,ABL1(M351T),5.0
5287969,IRAK3,5.0
176155,WEE1,5.0
9929127,PKN1,5.0
25127112,PIK3CA(H1047L),5.0
17755052,FGFR1,5.0
10138260,ABL1(T315I)p,6.795880017344075
11338033,ERK3,5.0
24889392,SRPK3,5.0
10138260,MRCKB,5.0
176167,DYRK1A,6.795880017344075
11427553,MEK1,6.275724130399211
176167,NEK11,5.0
9926791,CTK,5.0
5328940,EGFR(L858R),7.638272163982407
5291,LATS2,5.0
5328940,ADCK4,5.0
11427553,HIPK4,6.0
176870,PIP5K1C,5.0
11314340,ERBB4,5.0
5329102,PYK2,7.086186147616283
44259,PIP5K2C,5.0
11656518,YANK2,5.0
10184653,STK33,5.0
9933475,TRKC,5.0
11234052,ACVR1,5.0
3081361,PDPK1,5.0
51004351,NEK3,5.0
11656518,RPS6KA4(KinDom.2-C-terminal),5.0
44259,MAP3K1,6.455931955649724
24779724,SRPK1,5.0
151194,MARK4,5.0
11617559,ARK5,5.0
11409972,JAK1(JH1domain-catalytic),7.130768280269024
10184653,CDK3,5.0
11656518,MLCK,5.0
11717001,CAMKK1,5.0
6918454,TGFBR2,5.0
151194,MEK1,5.0
11485656,PKN2,5.0
9809715,HIPK4,5.920818753952375
4908365,ADCK3,5.0
6450551,PRKCH,5.0
10427712,CAMK2D,5.0
4908365,PKNB(Mtuberculosis),6.769551078621726
24779724,TGFBR1,5.0
11617559,SgK110,5.0
9915743,CAMK2G,5.0
11338033,AAK1,5.0
156422,YSK4,5.0
11626560,NEK7,5.2441251443275085
5291,CSNK1D,5.0
6450551,FER,5.0
44259,TAOK3,9.657577319177792
10461815,MLK1,5.0
17755052,BIKE,5.0
9933475,VRK2,5.0
644241,CSNK1G2,5.0
11667893,PRKD3,5.0
42642645,PAK6,5.0
24180719,AXL,5.0
5328940,FGFR2,5.0
11427553,PDGFRA,6.886056647693163
9926054,ABL1(M351T),5.0
10113978,JAK1(JH2domain-pseudokinase),5.0
156422,TYK2(JH2domain-pseudokinase),5.0
4908365,ASK2,5.096910013008056
153999,TEC,5.0
10127622,EPHA2,5.0
3038525,STK16,5.0
3038525,TNIK,5.0
11314340,YANK1,5.0
216239,FGFR3(G697C),5.229147988357856
9926054,PDGFRB,5.0
126565,CSNK2A2,6.013228265733755
126565,MLK2,7.823908740944319
9809715,ABL1(E255K),7.200659450546419
11717001,CSNK2A2,5.0
5291,PAK2,5.0
10461815,GRK4,6.376750709602099
11667893,HIPK2,5.0
644241,FYN,5.795880017344075
25243800,RIOK3,5.0
9915743,ASK2,5.0
11667893,MAP4K3,5.0
3081361,ERK4,5.0
17755052,MYO3A,5.0
644241,PIK3CD,5.0
5494449,FLT1,7.0
5329102,KIT(V559D),9.387216143280265
3038522,PIK3CA(E542K),5.0
11427553,DAPK2,5.744727494896694
447077,LZK,5.0
25127112,YSK4,6.568636235841013
447077,JAK3(JH1domain-catalytic),6.292429823902063
24180719,PIP5K2B,5.0
11427553,HIPK1,6.366531544420414
10427712,MAP3K15,5.0
25127112,RPS6KA4(KinDom.2-C-terminal),6.468521082957745
25127112,MYO3A,5.0
10427712,ACVR1B,5.0
24889392,EGFR(G719S),5.0
10138260,MERTK,7.180456064458132
10074640,JAK1(JH1domain-catalytic),5.0
5287969,ADCK3,5.0
3081361,AURKB,5.0
10113978,DDR2,7.008773924307505
123631,PIM3,5.236572006437063
9926791,HUNK,5.0
25127112,MAP3K2,7.387216143280264
9926054,ROCK1,5.0
3081361,SYK,5.0
11338033,TYK2(JH2domain-pseudokinase),5.0
11717001,DRAK2,5.0
11314340,ADCK4,5.0
5287969,MYO3A,5.0
10138260,CHEK1,5.920818753952375
11427553,LIMK1,5.0
10184653,PRKD3,5.0
10127622,HCK,5.0
11314340,CDKL2,6.154901959985743
11485656,EGFR(L747S752del),5.0
11314340,DRAK1,5.2839966563652006
11712649,FLT3(K663Q),5.022276394711152
6450551,FLT3(D835H),6.481486060122113
11717001,GRK4,5.0
51004351,PIK3CA(E545K),5.0
208908,AURKA,5.0
10074640,RIOK1,5.0
176167,TRKC,5.0
156422,PAK2,5.0
11409972,MKNK1,7.585026652029182
11626560,EPHA5,6.0
9933475,HUNK,5.0
176870,RSK4(KinDom.1-N-terminal),5.0
208908,PIK3C2G,5.1249387366083
5287969,TAK1,5.537602002101044
9933475,EGFR(S752I759del),5.823908740944319
3038522,MEK6,5.0
11667893,EPHB4,5.0
11626560,TAOK2,6.045757490560675
25243800,AMPK-alpha2,5.0
11485656,PIK3C2G,5.0
16725726,FLT3(R834Q),5.0
10427712,RSK1(KinDom.2-C-terminal),6.657577319177793
25243800,PRKCD,5.0
9926054,SIK2,5.0
16725726,MEK5,5.0
3081361,ACVR1,6.823908740944319
10184653,ABL1(T315I),5.585026652029182
25127112,BTK,5.0
10127622,MET,5.0
16722836,BRAF,5.008773924307505
44259,BMX,6.769551078621726
3081361,HPK1,5.259637310505756
24889392,PIP5K2C,5.0
11485656,FRK,6.3979400086720375
5494449,DRAK1,5.045757490560675
5291,FLT3(D835H),5.0
156422,CAMK2A,5.0
10113978,EGFR(L747T751del),5.0
16038120,TAOK1,7.602059991327962
9926791,MEK1,5.0
11314340,TNK2,5.0
44150621,FGFR3,6.638272163982407
42642645,MUSK,7.886056647693163
9926054,TESK1,5.0
16038120,MAK,5.0
9933475,CDK4-cyclinD1,5.0
10127622,MEK4,5.0
10138260,PAK2,5.0
176155,KIT(V559D),5.0
9809715,CSNK2A1,5.1249387366083
44259,EPHA8,6.721246399047171
156414,RSK3(KinDom.2-C-terminal),5.0
42642645,FGFR1,6.161150909262744
10113978,MTOR,5.0
11717001,EGFR(T790M),5.0
11667893,RIOK2,5.0
16722836,MST2,5.0
5328940,MYO3B,5.638272163982407
3038522,AKT1,5.0
11656518,MARK3,5.0
16722836,EGFR(L858R),5.481486060122113
9884685,PKMYT1,5.0
16007391,AURKB,8.337242168318426
11409972,LIMK2,5.744727494896694
6918454,CAMK4,5.0
24889392,CIT,5.0
9929127,CSNK1E,5.0
6450551,TAOK1,5.0
216239,GAK,5.0
42642645,DYRK1B,5.0
3038525,QSK,5.0
9809715,PIM2,5.0
5494449,ULK2,5.0
5329102,LOK,7.721246399047171
5328940,EGFR(G719S),7.585026652029182
24779724,MINK,5.0
11485656,JAK1(JH2domain-pseudokinase),5.0
3062316,MYLK,5.0
6918454,MST1,5.0
644241,CDK9,5.0
10138260,VRK2,5.0
25127112,LIMK2,5.0
176155,RET(V804L),5.0
5328940,CSNK1A1L,5.585026652029182
11314340,MAP4K3,5.0
24779724,EPHA1,5.0
11984591,FGFR1,7.356547323513813
5328940,MET(M1250T),5.167491087293763
176870,PDGFRA,5.744727494896694
447077,KIT(V559D-T670I),5.0
11234052,YANK2,5.4089353929735005
156414,PHKG1,5.0
176155,MYO3A,5.0
24180719,CSNK1D,5.0
6450551,RIOK3,6.0
17755052,RSK3(KinDom.1-N-terminal),5.0
9809715,PIP5K2B,7.769551078621726
11338033,ACVR2B,5.0
25127112,MKK7,5.0
9884685,ACVR1,5.0
16725726,LYN,5.0
9933475,PKN1,5.0
11409972,ACVR2A,5.0
10184653,RPS6KA5(KinDom.1-N-terminal),5.0
11712649,HIPK1,5.0
24889392,KIT(V559D),8.301029995663981
123631,MAP3K15,5.0
156414,MYO3A,5.0
11656518,ROS1,5.0
11364421,PIP5K1C,5.0
3062316,ABL1(T315I)p,6.920818753952375
156414,MST1R,5.0
3038525,RAF1,5.0
10427712,GRK4,5.2076083105017466
10184653,ABL1(T315I)p,6.060480747381382
44150621,CDK2,5.0
10427712,PRKD3,6.045757490560675
3038525,KIT(A829P),5.0
216239,INSRR,5.0
156422,SIK,5.0
16725726,NEK3,5.0
24180719,BMX,5.0
44259,INSRR,7.091514981121351
10184653,MEK1,5.0
24180719,RSK2(KinDom.1-N-terminal),5.0
11364421,FGR,5.0
216239,SRPK3,5.0
10461815,PCTK3,5.823908740944319
153999,WEE1,5.0
9809715,PRP4,8.075720713938118
11485656,LOK,6.337242168318426
24889392,RIPK5,5.0
11338033,ABL2,5.0
3025986,EPHA7,5.0
44150621,ABL1(F317L)p,5.958607314841775
24889392,CDK5,5.0
16007391,HIPK2,5.431798275933005
11717001,TGFBR2,5.0
10074640,HIPK4,5.0
10113978,NEK2,6.008773924307505
3025986,HIPK2,5.823908740944319
216239,PRKG1,5.0
11409972,PDGFRB,8.09151498112135
11338033,CAMK2G,5.0
44150621,PLK1,5.0
16722836,CLK1,5.6020599913279625
11717001,CDK11,5.0
51004351,CSK,5.060480747381382
11656518,CAMK1D,5.0
644241,ABL1(H396P),8.309803919971486
3038525,MLK3,5.0
10461815,RIPK4,5.0
9926791,TRKA,5.0
156422,FLT3(R834Q),5.0
16007391,NDR1,5.0
10074640,MEK6,5.0
11364421,ERK2,5.0
9926791,FYN,5.958607314841775
176870,FLT1,5.356547323513813
176870,ABL1(Q252H),6.638272163982407
11712649,CSF1R,5.0
10127622,ABL1(Q252H)p,5.0
126565,MELK,7.585026652029182
151194,ACVRL1,5.0
16722836,EIF2AK1,6.0
11656518,ABL1(Q252H),6.356547323513813
11712649,ABL1(F317I),5.0
24889392,PAK4,5.0
16038120,FLT1,6.259637310505756
3062316,GRK1,5.0
3025986,CASK,6.3979400086720375
11984591,EGFR(L861Q),6.721246399047171
9926791,ZAK,5.0
11314340,VRK2,5.3979400086720375
11984591,MAPKAPK5,5.0
16007391,IRAK3,5.102372908709558
9933475,ANKK1,5.0
3025986,MKNK2,5.366531544420414
153999,BIKE,6.366531544420414
151194,CDC2L1,5.0
3062316,WEE2,6.698970004336019
24779724,IRAK3,5.0
9933475,SNRK,5.0
3038522,EGFR(G719S),6.638272163982407
11364421,PFTAIRE2,5.0
11656518,MEK5,5.721246399047171
24889392,SRC,5.0
9929127,YANK1,5.0
10184653,CLK2,5.0
11364421,BRK,5.0
9809715,PCTK2,7.031517051446065
9915743,FES,6.229147988357856
9915743,CHEK2,6.070581074285707
5329102,LKB1,7.42021640338319
9809715,PAK7,5.886056647693163
10074640,CDC2L1,5.0
11717001,MYO3A,5.0
25127112,NEK5,5.0
11409972,ERBB3,5.0
9926791,ACVR2B,5.0
10127622,CDC2L5,5.0
51004351,CSNK1A1,5.0
9933475,RPS6KA5(KinDom.1-N-terminal),5.0
644241,RSK3(KinDom.1-N-terminal),5.0
11409972,MYLK4,5.0
11234052,PRKR,5.0
216239,RET(M918T),8.130768280269024
24779724,PRKG1,5.0
9929127,CHEK1,5.0
24180719,SRMS,7.67778070526608
9915743,EGFR(L747T751del),9.0
10184653,RAF1,5.0
9926791,PIM1,5.0
17755052,MAP3K4,5.0
10127622,JAK1(JH1domain-catalytic),5.0
11364421,SRC,5.0
24180719,MRCKA,5.0
4908365,MAP4K5,6.443697499232713
16007391,PRKG1,5.0
11409972,LATS2,5.522878745280337
176155,ACVR1,5.0
208908,MLCK,5.0
3081361,FLT3(R834Q),5.886056647693163
3081361,PIK3CD,5.0
11717001,YANK3,5.0
10138260,JNK3,5.443697499232713
25243800,STK36,5.0
44150621,STK39,6.275724130399211
447077,STK35,6.443697499232713
9929127,AAK1,5.0
216239,TYK2(JH1domain-catalytic),5.0
44150621,NEK1,5.0
3038522,ULK2,5.0
44150621,TRKA,7.0
42642645,PAK2,5.0
10074640,ABL1(M351T),6.853871964321762
24889392,HIPK3,5.0
10461815,HUNK,5.853871964321762
11338033,SRC,5.0
10113978,RIPK2,6.236572006437063
11364421,ABL1(Y253F),5.0
11617559,STK33,5.0
10184653,CTK,5.0
176870,PAK6,5.0
11485656,ERK3,5.0
3025986,MST4,5.0
24889392,ACVR2B,5.0
5291,CSNK2A2,5.0
10074640,CDKL3,5.0
176870,DLK,5.0
11409972,VEGFR2,6.698970004336019
10427712,ACVR1,5.0
11712649,MKNK2,5.0
11427553,CSNK2A2,6.638272163982407
9915743,SLK,7.180456064458132
9926791,EGFR,5.0
123631,ROCK1,5.0
3081361,SRPK1,5.0
42642645,ABL1(M351T),7.443697499232713
11984591,MKK7,5.0
176155,RSK4(KinDom.1-N-terminal),5.0
10113978,EIF2AK1,5.0
156422,CDC2L1,5.0
44259,RSK1(KinDom.2-C-terminal),5.920818753952375
16722836,HIPK2,6.0
25243800,HIPK2,6.455931955649724
25127112,p38-gamma,5.0
9933475,EPHB2,5.0
3062316,MAP4K2,5.886056647693163
10461815,FLT3(D835Y),7.017728766960432
24889392,ROCK1,5.0
5329102,PIK3C2G,5.0
6450551,GSK3B,5.0
11626560,MST1R,7.602059991327962
208908,TESK1,5.0
3081361,JAK3(JH1domain-catalytic),5.0
9926791,AKT3,5.0
5291,MYLK4,5.0
16725726,MAP4K5,5.0
208908,ICK,5.0
11667893,PFPK5(Pfalciparum),5.0
5291,MYO3A,5.0
11717001,PFTK1,5.0
16722836,TNIK,5.0
216239,MAP4K5,5.795880017344075
3038522,STK16,5.0
5287969,EPHA1,5.638272163982407
10127622,PIK3C2G,5.0
11314340,WEE1,5.0
11314340,FRK,5.0
16038120,PKN2,6.167491087293763
9809715,BMPR1A,5.0
11364421,PKAC-alpha,5.0
5328940,PRKX,5.0
16722836,ANKK1,5.366531544420414
10127622,GAK,5.0
25127112,ASK2,5.0
156422,DYRK1B,5.0
9929127,SLK,5.0
10074640,PHKG1,5.0
176155,FLT3(K663Q),5.0
51004351,KIT(V559D),6.698970004336019
3038522,EGFR(L858R),6.3979400086720375
644241,PFTK1,5.0
9884685,ROCK1,5.0
9933475,PIP5K1C,5.0
3038522,KIT(V559D-T670I),5.958607314841775
10138260,MYLK,6.443697499232713
6450551,PIP5K2C,5.0
176155,CHEK2,5.0
11427553,ZAP70,6.026872146400302
9926791,FAK,5.0
176167,MRCKB,5.0
44150621,PAK4,5.0
4908365,EGFR(E746A750del),5.0
44150621,EPHA5,5.0
24889392,EGFR(E746A750del),5.0
3081361,MARK1,5.0
5328940,HIPK3,5.494850021680094
176870,CIT,6.167491087293763
16007391,RSK3(KinDom.1-N-terminal),5.0
10113978,AURKC,6.1249387366083
11427553,IRAK3,6.619788758288394
11667893,FLT1,7.920818753952375
51004351,MEK3,5.275724130399211
10074640,EPHA2,5.0
216239,MYLK2,5.267606240177032
44150621,EPHA6,5.0
3081361,CDK5,5.0
151194,FLT4,6.481486060122113
3062316,PIM3,5.0
176155,YANK3,5.0
176155,MEK2,5.017728766960432
4908365,IKK-alpha,5.0
10074640,YSK1,5.0
10461815,ABL1p,5.086186147616283
16722836,STK33,6.657577319177793
5291,MAP4K4,5.0
151194,EGFR(L858RT790M),5.0
10184653,ABL1,5.886056647693163
16722836,TNK2,7.1938200260161125
16722836,LYN,6.301029995663981
9915743,RPS6KA4(KinDom.1-N-terminal),5.0
10074640,PIK3CD,5.0
11314340,CDKL1,5.0
10127622,ABL1,5.0
126565,EIF2AK1,5.0
6918454,LCK,5.0
9915743,WEE1,5.3872161432802645
11364421,MAP4K3,5.0
5329102,PAK6,5.619788758288394
11338033,MARK2,5.0
25127112,PFTK1,5.0
151194,KIT(L576P),6.958607314841775
5329102,LYN,6.568636235841013
24180719,INSR,5.0
3038522,YSK4,5.229147988357856
11712649,EPHA8,5.0
126565,MKK7,7.096910013008056
6918454,MYLK2,5.0
10113978,ROS1,6.036212172654444
17755052,TNK1,5.0
24180719,PIP5K1A,5.0
16007391,BRK,5.0
644241,PDPK1,5.0
3081361,ABL1(E255K),7.886056647693163
3081361,DRAK1,5.0
5291,GRK4,5.0
9915743,BTK,6.795880017344075
3062316,RPS6KA4(KinDom.1-N-terminal),5.0
16038120,ABL1(F317L),7.267606240177032
644241,AURKC,5.0
151194,MYLK,5.0
156422,PRKR,5.0
24180719,AURKB,5.638272163982407
11717001,MTOR,5.0
3038522,TRKA,6.346787486224656
208908,PLK4,5.0
44259,BTK,6.6777807052660805
11667893,CAMK1G,5.0
10127622,ROCK1,5.0
24180719,GRK4,5.0
11364421,KIT(A829P),5.0
11338033,CAMK2B,5.0
3081361,IKK-beta,5.0
10113978,NLK,5.356547323513813
156422,EGFR(T790M),5.619788758288394
11314340,MAP3K3,5.0
25127112,PFTAIRE2,5.0
156422,CLK4,5.0
5494449,ZAP70,5.0
51004351,GAK,6.42021640338319
10427712,BRAF,5.6777807052660805
5287969,OSR1,5.0
44150621,PIK4CB,5.0
176870,MEK2,5.0
11234052,ABL1,5.958607314841775
10184653,ERN1,5.0
16038120,PRKG1,6.366531544420414
6450551,EPHB4,5.0
24180719,MEK2,5.958607314841775
3025986,MST3,5.0
51004351,MTOR,5.0
44150621,EGFR(S752I759del),5.0
3038525,PAK7,5.0
123631,AURKA,5.0
11338033,ABL1p,5.0
11485656,CSNK1G2,5.0
11656518,TNK1,5.1938200260161125
9915743,KIT(V559D),5.0
11717001,JNK3,5.6020599913279625
11234052,CDK9,5.0
10113978,CLK2,5.0
11656518,MST3,5.0
5329102,CAMK1G,6.356547323513813
176167,ERBB4,5.0
44259,LOK,10.431798275933003
10138260,EGFR(L747E749del),5.0
10138260,PRP4,5.886056647693163
3038525,STK35,5.0
25127112,PRKR,5.0
153999,CDK5,5.0
9926054,MLCK,5.0
9926791,ERN1,5.0
10461815,ABL1(H396P),5.0
11667893,YSK1,5.0
151194,DRAK2,5.0
9926791,IRAK1,5.0
5494449,RPS6KA4(KinDom.2-C-terminal),5.0
11409972,GAK,5.886056647693163
11712649,TYRO3,5.508638306165728
10461815,AKT3,5.0
10461815,QSK,5.0
10113978,PIK3CA(Q546K),5.0
9809715,CSNK1G1,5.0
5291,ABL1(T315I)p,5.0
153999,NEK1,5.0
10138260,EPHB6,5.920818753952375
6918454,CDK4-cyclinD3,5.0
176155,PIK3CG,5.0
11617559,FLT3(N841I),5.0
10427712,PIK3CA(E545A),7.080921907623926
9926791,BRSK2,5.0
16722836,MLK1,5.494850021680094
9884685,CAMK2D,5.0
11712649,SIK,5.769551078621726
5328940,YES,8.397940008672037
151194,CAMK1,5.0
44259,BMPR1A,5.431798275933005
9929127,JAK3(JH1domain-catalytic),5.0
16007391,ACVR2B,5.0
123631,BMPR1A,5.0
16038120,INSRR,8.207608310501746
156422,CAMK2B,5.0
16038120,MTOR,5.0
3038522,BTK,5.0
24779724,ADCK3,5.0
10074640,PFTAIRE2,5.0
10074640,PIM3,6.142667503568732
447077,SRMS,6.221848749616356
9929127,MEK1,5.0
9884685,MLK3,5.0
151194,MLCK,5.0
176155,STK39,5.0
5329102,DAPK3,7.657577319177794
17755052,TGFBR1,5.0
10074640,ROS1,5.0
153999,MLK1,5.853871964321762
9929127,EGFR(T790M),5.0
447077,ACVRL1,7.161150909262744
44150621,RSK2(KinDom.1-N-terminal),5.251811972993799
24889392,PRKCI,5.0
6450551,JNK2,5.0
11234052,PLK3,5.0
10074640,CSNK1E,5.0
6450551,IKK-beta,5.0
11234052,CDK4-cyclinD1,5.0
153999,EGFR(G719S),5.0
9915743,CHEK1,5.2441251443275085
9915743,PRKG1,5.0
9884685,KIT,5.0
11485656,TRKB,5.958607314841775
5287969,MAP3K4,5.0
156422,ARK5,5.0
6450551,STK16,6.431798275933005
3025986,TYRO3,5.0
24779724,KIT(V559D-T670I),5.0
11712649,BRK,5.0
153999,RPS6KA5(KinDom.1-N-terminal),5.886056647693163
447077,RPS6KA4(KinDom.1-N-terminal),5.0
16038120,MYLK2,5.0
176155,ASK2,5.0
9915743,PIK3CA(M1043I),5.0
11314340,AMPK-alpha1,5.0
11364421,FLT3(D835Y),5.522878745280337
176167,PFCDPK1(Pfalciparum),5.0
216239,MAP4K2,5.0
16722836,PFTAIRE2,5.0655015487564325
24889392,MINK,5.0
151194,PRKX,5.0
44259,JNK2,6.040958607678906
5287969,TSSK1B,5.0
5328940,HCK,8.468521082957745
11617559,BMX,5.0
5287969,MKK7,5.0
9884685,RSK1(KinDom.1-N-terminal),5.0
5328940,SRPK1,5.0
9926054,RSK2(KinDom.1-N-terminal),5.0
176167,MAP4K4,5.0
10127622,TNK1,5.0
24889392,MLK2,5.0
5328940,JAK1(JH2domain-pseudokinase),5.0
11667893,EIF2AK1,5.0
25127112,ABL2,5.0
11626560,FAK,6.508638306165728
644241,CSNK2A1,5.0
11626560,RET(M918T),5.886056647693163
11485656,MRCKB,5.0
16722836,MAP4K3,5.744727494896694
151194,RIOK1,5.0
11427553,MRCKB,5.0
11656518,LIMK1,5.0
9915743,SIK2,5.481486060122113
16007391,LIMK1,5.0
3025986,GAK,5.744727494896694
16725726,AKT2,8.67778070526608
24889392,LYN,5.2441251443275085
4908365,SIK2,6.3979400086720375
24889392,FLT4,7.387216143280264
123631,TRPM6,5.0
644241,HPK1,6.050609993355088
11338033,TLK1,5.619788758288394
11984591,JNK2,7.327902142064283
10113978,LRRK2,5.0
16038120,YSK1,5.113509274827518
44150621,MUSK,6.080921907623926
5329102,ABL1(H396P)p,6.853871964321762
9933475,CDKL2,5.0
176155,MST1R,5.0
156414,MEK3,5.0
3038525,LTK,5.0
51004351,RSK1(KinDom.1-N-terminal),6.161150909262744
9884685,PLK4,5.0
11984591,DCAMKL1,5.0
44259,CAMK2A,9.795880017344077
16725726,TSSK1B,5.0
10184653,HIPK4,6.443697499232713
24779724,ALK,5.0
16007391,FLT3(ITD),6.853871964321762
9915743,GRK1,5.0
9929127,CASK,5.0
44150621,STK35,5.0
3038525,ERN1,5.0
3081361,ABL1(H396P),8.008773924307505
11626560,QSK,5.0
10184653,ZAP70,5.0
44259,ERK4,5.0
11234052,VEGFR2,8.301029995663981
216239,AURKC,6.6777807052660805
25243800,PIK3C2B,6.657577319177793
126565,FLT3(D835H),9.18045606445813
16038120,RIPK4,5.494850021680094
11314340,FLT3(D835H),7.10790539730952
11617559,RPS6KA4(KinDom.2-C-terminal),5.0
11485656,PIM2,5.0
126565,EGFR(S752I759del),5.853871964321762
10184653,PAK1,5.0
6450551,MYLK2,5.886056647693163
11626560,CAMKK2,5.823908740944319
5329102,PRKG1,5.0
11984591,CLK2,5.795880017344075
6450551,RPS6KA5(KinDom.1-N-terminal),5.0
10113978,CAMKK2,5.0
10461815,MARK2,5.443697499232713
24779724,CAMK2B,5.0
16725726,KIT(V559D-T670I),6.0
25243800,ABL1p,7.161150909262744
9933475,EPHB3,5.0
16722836,ERBB2,5.0
11617559,BRSK1,5.0
9915743,KIT(V559D-T670I),5.0
11364421,PLK3,8.397940008672037
10074640,GSK3A,5.0
10427712,PRKCD,5.0
5328940,PIP5K2B,5.0
10461815,CDKL1,5.0
11667893,ITK,5.0
25243800,EGFR(L747E749del),6.013228265733755
44150621,PIK3CA(E542K),5.0
24180719,NDR2,5.0
3081361,DMPK2,5.657577319177793
24180719,MAP3K1,5.0
42642645,ABL1(F317L),7.698970004336019
24889392,HCK,5.0
11314340,LIMK2,5.0
447077,MST3,5.585026652029182
5287969,PIK3CA(H1047L),5.0
153999,ARK5,5.744727494896694
3062316,SRPK3,5.0
5328940,ABL1(F317I)p,9.744727494896694
9926054,YSK1,5.0
24180719,IRAK4,5.0
176167,MAP3K1,5.0
25243800,NEK7,5.0
10461815,NDR2,5.0
24889392,BRK,5.0
5287969,KIT(V559D),5.0
11717001,CSK,5.0
9926054,KIT(V559D-T670I),5.0
25243800,RIPK1,5.0
216239,NEK3,5.0
25243800,ABL1(Q252H),6.619788758288394
10074640,ABL1(T315I),5.0
10074640,TRPM6,5.0
11626560,MARK3,5.0
9915743,PYK2,5.096910013008056
176155,PLK4,5.0
11984591,RET(M918T),8.387216143280265
11485656,ABL1(T315I)p,5.0
11626560,WEE2,5.0
6918454,GRK1,5.0
9933475,MAP4K2,6.267606240177032
3038525,AMPK-alpha1,5.0
11409972,FLT3(ITD),7.958607314841775
153999,STK36,5.0
44259,IRAK1,7.397940008672037
24779724,ABL1(Q252H)p,5.0
6450551,PIK3CG,5.0
176870,FRK,5.698970004336019
11234052,ABL1(T315I),5.769551078621726
11364421,PRKD1,6.494850021680094
3062316,BRSK2,5.0
156422,TNIK,6.853871964321762
11427553,EIF2AK1,5.0
126565,PCTK2,6.142667503568732
3038525,PRKCE,5.0
9809715,MAST1,5.337242168318426
126565,PRKD3,8.050609993355087
11717001,ABL1(H396P),5.494850021680094
16725726,EGFR(L747E749del),5.0
10113978,FLT4,7.568636235841013
10113978,BRAF(V600E),6.366531544420414
42642645,AURKA,6.356547323513813
447077,CDK4-cyclinD3,5.0
16725726,STK36,5.585026652029182
16007391,PIP5K1A,5.0
11984591,INSRR,5.337242168318426
24889392,SNRK,5.0
44150621,ADCK4,5.0
4908365,TSSK1B,5.494850021680094
11984591,FLT4,8.040958607678906
3081361,PRKX,5.0
11712649,PKN1,5.0
9926791,DAPK3,5.0
42642645,TIE2,8.508638306165727
447077,GCN2(KinDom2S808G),7.585026652029182
3025986,RSK1(KinDom.1-N-terminal),5.0
51004351,TNK2,6.920818753952375
6918454,MEK4,5.0
123631,MLCK,5.0
25243800,FGFR2,6.6777807052660805
123631,PRP4,5.0
24180719,ABL1(F317L),6.026872146400302
10127622,EPHA8,5.0
11712649,EPHA6,6.236572006437063
123631,ABL1(F317I),5.0
16038120,MAP3K4,5.698970004336019
6918454,KIT(L576P),5.0
10184653,ADCK3,5.0
3038525,EGFR(L747T751del),5.0
16722836,DLK,5.200659450546419
9915743,RET(M918T),5.0
11617559,LYN,5.0
10138260,PCTK3,5.494850021680094
9926054,CDC2L1,6.376750709602099
44259,MARK4,8.267606240177031
11364421,MAPKAPK2,5.0
16007391,MINK,5.0
16007391,YSK4,5.619788758288394
176870,CSNK1A1,5.0
11485656,ADCK3,5.0
9809715,YANK1,5.0
16038120,S6K1,5.568636235841013
44150621,CDC2L1,5.0
9809715,CDK2,5.853871964321762
11338033,AMPK-alpha1,5.0
153999,CSNK1D,5.0
156414,NEK11,5.0
9915743,NEK7,5.0
16725726,CSNK2A2,5.0
9929127,ERK5,5.0
10184653,RPS6KA5(KinDom.2-C-terminal),5.0
176167,DYRK1B,6.0
11409972,TEC,5.0
17755052,MYLK4,6.107905397309519
9933475,KIT(L576P),9.267606240177033
11712649,KIT(V559D-V654A),5.0
25127112,ABL1(H396P)p,5.0
6450551,ROS1,5.494850021680094
3025986,HIPK1,5.769551078621726
10138260,ROCK1,5.920818753952375
11667893,MAP4K5,5.0
10184653,HIPK1,5.0
11667893,MET,5.0
17755052,PIK3CD,8.301029995663981
176870,PIM3,5.0
176167,HUNK,5.0
5287969,ABL1(E255K),5.795880017344075
24180719,CDK2,5.0
447077,CTK,5.0
153999,CSNK1A1,5.0
10138260,CSNK2A1,5.721246399047171
6450551,BTK,5.0
151194,RIOK3,5.0
3081361,PRKCI,5.0
25243800,GSK3A,5.0
11617559,PIK3CB,5.0
447077,S6K1,5.0
5494449,MEK3,5.0
10138260,TNIK,7.045757490560675
123631,JNK1,5.0
10184653,SRPK1,5.0
123631,NEK7,5.0
9809715,EPHB2,5.0
3038522,STK39,5.0
9933475,LRRK2(G2019S),5.0
24889392,DYRK2,5.0
3038525,CSF1R,5.585026652029182
5291,MET(Y1235D),5.0
9809715,TAK1,8.387216143280265
151194,AKT2,5.0
9915743,PRKCD,5.0
16007391,CDKL2,5.920818753952375
5329102,SBK1,6.698970004336019
11656518,ROCK2,5.0
5287969,PKN1,5.455931955649724
9926791,PAK1,5.0
11485656,RIPK5,5.0
4908365,PFPK5(Pfalciparum),5.0
16725726,LRRK2(G2019S),5.0
3038522,LRRK2,5.0
24779724,MAP3K2,5.0
11485656,LATS2,5.769551078621726
9926054,IRAK4,5.0
16007391,WEE1,5.0
11667893,MYO3B,5.0
16007391,CDK5,5.0
17755052,FLT3(R834Q),5.0
24779724,MEK1,5.0
3038525,EPHA3,5.0
3038525,RPS6KA4(KinDom.1-N-terminal),5.0
11984591,ROS1,7.537602002101044
176167,MYLK2,5.0
644241,MST3,5.0
51004351,TYK2(JH2domain-pseudokinase),5.0
16038120,EPHA5,5.431798275933005
123631,MYLK,5.0
3025986,FGR,5.0
5329102,BRSK1,5.455931955649724
10461815,CASK,5.769551078621726
5329102,CLK1,7.657577319177794
176167,ABL1,5.0
123631,DYRK1B,5.0
9809715,NEK4,5.0
176155,HIPK3,5.0
5494449,EPHB6,7.552841968657781
11234052,PIM2,5.0
3081361,EGFR(L858R),8.060480747381382
9915743,ABL1(Y253F),5.0
176155,PIK3CA(I800L),5.0
5291,CAMKK1,5.0
10113978,JNK3,5.721246399047171
11656518,CSNK1E,5.0
11364421,KIT(D816H),5.0
4908365,MAP3K1,5.0
10461815,LATS2,5.0
44259,BMPR2,5.638272163982407
9926791,NEK11,5.0
3062316,PRKCE,5.0
16038120,KIT(D816H),6.853871964321762
447077,FGFR2,7.508638306165728
3038522,STK35,5.0
216239,EPHA7,5.275724130399211
16038120,MARK2,7.356547323513813
11626560,ROCK1,5.431798275933005
644241,MAP4K3,5.0
11617559,IRAK3,5.0
11667893,S6K1,5.0
24779724,PIK3C2B,5.0
153999,DYRK1B,5.267606240177032
176155,MAST1,5.0
11617559,FER,5.0
44150621,RPS6KA4(KinDom.1-N-terminal),6.229147988357856
176870,MARK2,5.0
16038120,PRKCQ,5.823908740944319
5291,PKAC-beta,5.0
151194,GAK,5.0
216239,PRKCD,5.0
51004351,ACVRL1,5.0
5287969,p38-delta,5.0
156414,DAPK1,5.0
5328940,MAP3K15,5.0
6918454,ERK2,5.0
156414,PKAC-alpha,5.0
11712649,SRMS,5.0
11338033,MRCKB,5.0
208908,PIP5K2B,5.0
11617559,KIT(A829P),5.0
447077,EPHA7,5.0
24180719,NLK,5.0
9929127,KIT(D816H),5.0
5494449,MAP3K4,5.6020599913279625
11667893,HUNK,5.0
11984591,IKK-beta,7.1487416512809245
11364421,PKMYT1,5.0
10138260,HIPK1,6.013228265733755
11984591,MLK2,8.42021640338319
126565,DCAMKL2,5.346787486224656
11617559,JAK2(JH1domain-catalytic),5.0
153999,MEK5,5.958607314841775
25127112,CSNK1E,5.0
123631,STK16,5.0
9926054,LIMK2,5.0
11626560,MUSK,6.638272163982407
176167,CAMK2B,5.0
5287969,MAP3K1,5.0
9809715,IRAK3,5.275724130399211
6450551,TLK2,5.0
16007391,MAST1,5.0
10138260,AAK1,7.180456064458132
16007391,DCAMKL1,5.0
10427712,ASK1,5.0
208908,FGFR2,5.0
11626560,LYN,6.026872146400302
10184653,RIOK2,5.0
176870,EGFR,9.173925197299171
51004351,DLK,5.0
5291,BMPR2,5.0
11626560,ADCK3,5.0
151194,MAST1,5.0
9926054,EPHB3,5.0
9915743,ROS1,5.0
447077,CDK11,5.0
24889392,FGFR3,5.0
11717001,ACVR2B,5.0
11427553,PKN2,6.055517327849832
11364421,MAPKAPK5,5.0
24779724,MAP3K15,5.0
11485656,MLCK,5.0
153999,ASK2,5.0
208908,MET(M1250T),5.0
9926791,PDGFRB,5.0
10113978,ABL2,5.522878745280337
3038522,CSNK2A2,5.0
11626560,RIPK1,5.795880017344075
10184653,EGFR(E746A750del),9.958607314841776
156422,EGFR(E746A750del),5.0
156422,DMPK2,5.920818753952375
5494449,TXK,5.568636235841013
11364421,DRAK2,5.0
11667893,FLT3(N841I),5.958607314841775
447077,CSNK2A2,5.0
17755052,CDK11,5.0
11617559,BTK,5.0
156414,KIT(L576P),5.2441251443275085
156422,EIF2AK1,5.0
10113978,NDR2,5.0
11712649,TAOK2,5.0
44150621,GRK1,5.657577319177793
16722836,PAK7,5.920818753952375
11717001,FLT3,5.0
9915743,DDR2,5.0
16725726,DRAK2,5.0
51004351,IGF1R,5.0
11427553,MRCKA,5.0
11314340,EPHA5,5.0
24180719,CDKL3,5.0
42642645,CSNK2A2,5.552841968657781
16007391,TRKC,5.0
11427553,ERBB2,5.0
11409972,SNARK,5.0
3081361,PHKG1,5.958607314841775
3062316,ACVR2A,6.6777807052660805
3038525,TLK2,5.0
9884685,PFTK1,5.0
6918454,MKNK1,5.0
16725726,RPS6KA5(KinDom.2-C-terminal),6.795880017344075
10184653,PIP5K1C,5.0
9926791,GCN2(KinDom2S808G),5.0
11234052,EGFR(S752I759del),5.0
44150621,MEK4,5.0
216239,p38-alpha,6.431798275933005
11626560,ACVRL1,5.0
9926791,ACVR1,5.0
24180719,FLT3(N841I),5.4089353929735005
3081361,MAP3K15,5.0
10461815,PAK6,5.0
9929127,PRP4,5.0
16722836,ICK,5.721246399047171
10138260,PAK6,5.0
3025986,PRKD3,6.1249387366083
4908365,CDKL2,5.0
3062316,PKAC-alpha,5.0
11617559,CAMK4,5.0
208908,STK16,5.0
11626560,FLT3(R834Q),5.522878745280337
9915743,MAK,5.0
10074640,ALK,5.0
11984591,TNNI3K,6.508638306165728
11338033,NEK1,5.0
42642645,EGFR(L858R),6.721246399047171
9929127,MYLK4,5.0
11717001,PIK3CD,5.0
123631,PIP5K2C,5.1249387366083
9929127,PRKCE,5.0
44259,p38-gamma,7.376750709602099
11712649,PIP5K2B,5.0
25243800,p38-gamma,5.0
11409972,MLK2,5.0
208908,ARK5,5.0
9884685,EIF2AK1,5.0
25243800,EPHB1,5.721246399047171
10074640,ABL1(F317L)p,6.958607314841775
11626560,ABL2,6.337242168318426
17755052,NEK9,5.0
44259,ABL1(F317L),6.769551078621726
11234052,BMPR1B,5.0
11667893,SBK1,5.0
16007391,CLK3,5.0
644241,HIPK3,5.0
11409972,PDPK1,5.0
42642645,LKB1,5.0
153999,MEK3,5.0
10074640,FGFR1,5.0
11338033,PLK1,5.0
44259,JAK3(JH1domain-catalytic),7.920818753952375
25243800,PCTK3,5.0
176155,BRSK2,5.0
25127112,SRMS,5.0
9809715,INSRR,7.67778070526608
16722836,ACVR1,6.823908740944319
10127622,SGK3,5.0
10138260,HIPK3,7.080921907623926
10127622,EPHA6,5.0
44150621,SIK,5.0
9915743,BMX,5.0
153999,DCAMKL1,5.0
16722836,SIK,7.4089353929735005
9884685,MAK,5.0
42642645,JAK1(JH1domain-catalytic),5.0
51004351,SIK2,6.251811972993799
3062316,MAK,5.0
17755052,PLK4,5.585026652029182
11656518,TAK1,6.309803919971486
10427712,FGFR4,5.0
11364421,ITK,5.0
11717001,MKNK1,5.0
9933475,p38-alpha,5.0
447077,CLK3,5.0
11656518,RSK1(KinDom.1-N-terminal),5.0
208908,STK36,5.0
153999,VEGFR2,5.0
5328940,PIK3CA(E542K),5.0
5494449,PRKR,5.0
11667893,PKAC-beta,5.0
126565,ERN1,8.244125144327509
11314340,PRKCD,7.568636235841013
24180719,EGFR(T790M),5.0
11234052,CLK1,5.0
11485656,FLT3(D835Y),7.958607314841775
10113978,ASK2,5.0
3081361,LRRK2(G2019S),5.0
11717001,FES,5.0
11485656,DAPK3,5.0
123631,DLK,5.0
9915743,IKK-alpha,5.0
3081361,SIK,5.721246399047171
10074640,NEK3,5.0
11984591,MINK,5.0
5287969,PFCDPK1(Pfalciparum),5.0
16725726,PLK3,5.0
176167,YANK2,5.0
3038525,p38-delta,5.0
10113978,PFCDPK1(Pfalciparum),6.431798275933005
153999,RPS6KA4(KinDom.2-C-terminal),5.0
11626560,TYRO3,6.096910013008056
6918454,EGFR(G719C),5.0
24180719,MTOR,5.0
126565,EPHA7,6.585026652029182
9933475,PYK2,5.0
5328940,MST1R,5.200659450546419
24779724,EGFR(G719S),5.0
10184653,BRSK1,5.0
11409972,TBK1,5.0
24180719,STK16,5.721246399047171
11667893,JNK3,5.0
11712649,PKAC-beta,5.0
176167,PFPK5(Pfalciparum),5.0
5329102,DAPK2,6.823908740944319
10184653,PIK3CB,5.0
10461815,YANK1,5.0
10461815,ERK1,5.0
25243800,TRPM6,5.0
10138260,MRCKA,5.0
9929127,NDR1,5.0
153999,CHEK1,6.267606240177032
24889392,JNK1,5.0
9933475,RIOK3,5.0
16722836,CAMK2B,5.167491087293763
176870,AKT3,5.0
176155,GCN2(KinDom2S808G),5.0
10074640,GAK,5.0
6450551,CDK3,5.0
11617559,MAP4K4,5.0
10427712,CSF1R,5.0
11667893,NIM1,5.0
3062316,YANK2,5.0
24779724,RET(M918T),5.0
11626560,TLK1,5.0
3025986,DDR2,5.0
10184653,PIK3CA(Q546K),5.0
16722836,CSF1R,6.2076083105017466
10461815,EIF2AK1,5.0
42642645,EPHB6,8.886056647693163
11617559,MARK2,5.0
5329102,KIT(D816H),6.958607314841775
5291,EIF2AK1,5.0
11667893,RSK1(KinDom.1-N-terminal),5.0
11485656,AMPK-alpha2,5.0
5291,LZK,5.0
11234052,JNK3,5.0
42642645,PKN2,5.0
3081361,WEE1,5.0
5494449,RET,7.552841968657781
151194,HPK1,5.0
5328940,JNK2,5.0
10427712,PIK3CA(M1043I),6.522878745280337
11314340,TIE2,5.0
9933475,AKT3,5.0
9915743,FGR,5.721246399047171
16038120,MAP3K3,6.494850021680094
11717001,RET,5.0
10127622,ACVRL1,5.0
10113978,FLT3(D835H),5.958607314841775
9929127,CAMKK2,5.0
6450551,TYK2(JH2domain-pseudokinase),5.0
16722836,NEK6,6.920818753952375
11485656,CIT,5.0
3038522,FRK,5.0
3081361,TNK1,5.0
24779724,CAMK1,5.0
3025986,VRK2,5.0
11984591,IKK-alpha,6.920818753952375
42642645,EGFR(G719S),6.431798275933005
9884685,CSNK1G3,5.0
153999,ICK,6.619788758288394
156414,EPHA2,5.0
123631,IGF1R,5.0
9809715,MEK5,8.744727494896694
9926791,ABL1(F317I),5.0
11364421,LRRK2(G2019S),5.0
126565,TNNI3K,5.6777807052660805
25127112,DRAK2,5.455931955649724
153999,ADCK4,5.0
5287969,RAF1,5.0
5328940,SYK,6.537602002101044
16007391,IRAK1,5.0
44150621,PIK3C2B,5.0
11712649,LRRK2,5.0
11234052,PRKD3,5.0
6918454,ADCK3,5.0
10184653,CHEK1,5.0
24889392,HUNK,5.0
447077,YANK3,5.0
4908365,RSK4(KinDom.1-N-terminal),5.522878745280337
644241,PLK1,5.0
11485656,FES,5.0
123631,JAK3(JH1domain-catalytic),5.0
11485656,MYLK2,5.552841968657781
10184653,DYRK1B,5.552841968657781
176155,ZAK,5.356547323513813
176167,ABL1(Q252H)p,5.0
10427712,ABL1(F317L),5.0
5494449,PCTK2,5.251811972993799
24889392,GRK1,5.0
11626560,TIE2,6.568636235841013
176155,DMPK,5.0
17755052,CAMK1G,5.167491087293763
123631,PRKX,5.0
11617559,EGFR(T790M),5.0
9809715,JAK1(JH1domain-catalytic),5.6020599913279625
3038522,VRK2,5.0
17755052,SRC,5.0
3081361,CLK4,5.0
24779724,ACVRL1,5.0
10113978,MST2,5.0
208908,PFCDPK1(Pfalciparum),5.0
208908,PAK6,5.0
3062316,PRKCD,5.0
11364421,PIK4CB,5.0
51004351,EPHB2,5.0
9884685,SIK2,5.0
126565,AURKC,8.387216143280265
5291,FGFR3,5.0
11626560,DYRK1A,5.0
16722836,PRKCH,5.0
24180719,ABL1(F317L)p,5.2441251443275085
123631,CSK,5.0
10427712,PAK3,5.0
151194,KIT(V559D-V654A),6.6777807052660805
16038120,PRP4,5.119186407719209
5494449,KIT(A829P),6.42021640338319
11984591,RPS6KA4(KinDom.2-C-terminal),7.356547323513813
151194,YANK3,5.0
25127112,CTK,5.0
9929127,CLK3,5.0
10427712,MELK,5.0
644241,MTOR,5.0
156414,CAMK2A,5.0
10113978,DYRK1B,5.0
11485656,GAK,5.638272163982407
5329102,p38-alpha,5.0
44259,JAK1(JH1domain-catalytic),8.214670164989233
11364421,BMPR2,5.0
176155,p38-gamma,5.823908740944319
11364421,TNK2,5.0
9809715,AURKA,5.0
10113978,EGFR(G719C),5.0
10461815,KIT(V559D-T670I),5.0
644241,ALK,5.0
11626560,ABL1(Y253F),7.130768280269024
10113978,PRKCI,5.0
25243800,LIMK1,5.0
17755052,EGFR(G719C),5.0
208908,SIK2,5.0
11617559,PIP5K1C,5.0
153999,CSNK2A1,5.0
5287969,FLT3(D835H),5.301029995663981
11617559,AMPK-alpha2,5.0
176870,BRAF(V600E),5.0
11667893,LTK,5.0
11617559,RIOK3,5.0
11364421,CHEK1,5.0
25127112,EPHA2,5.0
16725726,CAMK2A,5.0
176870,KIT,5.769551078621726
16038120,BRK,7.443697499232713
9884685,PIP5K2B,5.0
16038120,CSNK1D,5.0
44259,PLK2,6.698970004336019
11617559,AURKA,5.0
156414,TAOK2,5.0
156422,BRK,5.0
16007391,MKNK1,5.0
156422,NDR1,5.0
5494449,MYO3A,5.0
11409972,CAMK1,5.522878745280337
11667893,RIPK1,5.0
176870,ADCK4,5.6020599913279625
9926054,CDK7,6.167491087293763
3025986,PAK7,5.0
3038522,LIMK1,5.0
447077,FLT3(D835Y),5.508638306165728
9929127,ERBB3,5.0
10127622,CAMKK1,5.0
10113978,WEE2,5.0
156422,MARK2,5.0
447077,AURKA,5.0
24779724,VEGFR2,5.0
10113978,BMX,5.0
126565,JAK1(JH1domain-catalytic),8.05551732784983
216239,DRAK1,5.0
5291,SLK,5.0
9926054,NEK2,5.0
5287969,p38-alpha,5.0
9884685,TRKA,5.0
3038522,EGFR(L747S752del),6.3872161432802645
11234052,ICK,5.0
10074640,EGFR(L858RT790M),5.0
3038522,NIM1,5.0
9809715,SRC,6.236572006437063
153999,CLK2,6.376750709602099
9809715,ULK2,6.42021640338319
5287969,PDGFRA,5.229147988357856
11712649,PAK2,5.0
6918454,PIK3CA(E545A),5.0
176870,PCTK1,5.0
16038120,DRAK2,5.1487416512809245
44259,PRKG2,7.795880017344075
156414,NEK6,5.0
10184653,CSNK1G1,5.0
16007391,PRKCD,5.0
3038525,MST2,5.0
24889392,BRAF,5.0
11626560,RSK2(KinDom.1-N-terminal),5.0
3038522,AAK1,5.0
11234052,RSK2(KinDom.1-N-terminal),5.0
447077,JNK2,5.0
10427712,KIT(V559D),5.0
9926054,CHEK2,5.0
44259,MST4,6.853871964321762
9809715,EPHA1,5.920818753952375
5291,TRKC,5.0
176167,SgK110,5.0
9929127,PIK3CA(H1047L),5.0
5287969,MLK3,5.0
3081361,PIM3,5.0
9915743,CSNK2A2,5.0
11234052,CHEK2,5.0
11656518,CSNK1G2,5.0
5328940,CDC2L5,5.0
11234052,CLK4,5.0
126565,LIMK2,5.0
10427712,ABL1p,5.0
6918454,EPHA7,5.0
5287969,FYN,5.0
44259,PRKX,7.886056647693163
10461815,ANKK1,5.0
16725726,CDK2,5.0
11656518,MKNK1,5.0
3038525,LIMK1,5.0
11626560,YANK2,5.0
51004351,NEK5,5.0
447077,CAMK4,5.0
44259,LATS1,7.376750709602099
11984591,IRAK1,8.013228265733755
44259,RSK2(KinDom.1-N-terminal),7.161150909262744
11314340,INSR,5.0
5494449,ROCK1,5.0
11485656,INSRR,5.4089353929735005
9926054,TSSK1B,5.0
11314340,RSK2(KinDom.1-N-terminal),5.0
10138260,YSK1,6.443697499232713
10461815,EGFR(G719C),5.0
176167,AMPK-alpha1,5.0
208908,PIK3CA(H1047Y),5.0
156414,PRKG1,5.0
5328940,DRAK1,5.0
11984591,BMPR1B,6.142667503568732
156414,PIK3CG,5.0
16038120,ABL1(F317I)p,7.853871964321762
153999,MEK1,5.0
5287969,NDR2,5.0
9915743,PAK2,7.102372908709558
25127112,AKT3,5.0
5329102,MAP4K2,7.481486060122113
176870,ABL1,6.481486060122113
10113978,EPHA4,5.0
5328940,TRKC,5.468521082957745
4908365,AURKB,5.537602002101044
5287969,MST3,5.0
10461815,GAK,5.886056647693163
11234052,PHKG1,5.0
16725726,TGFBR2,5.0
16007391,EPHA7,5.0
10138260,CASK,5.0
44150621,PRKCQ,5.494850021680094
6450551,BIKE,6.0
51004351,TAOK3,5.0
16007391,PIK3CA(C420R),5.0
5287969,MUSK,5.0
11427553,TESK1,5.0
216239,MAST1,5.0
447077,ABL1(T315I)p,6.318758762624413
16722836,EPHA2,5.356547323513813
156422,MEK3,5.0
3038522,RPS6KA5(KinDom.1-N-terminal),5.0
126565,AKT1,5.356547323513813
16722836,BRAF(V600E),5.031517051446065
9809715,IGF1R,7.207608310501746
5494449,KIT(L576P),6.638272163982407
176155,RPS6KA5(KinDom.2-C-terminal),5.0
44259,AKT3,6.769551078621726
16722836,RIOK1,7.0
9809715,AMPK-alpha2,7.075720713938118
16725726,LIMK1,5.0
11485656,YANK2,6.568636235841013
25127112,SIK,5.0
153999,PKN1,6.455931955649724
9915743,OSR1,5.0
5329102,PCTK2,5.920818753952375
208908,ERBB3,5.259637310505756
11667893,FRK,7.00436480540245
10461815,PIK3CG,5.0
16725726,FGFR4,5.0
9926791,ACVR2A,5.0
9926054,MAP4K5,5.0
11409972,CAMK4,5.431798275933005
156422,PCTK1,5.0
11427553,FER,5.958607314841775
10427712,FLT3(D835H),5.0
16725726,FYN,5.0
24180719,EGFR(L858R),5.0
25127112,ULK3,5.619788758288394
24180719,YSK4,5.0
123631,LIMK1,5.0
10461815,TESK1,5.0
5494449,MAP4K4,5.619788758288394
10184653,AURKA,5.0
17755052,DAPK3,5.744727494896694
151194,GRK4,5.0
25127112,PRKG2,6.161150909262744
10138260,PIK3CA(E545K),5.0
44150621,IKK-epsilon,6.318758762624413
16725726,CAMKK1,5.0
11712649,DMPK,5.0
44150621,KIT(V559D-T670I),7.585026652029182
11314340,MELK,6.229147988357856
10461815,CTK,5.0
123631,ABL1(H396P),6.167491087293763
11712649,ERK1,5.0
10127622,PLK2,5.0
11364421,MEK2,5.0
156422,PRKCE,5.0
3081361,RET(V804L),5.0
126565,CSK,6.585026652029182
9809715,STK35,6.091514981121351
3081361,TNK2,5.0
10427712,RPS6KA4(KinDom.2-C-terminal),5.0
11314340,DYRK2,7.200659450546419
176155,TRKB,5.0
6918454,MST4,5.0
11427553,MTOR,5.0
3025986,TTK,5.0
9809715,SNARK,7.67778070526608
156414,MINK,5.6777807052660805
9915743,DDR1,5.0
216239,TRKC,6.221848749616356
216239,CIT,5.2076083105017466
176155,TNK1,5.0
11984591,EGFR(L858RT790M),7.214670164989233
11427553,RSK1(KinDom.1-N-terminal),5.468521082957745
11364421,MAP4K5,5.0
156422,JNK1,5.040958607678906
10461815,FGFR3(G697C),5.0
447077,PKAC-beta,5.0
24889392,ASK1,5.0
151194,TIE1,5.0
153999,RET(V804L),5.0
644241,CSF1R,7.346787486224656
447077,PIK3CA(E542K),5.0
5494449,CDKL1,5.0
176167,ERK2,5.0
10427712,TNNI3K,5.853871964321762
216239,CSNK2A2,5.0
3081361,KIT(V559D-T670I),5.698970004336019
447077,PIP5K2B,5.0
17755052,BMPR1B,5.0
123631,BTK,5.0
16007391,ABL1(E255K),5.017728766960432
3081361,EPHA2,5.958607314841775
10127622,AXL,5.0
126565,CDK8,5.096910013008056
25243800,RPS6KA4(KinDom.1-N-terminal),5.0
11314340,PIK3CA(Q546K),5.0
24889392,RSK1(KinDom.2-C-terminal),5.0
9926791,RSK4(KinDom.2-C-terminal),6.267606240177032
10184653,MEK4,5.0
9929127,PKAC-beta,5.0
17755052,DAPK1,5.3979400086720375
5328940,ADCK3,5.0
10113978,SRPK3,5.0
126565,PAK2,7.366531544420414
3025986,CSNK1D,5.744727494896694
5328940,PYK2,6.4089353929735005
9926054,EPHB2,5.0
24889392,PRKR,5.0
11984591,PFTAIRE2,5.0
3025986,EGFR(G719C),5.0
16038120,ABL2,6.42021640338319
16725726,NEK1,5.0
5494449,EPHA1,6.0
10461815,DAPK1,5.0
16725726,RSK1(KinDom.2-C-terminal),5.0
644241,VRK2,5.0
11234052,DCAMKL3,5.0
9926791,PRP4,5.0
10113978,PRKG2,5.0
9809715,PFPK5(Pfalciparum),5.0
6450551,BMPR2,5.0
3025986,PKN2,5.0
9915743,FLT3(K663Q),5.309803919971486
9926791,MAP3K3,5.0
447077,CHEK1,5.0
9915743,IKK-epsilon,5.0
9915743,AXL,6.721246399047171
4908365,RET(V804L),8.920818753952375
3081361,ERBB4,6.318758762624413
11656518,EPHA4,5.050609993355088
9884685,EPHA4,5.0
126565,JNK2,6.494850021680094
11409972,ABL1(Y253F),8.0
51004351,RSK3(KinDom.1-N-terminal),6.136677139879544
24180719,PIM2,5.0
11338033,DRAK2,5.0
10138260,FLT4,7.301029995663981
5328940,LOK,8.154901959985743
153999,KIT(D816H),5.823908740944319
10427712,PIK4CB,6.366531544420414
4908365,PRKD2,6.494850021680094
10461815,DRAK1,5.3979400086720375
126565,MST4,6.638272163982407
176167,CSNK1D,5.0
25243800,MAPKAPK5,5.0
16725726,GRK1,6.214670164989233
10461815,RIPK1,5.823908740944319
5328940,NLK,5.657577319177793
11656518,RET,6.823908740944319
176870,FGFR3(G697C),5.0
11667893,PAK6,5.0
11667893,SgK110,5.0
17755052,LIMK2,5.0
644241,ERN1,5.0
10113978,LCK,5.920818753952375
25243800,ULK2,5.309803919971486
16722836,EPHB2,5.4089353929735005
11364421,PIP5K2C,6.958607314841775
5291,EPHA7,5.0
6918454,MEK6,5.0
24889392,MAP4K2,5.0
9926054,BRK,5.0
176155,BMX,5.0
25243800,RIPK5,6.292429823902063
9926054,EGFR(L861Q),5.0
11656518,FGFR3(G697C),5.0
156422,FYN,5.0
9809715,PRKD1,6.00436480540245
3062316,CSNK1G1,5.0
216239,TNNI3K,6.552841968657781
44150621,RPS6KA4(KinDom.2-C-terminal),5.0
24779724,SgK110,5.0
9915743,ICK,5.0
16038120,SRPK2,5.0
644241,KIT(V559D),7.337242168318426
6450551,ERK3,5.0
11626560,MET(Y1235D),8.823908740944319
11409972,SgK110,5.0
42642645,AURKB,7.366531544420414
216239,CDKL3,6.309803919971486
123631,TYRO3,5.0
10427712,FLT3(ITD),5.0
9926054,ABL1(F317I)p,5.0
10427712,MYO3A,5.0
11409972,ULK1,5.431798275933005
11617559,LKB1,5.0
44259,PYK2,8.455931955649724
51004351,GSK3A,5.6020599913279625
11656518,PIK3CA(H1047L),5.0
5291,MAK,5.0
25127112,PRKCI,5.0
16725726,p38-delta,5.0
11656518,PKNB(Mtuberculosis),5.0
11667893,PRKCH,5.0
24779724,CDKL2,5.0
11984591,CSNK2A1,7.1938200260161125
153999,TYK2(JH2domain-pseudokinase),5.0
11314340,MUSK,5.0
151194,PIK3CA(E545A),5.0
9926791,FLT1,5.0
5329102,RIPK1,6.431798275933005
9929127,MELK,5.0
11712649,FLT3(R834Q),5.0
123631,MAP3K3,5.6777807052660805
11667893,MYLK4,5.0
153999,SgK110,5.0
9929127,MKNK2,5.0
9915743,CDK3,5.0
5329102,BIKE,8.259637310505756
16007391,MST1R,5.0
11712649,PIK3CA(H1047L),5.0
10184653,ULK2,5.0
11427553,EPHA2,5.823908740944319
9915743,YANK1,5.0
5287969,HPK1,5.481486060122113
153999,MEK2,5.0
6918454,TNNI3K,5.0
156422,BMPR1B,5.0
5328940,PAK4,5.0
44259,ERK5,5.795880017344075
9915743,ABL1p,5.0
10113978,DRAK1,5.0
123631,EGFR(L747E749del),9.244125144327509
10074640,PFCDPK1(Pfalciparum),5.0
11656518,SRPK1,5.0
156422,SgK110,5.0
9933475,RIPK1,5.0
156414,EGFR,9.721246399047171
17755052,ERK4,5.0
5329102,CAMK4,6.050609993355088
11617559,VEGFR2,5.0
44150621,p38-delta,5.0
44259,PKAC-beta,7.537602002101044
10184653,JAK1(JH2domain-pseudokinase),5.0
25127112,SGK3,5.0
176167,BRAF,5.0
10138260,EPHA5,5.0
3038522,RSK4(KinDom.1-N-terminal),5.0
9915743,ERBB2,8.221848749616356
208908,ACVR2B,5.0
44259,EPHA4,6.537602002101044
123631,BLK,5.920818753952375
11485656,HIPK4,7.337242168318426
16007391,QSK,5.0
10138260,ERBB2,5.0
3025986,BMPR2,5.0
208908,CAMK2G,5.0
3062316,ACVR2B,6.2441251443275085
5494449,TSSK1B,5.0
11656518,YANK3,5.0
5291,MTOR,5.0
447077,PFPK5(Pfalciparum),5.0
25127112,PIK3CA(H1047Y),5.0
5329102,MST3,7.200659450546419
176167,CDKL3,5.0
24180719,EGFR,5.0
3081361,CAMK1D,5.0
9933475,STK35,8.267606240177031
11409972,TYRO3,5.0
3062316,FLT3(R834Q),5.0
24889392,CDKL3,5.0
126565,SRPK3,7.886056647693163
123631,YANK3,5.0
44150621,PCTK3,5.075720713938119
3038525,CAMKK2,5.0
3038525,CIT,5.0
123631,MAP3K2,5.481486060122113
3038522,DAPK3,5.0
176155,AMPK-alpha2,5.0
126565,TRKC,7.853871964321762
11234052,RET(M918T),6.443697499232713
11364421,CAMK2G,5.920818753952375
9926791,CAMK2G,5.0
11364421,DCAMKL2,5.0
151194,p38-alpha,5.0
11364421,JAK1(JH2domain-pseudokinase),5.0
10461815,DMPK,5.0
24889392,YSK1,5.0
16007391,PIM1,5.0
10461815,NEK1,5.0
10074640,PAK1,5.0
9929127,CDK4-cyclinD3,5.0
25127112,RIOK1,5.6020599913279625
208908,CSNK1D,5.0
9929127,IRAK4,5.0
9929127,EPHB3,5.0
11617559,ULK1,5.0
6918454,JAK3(JH1domain-catalytic),5.0
51004351,ROCK1,5.10790539730952
11617559,NLK,5.0
9926054,RPS6KA4(KinDom.1-N-terminal),5.0
11626560,PIK3CD,5.0
10074640,CSF1R,8.119186407719209
16722836,SRPK2,7.0
9926054,LATS1,5.0
3038522,CAMK2G,5.0
24889392,FLT3(N841I),8.387216143280265
44150621,MYO3A,5.0
156422,ABL1(H396P),5.481486060122113
11712649,ABL1(Q252H),6.200659450546419
17755052,DCAMKL3,5.0
644241,RIOK2,5.0
5494449,PIP5K2B,6.853871964321762
25127112,GSK3B,5.0
208908,SIK,5.0
11717001,STK36,5.0
11314340,WEE2,5.0
10138260,MAP3K4,5.0
5494449,DCAMKL2,5.0
11712649,CDKL1,5.0
126565,YES,6.795880017344075
3025986,MAP3K1,5.0
176155,MARK2,5.0
123631,KIT(A829P),5.744727494896694
216239,SIK2,5.0
176870,QSK,5.0
5291,PRKG1,5.0
123631,RPS6KA4(KinDom.1-N-terminal),5.0
176155,SIK,5.0
3038522,SgK110,5.0
11656518,STK33,5.0
3038522,ERK3,5.0
6450551,EPHA4,5.0
156422,EGFR,5.154901959985743
4908365,MAP3K2,7.0655015487564325
11409972,EPHB6,5.0
24889392,CSNK1A1L,5.0
216239,MAPKAPK2,5.0
24889392,HIPK2,5.0
5287969,PRKCI,5.0
11485656,PIK3CA(E542K),5.0
44150621,CSK,5.0
5291,PRKCQ,5.0
5328940,LCK,9.229147988357855
10427712,TXK,5.0
24779724,RIPK5,5.0
16038120,JNK2,6.552841968657781
10074640,CDK4-cyclinD1,5.0
5287969,PIM2,6.113509274827519
3081361,MEK2,5.958607314841775
5291,EGFR(T790M),5.0
9926791,ABL1(E255K),5.0
16725726,YANK1,5.0
51004351,PKMYT1,5.0
4908365,ABL1(T315I),6.031517051446065
11626560,LCK,7.522878745280337
3025986,PIK3C2B,5.0
11712649,VRK2,5.0
11656518,SRMS,5.0
5329102,PFTK1,6.568636235841013
3081361,DCAMKL3,5.0
24779724,ERK1,5.0
11717001,PAK7,5.0
3038525,S6K1,5.0
44150621,BMPR1B,5.0
644241,PHKG1,5.0
3062316,PYK2,5.0
25243800,ABL1(M351T),7.221848749616356
5494449,DAPK1,5.0
9809715,RSK2(KinDom.1-N-terminal),7.187086643357144
11712649,GRK1,5.0
16038120,PIK3CA(Q546K),5.0
9926791,MARK4,5.0
16007391,PIK3CA(M1043I),5.0
44259,p38-delta,6.619788758288394
176167,DMPK2,5.0
11234052,EPHA2,5.0
10127622,AURKB,5.0
3025986,DMPK,5.0
11656518,ABL1(F317I)p,5.0
176155,p38-beta,7.154901959985743
5291,ABL2,8.0
5494449,PRKG2,5.0
5494449,ULK1,5.0
25243800,MTOR,8.522878745280337
11712649,EPHA3,5.6777807052660805
3025986,IRAK1,5.0
11234052,KIT(V559D-V654A),7.920818753952375
9929127,DAPK3,5.0
5291,MLK2,5.0
11712649,SBK1,5.0
3038522,NEK7,5.0
153999,CDK9,5.0
216239,CSNK1E,5.0
4908365,PFCDPK1(Pfalciparum),5.0
11617559,KIT,5.0
176155,MKNK1,5.0
11314340,DAPK2,5.6020599913279625
11617559,JNK2,5.0
5287969,PKAC-alpha,5.0
5328940,MST4,7.431798275933005
11485656,EPHB1,6.055517327849832
11314340,MEK6,5.0
10113978,MKK7,5.0
9933475,PRKG1,5.0
11364421,GSK3B,5.0
6918454,ZAP70,5.0
9884685,MAP3K3,5.0
5328940,QSK,7.1938200260161125
10138260,CHEK2,7.397940008672037
6450551,ABL1(T315I),8.443697499232712
51004351,PHKG1,6.045757490560675
123631,MARK3,5.0
11617559,PIK3CD,5.0
44259,FLT1,6.823908740944319
126565,SgK110,6.920818753952375
11485656,PIP5K1C,5.0
44259,NEK6,5.0
11984591,MARK2,6.552841968657781
16007391,ABL1(Y253F),5.42021640338319
126565,EPHB6,7.008773924307505
11234052,DCAMKL2,5.0
151194,ABL1(E255K),5.0
16007391,PKNB(Mtuberculosis),5.0
4908365,ASK1,5.0
10184653,PRKCI,5.0
11717001,SRPK1,5.0
11338033,ICK,8.080921907623926
216239,TAK1,6.161150909262744
151194,MAP3K3,5.0
9926054,ROS1,5.0
208908,TRPM6,5.0
151194,MYLK4,5.0
176870,EPHB4,5.657577319177793
5287969,GSK3B,6.136677139879544
25127112,MAP4K4,5.0
153999,KIT,5.0
126565,GRK7,8.142667503568731
11656518,AURKC,5.0
153999,BLK,5.0
11626560,PRKG1,5.0
3062316,PHKG2,5.0
51004351,EGFR(L747T751del),5.721246399047171
3081361,STK35,7.251811972993799
5328940,ERK4,5.0
9926791,FLT3(N841I),5.0
11338033,RPS6KA4(KinDom.1-N-terminal),5.0
42642645,MAP3K2,5.721246399047171
25243800,RET(M918T),8.397940008672037
25127112,GRK1,6.136677139879544
176167,PIK3CA(H1047Y),5.0
10184653,ABL1(E255K),6.376750709602099
6450551,JAK3(JH1domain-catalytic),5.508638306165728
9929127,CDKL5,5.0
9929127,RPS6KA5(KinDom.2-C-terminal),5.0
44259,LYN,7.397940008672037
156422,ACVR2B,5.0
9933475,MYLK2,5.0
9884685,EGFR(L858RT790M),5.0
216239,CASK,5.0
3081361,RSK3(KinDom.2-C-terminal),5.0
25127112,DLK,5.0
9809715,MAK,5.0
9933475,AURKA,5.0
6450551,CDK4-cyclinD3,5.0
11717001,STK39,5.0
16722836,ZAK,6.187086643357144
5291,GSK3A,5.0
4908365,ACVRL1,5.721246399047171
11717001,CLK1,5.0
156414,MARK3,5.0
9915743,ROCK1,5.0
11364421,BLK,5.0
11364421,PLK1,9.721246399047171
10461815,NLK,5.0
17755052,RIOK3,5.0
11338033,LKB1,5.0
16038120,ACVR1,7.537602002101044
10138260,INSRR,5.698970004336019
176167,BRAF(V600E),5.0
25243800,TXK,6.481486060122113
44259,MAP4K5,7.744727494896694
3038522,PRKG1,5.0
5291,ALK,5.0
5287969,MEK4,5.638272163982407
16038120,RSK4(KinDom.2-C-terminal),6.795880017344075
10461815,FLT3(N841I),6.327902142064283
25243800,FAK,5.0
9884685,EPHA3,5.0
5291,EPHA1,5.0
5494449,FGFR3,6.0655015487564325
123631,PIM2,5.0
16725726,EPHB6,5.0
24180719,PRKCH,5.0
25243800,CTK,5.0
16038120,SRPK1,5.318758762624413
153999,FGFR3,5.0
10184653,CAMKK2,5.0
9929127,EPHB6,5.0
10427712,TGFBR1,5.0
11667893,ERK5,5.0
11338033,PIK3CA(H1047L),5.0
176870,CSNK2A1,5.0
24779724,ULK2,5.0
24889392,LATS2,5.0
151194,ANKK1,5.0
176167,FLT3(R834Q),5.744727494896694
24180719,RET,5.0
3062316,TNK1,5.0
9926054,MTOR,5.0
11712649,CDK2,5.0
11364421,TRKB,5.0
9926054,EGFR(L858RT790M),5.0
10138260,PFCDPK1(Pfalciparum),5.0
9926791,FER,5.0
4908365,STK36,5.0
11984591,SRPK2,5.0
3025986,MAST1,5.2076083105017466
16038120,RSK3(KinDom.1-N-terminal),7.481486060122113
10138260,DAPK1,6.568636235841013
3081361,JAK2(JH1domain-catalytic),5.0
24180719,p38-beta,5.0
126565,CTK,6.013228265733755
25127112,MAP4K5,5.0
11314340,DLK,5.0
9926054,LTK,5.0
11485656,EGFR(L861Q),5.0
3038525,SNARK,5.0
11667893,EGFR(L858RT790M),5.0
5328940,TNNI3K,6.769551078621726
11234052,QSK,5.0
5329102,TNK1,6.167491087293763
447077,STK39,5.0
6918454,PIK3CA(H1047L),5.0
9926791,ASK2,5.0
5328940,CLK3,6.522878745280337
11427553,PFPK5(Pfalciparum),5.0
25127112,TRKB,6.443697499232713
9915743,PIP5K2C,5.0
11427553,PLK1,5.0
447077,RIPK4,5.0
11712649,CSNK2A2,5.0
25127112,PIK3C2G,5.0
5291,NDR1,5.0
10461815,FRK,5.0
208908,SYK,5.0
44259,EGFR(S752I759del),6.537602002101044
5329102,RIOK1,7.455931955649724
9933475,CIT,5.0
5329102,PIK3CA(E542K),5.0
11656518,YSK1,5.167491087293763
9926791,DRAK1,5.0
11338033,RET(V804M),5.0
11667893,CAMK4,5.0
10113978,HIPK4,5.0
10461815,SRPK1,7.387216143280264
208908,CAMKK1,5.0
156422,ITK,5.0
123631,VRK2,5.0
11409972,FAK,5.0
11364421,PRKD3,6.455931955649724
11409972,STK16,5.0
5328940,ABL1(E255K),10.327902142064282
11984591,PIK3CA,5.0
156414,SRPK2,5.0
10138260,MST4,6.481486060122113
10138260,FLT3(ITD),8.744727494896694
176870,MAP3K3,5.638272163982407
24889392,AMPK-alpha2,5.0
9884685,MLCK,5.0
156422,MEK1,5.0
25243800,CLK4,6.096910013008056
11617559,CSNK2A2,5.0
44259,p38-alpha,5.0
17755052,EGFR,5.0
3025986,PIM1,5.0
11409972,ERBB4,5.0
11667893,CSNK1G1,5.0
3081361,PRKCQ,5.0
11364421,TGFBR2,5.0
24889392,EPHB6,5.920818753952375
25243800,NEK6,5.0
644241,STK33,5.0
176870,ERBB2,5.537602002101044
9884685,AURKA,5.0
3038522,YANK1,5.0
11314340,RIPK5,5.0
176870,ROS1,5.0
3062316,CAMKK1,5.0
3081361,CSNK1A1L,5.0
24180719,RIOK2,6.113509274827519
5328940,LKB1,5.0
9915743,ROCK2,5.0
44259,TLK1,7.568636235841013
10461815,MEK4,5.0
151194,TYK2(JH1domain-catalytic),5.0
9926054,FLT3(D835H),5.0
3025986,GRK1,5.0
9929127,ROCK1,5.0
3062316,FGR,9.30102999566398
11617559,MARK1,5.0
644241,p38-alpha,6.337242168318426
10138260,MKK7,5.0
644241,PRP4,5.0
10127622,YSK1,5.0
24779724,p38-alpha,5.0
9933475,ERK2,5.0
208908,PIK3CB,5.0
11667893,MEK3,5.0
16038120,CDK4-cyclinD3,6.3979400086720375
644241,ERBB2,5.0
11338033,FGFR3,5.0
11409972,ACVR1B,5.0
3025986,CAMKK1,5.0
126565,TLK2,7.1938200260161125
10461815,PIK3CA(H1047Y),5.0
11485656,DAPK2,5.0
3038522,FYN,5.0
176870,IRAK3,5.0
10427712,MST1R,5.0
11364421,RET(V804M),5.0
11717001,MET(Y1235D),5.0
16722836,RET(V804L),7.1487416512809245
16722836,TAOK1,5.886056647693163
156422,CDKL1,5.0
11427553,NDR1,6.4089353929735005
9926791,RSK2(KinDom.1-N-terminal),5.0
9929127,TLK2,5.0
216239,IGF1R,5.0
44259,NEK5,6.091514981121351
216239,CSNK2A1,5.0
3025986,AMPK-alpha1,5.086186147616283
151194,EIF2AK1,5.0
3038525,RPS6KA5(KinDom.2-C-terminal),5.0
16722836,PIK3C2B,5.0
153999,JNK3,5.0
153999,ABL1(T315I),5.0
17755052,ERBB4,5.0
447077,PKN1,5.0
17755052,PHKG2,5.0
44150621,MTOR,5.0
11667893,CSNK1G3,5.0
9933475,ROS1,5.0
3038522,PAK6,5.0
3025986,LRRK2,5.0
11427553,CDK8,5.0
42642645,DMPK,5.0
17755052,AURKB,5.0
11667893,CDK2,5.0
10074640,FGFR4,5.0
9933475,YSK4,6.6020599913279625
11338033,SBK1,5.0
17755052,ABL1(T315I),5.0
3025986,MET(M1250T),5.0
9933475,FLT3(N841I),5.0
9915743,JNK2,5.0
9929127,FYN,5.0
123631,CAMK2A,5.0
5494449,MAP3K15,5.0
447077,PRKX,5.0
11338033,ERK1,5.0
3025986,ABL1p,5.0
25127112,CDK3,5.0
3038525,CAMK1,5.0
5291,EGFR(S752I759del),5.0
3062316,ARK5,5.0
42642645,CSNK1A1L,5.0
16038120,ANKK1,5.026872146400302
11338033,MAK,7.013228265733755
153999,CSK,5.0
16722836,JNK2,6.619788758288394
208908,PKNB(Mtuberculosis),5.0
5494449,SGK3,5.0
11314340,RPS6KA4(KinDom.1-N-terminal),5.0
24889392,LKB1,5.0
10184653,HCK,5.657577319177793
24889392,GSK3B,5.0
24889392,SYK,5.0
11984591,KIT(V559D-T670I),7.958607314841775
644241,MKNK2,5.0
11364421,EGFR(S752I759del),5.275724130399211
11712649,MAP4K4,5.0
6450551,BRSK1,5.0
10074640,PRKG1,5.0
3025986,CSNK2A2,5.0
11338033,MST4,5.0
10461815,ABL1(T315I),5.42021640338319
5329102,PIM1,5.0
16007391,HPK1,5.0
11667893,PIK3CA,5.0
25127112,ZAK,5.0
5329102,TEC,5.0
5287969,RET(V804M),5.0
176870,PIP5K1A,5.0
11409972,PLK3,5.091514981121351
24779724,YSK1,5.0
11427553,BIKE,8.017728766960431
5329102,FGR,6.568636235841013
44259,AMPK-alpha2,7.920818753952375
5494449,VRK2,5.0
447077,EGFR(L747E749del),5.823908740944319
6450551,MEK6,5.0
25243800,MARK2,5.2076083105017466
644241,LCK,7.327902142064283
10127622,HIPK1,5.0
126565,TAOK1,7.154901959985743
10461815,EGFR,5.0
11485656,PIM1,5.0
176155,SGK3,5.0
9926791,MUSK,5.0
151194,MAP4K2,5.0
10074640,NLK,5.0
11338033,DCAMKL2,5.585026652029182
11338033,PIK3C2G,5.0
9926054,RIOK3,5.0
11717001,MAP3K1,5.0
16007391,YANK3,5.0
11717001,PIP5K1C,5.0
11717001,PKN2,5.0
16007391,MAP4K2,5.0
10074640,EGFR(S752I759del),5.0
10461815,EPHA2,5.0
10184653,WEE1,5.0
11984591,NEK5,7.886056647693163
16725726,LZK,5.0
25127112,PDPK1,5.0
10184653,SNRK,5.0
5329102,TTK,7.200659450546419
156414,ABL1(F317L)p,7.040958607678906
10127622,MAK,5.0
9933475,ABL1(F317L)p,6.552841968657781
10074640,SIK2,5.0
11234052,MST4,5.0
176155,PRKG1,5.0
9915743,RIOK3,5.0
156414,ADCK3,5.823908740944319
16722836,PDGFRB,7.346787486224656
9884685,ERK8,5.0
156422,PRKCQ,5.0
25127112,CAMK2B,6.508638306165728
11717001,MARK1,5.0
3025986,CSNK2A1,5.0
11984591,IRAK4,6.853871964321762
25243800,TYK2(JH2domain-pseudokinase),5.468521082957745
11234052,SIK2,5.0
11984591,LIMK1,6.2076083105017466
9933475,TIE1,6.537602002101044
44259,PRKCE,9.602059991327964
11409972,KIT(V559D),8.301029995663981
11338033,ERK5,7.376750709602099
10138260,SIK2,6.1249387366083
10138260,HUNK,8.431798275933005
16038120,PRKCE,5.698970004336019
42642645,DCAMKL2,5.0
10461815,PKMYT1,5.0
151194,YANK1,5.0
4908365,CSNK1A1,5.0
9933475,PAK4,5.0
123631,WEE1,5.0
25243800,FLT1,5.920818753952375
24180719,DDR2,5.3872161432802645
24180719,ABL1(F317I),5.886056647693163
5291,TAOK2,5.0
11984591,NDR2,5.0
51004351,RSK4(KinDom.1-N-terminal),5.823908740944319
44150621,PIK3CB,5.0
126565,TGFBR1,6.920818753952375
9929127,MAP3K1,5.0
11427553,MST3,5.958607314841775
176870,PRKCQ,5.0
16725726,BMPR1B,5.0
447077,MEK2,5.721246399047171
10113978,VEGFR2,7.853871964321762
11712649,MLCK,5.0
9915743,ACVR1,5.0
153999,FLT3(D835Y),6.886056647693163
176155,EGFR(L747T751del),5.823908740944319
10127622,PRKR,5.0
3081361,RSK1(KinDom.2-C-terminal),6.3979400086720375
11712649,GRK7,5.0
3062316,LKB1,5.0
9933475,EGFR(G719C),6.823908740944319
11234052,TNNI3K,5.0
24889392,LOK,5.6777807052660805
11485656,PFTAIRE2,5.0
11314340,STK36,5.0
44150621,p38-beta,5.0
9809715,IKK-beta,5.0
16038120,PIP5K2B,5.0
156414,MAP3K15,5.0
42642645,FGFR3,6.040958607678906
44259,GRK4,7.431798275933005
216239,PIK3CA(C420R),5.0
16038120,IGF1R,8.568636235841012
9929127,NEK4,5.0
5287969,NEK7,5.0
11427553,SBK1,6.236572006437063
3038525,CSNK1A1,5.0
153999,JNK2,5.0
24180719,FGFR3,5.0
11314340,ABL1(T315I)p,5.0
123631,HCK,5.356547323513813
24889392,TLK2,5.0
9926054,EPHB4,5.0
4908365,ABL1(F317L),5.6020599913279625
11485656,PAK7,5.0
3025986,BRAF,5.886056647693163
10427712,LIMK1,5.0
16038120,TNNI3K,5.698970004336019
123631,NEK1,5.0
156414,MLCK,5.0
5328940,PHKG1,6.468521082957745
42642645,ERBB2,6.236572006437063
6918454,TLK2,5.0
11338033,EPHA1,5.0
9926791,PCTK3,5.0
11234052,AKT2,5.0
11427553,RSK3(KinDom.1-N-terminal),6.2076083105017466
17755052,TRKA,5.0
44150621,RPS6KA5(KinDom.2-C-terminal),5.0
6918454,FLT3,5.0
6450551,TRPM6,5.0
156414,SgK110,5.0
5329102,MYLK4,7.823908740944319
5291,PRKD2,5.0
25243800,SNARK,5.443697499232713
10461815,PIP5K1C,5.0
153999,AXL,5.0
10184653,DAPK3,5.0
3038525,EPHA2,5.0
11617559,ERN1,5.0
10184653,STK16,5.0
447077,MLK1,6.3872161432802645
11485656,RPS6KA4(KinDom.1-N-terminal),5.142667503568732
17755052,ABL1(F317I)p,5.0
11717001,PIK3CA(H1047L),5.0
9926791,ITK,5.0
11617559,FGFR1,5.0
11717001,NLK,5.0
16725726,TYRO3,5.0
10427712,DRAK2,5.0
24779724,MYO3B,5.0
11234052,ADCK4,5.0
44150621,HIPK4,5.0
216239,RET(V804M),7.657577319177794
9926054,FAK,5.0
5287969,NEK11,5.0
9926054,FLT3(K663Q),5.0
10074640,ZAK,6.113509274827519
216239,MAP3K3,5.0
24889392,NLK,5.0
3081361,PCTK2,5.0
10074640,MKK7,5.0
6918454,BRAF(V600E),5.0
25243800,TRKC,5.0
10427712,AKT2,5.0
10427712,ABL1(Y253F),5.0
11656518,MET,5.2076083105017466
176167,DRAK2,5.0
11656518,MELK,5.0
24779724,HIPK4,5.0
16038120,YANK1,7.886056647693163
16722836,EPHA6,5.4089353929735005
9926791,PIK3CD,5.0
11314340,MERTK,5.0
10461815,LOK,6.537602002101044
16038120,PCTK1,6.251811972993799
9915743,PKAC-beta,5.0
9926054,MELK,5.0
24779724,EPHA2,5.0
11409972,ULK3,7.244125144327507
5291,SIK2,5.0
176155,LIMK2,5.0
10138260,MAP3K2,7.136677139879544
11656518,CAMK4,5.0
11617559,MST4,5.0
644241,PKNB(Mtuberculosis),5.0
5291,KIT(D816V),6.008773924307505
24779724,INSR,5.0
51004351,DDR2,5.0
208908,AURKB,5.0
153999,ERBB3,5.0
10427712,LCK,5.455931955649724
11485656,PIK3CA(E545A),5.0
10127622,IRAK3,5.0
153999,AKT2,5.060480747381382
176167,CAMK1G,5.0
176155,ABL1(F317L),5.0
11485656,NEK9,5.0
17755052,CDKL1,5.0
216239,RSK4(KinDom.1-N-terminal),5.0
3081361,PIK3C2B,5.0
16038120,FGFR1,7.327902142064283
5328940,AAK1,5.638272163982407
208908,p38-alpha,5.0
16007391,PAK4,5.0
644241,RET,6.060480747381382
9809715,LYN,6.026872146400302
216239,NEK5,5.0
151194,ERN1,5.0
3038522,EGFR(S752I759del),6.455931955649724
126565,DLK,6.075720713938118
11712649,STK35,5.0
176155,MYO3B,5.0
9926791,MEK3,5.0
9926054,EPHA3,5.0
208908,MST1,5.0
3062316,PIK3CA(Q546K),5.0
151194,STK16,5.0
156414,MUSK,5.0
11485656,DMPK2,5.080921907623926
3038522,PIK3CB,5.0
10074640,PIP5K2B,5.0
51004351,ABL1(Q252H)p,5.0
44259,PIK3CA(C420R),5.0
17755052,MTOR,6.698970004336019
11617559,p38-alpha,5.0
11717001,YES,5.0
11338033,FLT3(R834Q),5.0
10184653,EPHB1,5.0
11626560,MAP4K5,7.102372908709558
3038525,FYN,5.6777807052660805
156422,BMX,5.0
9884685,YSK1,5.0
153999,YANK2,5.0
11364421,MRCKB,5.0
10138260,ABL1(H396P),6.619788758288394
156422,DDR2,7.481486060122113
11717001,HIPK4,5.0
42642645,MLK1,6.0
44150621,EGFR(G719S),5.0
3038525,ABL1(H396P),5.0
10113978,EPHA1,5.0
25127112,CSNK1A1,5.744727494896694
11234052,PRKG2,5.0
16722836,CSNK1E,5.0
44150621,INSRR,5.0
11427553,CDK4-cyclinD1,6.086186147616283
11712649,EPHB4,6.251811972993799
3025986,EGFR(G719S),5.0
151194,NDR1,5.0
11667893,YANK1,5.0
5328940,GRK7,5.769551078621726
11234052,ACVR2B,5.0
11656518,NDR1,5.0
9929127,CSNK1D,5.0
51004351,HIPK1,5.0
3038522,NLK,5.0
11984591,NEK11,6.769551078621726
11717001,EGFR(L858R),5.0
10113978,TRPM6,5.0
9915743,EPHA1,5.0
11338033,PLK3,5.0
10138260,FAK,5.920818753952375
3038522,PLK3,5.0
9915743,CAMKK1,5.0
10427712,LRRK2,5.0
44150621,EPHB2,5.0
6918454,ACVR1B,5.0
16038120,BRAF,5.0
5287969,CTK,5.0
5329102,TRKC,5.292429823902063
24889392,BLK,5.0
447077,TNK1,6.443697499232713
123631,FGR,5.585026652029182
10461815,EPHA3,5.0
16722836,CDK11,5.0
10127622,PAK4,5.0
208908,RPS6KA4(KinDom.1-N-terminal),5.0
11717001,p38-gamma,5.0
153999,BMPR1A,5.0
16007391,MARK2,5.0
123631,CDKL1,5.0
24889392,PCTK3,5.0
3081361,TIE2,6.0
10461815,JNK1,5.0
151194,ULK3,5.0
42642645,DAPK1,5.0
24889392,EPHB4,5.0
3038525,AKT2,5.0
153999,IRAK3,5.0
5494449,PAK4,5.366531544420414
5328940,CSNK2A2,5.0
10184653,LYN,5.0
6918454,CSK,5.0
10461815,MINK,6.6020599913279625
11338033,ITK,5.0
3025986,HPK1,5.0
9884685,CSNK2A1,5.267606240177032
9809715,MET,6.698970004336019
11667893,SLK,5.886056647693163
9915743,MET(M1250T),5.173925197299174
16725726,KIT(L576P),5.585026652029182
9915743,TYRO3,5.0
644241,ERK3,5.0
156414,ABL1(Q252H)p,7.657577319177794
9926054,SNRK,5.0
11409972,MELK,6.080921907623926
10127622,FLT3(R834Q),5.0
11656518,ABL1(Q252H)p,5.130768280269024
10184653,MEK6,5.0
44150621,PRKCD,5.0
9929127,IRAK1,5.0
11717001,PRKR,5.0
44150621,LKB1,5.431798275933005
24779724,CSNK1D,5.0
11984591,FGFR3,7.251811972993799
11485656,ERK2,5.0
447077,TNNI3K,7.327902142064283
6918454,AKT2,5.0
44259,TTK,7.214670164989233
151194,AKT1,5.0
10138260,ROS1,5.0
5287969,BMPR2,5.0
9929127,RAF1,5.0
123631,EPHA3,5.259637310505756
17755052,ULK3,5.0
10427712,MLK1,5.0
176155,FGFR3,5.0
5291,EPHB2,5.0
156414,ABL1(Q252H),7.040958607678906
11617559,RSK4(KinDom.2-C-terminal),5.0
24779724,BRSK1,5.0
5287969,ULK3,5.0
9929127,DCAMKL3,5.0
5494449,HIPK4,5.0
5494449,LCK,7.214670164989233
3062316,EGFR(L858R),6.920818753952375
10113978,CDKL1,5.0
25243800,SIK,6.494850021680094
9926791,EPHA8,5.0
16725726,ERBB4,5.0
9884685,PIK3CA(M1043I),8.522878745280337
447077,TLK1,5.0
11626560,EGFR(L747E749del),5.0
644241,YSK1,5.0
6918454,PAK4,5.0
9933475,JNK2,5.0
6450551,AAK1,5.920818753952375
24180719,TIE1,5.0
44259,PRKR,6.443697499232713
24180719,MAP4K5,5.494850021680094
11409972,MUSK,8.508638306165727
9929127,CDK5,5.0
24889392,YES,5.0
216239,TYK2(JH2domain-pseudokinase),5.0
11485656,AURKC,7.1487416512809245
208908,YSK1,5.0
11409972,PIK3CA(C420R),5.0
176167,IKK-beta,5.0
16038120,CSK,5.744727494896694
3038525,PAK4,5.0
10113978,SNRK,5.0
11409972,JAK3(JH1domain-catalytic),6.585026652029182
5291,PAK6,5.0
153999,LIMK1,5.0
10427712,AKT3,5.0
216239,RIOK2,5.0
24180719,PIP5K2C,5.0
16007391,AMPK-alpha2,5.0
126565,CLK3,5.0
208908,CAMKK2,5.0
9809715,PIP5K2C,5.0
44150621,BMPR1A,5.0
11364421,PRP4,5.0
11656518,TYK2(JH1domain-catalytic),6.3872161432802645
11409972,AAK1,5.0
644241,MEK3,5.0
4908365,CSNK1D,5.0
51004351,TSSK1B,5.318758762624413
44150621,JNK1,5.0
216239,CTK,5.0
11427553,ROS1,5.0
447077,p38-delta,5.0
11617559,PCTK1,5.0
156422,CASK,5.0
6918454,DCAMKL2,5.0
176870,IGF1R,5.0
6918454,FGR,5.0
10127622,PAK1,5.0
51004351,KIT(A829P),7.366531544420414
11485656,MAP4K5,6.040958607678906
10113978,ERK3,5.0
5494449,CDK9,5.0
25243800,TNK1,5.920818753952375
11667893,RPS6KA4(KinDom.1-N-terminal),5.0
11626560,MTOR,5.0
25243800,LTK,5.853871964321762
9809715,DCAMKL3,6.113509274827519
9915743,DRAK2,5.958607314841775
25127112,MLK1,5.0
9915743,ABL1(Q252H),5.1487416512809245
9915743,CDK7,5.292429823902063
11656518,MAST1,5.0
151194,PIM3,5.0
10138260,RSK1(KinDom.1-N-terminal),6.744727494896694
11409972,FGR,6.721246399047171
24779724,RSK3(KinDom.2-C-terminal),5.0
9915743,PCTK2,5.0
644241,DRAK2,5.0
3038522,AKT2,5.0
11314340,ROCK1,7.431798275933005
11984591,PYK2,7.537602002101044
6450551,PFTK1,5.0
447077,ERBB4,6.026872146400302
5328940,CDKL1,5.0
25127112,EPHA4,5.0
156414,TNIK,5.086186147616283
5287969,CDK4-cyclinD1,8.045757490560675
10184653,PRKG2,5.0
156414,CHEK2,5.0
10113978,ARK5,5.0
9926791,PFCDPK1(Pfalciparum),5.0
10127622,LZK,5.0
16007391,ERK3,5.0
11409972,PIK3C2B,5.0
24779724,GRK1,5.0
5494449,p38-gamma,5.0
11485656,MYO3B,5.494850021680094
6918454,SYK,5.0
4908365,ULK3,6.045757490560675
17755052,FLT3(D835Y),6.1487416512809245
25243800,TNK2,5.017728766960432
5287969,PIP5K2B,5.0
176870,CDK2,5.0
16725726,STK33,5.0
6450551,PIK3CD,5.0
11234052,FYN,5.0
16725726,CTK,5.0
176870,CDK11,5.0
11364421,TSSK1B,5.0
11717001,FLT3(K663Q),5.0
16725726,EGFR(G719C),5.0
156422,CLK1,5.0
9809715,STK16,7.744727494896694
11656518,ACVR1,5.0
10127622,BMX,5.0
9929127,p38-delta,5.0
10113978,ABL1(Q252H),6.275724130399211
153999,ABL1p,5.0
208908,LTK,5.0
151194,DAPK2,5.0
9929127,MET,5.0
51004351,MET,6.161150909262744
3038522,SIK,5.0
6450551,CSNK1G1,5.0
9809715,CSNK1A1,5.0
11234052,EPHB4,5.0
176870,HIPK4,6.017728766960432
5287969,EPHA8,5.0
9933475,RPS6KA4(KinDom.1-N-terminal),5.0
24180719,PLK2,5.0
153999,ABL1(Q252H),5.0
216239,TESK1,5.0
151194,RIPK2,5.0
11409972,ERK5,5.0
156422,MET(M1250T),5.0
9809715,EPHA4,5.0
11984591,PRKX,5.0
3062316,CDK7,5.0
3062316,SRPK2,5.0
11984591,MARK4,7.050609993355088
11667893,MARK2,5.0
11364421,PIK3CG,5.0
11984591,ABL1(F317L),5.0
156414,DMPK,5.154901959985743
216239,PCTK1,5.0
11617559,LIMK2,5.0
5328940,MAPKAPK5,5.0
24889392,BRSK1,5.0
4908365,ZAP70,5.0
25127112,RSK4(KinDom.1-N-terminal),5.853871964321762
176155,p38-alpha,7.920818753952375
5291,EGFR(E746A750del),5.0
3038522,MEK1,5.0
10427712,RAF1,5.0
44259,PRKG1,7.494850021680094
5328940,CDKL3,5.0
10138260,FLT3(N841I),8.267606240177031
9929127,CDKL2,5.0
44150621,NDR2,5.0
9915743,DLK,6.431798275933005
6450551,PRKCQ,5.0
9915743,PCTK1,5.638272163982407
6450551,RIPK1,5.6020599913279625
44150621,SRC,5.744727494896694
9929127,p38-beta,5.0
11314340,PAK1,5.823908740944319
10461815,CAMK2G,5.698970004336019
51004351,VRK2,5.0
3062316,BMPR1A,5.154901959985743
5329102,CLK4,7.537602002101044
11364421,ERBB4,5.0
25127112,SYK,5.0
51004351,EGFR(S752I759del),5.744727494896694
10461815,PCTK2,6.055517327849832
11667893,NDR2,5.0
5328940,CSK,7.494850021680094
9884685,DAPK2,5.568636235841013
10461815,CLK2,6.3872161432802645
11617559,EPHA7,5.0
156414,PIK3CA,5.0
9929127,TNK2,5.0
5329102,PIK3CA(I800L),5.0
6450551,CDKL1,5.0
11656518,SRC,5.958607314841775
6918454,GAK,5.0
17755052,EPHA5,5.0
11717001,NEK3,5.0
10127622,CDK4-cyclinD3,5.0
5494449,EGFR(L858R),5.0
9926054,NLK,5.0
5291,TRKB,5.0
9809715,WEE2,5.0
10184653,p38-beta,5.0
16038120,ACVR2A,5.657577319177793
24180719,ABL1(T315I),5.0
3038525,RPS6KA4(KinDom.2-C-terminal),5.0
208908,STK33,5.0
11314340,CDC2L1,5.0
10138260,CAMK2A,6.455931955649724
16007391,TYK2(JH2domain-pseudokinase),5.0
24180719,BLK,5.958607314841775
11409972,EPHA6,6.42021640338319
3038522,p38-alpha,5.0
11984591,ERBB2,5.0
9933475,AMPK-alpha1,5.0
9933475,EGFR(L747S752del),6.0655015487564325
6918454,HUNK,5.0
3038522,RPS6KA4(KinDom.2-C-terminal),5.0
11617559,PIM2,5.0
9926791,PFTK1,5.0
3062316,MUSK,5.0
10138260,ROCK2,6.180456064458132
16722836,RIPK2,5.214670164989233
4908365,EPHB4,5.568636235841013
25243800,EGFR(L861Q),5.853871964321762
9915743,SRMS,5.0
208908,STK35,5.0
644241,ABL1(Y253F),7.886056647693163
126565,ABL1(F317I)p,5.309803919971486
447077,TAOK2,6.356547323513813
3025986,MRCKB,5.0
176155,VEGFR2,5.0
16007391,STK39,5.0
10427712,ABL2,5.0
9809715,CDKL2,5.886056647693163
10461815,ACVR1B,5.0
3081361,PDGFRA,6.638272163982407
11626560,CDK5,5.0
10113978,ACVR2B,5.619788758288394
9929127,ULK1,5.0
44150621,IKK-beta,5.0
10074640,ITK,5.0
44150621,RIOK3,6.161150909262744
153999,PIK4CB,5.0
16725726,NEK11,5.0
11717001,BMPR2,5.0
10127622,EGFR(L747S752del),5.275724130399211
6918454,EPHA4,5.0
24779724,ERBB3,5.0
11234052,NEK7,5.0
24889392,MYLK2,5.0
17755052,ERN1,5.0
24889392,MET,5.0
11338033,MEK6,5.0
24889392,ABL1(Q252H),5.0
9926054,JAK2(JH1domain-catalytic),5.0
44150621,CAMK2D,5.0
42642645,EPHA7,8.602059991327963
6918454,RPS6KA5(KinDom.1-N-terminal),5.0
126565,PRKD1,7.853871964321762
10138260,CAMK2G,5.958607314841775
5291,CLK3,5.0
16722836,EPHA5,5.0
3062316,PAK1,5.0
10127622,PRKCD,5.0
6918454,AMPK-alpha1,5.0
9884685,PYK2,5.0
25127112,PRKCD,5.0
11626560,JNK2,5.0
5329102,CAMK1D,6.292429823902063
11364421,PIK3CA(E542K),5.0
6918454,OSR1,5.0
11338033,MYO3A,5.0
123631,p38-alpha,5.0
16722836,HIPK3,5.886056647693163
151194,TRKC,5.0
24180719,AMPK-alpha1,5.0
9809715,EPHB6,6.853871964321762
3025986,AURKB,5.0
123631,MAP4K3,5.0
25127112,RET,6.142667503568732
9915743,PIM2,5.0
156422,HIPK2,5.0
5329102,FAK,6.356547323513813
25127112,TYK2(JH2domain-pseudokinase),5.853871964321762
176870,PFTAIRE2,5.0
153999,MAST1,5.0
11427553,BMPR1A,5.721246399047171
10074640,LATS2,5.0
11234052,CSNK1E,5.0
10127622,MELK,5.0
11314340,RIOK1,6.2076083105017466
11338033,CSNK2A2,5.0
25243800,KIT(V559D-V654A),5.0
25243800,SRPK3,5.0
10184653,SRPK3,5.0
156414,CDK4-cyclinD1,5.0
9809715,SYK,5.0
10461815,FLT4,5.853871964321762
42642645,BLK,8.267606240177031
9926054,PDGFRA,5.0
11717001,EPHA4,5.0
644241,RIOK1,5.0
9929127,RSK3(KinDom.2-C-terminal),5.0
44259,MTOR,5.0
10127622,PLK3,5.0
11485656,CDKL3,5.0
9933475,TRKB,5.0
6450551,TESK1,5.366531544420414
24779724,DMPK2,5.0
10138260,PIK3CA(M1043I),5.0
11314340,ABL1(H396P)p,5.0
156414,PIK3C2B,5.0
10461815,SRMS,5.0
3081361,FGFR3(G697C),5.161150909262744
11409972,SRC,6.468521082957745
11338033,EGFR(S752I759del),5.0
6918454,ABL1(H396P)p,5.0
24180719,PRKCD,5.0
11485656,CLK3,5.0
9933475,MST2,5.0
9933475,TAK1,5.0
9926054,MST3,5.0
44259,DDR2,7.376750709602099
10461815,MAK,6.050609993355088
25127112,RIPK5,5.0
123631,EGFR(E746A750del),9.267606240177033
10138260,EPHA2,5.0
16007391,LTK,5.494850021680094
447077,TTK,5.0
11626560,ABL1,7.10790539730952
3038522,ERBB3,5.0
176155,TIE2,5.0
42642645,MAK,5.744727494896694
9926791,TGFBR2,5.0
44150621,MEK2,6.455931955649724
447077,RIOK1,5.0
11626560,NDR1,5.0
11712649,ZAP70,5.0
16038120,CAMK2G,6.107905397309519
447077,PCTK2,5.0
24889392,PIK3CA(H1047Y),5.0
5291,MST1R,5.0
51004351,JAK1(JH2domain-pseudokinase),5.0
5328940,PIK3CA(E545K),5.0
6450551,EGFR(L861Q),5.0
24180719,MST3,5.0
16038120,PIK4CB,6.107905397309519
24779724,CLK1,5.0
11712649,VEGFR2,5.0
16725726,ROCK2,6.698970004336019
644241,NEK9,5.0
3038522,EPHA5,5.0
10184653,NEK2,5.0
9926791,KIT,5.0
11717001,TEC,5.0
9929127,MAP4K4,5.0
11667893,RET(M918T),7.698970004336019
10461815,HPK1,6.823908740944319
10113978,RSK4(KinDom.1-N-terminal),5.0
11717001,AKT2,5.0
151194,CDK7,5.0
9929127,PRKR,5.0
123631,DYRK2,5.0
11984591,EGFR(T790M),7.142667503568732
3038525,TTK,5.0
11409972,EGFR(L747T751del),6.275724130399211
44150621,NEK7,5.251811972993799
9915743,MYLK2,5.0
5329102,ABL1(F317I),5.443697499232713
11617559,HIPK4,5.0
17755052,EGFR(T790M),5.0
9884685,PIK3CA(H1047Y),8.468521082957745
6450551,PIK3CA(E545A),5.0
176155,ABL1p,5.0
208908,DLK,5.0
24180719,MAST1,5.0
11626560,SIK2,6.698970004336019
10184653,JAK3(JH1domain-catalytic),5.0
11234052,ASK1,5.0
176870,YSK1,5.0
11667893,PIK3CA(H1047L),5.0
16725726,PLK1,5.0
11626560,NEK3,5.0
176167,NEK9,5.0
11234052,ERBB4,5.0
126565,RET,7.698970004336019
9933475,YANK1,5.0
11656518,TXK,5.0
176167,CSNK2A1,5.0
156414,NDR2,5.0
3081361,RIPK2,8.337242168318426
10184653,MAP4K5,5.0
9884685,MET(M1250T),5.0
10138260,BMPR1B,5.431798275933005
11364421,MST4,5.0
24180719,PIK3CA(E545A),5.0
123631,IKK-beta,5.0
10427712,MERTK,5.0
6918454,PIK3CB,5.0
11427553,PIK3CA,5.0
3025986,MYLK4,5.619788758288394
16725726,MUSK,5.0
9809715,CSNK1G2,5.0
156414,PLK1,5.0
208908,MAP4K2,5.0
5328940,S6K1,6.180456064458132
208908,DCAMKL3,5.0
6450551,TBK1,5.0
10461815,TRPM6,5.0
10461815,SBK1,5.0
11656518,LATS1,5.0
42642645,PIM3,5.0
5494449,PIK3CA(H1047Y),5.0
11712649,YANK1,5.0
123631,ACVRL1,5.0
11314340,SNARK,5.376750709602099
16007391,PRKD2,5.0
208908,CSNK1E,5.0
25127112,AMPK-alpha1,5.0
16722836,GRK1,5.0
126565,GCN2(KinDom2S808G),8.387216143280265
11427553,CLK4,7.309803919971486
5494449,NEK5,5.376750709602099
16038120,TAOK2,6.130768280269024
24779724,MYLK2,5.0
11667893,HCK,5.0655015487564325
5494449,MST1,6.698970004336019
16725726,MAP3K4,5.0
9915743,ABL1(M351T),5.0
11314340,p38-gamma,5.0
3038522,BRSK2,5.0
5329102,DYRK2,6.167491087293763
9929127,YANK3,5.0
126565,ZAK,5.173925197299174
126565,MST1R,5.086186147616283
176155,ADCK3,5.0
9884685,PRKR,5.0
10074640,DAPK3,5.0
11712649,YES,6.585026652029182
208908,MAP4K5,5.0
447077,NEK4,5.0
9929127,GSK3B,5.0
156414,LATS2,5.0
126565,PIK3CA(E545A),5.251811972993799
10184653,MAP3K3,5.0
11712649,EPHB3,5.455931955649724
216239,SRMS,5.008773924307505
10184653,ARK5,5.0
153999,JAK3(JH1domain-catalytic),5.920818753952375
16725726,TIE1,5.0
16722836,FRK,6.698970004336019
42642645,LATS2,5.0
9926791,RET,5.0
11234052,YSK4,6.301029995663981
51004351,EPHA5,5.0
24779724,EPHA7,5.0
5494449,CDC2L5,5.0
42642645,TNK1,7.67778070526608
176870,RPS6KA4(KinDom.1-N-terminal),5.0
176870,EGFR(L861Q),8.920818753952375
6450551,KIT(V559D),9.309803919971486
11427553,EPHB2,5.0
9929127,MARK2,5.0
3081361,ARK5,5.0
3062316,ULK1,5.0
11314340,PDGFRA,5.0
24779724,EPHB1,5.0
4908365,EPHB6,5.958607314841775
16725726,TAOK3,5.031517051446065
11427553,EPHA8,5.0
3062316,SBK1,5.920818753952375
11626560,MET(M1250T),9.259637310505756
9809715,BRSK2,5.0
176870,ABL1(Y253F),7.119186407719209
11984591,PRKD1,5.0
447077,ABL1p,9.236572006437065
10113978,RIOK2,6.214670164989233
51004351,MKNK2,6.022276394711152
44150621,TLK2,5.585026652029182
24779724,EGFR(E746A750del),5.0
17755052,JAK3(JH1domain-catalytic),5.0
216239,CAMK1,5.0
126565,PLK3,5.638272163982407
10461815,YANK3,5.0
11234052,MYO3A,5.0
10113978,MYO3A,5.0
10427712,FAK,5.0
176155,MST2,5.0
16038120,FGFR2,6.6020599913279625
6918454,CSNK1E,5.0
9926791,PIK3CB,5.0
24779724,MARK1,5.0
3062316,MAP3K15,5.0
11626560,MARK4,5.0
5291,PFTAIRE2,5.0
10427712,JAK2(JH1domain-catalytic),5.0
11485656,BMX,5.0
42642645,KIT(V559D),8.67778070526608
9915743,DCAMKL3,5.0
24779724,RPS6KA5(KinDom.1-N-terminal),5.0
5328940,PRKD2,5.0
51004351,ACVR2A,5.0
10427712,TYRO3,5.0
24779724,PRP4,5.0
11409972,PFTAIRE2,7.075720713938118
3081361,SBK1,5.0
176167,CDK2,5.301029995663981
9926054,AKT2,5.0
447077,ROCK2,5.0
16725726,SRPK1,5.0
11485656,RPS6KA4(KinDom.2-C-terminal),5.0
44150621,IRAK1,6.769551078621726
10113978,MAP4K4,5.657577319177793
16725726,PAK4,7.744727494896694
9809715,PRKG2,5.0
9884685,SRPK3,5.0
11338033,FGFR1,5.0
9933475,CSF1R,7.886056647693163
11364421,FLT3(ITD),5.0
10461815,ACVR2A,5.0
123631,MST1R,5.0
16725726,ABL1(F317L),5.0
156422,DRAK1,5.0
9933475,ERBB3,6.744727494896694
3025986,BMPR1B,5.0
3081361,PIP5K2C,5.0
44259,NDR2,7.552841968657781
25127112,TEC,5.0
11617559,DCAMKL1,5.0
3038525,GRK1,5.0
5287969,TNK2,5.0
3081361,PRKG1,5.0
5494449,PIP5K1A,6.886056647693163
11427553,NDR2,5.958607314841775
11364421,EGFR(L858R),5.886056647693163
11617559,TNIK,5.0
10427712,p38-alpha,5.0
5328940,FLT3(D835Y),5.958607314841775
11234052,TBK1,5.0
10184653,CHEK2,5.0
126565,PAK6,8.00436480540245
42642645,HCK,7.823908740944319
10184653,LCK,6.2441251443275085
10138260,EPHB1,5.366531544420414
24180719,INSRR,5.0
11617559,MST1R,5.0
3038522,DAPK2,5.0
16725726,ABL1(H396P)p,5.0
24180719,KIT(V559D-T670I),5.0
16007391,PKAC-alpha,5.0
6450551,SRPK1,5.744727494896694
25243800,PIP5K2B,5.0
25127112,PIM2,5.0
25243800,CSNK1E,7.508638306165728
447077,CSNK2A1,5.0
9929127,EPHA1,5.0
5494449,PIK3CA(C420R),5.0
151194,PIK3CA(I800L),5.0
9929127,LCK,5.0
11427553,BMPR2,6.431798275933005
11234052,SGK3,5.0
176167,ABL1(F317L)p,5.0
11338033,CDKL2,6.0
11338033,CSNK1G2,5.0
10138260,SRPK2,6.698970004336019
44259,FGFR2,7.0
176155,PIK3CA(Q546K),5.0
3062316,PIK3CA,5.0
42642645,PRKR,5.0
10074640,RSK1(KinDom.1-N-terminal),5.0
176870,p38-gamma,5.0
5287969,MST1R,5.0
11984591,PKMYT1,5.0
11427553,TIE2,5.958607314841775
156414,CASK,5.0
4908365,ZAK,5.0
9929127,EPHA6,5.0
17755052,PAK7,5.0
11427553,p38-beta,5.853871964321762
16038120,STK33,8.494850021680094
9929127,PIK3CD,5.0
10461815,PRKD3,5.0
176870,EPHA8,6.026872146400302
644241,PAK7,5.0
4908365,MYO3B,5.0
216239,ADCK3,5.0
153999,ACVR2B,5.0
9884685,ITK,5.0
11712649,BRAF(V600E),5.0
176155,FLT3(D835H),5.0
16722836,PRKG2,5.795880017344075
216239,TBK1,5.0
9926791,FLT3(K663Q),5.0
644241,GSK3B,5.0
24180719,WEE1,5.0
16725726,SIK,5.0
42642645,RIOK1,5.0
44259,LCK,7.522878745280337
24180719,SRPK2,5.0
9809715,TGFBR1,5.376750709602099
153999,KIT(L576P),5.102372908709558
153999,LRRK2(G2019S),5.013228265733755
44150621,MLK3,5.657577319177793
11712649,PRKD2,5.0
3081361,TLK2,5.0
42642645,SgK110,5.0
25243800,LZK,5.0
10127622,GCN2(KinDom2S808G),5.0
3025986,MAP4K3,5.0
44150621,BRAF(V600E),5.0
208908,HUNK,5.0
10427712,PRKCE,5.0
16007391,CSNK2A1,5.0
3081361,LATS2,5.0
11485656,ITK,5.0
3081361,MLCK,5.0
16725726,ADCK3,5.0
11656518,DDR2,6.017728766960432
156422,S6K1,5.0
11427553,PIM1,5.0
10184653,ABL1(Q252H)p,6.42021640338319
11409972,MET(Y1235D),6.130768280269024
9926791,RIOK2,5.0
5329102,PRKG2,5.0
4908365,EGFR(L858R),5.0
176155,FLT3(N841I),5.0
5287969,NEK5,5.0
24180719,NEK5,5.0
9884685,BRK,5.0
11667893,KIT(V559D),8.494850021680094
10113978,TRKA,5.0
11427553,MAPKAPK2,5.0
16007391,MAP4K5,6.795880017344075
9915743,PKNB(Mtuberculosis),5.0
11314340,BMX,5.0
51004351,PLK4,7.180456064458132
11712649,PIK3CA(E545A),5.0
11234052,CDK8,5.0
126565,AMPK-alpha2,7.251811972993799
4908365,JAK3(JH1domain-catalytic),7.744727494896694
176870,PIP5K2C,6.0
42642645,RET(V804M),8.55284196865778
11656518,PIK3CA(H1047Y),5.0
10427712,DMPK2,5.0
25127112,FGFR3,5.0
9915743,CAMK1D,5.251811972993799
447077,MARK1,5.0
3062316,PIP5K1A,5.0
5329102,FGFR1,6.2839966563652006
3038522,SRPK2,5.0
24889392,ULK2,5.0
11984591,PAK6,6.508638306165728
5291,LKB1,5.0
11984591,TLK2,6.42021640338319
156422,MAP3K15,5.0
11712649,TNK1,5.619788758288394
42642645,GCN2(KinDom2S808G),5.0
156422,CSNK2A2,5.0
9926791,EGFR(L747E749del),5.0
44150621,TBK1,6.886056647693163
10074640,MET(Y1235D),5.0
9929127,RIOK1,5.0
5328940,PIK3C2B,5.0
208908,MLK2,5.0
9929127,ABL2,5.0
10138260,STK39,6.366531544420414
10113978,EPHA2,5.0
51004351,EGFR(L858R),6.119186407719209
11364421,EPHB2,5.0
42642645,MINK,5.585026652029182
3038522,RIPK1,5.0
9926791,PLK3,5.0
11364421,CAMK1,5.0
11717001,IRAK4,5.0
16722836,DRAK1,6.214670164989233
11338033,CSNK2A1,5.0
9929127,PRKD1,5.0
25243800,PIK3CA(H1047Y),6.356547323513813
11338033,MLK3,5.0
6918454,LIMK2,5.0
9929127,ABL1(Y253F),5.0
5291,BTK,5.0
4908365,FGFR4,5.0
3038522,EPHB3,5.0
24180719,RIPK2,6.366531544420414
25243800,p38-beta,5.0
16725726,FGFR3,5.0
51004351,HPK1,5.6777807052660805
10074640,AMPK-alpha1,5.0
11234052,SRC,5.795880017344075
16007391,PLK1,5.0
9929127,ERBB4,5.0
9926791,IKK-epsilon,5.0
208908,CAMK1,5.0
10113978,FES,5.853871964321762
6918454,PFPK5(Pfalciparum),5.0
11234052,PIK3C2B,5.0
11338033,NDR1,5.0
10138260,AURKA,5.0
11314340,NEK4,5.0
6450551,ABL1(H396P)p,7.638272163982407
126565,MRCKB,6.0
42642645,MRCKA,6.180456064458132
16725726,MAST1,5.0
25243800,RSK3(KinDom.1-N-terminal),5.0
24180719,TYK2(JH1domain-catalytic),5.0
25243800,DMPK,6.853871964321762
9926791,CDK7,5.0
156414,EPHA5,5.920818753952375
156414,OSR1,5.0
10127622,MAPKAPK2,5.0
25243800,ERK8,5.0
216239,MYLK,5.0
10138260,PKAC-beta,5.0
5329102,RSK4(KinDom.1-N-terminal),5.619788758288394
9809715,CAMK2D,5.0
11427553,CLK3,5.2076083105017466
11984591,MET(Y1235D),6.119186407719209
16722836,PIK3CA(C420R),5.0
10074640,AKT3,5.0
9884685,PIK3CA(C420R),8.886056647693163
153999,PKMYT1,5.0
3038525,EGFR(L861Q),5.0
16007391,MAP3K1,5.0
16038120,PRKCI,5.0
16725726,MLK2,5.0
10127622,EGFR(G719S),5.2839966563652006
25127112,TNK2,5.585026652029182
16038120,DCAMKL1,8.309803919971486
4908365,PIK3CA(H1047L),5.0
11656518,TYK2(JH2domain-pseudokinase),5.0
644241,PFCDPK1(Pfalciparum),6.102372908709559
10184653,MLK3,5.0
11667893,IRAK4,5.0
9884685,SIK,5.0
5328940,FYN,7.958607314841775
3062316,KIT(V559D-T670I),5.0
11314340,NEK7,5.0
11626560,CDC2L5,5.0
44259,FGFR3,7.055517327849832
9926054,PAK7,5.0
25127112,DRAK1,5.2076083105017466
123631,ERBB2,5.455931955649724
10427712,RSK2(KinDom.1-N-terminal),5.0
3062316,CAMK1G,5.0
24779724,TRKC,5.0
10074640,TNK2,5.0
156422,MTOR,5.0
11409972,NEK6,5.6020599913279625
123631,TYK2(JH1domain-catalytic),5.0
24889392,p38-alpha,5.0
11485656,JNK2,6.619788758288394
10074640,RET,5.0
44259,ZAK,5.0
10461815,TAOK2,5.920818753952375
11234052,MET(M1250T),5.0
208908,PKN1,5.0
24889392,KIT(A829P),8.443697499232712
3081361,RIPK1,5.0
10113978,ACVR1,5.0
24779724,MST1R,5.0
5328940,EGFR(E746A750del),7.744727494896694
16007391,GSK3B,5.0
10127622,PIK3C2B,5.0
6450551,PAK1,5.0
11667893,JNK2,5.0
16722836,FGFR2,6.327902142064283
5329102,LRRK2,6.958607314841775
10184653,MARK2,5.0
3062316,NEK6,5.0
4908365,ULK1,5.721246399047171
24180719,RET(V804L),5.0
5494449,CSNK1G3,5.0
9915743,PLK3,5.0
44150621,PRKD3,5.0
11234052,MUSK,5.0
6450551,NDR1,5.0
44150621,LATS1,5.769551078621726
9915743,TSSK1B,5.0
10074640,EGFR(L747E749del),6.096910013008056
11667893,TTK,5.0
11409972,ERK8,7.026872146400302
9926054,MST1,5.0
153999,FYN,5.0
9933475,BMX,5.0
5291,DRAK1,5.275724130399211
10184653,TIE2,5.0
11984591,MKNK2,6.886056647693163
44150621,CSNK1A1,5.0
9933475,RSK3(KinDom.1-N-terminal),5.0
11626560,ABL1(F317I)p,5.494850021680094
11667893,ERBB2,5.0
10113978,MUSK,5.0
51004351,CASK,5.0
25127112,PIK4CB,5.468521082957745
24180719,CDC2L1,5.0
208908,TIE1,5.0
11717001,GRK1,5.0
9926791,PIK3CA(I800L),5.0
176167,PRKD1,5.0
9809715,RIPK5,5.0
9933475,PIK3CA(H1047L),5.0
11656518,PRKCD,5.0
11667893,MERTK,5.0
9933475,TESK1,5.0
216239,TSSK1B,5.0
16725726,S6K1,5.0
3062316,CHEK2,5.0
9809715,RPS6KA5(KinDom.2-C-terminal),5.0
447077,PRKD1,5.0
156414,MAP4K4,5.0
6450551,TNNI3K,5.0
24779724,DRAK1,5.0
5287969,BIKE,5.0
11234052,p38-gamma,5.0
11656518,EPHB2,5.0
3062316,ACVR1,6.2076083105017466
216239,MAP3K2,5.0
51004351,MLK1,7.823908740944319
16722836,PIK3CA(E542K),5.0
11626560,CDK2,5.0
10184653,PYK2,5.0
9915743,GRK7,5.0
42642645,FES,6.958607314841775
3081361,DRAK2,5.0
126565,PKNB(Mtuberculosis),7.259637310505756
25243800,MEK2,6.6777807052660805
11314340,RSK3(KinDom.2-C-terminal),5.0
10113978,STK16,6.443697499232713
216239,DDR1,8.823908740944319
10427712,PLK1,5.0
6450551,AMPK-alpha2,5.0
9915743,EPHA3,5.0
9884685,HIPK1,5.481486060122113
9915743,FLT3(N841I),5.1938200260161125
11364421,CSK,5.0
11485656,EGFR(L858R),5.0
3081361,EGFR(L747T751del),8.050609993355087
176155,ERN1,5.0
11656518,JAK3(JH1domain-catalytic),5.0
9915743,PRKCI,5.0
24180719,RPS6KA5(KinDom.1-N-terminal),5.0
24779724,DAPK3,5.0
5291,PLK3,5.0
9929127,LYN,5.0
16007391,DDR2,5.180456064458132
4908365,EGFR(S752I759del),5.0
11427553,FES,6.1249387366083
5291,GRK1,5.0
11984591,HIPK2,5.318758762624413
11338033,PKNB(Mtuberculosis),5.0
176167,ERN1,5.0
216239,PIK3CA(I800L),5.0
24889392,PIK3CA(C420R),5.0
24180719,TAOK2,5.0
3038525,LOK,5.0
208908,CDKL5,5.0
11717001,INSRR,5.0
10113978,PAK6,5.0
11656518,EGFR(E746A750del),5.0
5329102,PRKCE,5.0
25127112,LKB1,5.0
24779724,LIMK1,5.0
9809715,ERK4,5.0
10074640,PRKR,5.0
11626560,EPHA8,6.552841968657781
3025986,LKB1,5.0
25127112,FLT3(ITD),5.0
44150621,YSK4,7.920818753952375
6918454,AXL,5.0
126565,PRKCH,6.853871964321762
24779724,CAMKK2,5.0
6918454,RIOK2,5.0
44150621,SRMS,5.0
16725726,SLK,5.0
3038525,DYRK1B,5.0
17755052,BMPR2,5.0
176155,EPHA6,5.920818753952375
9809715,RET(V804M),8.017728766960431
10461815,CSNK1G1,5.0
5494449,TRKC,6.698970004336019
4908365,PKAC-beta,5.0
9809715,PKN2,5.853871964321762
11617559,MELK,5.0
17755052,RIPK5,5.0
9926054,FES,5.0
9929127,PKMYT1,5.0
4908365,VRK2,5.0
10074640,SRPK3,5.0
126565,KIT(V559D),7.119186407719209
176870,PKAC-beta,5.0
11667893,FGFR1,5.2076083105017466
51004351,PIK3CA(M1043I),5.0
10074640,NEK2,5.0
24779724,PHKG2,5.0
3038525,PFTK1,5.0
10127622,MAP4K4,5.0
10127622,RIPK2,5.0
9926791,YSK1,5.0
11338033,PRKR,5.0
11626560,YANK1,5.0
156422,ALK,5.0
9926054,PIK3CA(E542K),5.0
3038522,PAK7,5.0
4908365,PFTK1,5.0
11427553,MEK2,6.070581074285707
11656518,TRPM6,5.0
11626560,RET(V804M),5.0
11338033,CSK,5.0
42642645,MEK6,5.0
3025986,ABL1(Q252H)p,5.0
42642645,IKK-alpha,5.229147988357856
24180719,STK33,5.0
42642645,LRRK2(G2019S),5.0
44259,KIT,7.721246399047171
10138260,ITK,6.721246399047171
9809715,PRKG1,7.853871964321762
10427712,TIE1,5.0
176870,DYRK1B,5.0
5328940,CAMK2G,5.443697499232713
5329102,IKK-alpha,6.2839966563652006
123631,KIT,5.0
11667893,EGFR(L861Q),5.4089353929735005
3038522,AURKB,5.769551078621726
11234052,LIMK2,5.0
11717001,PKN1,5.0
44259,PRP4,6.657577319177793
5287969,SLK,5.0
208908,MARK1,5.0
11234052,HUNK,5.0
24180719,JAK3(JH1domain-catalytic),5.0
11617559,AMPK-alpha1,5.0
176155,EPHA2,5.0
10184653,PKAC-alpha,5.0
6918454,ULK1,5.0
3025986,ABL1(Q252H),5.0
3038525,CDK7,5.0
3038525,ITK,5.0
11712649,MST3,5.0
3038525,ERBB2,5.0
9929127,NEK6,5.0
16725726,NIM1,5.0
153999,ABL1(H396P)p,5.0
24779724,EPHB3,5.0
5329102,MKNK1,5.4089353929735005
3062316,EGFR(G719C),6.769551078621726
3025986,PCTK3,7.356547323513813
16007391,GRK1,5.0
9933475,ABL1,7.0
447077,CAMK1G,5.0
11656518,p38-delta,5.0
51004351,EGFR(L861Q),5.552841968657781
16725726,ERK1,5.0
9809715,EPHB4,5.958607314841775
123631,S6K1,5.0
5329102,TYK2(JH1domain-catalytic),5.795880017344075
176167,JNK3,5.0
10138260,DAPK2,6.3979400086720375
11485656,IRAK4,5.0
51004351,ALK,6.568636235841013
11234052,CAMK2D,5.0
16007391,RIOK1,5.0
6918454,FLT3(R834Q),5.0
153999,EPHB4,5.0
25243800,PFCDPK1(Pfalciparum),6.309803919971486
6918454,BRAF,5.0
3038522,EPHA1,5.0
10074640,RIOK3,5.0
11338033,JNK3,5.0
5291,ASK1,5.0
11617559,CSNK1D,5.0
11667893,STK33,5.0
11427553,ABL1(Q252H),7.327902142064283
156414,AURKA,5.0
10138260,EGFR(G719S),5.0
11364421,CDK3,5.0
16722836,ACVR2B,5.0
176870,PFPK5(Pfalciparum),5.0
11364421,MARK4,5.0
11717001,PYK2,5.0
11656518,OSR1,5.0
10184653,FGFR3,5.0
151194,ABL1(Q252H)p,5.0
126565,MEK2,8.4089353929735
16725726,CLK3,5.0
16722836,EGFR(G719C),5.0
216239,PKMYT1,5.0
6918454,FLT3(D835H),5.0
3081361,EGFR,8.022276394711152
123631,PKAC-alpha,5.0
51004351,MET(M1250T),5.6777807052660805
123631,FYN,5.0
16007391,MEK6,5.0
11427553,IRAK4,6.167491087293763
44150621,EPHB3,5.0
44259,TYRO3,6.552841968657781
644241,RSK4(KinDom.1-N-terminal),5.0
11712649,DYRK1A,5.0
156414,BMPR1B,5.585026652029182
6918454,ROCK2,5.0
9809715,ABL2,5.698970004336019
44150621,NEK11,5.0
10138260,CDKL2,5.4089353929735005
176155,LATS1,5.0
25127112,PIK3C2B,5.0
24889392,DRAK1,5.0
16725726,FGFR1,5.0
11617559,GCN2(KinDom2S808G),5.0
5494449,TRPM6,5.0
11617559,LRRK2(G2019S),5.0
153999,CAMK4,5.0
447077,MST1,5.356547323513813
51004351,SRPK3,7.096910013008056
11314340,RSK3(KinDom.1-N-terminal),5.0
6918454,PDPK1,5.0
6450551,NEK7,5.0
6450551,CDKL2,6.275724130399211
3025986,ADCK4,5.537602002101044
5328940,ROCK2,6.443697499232713
25243800,BMPR1B,8.67778070526608
16722836,MST4,5.1249387366083
216239,RSK1(KinDom.2-C-terminal),5.0
25243800,ICK,5.0
11338033,BRSK2,5.0
16007391,TBK1,5.0
17755052,PRKD1,5.0
9926791,ABL1(T315I),5.0
11626560,MELK,5.0
6450551,KIT,8.494850021680094
156422,CDK5,5.698970004336019
5287969,MST2,5.026872146400302
11617559,PKN2,5.0
16722836,EPHA1,6.136677139879544
11485656,RET,7.0
11667893,EPHA8,5.0
156422,RPS6KA5(KinDom.1-N-terminal),5.0
9929127,BMPR1B,5.0
126565,IRAK1,8.214670164989233
9929127,AMPK-alpha2,5.0
216239,PAK3,5.0
16007391,CHEK2,5.853871964321762
5287969,NIM1,5.0
24180719,KIT(D816V),5.508638306165728
5494449,AAK1,6.537602002101044
11717001,EPHA1,5.0
11626560,ULK2,5.795880017344075
9809715,EGFR(E746A750del),5.0
644241,AXL,5.0
6918454,ICK,5.0
6918454,YES,5.0
11427553,DDR1,5.494850021680094
4908365,YANK3,5.0
3038522,FLT3,8.522878745280337
10184653,ACVR1,5.0
44150621,ACVRL1,5.0
3081361,ABL2,7.161150909262744
44150621,RIPK5,5.0
6450551,TYK2(JH1domain-catalytic),5.443697499232713
25243800,EGFR(G719C),5.4089353929735005
10127622,ABL1(T315I),5.0
644241,NDR2,5.0
9884685,ULK3,5.0
11712649,TIE2,6.522878745280337
10074640,RSK4(KinDom.1-N-terminal),5.0
10127622,ZAK,5.0
123631,GRK1,5.0
9933475,CDKL5,5.0
11364421,ERK8,5.0
5291,PRP4,5.0
11712649,DAPK3,5.0
10184653,CSNK1G3,5.0
3038522,PRKCD,5.0
16725726,FRK,5.0
3038525,AURKB,5.0
10461815,PIM1,5.0
10074640,GRK7,5.0
9884685,ABL1(H396P),5.0
216239,DAPK2,5.0
16007391,MTOR,5.0
3038525,PKMYT1,5.0
9926054,YANK1,5.0
16007391,CAMK1,5.0
6918454,BMPR2,5.0
11717001,CSNK2A1,5.0
9915743,RSK3(KinDom.2-C-terminal),5.0
16725726,ERBB3,5.0
153999,PIP5K2B,6.080921907623926
3062316,GSK3A,5.0
5287969,EPHB2,5.0
4908365,MAPKAPK2,5.0
44150621,YES,6.236572006437063
9933475,MTOR,5.0
5328940,DAPK2,5.0
51004351,KIT(V559D-V654A),5.795880017344075
447077,LKB1,5.0
3081361,ULK2,5.0
156422,DYRK1A,5.0
5328940,BRK,5.0
25243800,ERK4,5.0
11617559,PFPK5(Pfalciparum),5.0
3038522,PRKCI,5.0
153999,ZAK,5.0
10138260,LKB1,6.443697499232713
24779724,TESK1,5.0
156422,TRKC,6.721246399047171
42642645,EGFR(L747S752del),6.6777807052660805
153999,ABL1(H396P),5.0
11409972,NEK7,5.0
5494449,JAK1(JH1domain-catalytic),5.229147988357856
3038522,CSNK1A1L,5.0
10074640,BRAF,5.0
24180719,ABL1(Q252H),6.698970004336019
11626560,CLK4,5.0
42642645,DMPK2,6.744727494896694
24779724,ABL1p,5.0
11427553,CASK,5.0
16722836,MAPKAPK5,5.0
10427712,DRAK1,5.0
11314340,RET,5.0
11656518,ERK1,5.0
6918454,PIM1,5.0
176870,LKB1,5.0
11364421,PRKG2,5.0
4908365,MST1R,5.0
25127112,FLT3(D835H),5.0
176155,EPHA3,5.0
25243800,CDK11,5.6020599913279625
11234052,MAP3K15,5.0
44150621,GRK7,5.886056647693163
3038522,RET,5.0
156414,MEK6,5.0
10184653,p38-delta,5.0
6450551,TNK1,6.795880017344075
16038120,SGK3,5.0
24779724,CDK7,5.0
10427712,NEK4,5.0
151194,NEK2,5.0
11314340,MST4,5.0
42642645,KIT(L576P),8.568636235841012
44259,TESK1,6.494850021680094
11427553,TIE1,6.522878745280337
3038525,TGFBR1,5.0
11984591,NEK1,6.769551078621726
11364421,DCAMKL1,5.229147988357856
123631,EPHB2,5.0
10138260,HIPK2,7.036212172654444
10184653,DDR2,5.0
9884685,CAMKK2,5.0
9884685,NEK6,5.0
5328940,BLK,8.481486060122112
44259,FGFR4,6.6020599913279625
644241,MAP4K2,5.0
216239,EPHB3,5.0
10184653,EGFR(L858RT790M),8.958607314841775
16722836,ERK3,5.920818753952375
6918454,EPHA3,5.0
11617559,CSNK1G1,5.0
9884685,CAMK1D,5.0
9915743,RSK1(KinDom.2-C-terminal),5.0
3038525,NDR2,5.0
10127622,MET(Y1235D),5.0
4908365,MEK2,6.376750709602099
44259,SRMS,6.130768280269024
25243800,EPHA8,6.6020599913279625
10127622,ALK,5.0
42642645,PIM1,5.0
126565,BLK,6.795880017344075
25243800,CAMK1D,5.823908740944319
3025986,SRPK1,5.0
5329102,YANK3,5.0
176870,KIT(V559D-V654A),5.0
11667893,KIT(A829P),7.823908740944319
151194,RET(V804L),5.0
11409972,GRK1,5.0
11427553,CLK1,7.1938200260161125
11984591,CAMKK2,5.0
11234052,CDKL1,5.0
3062316,SgK110,5.0
156422,NEK7,5.0
24889392,NIM1,5.0
11485656,AKT2,5.0
10113978,YANK2,5.0
11314340,KIT,5.0
5329102,MEK6,5.2839966563652006
11409972,ERK2,5.0
156422,DDR1,8.721246399047171
11984591,PCTK1,5.0
10427712,KIT(V559D-V654A),5.0
11656518,CHEK2,5.0
3081361,PKN2,5.0
126565,MAP3K3,8.221848749616356
9926054,DRAK1,5.0
11338033,PIK3CA(E545A),5.0
24779724,ERK2,5.0
11485656,CAMK1D,5.0
11338033,TEC,5.0
11485656,FYN,5.0
11485656,CDK4-cyclinD3,5.0
9884685,ALK,5.0
24180719,CDK7,5.0
208908,PIK3CA(E545A),5.0
9809715,TNIK,7.275724130399211
153999,CLK3,5.0
9884685,LZK,5.0
10427712,RSK1(KinDom.1-N-terminal),5.0
11617559,PFTK1,5.0
25127112,RSK2(KinDom.1-N-terminal),5.0
11717001,TTK,5.0
11409972,PIK3CD,5.0
156414,PIP5K1C,5.0
11656518,ITK,5.0
11626560,MAP3K3,6.958607314841775
5328940,PKNB(Mtuberculosis),5.259637310505756
208908,p38-gamma,5.0
447077,MET(Y1235D),6.070581074285707
16038120,HIPK4,6.455931955649724
24180719,AURKA,5.0
11667893,TIE2,5.0
44259,DMPK2,7.431798275933005
10184653,ROCK1,5.0
176155,IGF1R,5.0
42642645,PDGFRB,9.017728766960431
3081361,FLT3(N841I),5.920818753952375
11364421,CLK3,6.200659450546419
10074640,YANK1,5.0
24180719,RET(V804M),5.0
9809715,CAMKK2,6.036212172654444
9926791,EGFR(L861Q),5.0
208908,BRAF,5.0
11626560,CHEK2,5.0
6450551,WEE2,5.0
11667893,EPHA2,5.0
5291,TRPM6,5.0
5287969,RSK1(KinDom.2-C-terminal),6.142667503568732
17755052,AMPK-alpha1,5.0
10074640,ABL1(H396P),7.958607314841775
5494449,DMPK2,5.0
9809715,EGFR(L747T751del),5.0
24180719,JAK1(JH2domain-pseudokinase),5.0
176167,ABL1(F317I)p,5.0
11314340,LIMK1,5.0
24889392,RPS6KA5(KinDom.2-C-terminal),5.0
11717001,PDPK1,5.0
6450551,RAF1,5.0
3025986,SNRK,5.0
10184653,FER,5.0
3038522,PIK3C2B,5.0
11409972,ROCK1,5.823908740944319
216239,KIT(V559D-T670I),7.744727494896694
9884685,TRKB,5.0
16007391,CDK7,5.2076083105017466
24779724,MEK3,5.0
644241,KIT(A829P),7.337242168318426
5287969,CAMK2G,5.585026652029182
447077,MAP4K4,6.055517327849832
44150621,PLK4,5.0
16007391,DRAK2,5.0
5291,CDC2L2,5.0
5328940,FLT3(D835H),6.0
44259,FYN,7.481486060122113
5328940,WEE1,6.292429823902063
11667893,EGFR(L747E749del),6.017728766960432
126565,TTK,8.187086643357144
644241,MLK2,5.0
156414,PFPK5(Pfalciparum),5.0
10074640,MYO3A,5.0
3062316,NDR1,5.0
16725726,CHEK1,5.0
5328940,BMPR2,6.236572006437063
9809715,ERK5,5.6020599913279625
10461815,DCAMKL3,5.346787486224656
24889392,STK16,5.0
156422,PRP4,5.0
3081361,MYO3B,5.0
11617559,S6K1,5.0
16007391,MKNK2,5.920818753952375
11617559,AURKB,5.0
3062316,SRC,9.67778070526608
126565,AURKB,7.795880017344075
3038525,NEK4,5.0
176167,EPHA7,5.0
9884685,PRP4,5.0
11234052,PCTK2,5.0
176155,BTK,5.0
25243800,CDK4-cyclinD3,5.0655015487564325
10074640,PAK3,5.0
123631,EPHA6,6.229147988357856
25243800,BMX,6.173925197299174
9926054,KIT(D816V),5.0
11314340,MLK3,5.0
10113978,HIPK2,5.0
10074640,RSK4(KinDom.2-C-terminal),5.0
447077,BLK,8.823908740944319
9926791,DDR1,5.0
9926054,IRAK3,5.0
9926054,TAOK2,5.0
24889392,FGFR2,5.0
216239,IRAK4,5.0
208908,MYO3B,5.0
3038525,MARK3,5.0
176870,ULK3,6.036212172654444
5494449,FLT3(N841I),8.366531544420413
24779724,DYRK2,5.0
25127112,TLK1,5.0
5494449,STK36,5.0
3025986,PIM2,5.0
24779724,MAP4K2,5.0
16725726,PAK6,7.67778070526608
156414,MARK4,5.0
10184653,PLK3,5.0
25127112,MRCKA,5.0
11427553,ULK1,7.275724130399211
9933475,CDKL1,5.0
5287969,ABL1(H396P),5.920818753952375
6450551,CAMK2G,5.0
208908,PIK3CA(H1047L),5.0
3025986,MLK3,5.0
176167,NEK7,5.0
10138260,FLT3(D835Y),8.214670164989233
3038522,NEK2,5.0
3025986,CLK1,6.3872161432802645
4908365,PKN2,5.327902142064283
11364421,LCK,5.0
4908365,TTK,7.468521082957745
10074640,INSR,5.0
5287969,ARK5,5.0
176155,CAMK2A,5.0
11234052,IKK-alpha,5.0
9915743,NDR1,5.0
5287969,RIPK2,5.0
11364421,NLK,5.0
16007391,PKMYT1,5.0
447077,PRKCQ,5.0
208908,ABL1(Q252H)p,5.0
9929127,EGFR(L861Q),5.0
4908365,AMPK-alpha1,6.698970004336019
51004351,NDR1,5.0
24779724,WEE2,5.0
11617559,DCAMKL2,5.0
644241,PIK3CA,5.0
10074640,DDR2,7.585026652029182
16007391,FGFR3,5.0
11712649,NEK2,5.0
11712649,p38-alpha,5.0
17755052,STK36,5.0
11364421,PFPK5(Pfalciparum),5.0
11656518,NEK7,5.0
25127112,KIT(L576P),5.0
126565,ABL1(Q252H),5.6020599913279625
126565,PAK4,7.619788758288394
24180719,BRAF,6.481486060122113
9884685,LIMK2,5.455931955649724
153999,TNNI3K,5.0
17755052,CLK1,5.958607314841775
16007391,CIT,5.2441251443275085
11485656,PIK3CA(C420R),5.0
24889392,GRK4,5.0
11617559,EGFR(L858R),5.0
11234052,RSK1(KinDom.1-N-terminal),5.0
16007391,ERBB4,6.327902142064283
51004351,RIPK4,5.0
11712649,EPHA4,6.376750709602099
42642645,ERBB4,6.214670164989233
151194,PFCDPK1(Pfalciparum),5.0
11338033,p38-alpha,5.0
10113978,MYLK,5.0
11617559,CSNK1A1,5.0
11667893,DAPK3,5.0
11984591,DLK,5.0
11667893,LRRK2,5.0
11427553,CDKL5,5.0
9933475,TYK2(JH1domain-catalytic),5.0
44150621,PRKCH,5.0
11314340,PCTK2,5.721246399047171
153999,BRSK1,5.0
644241,DRAK1,5.0
10127622,PCTK3,5.0
644241,CLK1,5.6777807052660805
11712649,BMPR1A,5.0
11712649,BTK,5.376750709602099
5329102,PIK3CA(E545K),5.0
16038120,NEK2,5.744727494896694
25243800,TTK,6.200659450546419
11984591,SBK1,7.031517051446065
24779724,AKT1,5.0
10138260,CAMKK2,5.6020599913279625
176155,INSR,5.0
11314340,ROCK2,5.0
11364421,NEK9,5.0
11409972,ERK1,5.0
9929127,RET(M918T),5.0
4908365,BIKE,6.853871964321762
11314340,HIPK3,6.958607314841775
11984591,CSNK1A1,5.0
24779724,CDKL5,5.0
9926791,DDR2,5.0
447077,PRKCH,5.0
11234052,JAK1(JH1domain-catalytic),5.0
3025986,RSK3(KinDom.2-C-terminal),5.0
5287969,LTK,5.657577319177793
10461815,CSNK2A2,5.251811972993799
9926791,PAK4,5.0
5329102,PIP5K1A,5.267606240177032
16038120,RET(V804L),6.920818753952375
9915743,PIK3CA(E545A),5.0
24889392,AKT1,5.0
3081361,KIT(D816V),6.537602002101044
176870,RIPK2,6.167491087293763
10427712,p38-beta,5.0
153999,MAP4K2,6.537602002101044
11338033,CDC2L5,8.494850021680094
11364421,AKT1,5.0
176155,TXK,5.346787486224656
24889392,MTOR,5.0
24779724,STK16,5.0
24180719,PRKX,5.0
151194,PAK7,5.0
6918454,IKK-epsilon,5.0
3081361,PLK4,6.2076083105017466
216239,EPHA8,5.619788758288394
11234052,RIPK2,5.537602002101044
6450551,EPHA8,5.0
3081361,TTK,5.0
5291,NEK2,5.0
11338033,RPS6KA5(KinDom.1-N-terminal),5.0
10113978,ERBB4,5.0
11626560,PRKD1,6.00436480540245
10074640,CDK2,5.0
51004351,ABL1(E255K),5.0
9809715,PIM3,5.0
24779724,PFPK5(Pfalciparum),5.0
3062316,EIF2AK1,5.0
10127622,MKNK1,5.0
3025986,SNARK,5.769551078621726
44259,SRPK3,7.136677139879544
3081361,CAMKK2,5.0
151194,ERBB2,5.0
5329102,RET,7.886056647693163
4908365,HCK,5.431798275933005
3062316,TYRO3,5.0
11485656,MAP4K3,5.494850021680094
156414,ERK5,5.0
11984591,NLK,5.0
11717001,EIF2AK1,5.0
3038522,PCTK2,5.0
10184653,VEGFR2,5.0
16722836,ALK,6.187086643357144
3025986,CAMK2A,5.0
126565,PIK3CA(I800L),5.0
5494449,MRCKB,5.0
11984591,TAOK2,6.1938200260161125
156414,FAK,5.0
24889392,TNK2,5.0
11314340,CDK4-cyclinD3,5.0
3062316,LRRK2(G2019S),5.0
9884685,EGFR(S752I759del),5.0
6918454,CAMKK2,5.0
9884685,BMPR1A,5.0
11667893,EPHB2,5.0
51004351,MYLK2,5.0
11667893,FGFR3(G697C),5.0
176870,DRAK1,5.200659450546419
10127622,STK33,5.0
151194,FGFR2,5.0
10113978,SNARK,5.0
176155,CDK9,5.0
9933475,PHKG1,5.0
11656518,BLK,5.102372908709558
24180719,ERBB4,5.0
16038120,CDC2L5,5.0
11427553,PKMYT1,5.0
6450551,NEK4,5.0
16722836,TAK1,5.508638306165728
10113978,DDR1,7.244125144327507
644241,CAMK1D,5.0
11712649,ABL1(Y253F),6.0
447077,ULK2,5.0
25243800,RAF1,5.0
9809715,TRPM6,5.0
16722836,CAMK1D,6.337242168318426
9915743,MAST1,5.259637310505756
156422,TGFBR1,5.0
10461815,EGFR(L858RT790M),5.0
6450551,p38-beta,5.0
25127112,MAP4K3,5.0
51004351,MARK1,6.769551078621726
11427553,CLK2,7.031517051446065
9926791,DYRK1B,5.0
11656518,PDGFRA,5.958607314841775
10113978,DAPK1,5.0
123631,CDK3,5.0
11338033,TBK1,5.0
11667893,PAK2,5.0
3081361,PIM1,5.0
156422,PAK1,5.0
11712649,MST1,5.0
176155,FGFR4,5.0
5329102,MKNK2,5.2441251443275085
208908,MET,5.0
10113978,TEC,5.0
25127112,DMPK2,5.0
6918454,RSK1(KinDom.1-N-terminal),5.0
3062316,MEK3,5.0
3025986,TAOK1,5.886056647693163
447077,EGFR(S752I759del),5.638272163982407
10138260,CSK,5.0
11364421,QSK,5.0
156422,PIP5K1C,5.0
4908365,RIPK5,6.130768280269024
16007391,CSNK1E,5.0
3025986,EGFR(L858R),5.0
51004351,MEK2,5.0
176155,ABL1(F317I),5.0
51004351,MYLK,5.698970004336019
11712649,EPHA7,6.0
6450551,HIPK3,5.0
11667893,EPHB6,5.0
11984591,KIT(V559D-V654A),6.3872161432802645
6450551,PRKCD,5.0
25127112,STK16,6.309803919971486
9926791,FLT3(ITD),5.0
153999,ALK,5.0
11617559,INSR,5.0
10113978,PAK1,5.0
9929127,BRAF(V600E),5.0
6918454,PRKCQ,5.0
11717001,TYRO3,5.0
11234052,SgK110,5.0
5329102,TIE1,5.4089353929735005
9926791,PDPK1,5.0
10184653,PIK3CA(C420R),5.0
44150621,GCN2(KinDom2S808G),6.6020599913279625
9915743,DYRK2,5.0
5494449,AKT2,5.0
3062316,ACVR1B,6.481486060122113
11427553,CSNK1D,5.638272163982407
9915743,ZAP70,5.0
6918454,MAPKAPK5,5.0
11234052,RET,6.4089353929735005
9884685,AURKB,5.0
11717001,PKNB(Mtuberculosis),5.0
644241,PLK3,5.0
9926791,MLK1,5.0
11338033,GRK1,5.0
9926791,ERK3,5.0
16725726,ERK4,5.0
9926054,MKNK1,5.0
156422,MELK,5.0
10184653,CASK,5.0
11717001,ACVR2A,5.0
25127112,DYRK2,5.431798275933005
44259,NLK,6.657577319177793
44150621,MELK,5.795880017344075
11626560,TBK1,6.161150909262744
4908365,PLK2,5.0
11626560,CDKL5,5.0
3025986,ERN1,5.0
3038522,JAK1(JH2domain-pseudokinase),5.0
9933475,RET(M918T),8.1249387366083
11427553,ABL1(F317L),6.443697499232713
9809715,ZAK,5.0
5291,SRC,5.0
123631,AMPK-alpha1,5.0
11427553,MARK4,6.6777807052660805
25127112,AKT1,5.0
42642645,ACVR1B,5.0
3062316,EGFR(L747T751del),6.795880017344075
10127622,AKT2,5.0
11667893,MEK5,5.0
11712649,PFTAIRE2,5.0
3081361,MET,5.2441251443275085
208908,OSR1,5.0
5494449,p38-alpha,5.0
11409972,MINK,8.10790539730952
6918454,PLK3,5.0
4908365,MST1,7.318758762624413
9926791,ROS1,5.0
10127622,CDKL3,5.0
11984591,PHKG2,6.026872146400302
51004351,RET(M918T),6.886056647693163
24180719,CTK,5.0
6918454,RSK3(KinDom.1-N-terminal),5.0
3081361,VRK2,5.0
6918454,MST2,5.0
5329102,FLT1,8.744727494896694
10127622,CTK,5.0
176167,SIK,5.0
9926054,SNARK,5.0
11314340,JNK3,5.0
9926054,PCTK1,6.050609993355088
10138260,HCK,5.657577319177793
5329102,ASK2,5.0
5494449,PRKCH,5.0
208908,ACVR1B,5.0
51004351,DCAMKL3,5.0
9933475,PFTAIRE2,5.0
151194,MKK7,5.0
11409972,p38-alpha,7.136677139879544
11712649,MKNK1,5.0
25243800,INSR,5.0
11626560,MAK,5.0
10461815,MAP4K5,7.102372908709558
44150621,TSSK1B,5.0
44259,SLK,10.619788758288394
11712649,AMPK-alpha2,5.0
44150621,PRKG2,5.0
16007391,ASK2,5.0
11656518,YSK4,7.267606240177032
5291,PRKCE,5.0
25243800,ZAP70,5.0
156422,FGFR3,5.0
10138260,EIF2AK1,5.0
3038522,MKNK2,5.0
176167,RIOK2,5.0
9926054,PIM3,5.0
11234052,EGFR(L747S752del),5.0
16725726,EGFR(T790M),5.0
151194,BMPR2,5.0
5291,CSF1R,7.958607314841775
5291,ABL1(Q252H)p,7.036212172654444
11364421,PDGFRB,5.0
11984591,MYLK2,5.0
6450551,TGFBR2,5.0
153999,ERK8,7.055517327849832
11984591,DMPK,5.0
153999,BRAF(V600E),5.0
24180719,PAK3,5.0
3038522,SGK3,5.0
5291,JNK1,5.301029995663981
5287969,ZAP70,5.0
51004351,MST1R,5.0
9929127,CLK4,6.0
11712649,GAK,5.0
10127622,FGFR3,5.0
42642645,PYK2,7.853871964321762
11656518,EPHB4,5.0
9884685,YSK4,6.031517051446065
24889392,PIM2,5.0
42642645,GRK1,5.0
44150621,DAPK3,5.0
10461815,CHEK1,5.0
3038522,AURKC,5.795880017344075
17755052,PIM1,5.0
11984591,RSK3(KinDom.1-N-terminal),5.0
11717001,PIM1,5.0
24889392,CAMK1G,5.0
4908365,CSK,5.0
153999,PRKD2,6.050609993355088
11626560,WEE1,5.0
3062316,DRAK1,5.0
5329102,EPHA6,6.017728766960432
9884685,BIKE,5.0
11338033,CDK8,5.0
151194,PRKG2,5.0
10138260,BMPR2,6.698970004336019
10138260,PAK7,5.886056647693163
151194,PKNB(Mtuberculosis),5.0
11656518,IRAK3,5.0
9915743,IRAK3,5.0
153999,CHEK2,5.431798275933005
51004351,ERK2,5.0
17755052,BRSK2,5.0
3062316,MST3,5.0
11427553,STK33,6.853871964321762
176155,TIE1,5.0
9926054,RSK3(KinDom.1-N-terminal),5.0
16722836,PYK2,6.657577319177793
10138260,PIK3CA(Q546K),5.0
208908,PIK3CG,5.0
10138260,ACVR1B,5.0
16725726,CDC2L1,5.0
42642645,PKNB(Mtuberculosis),5.0
5287969,EGFR,5.431798275933005
10113978,RPS6KA5(KinDom.1-N-terminal),5.0
5328940,FGFR4,5.0
10113978,CSNK1E,5.0
24779724,MAP4K5,5.0
9926054,DYRK1B,5.0
11984591,BRSK2,5.0
16725726,TRKA,5.0
10138260,KIT(A829P),7.267606240177032
5291,CHEK1,5.0
10127622,AURKA,5.0
176167,CDK9,5.886056647693163
10074640,ACVR1,5.0
216239,ERBB2,5.0
4908365,PIK3CA(E542K),5.0
24779724,HIPK1,5.0
24889392,ZAP70,5.0
9884685,PRKCI,5.0
4908365,LRRK2(G2019S),6.431798275933005
156414,CAMK4,5.0
11364421,MEK6,5.0
9929127,MARK4,5.0
24180719,CLK1,5.180456064458132
9884685,ABL1(F317I),5.0
3062316,TEC,7.886056647693163
5287969,TIE1,5.0
24889392,PAK3,5.0
3081361,TGFBR2,5.0
9926791,SLK,5.0
11485656,RSK2(KinDom.1-N-terminal),5.0
10074640,EPHA8,5.744727494896694
24180719,PRKCI,5.0
24889392,MEK5,5.0
3038522,RIOK2,5.0
10138260,DAPK3,6.769551078621726
11427553,PIK3CA(M1043I),5.0
176155,PIK4CB,5.0
176167,ZAK,5.0
6918454,RSK2(KinDom.1-N-terminal),5.0
5329102,TGFBR2,5.0
3025986,LOK,5.0
3081361,NEK11,5.0
153999,PLK3,5.0
10461815,LZK,5.494850021680094
9929127,CHEK2,5.0
11485656,MERTK,6.060480747381382
3038525,MEK4,5.0
24180719,HIPK2,5.301029995663981
9809715,EGFR(L858R),5.0
10184653,MAP4K2,5.0
176155,CSNK1G2,5.0
16722836,RPS6KA4(KinDom.2-C-terminal),6.853871964321762
11667893,RET(V804M),5.0
51004351,NEK4,5.0
44150621,DCAMKL2,5.0
9915743,RPS6KA4(KinDom.2-C-terminal),5.0
10427712,YANK1,5.0
176870,RSK3(KinDom.2-C-terminal),5.0
3081361,MEK6,5.0
16722836,HIPK1,6.0655015487564325
11667893,PHKG1,5.0
5328940,ABL1(T315I),7.67778070526608
208908,PKN2,5.0
5494449,TTK,5.091514981121351
176155,AURKB,5.0
11338033,PDGFRA,5.0
9926791,PFTAIRE2,5.0
9929127,FLT4,5.0
11485656,PCTK3,5.0
44259,CDK2,8.154901959985743
156422,p38-gamma,8.537602002101044
10184653,ERK5,5.0
3038525,NEK2,5.0
3038525,PLK2,5.0
11409972,CLK3,5.259637310505756
5291,AKT3,5.0
644241,CSK,5.619788758288394
176155,EGFR(E746A750del),6.468521082957745
9933475,ABL1(Q252H),7.0
156414,NEK3,5.0
9884685,OSR1,5.0
16038120,PFPK5(Pfalciparum),5.0
11338033,DMPK2,5.0
3062316,CDKL2,5.0
9929127,MEK3,5.0
42642645,PIP5K2B,5.0
24889392,CDKL1,5.0
10113978,EPHA6,5.0
42642645,AXL,10.031517051446064
5291,ROCK1,5.0
42642645,TIE1,9.102372908709558
5291,BMPR1B,5.0
16007391,RET(V804L),6.853871964321762
44259,JAK2(JH1domain-catalytic),8.008773924307505
11717001,CSF1R,5.0
11717001,HPK1,5.0
3038525,EPHB1,5.2076083105017466
10138260,ACVR1,5.0
24889392,AURKC,5.0
9929127,CSNK1G3,5.0
42642645,GRK7,5.0
3062316,MTOR,5.0
11984591,FGFR4,6.455931955649724
24779724,RSK1(KinDom.2-C-terminal),5.0
11712649,ERK2,5.0
5291,YANK2,5.0
10461815,PIP5K2C,5.0
11984591,DRAK1,7.494850021680094
151194,ACVR2B,5.0
9884685,IKK-alpha,5.769551078621726
3062316,PLK3,5.0
24180719,LIMK2,6.2076083105017466
176155,CDKL2,5.0
9915743,BLK,7.070581074285707
5287969,ERK3,5.0
9929127,LOK,5.0
9926791,ADCK3,5.0
10184653,JAK2(JH1domain-catalytic),5.0
447077,CAMK2A,5.0
11617559,KIT(V559D-T670I),5.0
10113978,DLK,5.0
447077,PIK3C2B,5.0
24889392,ADCK3,5.0
11712649,EGFR(G719S),5.0
3081361,DLK,5.0
51004351,CDK4-cyclinD1,5.0
9929127,EGFR(L747T751del),5.0
10427712,PIK3CA(I800L),6.853871964321762
9915743,JAK1(JH2domain-pseudokinase),5.0
24779724,SYK,5.0
151194,ERK3,5.0
5494449,MERTK,5.769551078621726
11338033,SgK110,5.0
3025986,ROS1,5.0
11314340,GRK7,5.721246399047171
153999,GRK1,6.096910013008056
16722836,PRKD2,5.0
126565,CAMK2A,8.0
5328940,ARK5,5.229147988357856
3038522,GRK7,5.0
6918454,PIP5K1A,5.0
176167,STK16,5.6020599913279625
10074640,IGF1R,5.0
11984591,ABL1(E255K),6.657577319177793
216239,FGR,5.10790539730952
11485656,FLT3(K663Q),8.886056647693163
156422,EPHB4,5.0
216239,MERTK,5.443697499232713
24889392,AURKA,5.0
11409972,S6K1,6.920818753952375
9933475,TAOK1,5.0
3062316,IRAK3,5.0
216239,WEE1,5.0
216239,CAMK2D,5.0
5329102,TNIK,7.602059991327962
24180719,HIPK1,5.259637310505756
3062316,PAK6,5.0
644241,PAK3,5.0
42642645,LZK,7.795880017344075
11364421,EPHB6,5.0
6450551,PRKD2,5.0
176167,MERTK,5.0
11409972,PKN1,5.0
6450551,RIPK2,5.00436480540245
644241,PAK2,5.0
176155,ABL1(T315I),5.0
44259,PAK7,8.920818753952375
126565,SNARK,9.0
10138260,PIK3C2B,5.0
9933475,PIK3CA(H1047Y),5.0
11656518,IRAK4,5.0
25127112,FES,5.0
11712649,LATS2,5.0
11656518,MARK4,5.0
151194,EGFR,5.0
16725726,EPHA7,5.0
10127622,VRK2,5.0
11427553,CHEK2,7.022276394711152
9926791,PRKCI,5.0
9926791,FGFR4,5.0
16038120,DYRK1A,5.537602002101044
10113978,BTK,5.0
5329102,RSK4(KinDom.2-C-terminal),5.0
9915743,CDK8,5.0
3081361,TRPM6,5.0
216239,MAP3K15,5.0
176155,PLK2,5.0
11667893,KIT(V559D-V654A),7.638272163982407
126565,p38-alpha,5.0
5329102,MET(M1250T),5.920818753952375
3025986,EPHB6,5.0
42642645,CSNK2A1,5.0
176155,MAP3K15,5.0
176167,LYN,5.0
17755052,KIT(V559D-V654A),5.0
11617559,CDK11,5.0
9933475,CSNK1G2,5.0
25243800,HUNK,5.0
42642645,NEK4,5.0
11409972,DAPK1,5.0
176155,TNIK,6.086186147616283
11617559,EPHB2,5.0
208908,CDK11,5.0
151194,ASK1,5.0
5329102,AAK1,7.958607314841775
5329102,CAMK1,6.013228265733755
16038120,IRAK4,7.113509274827519
11626560,EPHB3,5.0
16007391,PRKG2,5.0
24889392,PIK3CA(M1043I),5.0
51004351,CSNK1D,5.0
11427553,GRK7,5.301029995663981
24889392,BRSK2,5.0
10461815,ERBB3,5.0
6918454,CHEK1,5.0
6918454,p38-gamma,5.0
11364421,MEK3,5.0
9929127,PIK4CB,6.568636235841013
10138260,PIM2,5.0
10461815,MAP4K2,5.443697499232713
11338033,SNARK,5.0
9809715,MAPKAPK2,5.0
11364421,RPS6KA5(KinDom.2-C-terminal),6.568636235841013
16038120,HCK,6.3872161432802645
176167,NEK3,5.0
9884685,VEGFR2,5.0
3038525,ABL1(Q252H),5.0
24889392,STK39,5.0
208908,ABL1(Q252H),5.0
10074640,PFTK1,5.0
123631,ZAP70,5.0
11717001,GRK7,5.0
9926054,PIK3CA(M1043I),5.0
11712649,LOK,5.431798275933005
42642645,DYRK2,5.698970004336019
123631,BMX,5.0
42642645,DRAK2,5.0
126565,DYRK2,7.657577319177794
3038525,TGFBR2,5.0
16007391,DLK,5.0
11234052,AMPK-alpha2,5.0
3025986,LCK,5.0
11626560,EGFR(E746A750del),5.0
151194,GSK3A,5.0
11234052,EPHA8,5.0
10074640,LIMK2,5.0
16007391,LOK,5.552841968657781
126565,NEK6,5.356547323513813
153999,ABL1(F317L),5.0
44150621,FLT4,6.236572006437063
5494449,DAPK2,5.0
10113978,PAK7,5.0
176155,TGFBR2,5.744727494896694
151194,OSR1,5.0
11984591,PRKCQ,5.0
10138260,RIPK2,5.0
5291,CLK1,5.346787486224656
5287969,HIPK2,5.376750709602099
6918454,YANK3,5.0
176155,MARK1,5.0
11712649,RPS6KA5(KinDom.1-N-terminal),5.0
11234052,NEK3,5.0
216239,CDK3,5.42021640338319
24779724,AURKA,5.0
11667893,PAK7,5.0
10427712,NEK3,5.0
11338033,PLK4,5.0
9929127,ABL1p,5.0
153999,ULK2,5.0
16038120,DAPK1,5.744727494896694
176167,MEK3,5.0
9933475,BMPR2,5.0
11427553,CSK,5.356547323513813
10427712,ACVR2B,5.0
9884685,BMX,5.0
3025986,KIT(A829P),5.0
123631,EGFR(L747S752del),9.244125144327509
44259,VEGFR2,6.657577319177793
9933475,TAOK2,5.229147988357856
5329102,IRAK1,7.853871964321762
644241,NEK2,5.0
11667893,PAK3,5.0
11338033,EPHB3,5.0
10427712,PCTK3,5.0
6918454,ABL1(T315I)p,5.0
123631,CDC2L5,5.0
11338033,CLK2,5.769551078621726
10074640,MYLK2,5.0
11427553,HIPK2,6.522878745280337
10184653,MAPKAPK2,5.0
9929127,CSNK2A2,5.0
44150621,EPHA7,5.0
11234052,CSNK2A1,5.0
9926791,ERK2,5.0
156422,CDK7,5.508638306165728
11314340,SRPK1,6.259637310505756
216239,PIK3CA,5.0
10113978,STK36,6.327902142064283
151194,MLK3,5.0
9933475,CDK9,5.0
51004351,CIT,5.0
25127112,ROCK1,7.221848749616356
10074640,FAK,5.0
123631,PIP5K1C,5.0
16038120,AMPK-alpha1,7.568636235841013
24779724,NEK6,5.0
11427553,CAMK2D,5.0
11234052,FLT4,7.251811972993799
9929127,SRC,5.0
447077,MAK,5.0
17755052,PKAC-beta,5.0
11338033,PIP5K2B,5.0
11984591,KIT(V559D),8.244125144327509
5291,CSNK1G3,5.0
10138260,CAMK2B,5.638272163982407
3062316,CSNK1G2,5.0
11314340,ABL1(T315I),5.0
9915743,TXK,5.318758762624413
11984591,MRCKB,5.0
447077,MST2,5.823908740944319
6450551,INSR,5.0
11717001,DAPK1,5.0
6918454,PIK3CG,5.0
5328940,TGFBR1,5.0
5291,RET(V804L),5.0
24180719,CAMK1,5.721246399047171
16007391,CSNK1A1,5.0
10461815,MET(M1250T),9.193820026016112
176155,CLK1,5.0
42642645,PIP5K1A,5.0
176155,PLK3,5.0
153999,CDC2L2,5.0
11234052,PIK3CD,5.0
151194,RPS6KA4(KinDom.2-C-terminal),5.0
11314340,PKAC-beta,7.045757490560675
10127622,PIK3CA(C420R),5.0
11712649,MAP3K1,5.0
153999,CASK,5.0
9809715,KIT(D816H),6.508638306165728
11427553,RPS6KA5(KinDom.2-C-terminal),5.721246399047171
176167,BLK,5.0
447077,EGFR(G719S),6.200659450546419
16007391,DAPK3,5.0
24779724,TRPM6,5.0
42642645,HIPK4,9.292429823902063
10427712,FGR,5.0
126565,PLK2,6.481486060122113
151194,TAOK1,5.0
11656518,BRK,5.443697499232713
156422,QSK,5.0
17755052,CDK4-cyclinD1,5.0
10127622,MEK5,5.0
156422,YANK2,5.0
24889392,ABL1(E255K),5.0
9809715,ABL1(T315I)p,8.0
9926791,MKNK2,5.795880017344075
11717001,KIT(L576P),5.0
11712649,EGFR(L747S752del),5.1938200260161125
9884685,MELK,5.0
3081361,MELK,5.0
5494449,KIT(V559D-V654A),5.638272163982407
123631,ZAK,5.0
216239,PCTK2,5.795880017344075
5329102,PFPK5(Pfalciparum),5.0
24889392,PIP5K1C,5.0
5291,BRSK1,5.0
11656518,TRKA,5.0
216239,RIOK1,5.0
644241,GAK,5.0
176167,CDKL5,5.0
11617559,HCK,5.0
10461815,CAMK2B,5.0
11717001,KIT(D816V),5.0
51004351,ABL1(F317L),5.0
25243800,FGFR3,6.180456064458132
9809715,RSK4(KinDom.1-N-terminal),6.638272163982407
11234052,HPK1,5.0
6450551,GAK,5.568636235841013
5494449,TLK1,5.3979400086720375
11712649,BRAF,5.0
9915743,KIT(L576P),5.0
9884685,MEK1,5.0
216239,JAK1(JH2domain-pseudokinase),5.0
16038120,MEK2,6.200659450546419
25243800,PIM3,5.522878745280337
644241,FGR,6.494850021680094
10427712,DYRK1A,6.173925197299174
16038120,p38-alpha,5.0
11656518,RSK3(KinDom.2-C-terminal),5.0
9926791,MAP3K15,5.0
25127112,MARK4,5.0
11234052,LATS1,5.0
11364421,ABL1(F317I)p,5.0
216239,NEK9,5.0
42642645,FLT4,8.823908740944319
11409972,MST2,6.0655015487564325
11717001,MET,5.0
216239,BMPR2,5.0
447077,EGFR(L858R),6.0655015487564325
153999,DDR2,5.0
44259,TYK2(JH2domain-pseudokinase),5.508638306165728
5291,MARK3,5.0
9809715,HCK,5.275724130399211
9929127,PCTK2,5.0
123631,EPHB6,5.494850021680094
4908365,GRK7,6.086186147616283
3025986,ACVRL1,5.0
16007391,EGFR(L747E749del),5.537602002101044
10074640,ABL1(F317L),8.0
16722836,INSRR,5.795880017344075
5291,ZAP70,5.0
11617559,MYO3A,5.0
5329102,STK35,5.886056647693163
44259,CLK2,8.086186147616283
9933475,PIK3C2G,5.0
176167,MINK,5.455931955649724
24180719,YSK1,5.0
51004351,MUSK,5.0
9884685,RET(V804L),5.0
44150621,DRAK2,5.744727494896694
51004351,RIOK3,6.376750709602099
9929127,EPHB2,5.0
11667893,MAP3K4,5.0
644241,JAK1(JH2domain-pseudokinase),5.0
25127112,HCK,5.0
42642645,PIK3CA(E545K),5.0
17755052,ERK3,5.0
11984591,EGFR(L747E749del),6.585026652029182
11234052,PIK3CA(E545A),5.0
5494449,PRKCI,5.0
9884685,CIT,5.0
11314340,ABL1(H396P),5.0
176167,NLK,5.0
17755052,DAPK2,5.0
9809715,PIP5K1C,5.0
24889392,MST1R,5.0
16725726,STK16,5.0
11667893,EGFR(L858R),5.1487416512809245
3038525,ZAP70,5.0
11984591,ULK1,7.853871964321762
25243800,CDK3,5.0
5328940,ERBB4,7.585026652029182
24889392,ARK5,5.0
42642645,QSK,5.0
11717001,ULK1,5.0
44259,EPHA3,7.568636235841013
11717001,TLK2,5.0
25243800,NEK2,5.0
9929127,ABL1(F317L),5.0
176155,RPS6KA4(KinDom.1-N-terminal),5.0
5328940,MAPKAPK2,5.0
10461815,IRAK1,5.795880017344075
24180719,PRKG1,5.0
51004351,EPHB4,5.0
208908,EPHB6,5.0
11409972,PIP5K1A,5.0
11338033,JNK1,5.0
9929127,MEK4,5.0
11409972,PKN2,5.0
9915743,PIK3CA(I800L),5.0
9933475,BMPR1B,5.0
3025986,TAOK2,5.744727494896694
10461815,MAP3K1,5.0
9926791,ABL1(H396P)p,5.173925197299174
11656518,CSF1R,6.6020599913279625
156422,RET(M918T),6.619788758288394
11427553,BTK,6.0
11617559,p38-gamma,5.0
9929127,AKT1,5.0
9809715,TRKC,7.494850021680094
4908365,CDK4-cyclinD3,5.0
11984591,JAK1(JH1domain-catalytic),7.67778070526608
5329102,EPHA3,5.6777807052660805
11364421,IRAK3,5.0
5494449,BLK,5.657577319177793
11234052,TNK2,5.0
17755052,p38-gamma,5.0
6450551,TYRO3,5.0
11427553,CDKL2,5.853871964321762
11485656,EGFR(S752I759del),5.0
10461815,MLK2,5.0
16007391,EGFR(G719C),6.920818753952375
10461815,MUSK,5.0
176155,OSR1,5.0
10427712,CSNK1A1,6.080921907623926
11427553,CDK5,5.0
11485656,DCAMKL1,5.0
3025986,IKK-epsilon,5.0
11427553,MET(M1250T),6.6777807052660805
5328940,JAK2(JH1domain-catalytic),5.958607314841775
3025986,ULK3,5.0
123631,TNNI3K,5.0
10113978,CDC2L1,5.6777807052660805
11234052,NEK9,5.0
25127112,CDK4-cyclinD1,5.0
3081361,ZAP70,5.0
11626560,STK16,5.0
11314340,PIK3CB,5.0
11984591,FLT3,9.148741651280924
24779724,MST4,5.0
11485656,CSNK1A1L,5.0
156414,NEK5,5.0
10127622,KIT(V559D-T670I),5.0
216239,YSK4,7.00436480540245
156422,CAMK2D,5.0
126565,PIP5K1C,5.0
176155,ABL1,5.0
3081361,NEK6,5.0
17755052,MEK6,5.0
447077,MYLK,5.0
9884685,AKT2,5.0
11717001,BMX,5.0
16725726,AKT1,8.657577319177793
5328940,ABL1(Q252H),10.065501548756432
3038525,BMX,5.0
3025986,RET(V804L),5.0
3038522,PIK3CA(E545K),5.0
216239,RSK3(KinDom.1-N-terminal),5.0
9809715,RET(V804L),8.008773924307505
216239,CDKL1,5.0
16722836,MYLK2,5.522878745280337
216239,PFCDPK1(Pfalciparum),6.657577319177793
9926054,INSR,5.0
126565,PIK3CD,5.3979400086720375
11234052,MEK4,5.0
10113978,PKN1,5.0
447077,SRPK1,5.0
9926054,TGFBR1,5.0
6918454,LRRK2,5.0
11617559,CSNK1A1L,5.0
11485656,ABL1(H396P),5.0
10113978,NIM1,5.0
10461815,ABL1(F317I),5.0
156422,PLK4,5.0
5291,BRK,5.0
10074640,CAMKK2,5.0
123631,ABL1(F317I)p,5.327902142064283
5328940,DLK,6.173925197299174
123631,PAK6,5.0
10427712,RIPK1,5.0
24889392,EGFR,5.0
11364421,CSNK1A1L,5.0
156422,FLT1,6.3872161432802645
5287969,HIPK3,5.366531544420414
153999,TAOK1,5.744727494896694
176155,SBK1,5.0
16725726,MET,5.0
44150621,HPK1,7.356547323513813
25243800,ABL1(F317I),5.0
42642645,CDK9,5.795880017344075
3025986,CLK3,5.0
10127622,FAK,5.0
10074640,MST1R,5.0
176167,TIE1,5.0
10138260,RSK3(KinDom.1-N-terminal),6.585026652029182
156414,SIK,5.0
24779724,S6K1,5.0
16007391,HCK,5.4089353929735005
16722836,DAPK3,8.920818753952375
16038120,WEE1,5.522878745280337
11485656,CSNK1D,5.0
9929127,TGFBR1,5.0
17755052,RIPK4,5.0
11984591,IRAK3,7.958607314841775
11712649,JNK3,5.0
156414,MEK1,5.744727494896694
42642645,MAP4K3,6.958607314841775
3025986,CLK2,5.958607314841775
156414,PIK3CA(Q546K),5.0
11409972,AKT2,5.0
11409972,JAK1(JH2domain-pseudokinase),5.0
11712649,WEE2,5.0
11712649,EGFR(T790M),5.0
9884685,GRK1,5.0
153999,EPHB1,5.0
216239,MKK7,5.0
10127622,BRK,5.0
5287969,CHEK2,5.0
11626560,ACVR2B,5.0
10127622,HUNK,5.0
10461815,NEK6,5.0
44150621,PIK3CA(E545A),5.0
5328940,EPHA6,5.958607314841775
11984591,MARK1,6.568636235841013
156414,ULK2,5.0
16038120,EPHA3,5.3979400086720375
9929127,CDK8,5.0
9809715,PIK3CA(E542K),5.0
644241,STK16,5.0
151194,RSK2(KinDom.1-N-terminal),5.0
24180719,TRKA,5.0
11626560,LRRK2(G2019S),5.0
6918454,ROS1,5.0
9926791,MAK,5.0
126565,ASK1,7.154901959985743
11617559,PRKCE,5.0
176155,YSK4,5.0
10138260,ABL1(F317I)p,5.619788758288394
11717001,YANK1,5.0
11984591,IGF1R,5.886056647693163
5329102,KIT,9.431798275933003
9884685,EGFR(L858R),5.0
16722836,PIK3CB,5.0
24779724,VRK2,5.0
42642645,CAMKK1,6.259637310505756
44259,PHKG2,9.853871964321762
11234052,EGFR(L858RT790M),5.0
123631,CLK3,5.0
9933475,MLK3,5.0
644241,SYK,5.0
11984591,ABL2,6.142667503568732
11667893,AURKB,5.0
11427553,BRAF,5.0
11409972,TAOK3,8.236572006437063
11314340,EGFR(L861Q),5.0
11364421,IRAK1,5.721246399047171
4908365,CLK1,6.045757490560675
11485656,RSK4(KinDom.2-C-terminal),5.0
3038522,MYO3A,5.0
4908365,HIPK4,5.0
176870,EGFR(L747S752del),9.327902142064282
24779724,PIK3CA(Q546K),5.0
24779724,LATS2,5.0
16725726,EPHA8,5.0
4908365,TYK2(JH1domain-catalytic),8.236572006437063
3038522,PIP5K1A,5.0
447077,MEK1,6.080921907623926
11427553,FLT3,7.823908740944319
17755052,RPS6KA4(KinDom.1-N-terminal),5.0
16038120,ABL1(Y253F),7.0
644241,HUNK,5.0
216239,TLK2,5.0
156414,KIT(V559D),5.102372908709558
11338033,PFTAIRE2,7.207608310501746
24180719,NEK2,5.301029995663981
10127622,DAPK1,5.0
11617559,MAP3K15,5.0
11409972,FLT3,9.102372908709558
10184653,MYO3B,5.0
42642645,CAMK2B,5.0
11314340,CDC2L2,5.0
11626560,FGFR1,5.0
3081361,INSR,5.0
3025986,IKK-alpha,5.0
51004351,MKK7,5.0
11617559,MRCKA,5.0
16007391,NEK9,5.0
10427712,PIP5K2B,5.10790539730952
10461815,RET,6.161150909262744
11717001,DAPK3,5.0
216239,DCAMKL2,5.0
6918454,PLK4,5.0
176155,TBK1,5.0
156422,AKT2,5.0
10461815,FAK,5.721246399047171
6450551,DAPK3,5.0
9926054,TRKC,5.0
9809715,DLK,6.853871964321762
24889392,EPHB1,5.0
216239,LCK,5.568636235841013
156414,RIPK2,6.522878745280337
11717001,DCAMKL2,5.0
16725726,MTOR,5.0
126565,GSK3B,5.886056647693163
3038525,MAPKAPK2,5.0
24779724,MET,9.721246399047171
10184653,HIPK2,5.0
5494449,CDK11,5.0
447077,EGFR(L747T751del),5.958607314841775
176870,RSK4(KinDom.2-C-terminal),5.0
11656518,CSNK1A1,5.0
44150621,IKK-alpha,5.744727494896694
24180719,p38-alpha,5.0
126565,ABL1(F317I),5.0
208908,CDK8,5.0
44150621,CAMK1,5.0
6450551,MERTK,5.494850021680094
11485656,MAST1,5.0
9884685,ABL2,5.0
11617559,NEK6,5.0
5329102,PAK3,7.795880017344075
24180719,MAP3K2,5.0
5329102,BTK,5.6777807052660805
9884685,NLK,5.0
10127622,ABL1(F317I),5.0
644241,AURKB,5.0
11314340,PRKD1,5.0
11656518,MEK1,5.0
11409972,GRK7,5.0
16007391,PRKCQ,5.0
9809715,FGFR3(G697C),6.853871964321762
3062316,ZAP70,5.0
3062316,TESK1,7.481486060122113
11667893,MAPKAPK2,5.0
11984591,ERBB4,6.221848749616356
10461815,FLT3(K663Q),6.568636235841013
16007391,RIPK1,5.0
6450551,OSR1,5.0
11617559,LZK,5.0
11712649,CDC2L2,5.0
11984591,ABL1(H396P),6.769551078621726
6450551,CSNK2A1,5.0
9933475,MAP3K2,5.0
3038525,EPHB3,5.0
17755052,TNK2,5.0
11617559,TNK2,5.0
11984591,YANK3,5.0
176167,LRRK2,5.0
9933475,CDK8,5.0
176155,MARK3,5.0
16722836,LOK,5.537602002101044
11717001,CAMK4,5.0
208908,NIM1,5.0
16038120,ERK1,6.366531544420414
208908,PRKCI,5.0
10184653,DRAK1,5.638272163982407
126565,PRKG1,6.431798275933005
176167,LATS1,5.0
9929127,MUSK,5.0
11338033,RSK1(KinDom.1-N-terminal),5.0
5328940,IKK-beta,5.0
5287969,AKT2,5.0
3062316,RPS6KA5(KinDom.1-N-terminal),5.0
6918454,PIK3CA(I800L),5.0
208908,PRKG2,5.0
11427553,FRK,5.6777807052660805
11409972,MAP3K1,5.744727494896694
4908365,PIK3CG,5.0
153999,FGFR4,5.0
156414,PIK3CA(I800L),5.0
3038522,PCTK1,5.221848749616356
11364421,TAOK1,5.0
11338033,BRAF(V600E),5.0
16007391,FLT4,5.537602002101044
11656518,p38-beta,5.0
208908,GAK,5.0
11314340,RIPK1,5.0
9926054,PRKCH,5.0
3062316,ABL1(Y253F),10.236572006437065
9809715,MAP4K3,6.537602002101044
16722836,ACVR1B,5.173925197299174
24180719,DMPK2,5.0
9926791,PRKCQ,5.0
208908,KIT(L576P),5.0
9929127,BIKE,5.0
176167,INSR,5.0
11712649,MLK1,5.0
11626560,PAK2,5.0
3038525,ERK8,5.0
3062316,TYK2(JH1domain-catalytic),5.744727494896694
10127622,CSNK1D,5.0
5328940,MYLK,6.309803919971486
176155,ERK8,5.0
11427553,INSR,6.3979400086720375
11338033,ABL1,5.0
24180719,LRRK2(G2019S),5.0
9884685,KIT(D816H),5.0
16007391,CDK4-cyclinD3,5.0
11364421,CDKL2,5.0
25243800,PYK2,5.0
6450551,PIK3CA(H1047L),5.0
6450551,PIM3,5.0
123631,JAK1(JH2domain-pseudokinase),5.0
153999,LIMK2,5.0
176167,CDK11,5.0
11364421,MKNK2,5.0
11338033,EPHA6,5.0
11656518,SNRK,5.0
9933475,GAK,5.769551078621726
5329102,DYRK1B,5.638272163982407
5494449,MST4,5.455931955649724
5291,PIK3CA,5.0
5287969,MEK2,5.0
17755052,MET(Y1235D),5.0
11409972,CAMK2D,5.0
16038120,FYN,5.853871964321762
9915743,ADCK3,5.0
11712649,ABL1(H396P),6.292429823902063
16725726,MAP3K2,6.468521082957745
11717001,MYO3B,5.0
24779724,ULK3,5.0
151194,LIMK2,5.0
123631,PKMYT1,5.0
10461815,EPHA8,5.4089353929735005
208908,ABL1(E255K),5.0
11427553,FGFR3,5.920818753952375
10113978,CSNK1A1L,5.0
156414,IKK-alpha,5.0
11712649,PRP4,5.0
11314340,MRCKB,7.022276394711152
5329102,PCTK1,6.823908740944319
11617559,MKNK2,5.0
3038522,ULK3,5.0
123631,YANK1,5.0
25243800,PRP4,5.0
9926791,CAMK1D,5.795880017344075
9809715,MYLK2,5.3979400086720375
11409972,DCAMKL2,5.0
126565,NEK1,5.6020599913279625
9926791,JAK1(JH1domain-catalytic),8.795880017344075
44259,RIPK2,5.2839966563652006
156422,PDPK1,5.0
176155,EPHB4,5.0
5329102,HPK1,7.795880017344075
42642645,RPS6KA4(KinDom.1-N-terminal),5.0
9809715,BMPR2,7.251811972993799
5287969,PRKX,5.0
5287969,LYN,5.0
123631,NIM1,5.0
24779724,DCAMKL1,5.0
156414,EGFR(L747S752del),9.585026652029182
9884685,ROS1,5.0
17755052,ZAP70,5.0
11626560,PLK3,5.0
3062316,MLCK,5.0
9926791,PIK4CB,5.0
9915743,CSF1R,6.173925197299174
208908,DAPK2,5.0
11617559,ROCK1,5.0
447077,BMX,7.494850021680094
11656518,DYRK1A,5.0
16038120,CAMK4,7.522878745280337
5287969,BRK,5.0
16725726,DAPK3,6.251811972993799
153999,HIPK1,6.638272163982407
44259,NEK9,5.508638306165728
9933475,CDC2L1,5.0
11667893,PLK1,5.0
10127622,ZAP70,5.0
6918454,WEE1,5.0
9929127,NEK2,5.0
208908,DDR1,5.0
11427553,KIT(L576P),7.67778070526608
9915743,CDC2L5,5.0
151194,BIKE,5.0
10113978,ZAK,5.0
156422,CHEK2,5.0
16725726,DYRK1A,5.0
3062316,PIK3CA(C420R),5.0
16038120,ROS1,9.309803919971486
4908365,HPK1,6.431798275933005
44150621,TXK,5.0
6918454,BIKE,5.0
44259,TSSK1B,7.619788758288394
5291,PIP5K1C,5.0
10127622,RSK3(KinDom.2-C-terminal),5.0
151194,FLT3(D835Y),5.0
10127622,BRSK2,5.0
16722836,HCK,5.6777807052660805
176155,CSNK2A2,5.0
3025986,KIT(L576P),5.0
9915743,DCAMKL2,5.0
25243800,SLK,7.075720713938118
11617559,ALK,5.0
9926791,TGFBR1,5.0
24180719,RPS6KA5(KinDom.2-C-terminal),5.0
51004351,MLK3,7.769551078621726
10113978,PHKG1,5.0
16722836,KIT(V559D),7.236572006437063
11234052,DYRK2,5.0
9926791,CDK9,5.0
11338033,ADCK3,5.0
9929127,PIM2,5.0
447077,MEK4,6.481486060122113
16007391,PRP4,5.0
10461815,EGFR(T790M),5.0
9926791,DAPK2,5.0
25243800,CLK1,6.040958607678906
17755052,PAK1,5.0
156414,FGFR4,5.0
156414,MAP3K4,5.075720713938119
176155,SIK2,5.0
9809715,MAP4K4,6.823908740944319
11409972,ERBB2,5.0
11626560,GSK3B,5.0
11409972,TGFBR1,5.0
10138260,NEK9,5.0
16038120,MAST1,5.481486060122113
10461815,FYN,5.0
156422,KIT(V559D-T670I),6.585026652029182
10427712,SIK,5.0
176167,CDK7,5.585026652029182
11427553,LRRK2,6.455931955649724
126565,MKNK2,8.853871964321762
16038120,HPK1,6.853871964321762
11667893,MYO3A,5.0
9915743,PIM1,5.0
51004351,PIP5K1C,5.0
9809715,TAOK1,5.0
10184653,FLT3(R834Q),5.0
11717001,PIK4CB,5.0
5291,TNK2,5.0
3038525,CAMK2A,5.0
5329102,EPHA7,5.619788758288394
176870,NDR1,5.0
176155,MST1,5.0
51004351,LOK,6.229147988357856
25243800,SgK110,5.0
126565,EPHA6,5.920818753952375
44259,HIPK1,5.568636235841013
126565,PRKR,6.920818753952375
10427712,AURKA,5.0
3062316,CAMK1,5.0
9884685,CDK4-cyclinD3,5.0
16722836,ADCK4,6.522878745280337
3038525,TNK2,5.0
644241,MET,5.0
10138260,ERBB4,5.0
11234052,PIK3CA(H1047Y),5.0
5287969,EPHB6,5.0
16038120,MYLK4,5.0
9933475,EPHA7,6.2076083105017466
10113978,TNK1,5.0
9915743,DAPK1,5.0
151194,IGF1R,5.0
11712649,TAOK1,5.0
153999,PRKD3,5.0
16038120,CDKL1,5.0
11667893,ASK2,5.0
9884685,EPHA5,5.0
126565,TYRO3,6.187086643357144
11984591,DMPK2,5.0
6918454,TRKA,5.0
10461815,SNARK,6.040958607678906
10127622,EGFR(E746A750del),5.2441251443275085
25127112,PKNB(Mtuberculosis),5.376750709602099
24889392,MARK3,5.0
4908365,INSRR,5.920818753952375
156422,RSK1(KinDom.1-N-terminal),5.0
11712649,IRAK1,5.0
5329102,ERBB2,5.0
16038120,PIM2,5.0
11364421,MET,5.619788758288394
3025986,NEK3,5.0
3038525,PIK3CA(E545A),5.0
11338033,FGFR3(G697C),5.0
11485656,MST1R,5.119186407719209
208908,PRKD2,5.0
153999,CDC2L1,5.0
5328940,ERK2,5.0
16038120,AXL,7.920818753952375
11314340,CLK3,6.795880017344075
11485656,JAK3(JH1domain-catalytic),5.0
3038525,BIKE,5.0
17755052,ASK1,5.0
10074640,AXL,5.0
11656518,PAK1,5.0
11626560,FLT1,5.638272163982407
11656518,FLT1,6.096910013008056
24889392,AKT3,5.0
11485656,PIK3CA,5.0
11427553,EPHA7,6.4089353929735005
44150621,PDGFRB,8.42021640338319
156414,LKB1,5.0
11338033,PHKG1,5.0
11667893,FGFR2,5.0
10461815,SRC,5.0
644241,MST4,5.0
5291,SYK,5.0
51004351,PIK4CB,5.0
11364421,PRKCQ,5.0
644241,HIPK4,5.0
3062316,ABL1(F317L)p,10.721246399047171
11364421,PKN2,5.0
156414,MLK1,5.0
11427553,PRKCD,5.0
644241,EPHA7,5.0
5328940,TYK2(JH1domain-catalytic),5.187086643357144
10427712,TLK1,5.0
9929127,ABL1(T315I)p,5.0
10138260,IKK-beta,5.275724130399211
156414,ERBB3,6.6777807052660805
25127112,TIE2,5.0
176155,STK36,5.886056647693163
3038525,FGFR4,5.0
10138260,TRKA,6.318758762624413
3081361,CLK3,5.0
6450551,PRKR,5.130768280269024
151194,ITK,5.0
153999,PLK1,5.0
176155,JAK3(JH1domain-catalytic),5.0
11364421,FLT3(D835H),5.0
11409972,ITK,6.00436480540245
447077,PIK3CA(E545K),5.0
6450551,MEK4,5.0
10113978,TLK2,5.0
10138260,CSNK1A1L,5.823908740944319
10427712,ERBB2,6.356547323513813
153999,EPHB3,5.0
5328940,MAP3K1,5.356547323513813
11364421,KIT(V559D),5.0
11712649,ICK,5.0
176155,MLK2,5.0
24180719,MEK4,6.721246399047171
24779724,TAOK2,5.0
10138260,FLT3(R834Q),7.356547323513813
644241,PIK3C2B,5.0
176155,MEK1,5.0
3038522,CDK7,5.508638306165728
9926054,TAOK1,5.0
151194,RIPK4,5.0
16007391,TYRO3,5.0
51004351,GRK4,6.958607314841775
6918454,TESK1,5.0
208908,PAK3,5.0
3038522,PAK3,5.0
6450551,CAMK2A,5.0
11485656,LIMK2,5.327902142064283
25127112,ACVR1,5.0
51004351,JNK3,5.443697499232713
44150621,TYK2(JH1domain-catalytic),6.823908740944319
11717001,TAOK2,5.0
44259,TRKB,8.42021640338319
11427553,YSK1,5.366531544420414
10184653,FLT3,5.0
11656518,TEC,5.0
156422,EGFR(L858R),5.0
208908,TRKB,5.0
6918454,YANK1,5.0
3038522,DLK,5.0
10138260,LIMK2,5.0
208908,EPHA3,5.0
216239,EPHA3,5.721246399047171
10113978,JNK1,5.698970004336019
11667893,TGFBR2,5.0
17755052,CASK,5.0
16007391,LRRK2(G2019S),5.0
5494449,EPHA6,5.327902142064283
216239,CLK2,5.0
11234052,DMPK,5.0
5287969,TAOK2,6.6020599913279625
644241,EPHA1,6.229147988357856
3025986,CSNK1E,6.022276394711152
16007391,EGFR,6.346787486224656
24889392,LZK,5.0
176167,SRPK1,5.0
25127112,ABL1(F317I),5.0
11626560,TAK1,5.744727494896694
9926791,NEK5,5.0
3025986,ABL1,5.0
10427712,CDKL2,5.0
51004351,ABL1(M351T),5.0
11617559,CAMK1G,5.0
9809715,MST1R,5.0
11364421,PDGFRA,5.0
5329102,KIT(V559D-T670I),9.55284196865778
11427553,DCAMKL1,5.698970004336019
6450551,ABL1(F317I)p,6.096910013008056
11626560,PKMYT1,5.0
208908,MET(Y1235D),5.0
4908365,TBK1,6.327902142064283
11338033,ABL1(F317I),5.0
5287969,AURKB,5.0
644241,PRKD1,5.0
44259,CDKL2,6.292429823902063
10427712,MYLK,5.0
156422,FGFR4,5.0
11234052,MAP3K2,5.0
6450551,PHKG2,5.0
447077,ACVR2A,8.0
51004351,DDR1,5.142667503568732
11364421,HIPK1,5.3872161432802645
10074640,ERBB3,5.0
9809715,PKMYT1,5.0
11712649,PHKG2,5.0
11364421,NDR2,5.0
176870,CSNK1A1L,5.0
126565,TAK1,8.537602002101044
5291,KIT(L576P),7.853871964321762
3081361,ERK3,5.823908740944319
644241,PIM2,5.0
16722836,ABL1(F317I),5.6777807052660805
16722836,MST3,5.0
10113978,RSK4(KinDom.2-C-terminal),5.0
151194,EPHA1,5.0
176155,HPK1,5.0
42642645,PRKCQ,5.0
51004351,PRKD3,5.494850021680094
16722836,SNARK,7.309803919971486
10113978,MRCKA,5.0
644241,HIPK1,5.0
44150621,ERK3,5.0
5329102,MTOR,5.0
11314340,ROS1,5.0
4908365,EPHA7,5.173925197299174
10113978,BMPR1B,6.0
25127112,TAK1,6.136677139879544
151194,JNK1,5.0
5328940,VRK2,6.1487416512809245
5494449,PIK3CD,5.0
17755052,CLK3,5.0
176870,EPHA2,5.0
11314340,AURKC,5.075720713938119
11409972,FLT3(D835Y),7.958607314841775
25243800,PLK2,5.853871964321762
10127622,RPS6KA5(KinDom.1-N-terminal),5.0
5329102,CSNK1G2,6.958607314841775
11617559,DDR2,5.0
5494449,NEK11,5.0
11364421,DYRK2,5.0
11427553,JNK1,6.236572006437063
11617559,PDGFRB,5.0
11338033,EPHA7,5.0
644241,PAK6,5.0
11234052,MAP4K2,5.0
3025986,TRPM6,5.0
10113978,LKB1,5.0
16725726,PCTK3,5.0
11485656,MUSK,8.0
16038120,TRKC,5.0
42642645,ERK2,5.0
176155,DDR2,5.301029995663981
10127622,PIM3,5.0
3062316,CSNK2A1,5.0
25243800,PKMYT1,5.0
24180719,PIM1,5.0
644241,ACVR2A,5.0
9809715,FLT1,7.200659450546419
176167,CDC2L2,5.0
176155,PRKX,5.0
11234052,MRCKA,5.0
9929127,EGFR(L747E749del),5.0
11667893,VEGFR2,7.585026652029182
5287969,ACVRL1,5.346787486224656
42642645,RET(M918T),9.173925197299171
176870,MAP3K4,5.0
3038522,ROS1,5.0
5291,STK16,5.0
644241,ERK5,5.0
11314340,DYRK1B,8.4089353929735
11427553,HUNK,6.337242168318426
176167,CAMK2A,5.0
153999,EGFR(T790M),5.130768280269024
123631,STK33,5.0
10427712,MLK3,5.0
10138260,MEK6,5.259637310505756
156422,RET,6.301029995663981
11667893,DYRK1B,5.0
156414,MARK1,5.0
9933475,KIT(D816H),6.086186147616283
10427712,PYK2,5.0
24889392,CAMK2G,5.0
123631,PIK3CA(H1047L),5.0
10113978,EPHA8,5.0
5494449,ERK3,5.0
208908,HIPK3,5.0
24889392,IKK-beta,5.0
151194,PFTK1,5.0
10461815,NEK2,6.221848749616356
176167,PIP5K2C,5.0
5328940,ZAP70,5.795880017344075
11656518,CLK3,5.0
25127112,IRAK4,5.0
25243800,CDC2L5,5.0
5328940,CDK2,5.0
9884685,CHEK1,5.0
9884685,NEK4,5.0
16722836,TYK2(JH1domain-catalytic),7.67778070526608
11427553,DYRK1B,6.026872146400302
11485656,PLK3,5.070581074285707
156414,LYN,6.091514981121351
16038120,PFTAIRE2,5.6777807052660805
11338033,ERK8,6.920818753952375
10184653,LIMK1,5.0
9929127,HUNK,5.0
216239,IKK-epsilon,5.0
10074640,MRCKA,5.0
10138260,IRAK4,7.086186147616283
16007391,DMPK,5.0
5329102,NDR2,6.013228265733755
156414,EPHB6,6.1938200260161125
176167,TYK2(JH1domain-catalytic),5.0
208908,CLK1,5.0
10427712,EPHA1,5.0
153999,PCTK1,5.585026652029182
10461815,PDPK1,5.0
9933475,CAMK2B,5.0
9915743,CDK5,5.0
644241,TSSK1B,5.0
11667893,SGK3,5.0
11427553,ABL1(T315I),7.920818753952375
216239,PIK3CB,5.0
644241,TEC,5.0
10138260,TYK2(JH1domain-catalytic),5.292429823902063
16722836,CSNK1G1,5.0
11984591,CLK4,6.443697499232713
24889392,ERK2,5.0
5287969,EGFR(S752I759del),5.853871964321762
3038525,PIK3CG,5.0
5329102,FLT3(ITD),9.00436480540245
151194,EGFR(L747E749del),5.0
9915743,LATS2,5.0
126565,STK33,7.585026652029182
644241,CLK3,5.0
10427712,PDGFRB,5.0
11364421,LOK,5.309803919971486
216239,EGFR(L747E749del),5.0
11485656,SGK3,5.721246399047171
10074640,EGFR(T790M),5.0
10427712,MET(Y1235D),5.0
11409972,RIPK2,5.958607314841775
151194,BMPR1A,5.0
176155,PIK3CA(E545A),5.0
9926054,NDR2,5.0
24180719,PDPK1,5.0
5287969,RSK4(KinDom.2-C-terminal),6.096910013008056
24180719,KIT(V559D-V654A),5.318758762624413
11314340,MEK5,5.0
156422,CIT,5.6777807052660805
156414,ABL1(F317I),5.494850021680094
9915743,CDKL2,5.0
44150621,MEK1,6.2839966563652006
16007391,PIK4CB,5.0
24779724,NEK5,5.0
3062316,INSR,5.0
123631,INSR,5.0
11617559,CSNK1E,5.0
3025986,IGF1R,5.0
44259,HUNK,6.2076083105017466
11712649,FRK,5.0
11656518,FGFR3,5.0
644241,CDK7,5.0
25243800,LRRK2(G2019S),5.769551078621726
126565,ABL1(T315I)p,6.795880017344075
5494449,RSK3(KinDom.2-C-terminal),5.0
16725726,FGFR3(G697C),5.0
4908365,SYK,5.045757490560675
5494449,STK33,5.0
3062316,PKN1,5.0
44150621,PIK3CA(C420R),5.0
4908365,EPHA1,5.167491087293763
11234052,PIK3CA(C420R),5.0
151194,YSK4,5.721246399047171
25127112,EPHB6,5.508638306165728
9933475,TGFBR2,5.0
126565,TYK2(JH1domain-catalytic),7.823908740944319
11712649,p38-beta,5.0
5329102,NEK4,5.0
153999,ITK,5.0
11656518,BRAF,5.920818753952375
151194,NDR2,5.0
17755052,MAP3K3,5.0
24889392,CAMK2A,5.0
6450551,AKT3,5.0
176167,MRCKA,5.0
11338033,PKMYT1,5.0
51004351,CDK5,5.0
156422,PIK3CD,5.0
3062316,FGFR1,5.431798275933005
176155,AURKA,5.0
51004351,AURKC,6.769551078621726
17755052,PIP5K1C,5.0
42642645,PIK3CA(Q546K),5.0
10113978,KIT(V559D-V654A),7.522878745280337
16722836,CLK3,5.0
51004351,TLK2,5.0
42642645,DCAMKL3,5.0
123631,PFTK1,5.0
3038522,HCK,5.0
5291,MYO3B,5.0
208908,DCAMKL2,5.0
3081361,DCAMKL2,5.0
216239,TRKB,5.6777807052660805
10138260,PKN2,5.42021640338319
9926791,RIPK4,5.0
9884685,CDKL3,5.0
11656518,MST4,5.0
151194,PIK3CA(M1043I),5.0
6918454,PRKG2,5.0
6918454,NEK4,5.0
11427553,PFTK1,6.060480747381382
10427712,TTK,5.113509274827518
4908365,DYRK1B,5.0
11364421,PIM3,5.0
9915743,JNK3,5.6020599913279625
5329102,MARK2,6.508638306165728
9926791,PHKG1,5.0
216239,ADCK4,5.0
123631,LATS1,5.0
44150621,FGFR4,5.366531544420414
11234052,MKNK2,5.0
11338033,MEK2,5.0
9926791,ABL1(F317L),5.0
10184653,HPK1,5.0
9933475,SNARK,5.0
11485656,NEK11,5.0
5291,FLT1,5.0
11626560,RSK1(KinDom.1-N-terminal),5.0
3081361,PKMYT1,5.0
10127622,DYRK1B,5.0
5328940,FLT3(R834Q),5.0
24779724,CAMKK1,5.0
9929127,SIK2,5.0
644241,CDKL5,5.0
447077,ABL1(F317L),8.494850021680094
9926791,MRCKA,5.0
216239,YANK1,5.0
44150621,PKMYT1,5.0
10427712,SRPK3,5.031517051446065
3062316,DYRK1A,5.0
16722836,EGFR(S752I759del),5.0
11427553,YANK1,5.356547323513813
11717001,GSK3A,5.0
5494449,RET(M918T),7.585026652029182
6918454,BTK,5.0
10113978,ROCK1,5.0
176155,STK33,5.0
10184653,PIK3CA(E542K),5.0
6918454,AAK1,5.0
11338033,MAPKAPK2,5.0
25243800,NEK3,5.0
10184653,RSK4(KinDom.1-N-terminal),5.0
10127622,CLK2,5.0
24779724,SRPK2,5.0
5328940,GSK3B,5.0
156422,HPK1,5.0
17755052,MKNK1,5.0
3062316,LTK,5.0
5329102,PLK4,6.721246399047171
3025986,MET,5.0
156414,HCK,5.376750709602099
5328940,MARK1,5.0
123631,MST2,5.0
3038522,KIT(V559D-V654A),7.585026652029182
126565,FES,6.431798275933005
25127112,AMPK-alpha2,5.0
44259,RPS6KA4(KinDom.1-N-terminal),6.920818753952375
3062316,BMX,8.853871964321762
25243800,GSK3B,5.0
44259,ERK2,5.136677139879544
42642645,ABL1(H396P),8.0
6450551,CAMK1,5.0
17755052,EIF2AK1,5.0
3025986,FGFR3,5.0
10138260,TRKC,6.657577319177793
44150621,ERBB4,5.0
9926791,MTOR,5.0
11617559,MAP4K5,5.0
11626560,MAP3K1,5.958607314841775
11667893,GRK4,5.0
11717001,ERBB4,5.0
11314340,SIK2,5.0
151194,HIPK4,5.0
9884685,TNNI3K,5.0
16725726,MAPKAPK2,5.0
11717001,EGFR(L747T751del),5.0
24889392,PAK6,5.0
44150621,EPHA3,5.0
11656518,CASK,5.0
151194,PRKCE,5.0
3025986,DDR1,5.0
10127622,BRAF,5.0
5494449,RET(V804M),7.886056647693163
24180719,MAP4K4,5.0
176155,YANK2,5.6777807052660805
11338033,MAP3K1,5.0
3025986,CDK8,5.920818753952375
11427553,HPK1,7.200659450546419
5494449,CSNK1D,5.0
11617559,KIT(V559D),5.0
11667893,ABL1(M351T),5.0
3038525,CDK5,5.0
216239,S6K1,5.0
3081361,GCN2(KinDom2S808G),5.0
151194,FES,5.0
25243800,ABL1(F317I)p,5.920818753952375
44150621,ROS1,5.0
3062316,STK33,5.0
216239,CAMK1G,5.0
6918454,SgK110,5.0
3038525,MLK2,5.0
10461815,ICK,6.3979400086720375
11656518,MEK3,5.0
24180719,DYRK1A,5.0
11667893,TRKB,5.0
11656518,ALK,5.0
176870,CAMK1,5.0
156422,CAMK2G,5.0
208908,SRPK2,5.0
9926791,ANKK1,5.0
447077,MLCK,6.853871964321762
4908365,TNK1,5.657577319177793
9926791,TNK1,6.920818753952375
11409972,ERK4,5.0
9929127,INSR,5.0
11314340,RSK4(KinDom.2-C-terminal),5.0
10127622,HIPK4,5.0
9884685,INSR,5.0
3062316,TSSK1B,5.0
216239,ULK3,5.0
11626560,NIM1,5.337242168318426
16725726,GRK4,5.0
3038525,CAMK2B,5.0
156414,ULK1,5.0
3025986,FGFR3(G697C),5.0
25243800,BRSK2,7.376750709602099
16725726,HUNK,5.0
5291,PIK3CA(E542K),5.0
216239,TIE2,5.6777807052660805
11626560,DRAK1,5.0
24889392,SNARK,5.0
5291,PIK3C2B,5.0
11485656,CAMKK1,5.0
11427553,CSNK1A1L,5.0
16038120,KIT(A829P),6.657577319177793
5291,TNK1,5.0
10138260,EGFR(S752I759del),5.0
6918454,STK16,5.0
11314340,EPHA7,5.0
3081361,NEK9,5.0
16725726,ABL2,5.0
6918454,PIP5K2B,5.0
16722836,GSK3A,5.0
42642645,PCTK1,6.050609993355088
10074640,TAOK1,5.0
11626560,PDPK1,5.0
3081361,TRKC,5.0
25127112,VRK2,5.3979400086720375
123631,SBK1,6.251811972993799
5291,CSNK1A1L,5.0
9884685,STK33,5.0
11485656,HIPK2,5.0
11338033,TGFBR2,5.0
11427553,DAPK1,6.443697499232713
11409972,PIM3,5.0
176155,ALK,5.0
24180719,DCAMKL1,5.091514981121351
5328940,PFPK5(Pfalciparum),5.0
16007391,AKT2,5.0
24180719,EPHB1,5.0
10113978,CDK7,5.0
9809715,SgK110,5.698970004336019
9809715,RIOK2,5.0
44150621,FLT3(R834Q),8.1249387366083
5494449,ERK8,5.0
4908365,ERK1,5.0
11617559,VRK2,5.0
16038120,PIK3CD,5.0
3038522,PIK3CA(I800L),5.0
6918454,PKMYT1,5.0
447077,AMPK-alpha2,5.0
11667893,LKB1,5.0
11617559,CHEK2,5.0
11314340,EPHA4,5.0
6918454,EPHB6,5.0
42642645,BRAF,5.455931955649724
126565,RET(V804M),8.327902142064282
156422,EPHB6,5.0
9933475,YSK1,5.0
24889392,DLK,5.0
644241,PRKCQ,5.0
216239,PRKCH,5.0
11427553,PRKX,5.920818753952375
3081361,MLK1,5.0
11617559,DAPK1,5.0
25243800,NEK5,5.0
11712649,ERK4,5.0
16722836,RIOK3,7.040958607678906
51004351,LCK,6.552841968657781
25243800,MLK3,5.0
24180719,NDR1,5.0
10113978,SgK110,5.0
11338033,PRKD1,5.0
123631,GSK3B,5.0
10184653,DMPK2,5.0
11626560,PLK4,7.221848749616356
5329102,SNRK,6.1938200260161125
3025986,TNK1,5.0
11485656,TESK1,5.0
25127112,FYN,5.0
3038525,RSK1(KinDom.2-C-terminal),5.0
216239,MTOR,5.0
24779724,EGFR(L858R),5.0
5328940,CSNK1G2,5.0
11485656,TAOK2,5.0
9929127,KIT(L576P),5.0
153999,GAK,5.958607314841775
5494449,MINK,5.958607314841775
11617559,PLK1,5.0
11364421,FGFR3(G697C),5.0
17755052,TLK2,5.0
11712649,CAMK1D,5.0
11485656,FGFR3,5.0
11656518,RIOK3,5.0
151194,PIM1,5.0
9929127,PRKG2,5.0
3038525,KIT(V559D-T670I),5.0
11314340,ERK5,5.0
11485656,EGFR(L858RT790M),5.0
216239,CSNK1G3,5.0
447077,MAP4K3,6.4089353929735005
44259,MAP4K3,8.086186147616283
9809715,DMPK2,5.0
24889392,MST1,5.0
6450551,KIT(V559D-V654A),8.455931955649724
9926791,MARK2,5.0
447077,PFCDPK1(Pfalciparum),5.481486060122113
3062316,ULK3,5.337242168318426
24889392,ABL1(T315I)p,5.0
216239,ARK5,5.0
3062316,AKT2,5.0
16722836,RIOK2,5.585026652029182
3062316,RET,6.136677139879544
5291,ABL1(T315I),5.0
11338033,TNIK,5.0
17755052,MINK,5.0
11427553,FLT1,7.136677139879544
24779724,ICK,5.0
3038525,JNK2,5.0
151194,PIK3C2B,5.0
4908365,PKMYT1,5.0
16038120,PKNB(Mtuberculosis),5.920818753952375
16722836,AMPK-alpha2,5.327902142064283
9933475,ADCK3,5.0
644241,PLK2,5.0
25127112,PIK3CA(E542K),5.0
44150621,FGFR2,6.3872161432802645
3038525,VEGFR2,5.0
11234052,TRKB,5.0
11234052,RPS6KA5(KinDom.2-C-terminal),5.0
25127112,PAK4,5.795880017344075
9933475,MAP3K4,5.0
11984591,RPS6KA4(KinDom.1-N-terminal),5.0
151194,MAP3K1,5.0
5291,MYLK2,5.0
9933475,HCK,6.229147988357856
10127622,SNRK,5.0
11364421,WEE1,5.0
25127112,PKN2,5.0
123631,SNRK,5.0
5329102,DMPK2,5.0
216239,NEK7,5.0
24889392,NEK7,5.0
10074640,FRK,7.060480747381382
123631,EGFR(T790M),7.397940008672037
11409972,CDKL3,8.4089353929735
11234052,PKAC-beta,5.0
644241,HCK,6.4089353929735005
44150621,KIT,8.1249387366083
176155,ACVR2A,5.0
11617559,TNK1,5.0
51004351,AMPK-alpha1,6.744727494896694
16722836,CAMK1,5.795880017344075
42642645,ULK1,5.0
176155,MLK3,5.0
447077,PRKCE,5.0
11485656,TNK2,5.0
10113978,MARK4,5.0
24889392,PAK1,5.0
11626560,DCAMKL2,6.431798275933005
447077,TGFBR2,6.568636235841013
151194,NEK11,5.0
11427553,CDK4-cyclinD3,6.136677139879544
10461815,BRSK2,5.0
447077,PRKD3,5.0
10074640,TAK1,5.0
3081361,AURKC,5.823908740944319
9933475,TNK1,5.0
16007391,CDK11,5.0
10113978,MST3,5.0
24779724,STK36,5.0
10184653,FRK,5.853871964321762
447077,CDKL2,5.0
5328940,MKNK2,5.0
126565,TLK1,6.958607314841775
44259,INSR,6.958607314841775
126565,PDGFRB,7.537602002101044
11656518,p38-gamma,5.0
126565,ABL1p,6.0
3038525,DAPK1,5.0
6450551,KIT(A829P),5.744727494896694
3081361,FLT3(K663Q),6.721246399047171
16725726,PIP5K2C,5.0
3025986,ZAK,5.0
11626560,KIT(V559D-T670I),6.096910013008056
151194,ABL1(T315I)p,5.0
10184653,LRRK2(G2019S),5.0
11427553,AAK1,7.318758762624413
17755052,PKN1,5.0
123631,MLK2,5.0
216239,SRPK1,5.0
11656518,JNK3,5.0
10074640,PCTK3,5.0
16007391,RET,7.096910013008056
11667893,CDK3,5.0
11717001,SLK,5.886056647693163
11338033,PYK2,5.0
4908365,IGF1R,5.958607314841775
10461815,CDKL3,5.0
3081361,KIT(A829P),7.468521082957745
176870,CDK9,5.0
5494449,BMPR1B,5.958607314841775
176167,SRPK3,5.0
44150621,MET(M1250T),5.0
5328940,NEK3,5.0
5328940,RPS6KA5(KinDom.1-N-terminal),5.0
176167,JAK1(JH2domain-pseudokinase),5.0
17755052,MERTK,5.0
3081361,CHEK2,5.0
3062316,CDKL5,5.0
11234052,ERK8,5.0
156414,DDR2,5.0
44259,EGFR(G719C),5.958607314841775
5287969,SIK,5.0
9926054,PIK3CA(H1047Y),5.0
9926054,ACVR2A,5.0
24779724,PDGFRB,5.0
3081361,MAST1,5.0
5328940,PKN2,5.494850021680094
3062316,KIT(L576P),9.244125144327509
11717001,ULK2,5.0
51004351,FAK,5.0
9926791,TAK1,5.0
176167,AKT3,6.0
156422,JNK3,6.958607314841775
644241,BRSK1,5.0
10113978,KIT(V559D),8.638272163982407
3062316,AXL,5.0
9809715,LIMK2,5.0
176167,GSK3A,5.0
10127622,PIK3CA(H1047Y),5.0
4908365,KIT(D816V),7.744727494896694
10184653,QSK,5.0
126565,EGFR(L747T751del),6.251811972993799
208908,EGFR(L747T751del),8.455931955649724
4908365,BMPR2,6.508638306165728
16038120,STK35,6.585026652029182
9926054,ICK,5.0
5287969,CAMKK2,6.366531544420414
11338033,ULK3,5.0
216239,YSK1,5.0
10184653,LATS1,5.0
16038120,BMPR1A,6.769551078621726
16722836,TTK,6.346787486224656
5291,ERBB2,5.0
447077,ADCK4,7.568636235841013
9929127,NEK9,5.0
25127112,CDK2,5.0
11984591,TAK1,7.309803919971486
9926791,IKK-beta,5.0
44150621,DDR1,5.6020599913279625
17755052,TNIK,5.0
9926054,ABL1(H396P),5.0
176870,PIK3CA(M1043I),5.0
24889392,VRK2,5.0
9926054,INSRR,5.0
151194,FGFR1,5.0
11485656,LRRK2,5.0
6450551,IRAK4,5.0
11712649,DYRK1B,5.0
11427553,FLT3(ITD),7.698970004336019
11314340,RIOK3,6.161150909262744
9809715,LATS2,6.42021640338319
10138260,ABL1(Q252H),6.060480747381382
156422,AKT3,5.0
11427553,SYK,6.173925197299174
11338033,BRAF,5.0
16722836,p38-gamma,5.0
9929127,EPHA5,5.0
24889392,STK36,5.0
11409972,CDK11,8.823908740944319
10138260,MAP4K5,6.522878745280337
9809715,PRKCE,5.0
126565,MAP3K2,8.318758762624412
16722836,NDR1,5.236572006437063
6918454,PIK4CB,5.0
3038522,PIK3CA(M1043I),5.0
3081361,EPHA8,7.040958607678906
10074640,CDK8,5.0
10427712,TEC,5.0
123631,TESK1,5.0
123631,TNK2,5.0
11234052,SIK,5.0
10113978,YANK3,5.0
5329102,AKT3,5.0
6918454,MAST1,5.0
156414,RIPK4,5.0
44259,GCN2(KinDom2S808G),7.795880017344075
11485656,ERBB4,5.0
5291,LTK,5.0
11364421,YSK1,5.0
6918454,PIM3,5.0
156422,RIPK2,5.236572006437063
10461815,EPHB2,5.0
9929127,CAMK2A,5.0
9926791,PIK3CA,5.0
9915743,STK36,5.275724130399211
3038525,CAMK1G,5.0
5328940,MAK,5.0
156422,KIT(A829P),5.853871964321762
10074640,PRKD2,5.0
11314340,ITK,5.0
44150621,RSK1(KinDom.1-N-terminal),6.346787486224656
6918454,PRKX,5.0
10113978,AMPK-alpha2,5.0
11712649,FLT3(N841I),5.0
176870,MLCK,5.0
3025986,EPHB3,5.0
25127112,CDK7,5.481486060122113
6450551,CDK7,5.0
16007391,ABL1,5.823908740944319
11667893,DLK,5.0
3038525,GRK7,5.0
447077,CDK9,5.0
11338033,PIK3CA(M1043I),5.0
11717001,ABL1(Y253F),5.0
11656518,CDK4-cyclinD1,5.0
156414,IGF1R,5.0
11717001,PIK3CA(H1047Y),5.0
10113978,TYK2(JH2domain-pseudokinase),5.0
176155,PIM3,5.0
11617559,PHKG2,5.0
126565,CSNK2A1,5.585026652029182
10461815,MYLK,5.102372908709558
11364421,AURKC,5.0
5328940,CSNK1G3,5.0
9926791,DAPK1,5.0
10184653,CAMK2A,5.0
126565,TIE2,6.200659450546419
42642645,JNK1,5.2441251443275085
9926054,PIK3CG,5.0
11485656,CAMK2B,5.0
11626560,CSNK1D,5.0
11427553,PIK3CA(C420R),5.0
9926791,CSF1R,5.0
9929127,PAK6,5.0
9926054,TTK,5.0
11712649,CDK8,5.0
10113978,p38-beta,5.0
10113978,MLK3,6.130768280269024
6918454,MYLK4,5.0
3038522,CAMK4,5.0
5328940,HIPK1,6.2839966563652006
208908,TNIK,5.0
9884685,TNK2,5.0
25127112,PIK3CA(I800L),5.0
10127622,CDK5,5.0
6918454,CSNK1D,5.0
17755052,EGFR(L747E749del),5.0
9915743,MEK5,7.200659450546419
11234052,ROS1,5.0
51004351,IRAK1,5.0
6918454,SRMS,5.0
156422,MERTK,5.431798275933005
176167,FGFR2,5.0
11485656,TAOK1,6.494850021680094
10427712,PRKCH,5.0
24779724,DLK,5.0
44259,CDKL3,5.292429823902063
11427553,ANKK1,7.086186147616283
9809715,PIK3CA(H1047Y),5.0
44259,ERBB2,6.721246399047171
5328940,WEE2,7.026872146400302
16007391,BRAF(V600E),5.0
176167,EPHB3,5.0
9933475,CDC2L2,5.0
11626560,CDK4-cyclinD3,5.0
42642645,EPHA4,8.721246399047171
16007391,ADCK3,5.0
25243800,BRSK1,7.853871964321762
4908365,MELK,5.958607314841775
11234052,FLT3(R834Q),5.0
126565,MTOR,5.0
5494449,EPHB2,5.251811972993799
44150621,PRKD1,5.0
11667893,EPHA6,6.309803919971486
3025986,EGFR,5.0
24889392,INSRR,5.0
176155,PKN2,5.0
24779724,PCTK2,5.0
5329102,JAK2(JH1domain-catalytic),6.3872161432802645
9809715,FLT3(R834Q),7.769551078621726
126565,p38-delta,5.455931955649724
16722836,LATS1,5.0
11626560,MINK,5.356547323513813
10127622,CDK7,5.0
11626560,IRAK4,5.443697499232713
208908,TXK,5.0
24180719,ABL1(Q252H)p,5.3979400086720375
24779724,PFTK1,5.0
6450551,MEK1,5.568636235841013
123631,CAMKK1,5.0
216239,SYK,5.0
9926054,TIE2,5.0
176155,EGFR(S752I759del),5.698970004336019
9809715,LRRK2,7.337242168318426
9809715,PLK1,5.0
151194,JNK3,5.0
5329102,TXK,5.0
3062316,CLK3,5.0
156414,YSK4,6.154901959985743
11485656,PRKX,5.0
25127112,MAP3K15,5.958607314841775
11409972,PIM2,5.0
11617559,MINK,5.0
51004351,ASK2,5.0
11409972,DCAMKL3,5.0
10461815,PCTK1,5.958607314841775
3062316,RIOK3,5.0
11427553,KIT(V559D),7.638272163982407
4908365,ACVR1,6.4089353929735005
5328940,CSNK1A1,6.552841968657781
644241,ZAK,7.958607314841775
5494449,EGFR,5.0
10113978,FLT3(N841I),5.795880017344075
11626560,PDGFRB,5.0
11717001,JAK2(JH1domain-catalytic),5.0
447077,MAP3K3,6.366531544420414
24180719,PRKD3,5.0
11338033,MRCKA,5.0
3025986,CDKL5,8.769551078621726
644241,FGFR1,5.0
24889392,PIK3CA(I800L),5.0
3025986,NEK11,5.0
10184653,SYK,5.0
151194,TRPM6,5.0
16725726,CDK9,5.0
9884685,KIT(V559D-T670I),5.0
3081361,EPHA6,7.301029995663981
5328940,PIK3CA(I800L),5.0
44259,RAF1,5.0
24889392,CTK,5.0
9809715,MYLK4,6.356547323513813
5329102,MINK,7.537602002101044
5329102,AKT1,5.0
51004351,CHEK2,5.0
11984591,NIM1,6.180456064458132
151194,CSNK1A1L,5.0
176870,FER,5.0
153999,ZAP70,5.0
11409972,FRK,7.585026652029182
10184653,FGFR2,5.0
24180719,EPHA8,5.0
10427712,NEK11,5.0
11984591,GSK3B,6.920818753952375
5329102,S6K1,7.318758762624413
10184653,MUSK,5.0
5287969,PRKCQ,6.455931955649724
156422,YSK1,5.0
208908,FGR,5.0
156414,ERBB2,7.251811972993799
9915743,TLK2,5.0
16007391,KIT(D816V),5.337242168318426
11712649,PDGFRA,5.0
17755052,INSRR,5.0
11485656,ACVRL1,5.0
153999,PIP5K2C,5.0
156414,IRAK3,5.522878745280337
644241,CSNK1A1L,5.0
123631,RET(V804M),5.0
11667893,CAMKK1,5.0
44150621,MAP3K2,7.1487416512809245
3038522,FGR,5.0
11626560,PYK2,6.721246399047171
5287969,MAST1,5.0
5494449,STK39,5.0
11717001,CDKL3,5.0
5329102,KIT(V559D-V654A),9.67778070526608
11656518,FLT4,5.698970004336019
24779724,FGFR3,5.0
11364421,PCTK2,5.0
9926791,EGFR(S752I759del),5.0
11617559,EGFR(S752I759del),5.0
447077,CDKL3,5.0
156414,MERTK,5.0
644241,DDR2,7.481486060122113
25243800,FES,5.0
3025986,ERK5,6.187086643357144
9809715,DYRK1A,5.0
16722836,CDKL3,5.0
11617559,STK16,5.0
216239,ANKK1,5.0
9809715,PLK2,5.0
3038522,BMX,5.0
9926054,KIT(D816H),5.0
11656518,NEK9,5.0
208908,PRKR,5.0
9809715,MLK1,6.657577319177793
10138260,EGFR(L858RT790M),5.0
11617559,NDR2,5.0
3038522,EPHB2,5.0
3038525,RIOK2,5.0
10074640,ERBB2,5.920818753952375
447077,RPS6KA4(KinDom.2-C-terminal),5.0
9926054,GRK1,5.0
9915743,ABL1(F317L)p,5.0
5291,PIK3CA(E545A),5.0
208908,PIP5K2C,5.0
11409972,AURKB,5.356547323513813
11485656,RIOK3,5.0
10427712,FGFR3,5.0
11338033,DCAMKL1,5.0
151194,ABL1(F317I)p,5.0
11656518,RSK2(KinDom.1-N-terminal),5.0
11364421,RPS6KA5(KinDom.1-N-terminal),5.0
5329102,EPHB3,5.0
3038522,NEK4,5.0
3081361,ASK1,5.0
10074640,FLT3,5.0
5287969,HIPK1,5.167491087293763
5329102,RIPK5,5.886056647693163
156422,ULK2,5.0
644241,PIP5K1A,5.0
11667893,MLK3,5.0
25127112,LYN,5.0
123631,EGFR(S752I759del),9.008773924307503
126565,ERK5,5.958607314841775
9929127,TGFBR2,5.0
4908365,PRKCH,5.0
11409972,JAK2(JH1domain-catalytic),6.040958607678906
5494449,IKK-alpha,5.0
10461815,MEK6,5.0
9933475,WEE2,5.0
9884685,CDK7,5.142667503568732
153999,GSK3B,5.585026652029182
176870,CAMKK2,5.0
4908365,PRKCD,5.0
4908365,PAK3,6.431798275933005
3062316,MLK3,5.0
42642645,NEK2,5.0
5329102,TYK2(JH2domain-pseudokinase),6.443697499232713
11409972,GCN2(KinDom2S808G),5.0
5287969,TRKB,5.0
11338033,FGFR4,5.0
644241,ERBB4,5.0
5329102,RSK1(KinDom.2-C-terminal),5.301029995663981
5329102,EGFR,5.0
9926054,AURKB,5.0
11617559,AAK1,5.0
11364421,PRKD2,6.292429823902063
10427712,CDK8,5.0
156414,CSF1R,5.0
24779724,ABL2,5.0
5328940,ERN1,5.0
216239,JNK2,5.130768280269024
25127112,EGFR(L747E749del),5.0
11712649,MARK3,5.0
10138260,AURKB,6.468521082957745
11485656,HUNK,5.0
5494449,WEE2,5.376750709602099
16007391,VRK2,5.0
11485656,PRKCH,5.0
9926791,PIK3CA(E545K),5.0
176870,AURKA,5.657577319177793
11984591,FLT3(N841I),8.823908740944319
10427712,YSK1,5.0
10184653,SLK,5.431798275933005
4908365,MAK,5.0
11314340,ADCK3,5.0
9926791,ULK2,5.0
9884685,WEE2,5.0
5291,CASK,5.0
447077,ROCK1,5.0
11338033,MAP3K15,5.0
3081361,STK36,5.0
447077,AKT3,5.0
11427553,SNRK,5.0
16007391,ERK2,5.0
208908,MST2,5.0
51004351,WEE2,5.0
176870,PIK3CB,5.0
11427553,PIM2,5.0
11234052,ARK5,5.0
25243800,TSSK1B,5.0
9809715,HUNK,5.0
11712649,QSK,5.0
176167,CSNK1A1,5.0
10461815,BRAF,5.0
6450551,ACVR1B,5.0
4908365,QSK,5.0
3038522,ASK2,5.0
644241,RIOK3,5.0
16007391,TESK1,5.0
6450551,PKN1,5.0
5494449,CDKL3,6.455931955649724
3025986,YES,5.0
11984591,AAK1,6.3872161432802645
9926791,DMPK,5.920818753952375
3038525,MAP3K3,5.0
5291,RSK1(KinDom.1-N-terminal),5.0
16725726,STK39,5.0
11656518,LTK,5.0
11314340,EGFR(L747E749del),5.0
11656518,KIT(D816H),5.060480747381382
16725726,PLK4,5.0
208908,EGFR,8.619788758288394
11712649,DYRK2,5.0
9915743,ERK2,5.0
9884685,ABL1(H396P)p,5.0
5291,CAMKK2,5.0
153999,NIM1,5.0
176155,CHEK1,5.0
5329102,CAMKK1,6.376750709602099
10184653,PRKD1,5.0
123631,KIT(V559D-V654A),5.0
5494449,ULK3,6.508638306165728
11617559,ASK2,5.0
17755052,EGFR(L858RT790M),5.0
11656518,CDKL2,5.0
24889392,RIOK2,5.0
3025986,PRKG1,5.0
176155,ICK,5.0
3038525,INSRR,5.0
4908365,OSR1,5.0
51004351,BRSK2,6.187086643357144
9926791,MRCKB,5.0
42642645,AMPK-alpha2,5.920818753952375
9884685,ANKK1,5.0
156422,PCTK2,5.0
25127112,JAK1(JH1domain-catalytic),8.468521082957745
3025986,MKK7,5.0
11338033,CLK1,6.00436480540245
156422,RSK4(KinDom.1-N-terminal),5.0
5329102,PDGFRA,9.102372908709558
644241,NEK6,5.0
156422,MARK3,5.0
5287969,CSNK2A2,5.0
11234052,RIPK5,5.0
16038120,AMPK-alpha2,7.309803919971486
11712649,RET(V804L),5.0
16722836,PLK1,6.552841968657781
16007391,PIP5K1C,5.0
10138260,PRKR,5.886056647693163
16722836,FLT3(N841I),7.698970004336019
176870,PCTK3,5.0
11617559,EGFR(L747E749del),5.0
25127112,PCTK1,5.0
208908,TRKC,5.0
10127622,AKT3,5.0
25243800,KIT(V559D-T670I),5.769551078621726
3025986,AKT1,5.0
25127112,LRRK2(G2019S),7.045757490560675
11485656,MLK1,5.0
123631,CSNK1E,6.366531544420414
44259,DCAMKL2,7.136677139879544
6918454,PRKCI,5.0
16007391,MLK2,5.0
17755052,TYK2(JH2domain-pseudokinase),5.744727494896694
156422,PIK3CA(E545A),5.0
5328940,PKAC-beta,5.0
9926791,PIM3,5.0
208908,CDC2L2,5.0
24889392,CDK4-cyclinD3,5.0
4908365,PLK4,7.508638306165728
9809715,ABL1(H396P),7.346787486224656
44259,PIM2,8.721246399047171
9926054,HIPK4,5.091514981121351
11485656,EPHA8,5.0
9926791,YANK3,5.0
51004351,YSK4,7.823908740944319
9915743,MEK1,7.853871964321762
44150621,ALK,5.455931955649724
11984591,DAPK1,7.259637310505756
24180719,ROS1,5.0
11712649,PIK3CB,5.0
126565,TIE1,6.167491087293763
11717001,TRKB,5.0
11314340,PRKCI,5.0
10427712,ERK5,5.0
216239,ERBB4,5.0
11717001,PKMYT1,5.0
11712649,AMPK-alpha1,5.0
9929127,VRK2,5.0
11364421,ABL1(F317I),5.0
10127622,ABL1(H396P),5.0
9933475,SLK,7.657577319177794
5287969,TYK2(JH1domain-catalytic),6.744727494896694
24779724,JAK3(JH1domain-catalytic),5.0
5328940,YSK1,6.045757490560675
6918454,MEK2,6.431798275933005
16725726,AURKA,5.0
10461815,CDK11,5.0
11485656,SNARK,5.0
24779724,KIT,5.0
11667893,PIK4CB,5.0
5329102,JNK2,5.619788758288394
10427712,LATS2,5.744727494896694
10138260,FGFR1,5.721246399047171
153999,S6K1,6.6777807052660805
11712649,MST2,5.0
24779724,IKK-epsilon,5.0
9933475,HIPK2,5.0
176870,RET,5.886056647693163
10461815,ERN1,5.0
44150621,GSK3B,6.455931955649724
10113978,BIKE,5.055517327849832
11485656,PRKCE,5.0
216239,CAMKK2,5.0
11712649,RSK1(KinDom.1-N-terminal),5.318758762624413
24180719,CAMKK1,5.0
10461815,MEK5,5.853871964321762
11485656,KIT(A829P),7.769551078621726
11364421,TLK1,5.0
9926054,CSK,5.0
176167,EPHA3,5.0
11712649,PCTK2,5.0
6450551,STK35,5.0
176870,MET(M1250T),5.552841968657781
5328940,EGFR(L747S752del),7.42021640338319
644241,PIK3CB,5.0
25127112,DMPK,5.455931955649724
11338033,PDPK1,5.0
10427712,CDK9,5.0
176167,CAMK2D,5.552841968657781
25243800,CAMK4,5.0
11485656,MYO3A,5.0
10138260,PKAC-alpha,5.0
10127622,p38-beta,5.0
11656518,CAMKK1,5.0
5291,EPHB6,5.0
156414,ZAK,5.920818753952375
16722836,RSK1(KinDom.1-N-terminal),5.920818753952375
16007391,FLT3(R834Q),6.886056647693163
24180719,WEE2,5.0
3025986,p38-alpha,5.0
3081361,SRMS,5.721246399047171
3038522,PRKR,5.0
644241,PIK3CA(H1047Y),5.0
11485656,TGFBR1,5.0
11712649,FES,5.0
9884685,DMPK2,5.0
11712649,GSK3B,5.0
11364421,EPHA2,5.0
123631,MKNK1,6.537602002101044
11617559,TGFBR1,5.0
11712649,AXL,6.356547323513813
44150621,RIOK1,6.376750709602099
10184653,CSNK1G2,5.0
156422,FLT3(N841I),5.301029995663981
44259,ASK2,6.585026652029182
3081361,STK33,5.853871964321762
24180719,ABL2,5.568636235841013
10138260,MELK,6.468521082957745
16038120,NEK1,5.0
44150621,MST3,6.366531544420414
24889392,PIK3CA(E542K),5.0
4908365,RPS6KA5(KinDom.2-C-terminal),5.0
208908,PKAC-alpha,5.0
51004351,CSNK2A1,5.0
5329102,AURKC,6.657577319177793
3025986,FLT3(ITD),5.0
11667893,IKK-epsilon,5.0
176870,PAK3,5.0
5287969,RSK1(KinDom.1-N-terminal),5.638272163982407
9926791,CDK4-cyclinD1,5.0
11485656,DRAK1,5.0
51004351,MAPKAPK5,5.0
6450551,ABL1(H396P),7.698970004336019
176155,EPHA5,5.0
16725726,ANKK1,5.0
16722836,EPHB4,5.6777807052660805
11717001,PIK3CA,5.0
9933475,ITK,5.0
11712649,PIK3CA(E545K),5.0
11656518,ERBB3,5.0
10461815,PIK3C2G,5.0
6918454,KIT(D816V),5.0
25243800,KIT(D816V),6.522878745280337
3062316,EGFR(G719S),7.102372908709558
123631,PAK4,5.0
151194,ABL1(M351T),5.0
9915743,FGFR1,5.0
3062316,CDK5,5.0
9926054,NDR1,5.0
156422,CDKL2,5.0
10461815,INSR,5.638272163982407
16038120,RSK2(KinDom.1-N-terminal),7.769551078621726
9884685,LATS2,5.0
16722836,CAMK4,5.0
10427712,ABL1(F317L)p,5.075720713938119
17755052,MRCKA,5.0
11617559,MAP3K3,5.0
208908,ABL1p,5.0
11485656,SLK,6.346787486224656
11314340,PIP5K2C,5.0
11364421,DLK,5.0
9933475,FRK,6.142667503568732
5287969,ASK2,5.0
17755052,RIOK1,5.0
44259,OSR1,6.356547323513813
6918454,IGF1R,5.0
11617559,ULK2,5.0
10113978,PKAC-alpha,5.0
11409972,MRCKA,5.0
156414,ABL1,6.6777807052660805
16038120,ABL1p,6.769551078621726
156422,MAP4K4,7.045757490560675
10138260,SIK,5.568636235841013
10427712,MLCK,5.0
9933475,CAMK2D,5.0
44150621,ERBB2,5.0
11717001,MAP4K4,5.638272163982407
25127112,AURKC,5.060480747381382
151194,NEK5,5.0
9926054,TNK2,5.0
10127622,CAMK4,5.0
11656518,ABL1(F317L)p,5.0
10074640,MAP3K4,5.0
5287969,CDK9,8.193820026016112
3038522,MARK3,5.0
11626560,BRSK1,5.0
11656518,JNK1,5.0
3081361,EGFR(L747E749del),7.920818753952375
176167,YANK3,5.0
17755052,YANK1,5.0
24180719,ERK8,5.0
3025986,PIP5K2B,5.0
11617559,PRKCD,5.0
16725726,DLK,5.0
9929127,ERN1,5.0
9933475,JAK2(JH1domain-catalytic),5.0
16725726,ABL1(M351T),5.0
11338033,CSNK1A1,5.0
10127622,NDR2,5.0
11984591,PFPK5(Pfalciparum),5.0
151194,CHEK2,5.0
10127622,NEK5,5.0
9929127,ABL1(T315I),5.0
11338033,RPS6KA5(KinDom.2-C-terminal),5.0
4908365,YES,6.366531544420414
176167,ABL1(T315I),5.0
11656518,AKT3,5.0
10138260,MINK,7.161150909262744
126565,ERBB4,5.853871964321762
5494449,STK35,5.0
11617559,EPHB6,5.0
11338033,DYRK1A,6.920818753952375
11667893,ABL1(F317L),6.040958607678906
10074640,MLCK,5.0
11617559,FGFR3,5.0
11485656,MKNK2,6.568636235841013
24889392,CSK,5.0
10127622,FLT3(N841I),5.0
51004351,PKN1,8.031517051446064
44259,PIK3CA(E542K),5.0
5291,MEK2,5.0
11656518,PAK6,5.0
11427553,PCTK2,5.721246399047171
11338033,TRKC,5.0
9926054,PLK4,5.0
3025986,LYN,5.0
10427712,CAMK2B,5.0
10113978,MLK2,5.6777807052660805
4908365,TLK2,5.0
11667893,PHKG2,5.0
10113978,PIK3CA(E542K),5.0
176167,TAOK2,5.0
10127622,TAOK1,5.0
11667893,CSF1R,8.2518119729938
3038525,AXL,5.0
3038522,BIKE,5.0
5328940,TESK1,5.0
9926791,MET,5.0
176155,RET(M918T),5.0
4908365,KIT(V559D),8.113509274827518
16725726,PRKD1,5.455931955649724
51004351,CSNK1G2,5.0
176167,EPHA5,5.0
11617559,CDK5,5.0
3038522,EPHA6,5.0
3025986,ACVR1B,5.0
24180719,PKMYT1,5.0
9915743,RIPK1,5.0
9926791,ERK5,5.0
24779724,NEK7,5.0
153999,CDK2,5.0
9926791,MYO3B,5.0
9933475,MAP3K3,5.0
11485656,KIT(D816H),5.958607314841775
11364421,CDK7,5.455931955649724
9926054,AXL,5.0
10127622,MAP3K2,5.0
17755052,EPHA6,5.0
216239,MST1R,5.0
126565,FRK,6.130768280269024
11485656,ACVR1,5.0
10461815,RSK4(KinDom.2-C-terminal),5.0
4908365,TRKC,7.167491087293763
17755052,CAMK1D,5.0
24779724,NIM1,5.0
16725726,VEGFR2,5.0
25243800,MLK1,5.537602002101044
16725726,NEK7,5.0
11626560,HIPK1,5.0
208908,TNK1,5.0
5287969,MEK5,6.744727494896694
24889392,PCTK2,5.0
11314340,PRP4,5.337242168318426
156414,CDKL1,5.0
17755052,EGFR(S752I759del),5.0
9915743,PAK6,5.1249387366083
44259,KIT(A829P),9.221848749616356
16722836,ROCK2,5.657577319177793
11314340,YES,5.0
153999,AURKB,5.0
11485656,MEK6,5.0
25243800,MAP4K4,5.886056647693163
6450551,RPS6KA4(KinDom.2-C-terminal),5.0
156422,PIP5K2B,5.0
3025986,FLT3(D835H),5.130768280269024
9929127,SRPK2,5.0
5287969,ZAK,5.0
10127622,CDK3,5.0
24889392,CDKL2,5.0
10113978,BRAF,6.136677139879544
176167,RPS6KA4(KinDom.2-C-terminal),5.0
11364421,CDC2L5,5.0
51004351,p38-alpha,5.0
447077,EGFR(L858RT790M),5.0
11656518,PIM1,5.0
10127622,NEK7,5.0
208908,SRPK3,5.0
176870,CDK8,5.0
11717001,CSNK1D,5.853871964321762
123631,BRSK2,5.0
16722836,PIK3CD,5.0
9926054,CAMK1,5.0
5328940,FGFR1,5.0
10074640,PIK3CA(M1043I),5.0
9933475,PDGFRB,9.494850021680094
9926054,TNK1,5.0
10138260,PCTK1,6.026872146400302
11234052,RIOK2,5.0
6918454,CDK9,5.0
9915743,AMPK-alpha2,5.0
11667893,ARK5,5.0
17755052,IRAK1,5.0
9884685,HCK,5.0
9809715,RIPK2,5.0
5287969,ROCK1,5.920818753952375
176167,CDK8,5.0
156422,MST1R,5.0
208908,ERK3,5.0
9884685,S6K1,5.0
6450551,DCAMKL3,5.0
16007391,RIOK2,5.0
10461815,CSNK1D,5.376750709602099
16038120,TIE2,7.337242168318426
644241,ACVR1,5.0
11364421,FAK,6.823908740944319
9933475,ABL2,6.136677139879544
24889392,MEK2,5.0
25127112,MLK2,5.0
156422,MAP3K1,5.0
5329102,LATS2,6.337242168318426
10074640,PAK2,5.0
11656518,RPS6KA5(KinDom.1-N-terminal),5.0
9926791,JAK3(JH1domain-catalytic),9.795880017344077
42642645,ABL1(F317L)p,6.769551078621726
9926791,CIT,5.0
10074640,EIF2AK1,5.0
24889392,PIK3C2B,5.0
24779724,TLK2,5.0
44259,DMPK,8.455931955649724
16007391,FRK,5.0
11617559,PYK2,5.0
11617559,ERK2,5.0
10113978,RET(V804L),5.229147988357856
10074640,MEK5,5.0
25127112,NEK1,5.0
16725726,TNK1,5.0
208908,FLT3(N841I),5.0
447077,ADCK3,6.040958607678906
11667893,NEK5,5.0
176167,SBK1,5.0
9884685,ACVRL1,5.0
3025986,AKT2,5.0
11364421,PIK3CD,5.119186407719209
9915743,STK16,5.0
10074640,IRAK4,5.0
11409972,RSK1(KinDom.2-C-terminal),5.0
11656518,FES,5.0
126565,CDK4-cyclinD3,7.455931955649724
3038525,EPHA6,5.0
17755052,MARK4,5.0
5287969,DMPK,6.187086643357144
11409972,PIK4CB,5.0
447077,TRKB,5.0
11656518,HCK,5.920818753952375
10127622,MET(M1250T),5.0
4908365,PIK3CB,5.0
11314340,MAK,5.0
6450551,JAK1(JH1domain-catalytic),5.0
156414,SYK,5.0
10427712,ABL1(H396P)p,5.42021640338319
9809715,RSK3(KinDom.2-C-terminal),5.0
9926791,PFPK5(Pfalciparum),5.0
216239,BRAF,6.267606240177032
25127112,MARK1,5.0
44150621,RSK3(KinDom.1-N-terminal),6.508638306165728
11617559,TRKA,6.200659450546419
3062316,AAK1,5.0
3062316,ERK8,5.0
25243800,PIK3CA(E545K),6.721246399047171
123631,PKN1,5.0
11314340,SRPK2,5.958607314841775
11427553,TAK1,7.443697499232713
11667893,RSK4(KinDom.2-C-terminal),5.0
17755052,PRKCD,5.0
17755052,JAK1(JH2domain-pseudokinase),6.366531544420414
16722836,EPHA7,5.187086643357144
6918454,MAP3K3,5.0
216239,ACVR2B,5.0
3062316,MKK7,5.0
10127622,p38-delta,5.0
11656518,MKNK2,5.0
24180719,PFTAIRE2,5.0
11656518,MYO3A,5.0
11617559,MEK5,5.0
11667893,TNIK,5.0
156414,PRKCQ,5.0
42642645,TGFBR1,5.0
5291,ULK1,5.0
176870,MLK2,5.0
16722836,BIKE,7.494850021680094
11485656,EPHA1,5.0
156414,IRAK4,5.920818753952375
3025986,EGFR(L747T751del),5.0
42642645,EPHA6,8.958607314841775
10074640,ABL1(F317I)p,7.10790539730952
9929127,RSK4(KinDom.1-N-terminal),5.0
123631,CSNK2A2,5.0
10427712,FES,5.0
11626560,TXK,6.070581074285707
6918454,DRAK1,5.0
9929127,PIK3CA(E545K),5.0
44150621,BIKE,7.267606240177032
9884685,CTK,5.0
11427553,LZK,6.301029995663981
10127622,YES,5.0
5494449,MAK,5.0
6918454,ITK,5.0
11626560,AMPK-alpha2,5.0
16722836,FLT3(D835Y),8.193820026016112
176870,BRSK2,5.0
11314340,EGFR(L858RT790M),5.0
9809715,JNK3,6.568636235841013
123631,GAK,7.886056647693163
176167,HIPK4,5.920818753952375
16725726,PRP4,5.0
11485656,BIKE,5.0
16725726,BMX,5.0
11338033,EGFR(T790M),5.0
11717001,PAK3,5.0
151194,PAK2,5.0
10461815,SNRK,5.0
16722836,CAMK2D,6.229147988357856
156414,CAMK2B,5.0
156422,MST3,5.0
44259,TNIK,8.327902142064282
16725726,PIP5K2B,5.0
5291,RSK4(KinDom.1-N-terminal),5.0
44150621,PKAC-alpha,5.0
9933475,MLCK,5.0
151194,AURKB,5.0
11364421,HIPK4,5.698970004336019
24180719,FGFR3(G697C),5.0
156422,PRKG1,5.0
11717001,AAK1,5.0
10074640,MRCKB,5.0
25127112,PIK3CA,5.0
11427553,EPHA6,5.823908740944319
9926054,CDK9,5.721246399047171
9926054,MAP3K15,5.0
42642645,STK35,6.638272163982407
9915743,RET(V804M),5.0
176870,CHEK2,5.0
447077,OSR1,5.0
11656518,ERBB4,5.0
10138260,DCAMKL3,6.619788758288394
9884685,IKK-beta,5.0
123631,KIT(D816H),5.259637310505756
9884685,SRC,5.0
9915743,TEC,5.0
9809715,PDGFRA,7.795880017344075
153999,CAMK1,5.0
5287969,TEC,5.0
16722836,PRKD3,5.017728766960432
10074640,RET(M918T),5.0
25127112,RIPK1,5.0
126565,SRMS,6.086186147616283
123631,EGFR(G719S),8.958607314841775
9809715,BMX,5.0
10184653,ABL1(F317I)p,6.1249387366083
16722836,EGFR,5.468521082957745
151194,STK36,5.0
24180719,FLT3(ITD),5.214670164989233
6450551,ERK1,5.0
6450551,ULK2,5.00436480540245
11656518,FYN,5.6777807052660805
9926054,PRP4,5.0
24180719,BRSK2,5.0
9884685,MYO3B,5.0
3062316,MYO3A,5.0
17755052,PRKCH,5.0
11626560,TAOK3,6.309803919971486
176870,MAP4K2,5.0
11364421,RSK4(KinDom.2-C-terminal),5.886056647693163
5328940,MLCK,5.0
10127622,TNIK,5.0
16722836,ROS1,6.221848749616356
10461815,BMPR2,5.2076083105017466
11485656,p38-alpha,5.0
16722836,CSNK2A2,6.920818753952375
10138260,HIPK4,6.013228265733755
17755052,MAP3K15,5.0
11667893,BRAF,6.200659450546419
5291,MARK1,5.0
3081361,AKT2,5.0
216239,CSNK1D,5.0
11717001,IKK-alpha,5.0
11364421,EPHA7,5.0
11984591,GRK7,5.698970004336019
11984591,PFTK1,5.0
11338033,CSNK1D,5.0
11409972,TXK,5.0
644241,EPHB4,6.136677139879544
156414,QSK,6.154901959985743
10461815,KIT(V559D),5.6020599913279625
3081361,RPS6KA5(KinDom.1-N-terminal),5.0
10427712,PKNB(Mtuberculosis),5.0
5494449,RIOK1,6.443697499232713
11338033,p38-delta,5.0
11712649,CAMKK1,5.0
4908365,AAK1,6.2839966563652006
5291,TESK1,5.0
10138260,CLK4,6.6020599913279625
11314340,AKT3,6.744727494896694
5329102,MERTK,7.585026652029182
16007391,TTK,5.070581074285707
176870,TRKA,5.0
3038522,TNK2,5.0
176167,BMPR1A,5.0
5494449,RET(V804L),8.065501548756432
9929127,RPS6KA4(KinDom.1-N-terminal),5.0
176870,NEK9,5.0
17755052,SNARK,5.0
4908365,JNK2,5.853871964321762
16722836,MKK7,5.0
3025986,MELK,5.251811972993799
11427553,TNK1,6.236572006437063
10461815,ALK,5.568636235841013
9929127,WEE1,5.0
176870,ABL1p,7.119186407719209
25243800,TIE2,5.657577319177793
16038120,PRKD3,7.045757490560675
9933475,CHEK2,5.0
9809715,NEK11,5.0
11409972,PIK3CG,5.0
11712649,SYK,5.0
44150621,PIK3CA,5.0
11234052,EGFR(L861Q),5.275724130399211
11234052,INSRR,5.0
5328940,MEK6,5.886056647693163
9926791,ERBB3,5.0
6450551,SRMS,5.0
24779724,MEK6,5.0
25243800,RIPK2,7.113509274827519
10074640,TRKA,5.0
44150621,MAK,5.0
9915743,TLK1,5.0
5287969,HCK,5.0
9926791,LKB1,5.0
24779724,GCN2(KinDom2S808G),5.0
9933475,LZK,5.0
3038525,TAK1,5.0
9915743,CDK4-cyclinD1,5.0
156422,MAP3K2,5.0
11712649,ABL2,5.481486060122113
24180719,RSK1(KinDom.2-C-terminal),5.0
4908365,PIM1,5.638272163982407
25127112,MAPKAPK2,5.0
16722836,PCTK3,5.568636235841013
5291,HUNK,5.0
10127622,STK39,5.0
9926791,MST2,5.0
644241,JAK2(JH1domain-catalytic),5.0
44150621,MERTK,5.744727494896694
3025986,ABL1(F317I)p,5.0
176167,ULK3,5.0
10461815,IKK-beta,5.0
9915743,LOK,7.886056647693163
11314340,FYN,5.0
11409972,HIPK3,8.397940008672037
24889392,RAF1,5.0
6918454,YANK2,5.0
10184653,CDK7,5.0
11717001,MRCKA,5.0
17755052,ADCK4,5.0
24180719,MAP4K3,5.0
11314340,MAPKAPK5,5.0
3038525,DMPK2,5.0
208908,GSK3B,5.0
176155,ASK1,5.0
644241,PRKCD,5.0
16725726,SBK1,5.0
11626560,RSK3(KinDom.2-C-terminal),5.0
17755052,MST4,5.0
11485656,NDR2,5.0
10461815,EPHA4,5.0
9926791,MYLK,5.0
11626560,BMPR2,5.0
5329102,PDGFRB,10.1249387366083
176167,BIKE,5.537602002101044
9884685,AKT1,5.0
176870,AURKC,6.221848749616356
51004351,RSK2(KinDom.1-N-terminal),6.130768280269024
216239,ERN1,5.0
5328940,PIP5K1A,5.481486060122113
17755052,TEC,5.0
5287969,SBK1,5.0
11427553,CDKL1,5.0
6450551,ALK,5.0
9926791,CLK4,5.0
10127622,AKT1,5.0
6918454,CAMK1D,5.0
16725726,BRSK2,5.0
3081361,EPHA7,5.619788758288394
10461815,NDR1,5.0
9884685,GAK,5.0
5494449,CHEK1,5.060480747381382
156414,ABL1(T315I),6.161150909262744
3062316,RPS6KA5(KinDom.2-C-terminal),5.0
4908365,ABL1(Y253F),6.455931955649724
11717001,MKK7,5.0
447077,PIK4CB,5.0
11656518,PIM2,5.0
10138260,DDR1,5.0
10427712,NIM1,5.0
10113978,ROCK2,5.0
11427553,AURKC,7.229147988357856
10074640,EPHA5,5.0
24779724,IKK-alpha,5.0
151194,WEE2,5.0
176167,WEE1,5.0
10113978,DRAK2,5.0
153999,TNIK,5.0
176167,RSK3(KinDom.1-N-terminal),6.657577319177793
176167,AKT2,5.0
11409972,EPHA3,7.096910013008056
216239,PCTK3,5.0
11984591,PIK3CA(I800L),5.0
9926791,GRK7,5.366531544420414
24779724,SNRK,5.0
10127622,RET(V804M),5.0
11667893,MYLK2,5.0
6918454,AKT1,5.0
11667893,TNK2,5.0
447077,KIT(V559D-V654A),7.167491087293763
11314340,p38-delta,5.0
5494449,DDR1,7.552841968657781
11984591,MEK6,6.318758762624413
5287969,FLT4,5.0
11712649,ABL1(F317I)p,5.0
153999,CDK7,5.769551078621726
176155,CAMK1D,5.0
3081361,LZK,5.0
10074640,FGFR2,5.0
123631,HIPK4,6.508638306165728
16722836,BRSK2,5.0
644241,AKT1,5.0
6450551,ABL1(M351T),7.443697499232713
9915743,ERK4,5.0
16722836,RIPK5,5.769551078621726
3081361,BRK,6.795880017344075
24889392,FAK,5.0
176167,ERK4,5.0
4908365,EGFR(G719S),5.0
10113978,CAMK1G,5.431798275933005
42642645,TTK,6.366531544420414
44259,DCAMKL3,7.769551078621726
10127622,RSK2(KinDom.1-N-terminal),5.0
4908365,STK33,6.107905397309519
11314340,PAK6,6.119186407719209
11626560,NEK5,5.0
9926791,STK16,5.0
176167,ACVR2A,5.0
10461815,PIM3,5.0
24180719,TAOK1,5.0
10184653,EPHA4,5.0
153999,TLK1,5.6777807052660805
126565,TNK2,8.18045606445813
10427712,BMPR1A,5.0
25127112,p38-delta,5.0
9884685,DLK,5.0
44150621,CAMKK1,5.508638306165728
3038522,CHEK1,5.0
9926791,TAOK2,5.0
10113978,MRCKB,5.0
44150621,EPHB4,5.0
6450551,EGFR(G719C),5.638272163982407
10461815,ABL2,5.161150909262744
25243800,PIK3CA(I800L),6.744727494896694
176155,STK16,5.0
3038522,EPHA3,5.0
9926054,YANK2,5.0
216239,NEK11,5.0
5287969,TRKC,5.0
10427712,PFPK5(Pfalciparum),5.0
44150621,PAK1,5.0
126565,EGFR(L747S752del),5.853871964321762
176167,EGFR(G719S),5.0
3038522,ABL1(Y253F),5.0
11617559,CDKL3,5.0
16725726,PFTAIRE2,5.0
11338033,RET(M918T),5.0
208908,RPS6KA5(KinDom.1-N-terminal),5.0
10074640,AURKA,5.0
4908365,MARK3,5.2076083105017466
9809715,ABL1(F317I)p,5.585026652029182
24889392,MAP4K3,5.0
25127112,SgK110,5.236572006437063
16725726,LATS1,5.0
44259,TAK1,7.173925197299174
5494449,CAMK4,5.0
9933475,FGFR3,7.638272163982407
153999,MAP3K1,5.0
153999,MAK,5.0
24889392,IKK-alpha,5.0
11656518,MAP3K15,5.0
153999,IGF1R,5.0
10127622,FER,5.0
11364421,PHKG1,5.0
156422,JAK2(JH1domain-catalytic),5.0
10113978,MARK1,5.0
208908,TRKA,5.0
5328940,AKT1,5.0
25243800,AKT2,5.0
3081361,DAPK1,5.0
42642645,MET,8.853871964321762
10138260,LRRK2,7.142667503568732
6450551,RIOK1,5.920818753952375
11234052,RIPK4,5.0
11712649,CSNK2A1,5.0
176155,MUSK,5.0
25127112,TRPM6,5.0
11617559,DYRK1B,5.0
208908,FLT1,5.0
176870,SIK,5.0
11314340,MET(M1250T),5.0
11409972,DRAK1,5.0
9929127,MLK3,5.0
9915743,TIE1,6.4089353929735005
11656518,CDK11,5.292429823902063
447077,CAMK2D,5.0
126565,BRSK2,7.795880017344075
6918454,INSRR,5.0
44259,CDC2L1,5.0
216239,STK16,5.0
176167,LKB1,5.0
44150621,PRKCI,5.0
10127622,JNK3,5.0
24180719,BRK,7.318758762624413
24180719,MKK7,5.0
11626560,KIT(V559D),5.0
11617559,FGFR3(G697C),5.0
9926054,KIT(A829P),5.0
10113978,ABL1(F317L)p,5.568636235841013
25243800,CDKL1,5.0
5329102,AMPK-alpha1,7.721246399047171
24889392,MST4,5.0
44259,YSK4,9.065501548756432
11427553,JNK2,6.638272163982407
10113978,CSNK2A2,5.0
17755052,PKNB(Mtuberculosis),5.0
9933475,CDK3,5.0
24180719,ANKK1,5.0
126565,SYK,8.022276394711152
16038120,CSNK1G1,5.0
9884685,BRAF(V600E),5.638272163982407
5494449,ADCK4,5.0
10074640,JAK1(JH2domain-pseudokinase),5.0
42642645,MTOR,5.0
216239,AXL,5.346787486224656
11409972,RIOK2,6.259637310505756
24779724,MELK,5.0
3038525,EGFR,5.0
25243800,EPHB3,5.0
11234052,ABL1(E255K),6.236572006437063
153999,SRPK2,5.958607314841775
16722836,RET(M918T),6.823908740944319
10074640,ANKK1,5.0
24180719,ABL1p,5.638272163982407
11717001,CAMK1G,5.0
6918454,FGFR4,5.0
126565,TNIK,8.267606240177031
11717001,MEK1,5.0
6918454,RIPK1,5.0
10138260,RIOK1,6.229147988357856
3038525,PCTK2,5.0
5329102,CDK5,5.161150909262744
176167,GAK,5.0
9915743,FLT3(R834Q),5.0
10138260,CAMK2D,6.119186407719209
153999,PKAC-beta,5.494850021680094
3062316,YES,9.522878745280336
156422,MKNK1,5.200659450546419
644241,SgK110,5.0
447077,ABL1(F317L)p,8.602059991327963
11717001,BMPR1B,5.744727494896694
11485656,INSR,5.0
5494449,SBK1,5.0
10184653,PRKCD,5.0
11364421,MAP4K2,5.0
151194,NLK,5.0
44259,KIT(D816H),9.366531544420411
10184653,NEK7,5.0
9929127,PKAC-alpha,5.0
11656518,AAK1,5.0
11364421,DMPK,5.537602002101044
3025986,SIK2,5.0
176167,YANK1,5.0
3038522,FLT3(R834Q),6.3872161432802645
3038525,HUNK,5.0
11712649,MAST1,5.0
10113978,MEK1,5.0
176155,JAK1(JH1domain-catalytic),5.0
6918454,PAK6,5.0
5329102,ABL1(F317L),6.136677139879544
10427712,PAK4,5.0
11617559,MRCKB,5.0
9809715,ULK3,7.221848749616356
11656518,LATS2,5.0
11234052,p38-alpha,5.0
11314340,CAMK2D,6.568636235841013
51004351,PRKD2,5.200659450546419
42642645,EPHA1,8.207608310501746
176155,KIT(A829P),5.0
6450551,IKK-alpha,5.0
151194,PRKG1,5.0
10184653,PIK3CA(E545K),5.0
447077,RET(V804L),5.0
42642645,CSNK1G1,5.0
11717001,RSK4(KinDom.1-N-terminal),5.0
3081361,TYRO3,7.031517051446065
176155,CAMK1G,5.0
25127112,YES,5.0
11409972,MYO3B,7.075720713938118
11667893,ABL1(F317I)p,5.0
16038120,RET,6.823908740944319
10138260,CDC2L2,5.0
11338033,CDC2L1,8.075720713938118
3038522,CAMK1G,5.0
3038525,DAPK3,5.0
16725726,EPHA6,5.0
10113978,BRSK1,5.0
9884685,ERK4,5.0
644241,PFTAIRE2,5.0
10461815,PFTAIRE2,6.292429823902063
10184653,STK35,5.0
11427553,PIP5K2C,5.0
11626560,ABL1(Q252H),7.013228265733755
51004351,ERBB2,5.0
25243800,MUSK,5.0
5287969,BRAF,5.0
24889392,CAMK4,5.0
3062316,SIK,8.4089353929735
11712649,PAK1,5.0
3038522,PIK3CA(H1047Y),5.0
9929127,HCK,5.0
176155,IKK-epsilon,5.0
42642645,DAPK3,5.508638306165728
9915743,RSK3(KinDom.1-N-terminal),5.3872161432802645
10184653,RIOK1,5.0
6450551,ABL1(F317I),5.585026652029182
5287969,CDK11,7.244125144327507
9926791,FGFR2,5.0
10074640,MARK2,5.0
25127112,CIT,5.0
10461815,AURKC,6.522878745280337
5291,ERK1,5.0
16722836,PHKG1,6.481486060122113
153999,DLK,5.0
3025986,MEK1,5.0
25243800,TIE1,5.0
11409972,ERK3,5.0
3038525,ACVRL1,5.0
3038525,DYRK1A,5.0
6450551,ERBB4,5.0
447077,MYLK4,5.0
16007391,CDK2,5.0
24779724,PKMYT1,5.0
11234052,IRAK4,5.0
11626560,PAK6,5.0
156422,BIKE,5.0
447077,WEE2,7.244125144327507
11427553,QSK,5.638272163982407
51004351,PKN2,7.823908740944319
10138260,CDK4-cyclinD1,5.309803919971486
11717001,BTK,5.0
153999,PAK2,5.0
16722836,RET(V804M),7.091514981121351
9933475,PKMYT1,5.0
11617559,PKNB(Mtuberculosis),5.0
208908,ABL1(H396P)p,5.0
176155,EGFR(G719S),5.886056647693163
10113978,RIPK4,5.0
11656518,FLT3(D835H),5.0
10113978,MARK3,5.3979400086720375
151194,SLK,5.0
11667893,JAK2(JH1domain-catalytic),5.0
644241,DAPK2,5.0
10113978,JAK2(JH1domain-catalytic),5.769551078621726
151194,PLK4,5.0
16038120,CDK5,5.795880017344075
9926054,ZAK,5.0
44150621,EGFR,5.0
176167,PIK3CA(M1043I),5.0
5329102,TAK1,7.031517051446065
11984591,EPHA1,7.173925197299174
10074640,RSK3(KinDom.1-N-terminal),5.0
176870,BRK,5.0
16722836,VEGFR2,5.2839966563652006
24779724,ABL1(F317L)p,5.0
11409972,FES,6.443697499232713
11485656,GRK1,5.0
3062316,CDC2L2,5.0
10113978,ITK,5.0
42642645,MEK4,5.0
5291,CHEK2,5.0
216239,CDK11,6.6020599913279625
10138260,EPHA6,5.698970004336019
11234052,LRRK2(G2019S),5.0
3081361,IGF1R,5.0
10113978,GCN2(KinDom2S808G),5.0
11712649,PIP5K2C,5.0
9915743,ERK1,5.0
11626560,EPHB4,6.2441251443275085
11234052,ABL1(Q252H),5.823908740944319
17755052,NLK,5.0
10074640,LZK,5.0
3038525,TRKB,5.0
5287969,STK16,5.0
5329102,EGFR(L858RT790M),6.0655015487564325
447077,EPHA3,8.119186407719209
153999,MARK3,5.0
9915743,EGFR(L747S752del),9.031517051446064
11409972,MAP4K3,6.721246399047171
176870,TGFBR2,5.0
9929127,HIPK3,5.0
9915743,BMPR1A,5.0
44150621,LZK,6.769551078621726
6450551,STK33,5.0
42642645,MAP3K4,5.721246399047171
10074640,FGFR3,5.0
9929127,PKN2,5.0
5329102,TIE2,5.0
176167,MELK,5.251811972993799
3038522,MET,5.0
126565,INSRR,5.744727494896694
5287969,RSK3(KinDom.2-C-terminal),5.823908740944319
11314340,ULK1,5.096910013008056
3081361,EIF2AK1,5.0
5329102,CSNK2A2,6.795880017344075
6450551,ACVRL1,5.0
44150621,PAK2,5.0
11667893,BMPR1B,5.0
16007391,KIT(L576P),7.468521082957745
176155,CDKL3,5.0
126565,SIK,7.086186147616283
3038525,ADCK3,5.0
10461815,MAP3K15,5.0
6918454,GSK3A,5.0
176167,EGFR(E746A750del),5.0
176870,MKNK2,6.0
10461815,RIPK5,5.0
5287969,PIK3C2G,5.0
156422,ABL1(H396P)p,5.0
9884685,DCAMKL3,5.0
11409972,NLK,6.795880017344075
9915743,ERBB3,8.113509274827518
11617559,CAMK2A,5.0
5287969,PIM1,6.251811972993799
16007391,ZAP70,5.0
5291,IGF1R,5.0
25243800,YANK3,5.0
16725726,RSK2(KinDom.1-N-terminal),5.0
5494449,MARK2,5.853871964321762
16007391,MAP4K4,5.0
176870,CAMK2A,5.0
11427553,TRKB,6.853871964321762
126565,PRKG2,7.602059991327962
24889392,CDK8,5.0
10113978,EPHA3,5.0
16722836,PLK4,7.017728766960432
42642645,PAK4,5.0
11485656,CTK,5.0
24779724,RAF1,5.0
156414,CAMKK1,5.0
16722836,MEK1,5.292429823902063
10138260,RAF1,5.0
3062316,HUNK,5.0
5329102,HIPK3,7.387216143280264
16038120,BMX,5.958607314841775
9926054,PKN1,5.0
123631,CSNK1G2,5.0
11338033,TNK2,5.0
11717001,BRAF,9.721246399047171
447077,RSK1(KinDom.2-C-terminal),5.0
24889392,PRKCD,5.0
11234052,PIP5K1C,5.0
16038120,TIE1,7.823908740944319
11234052,JNK2,5.0
9926791,MINK,5.0
6918454,MTOR,5.0
51004351,FGR,6.136677139879544
9915743,TNK1,5.0
5291,PRKCH,5.0
3081361,NEK1,5.0
5328940,PFTK1,5.853871964321762
9929127,ABL1(F317L)p,5.0
10127622,AAK1,5.0
51004351,ASK1,5.0
3081361,JNK2,5.0
10113978,RIPK5,5.0
17755052,PIK3CA(E545A),9.065501548756432
5494449,PIK3CG,5.0
11314340,CLK4,9.275724130399212
123631,CDKL5,5.0
126565,KIT(V559D-V654A),6.42021640338319
5328940,TNK2,7.537602002101044
51004351,DYRK1B,6.481486060122113
151194,PRKD2,5.0
6918454,FLT1,5.0
11234052,DRAK1,5.0
11656518,AKT1,5.0
16725726,TRKC,5.0
5328940,PHKG2,5.886056647693163
5328940,RSK1(KinDom.1-N-terminal),5.0
9809715,MARK4,5.698970004336019
11409972,ULK2,6.443697499232713
16038120,PHKG2,7.886056647693163
5494449,SRC,6.769551078621726
11712649,PLK3,5.0
44259,ABL1(M351T),7.2839966563652
16725726,RIPK1,5.0
11984591,IKK-epsilon,7.886056647693163
10074640,MET(M1250T),5.0
17755052,TIE1,5.0
9926791,CAMK2A,5.455931955649724
11717001,MRCKB,5.0
10113978,TAOK2,5.744727494896694
11364421,PRKCD,5.0
9926791,FRK,5.0
24779724,EGFR(L747E749del),5.0
11427553,PIK3CA(E545A),5.0
151194,RET(V804M),5.0
156414,MYLK,5.0
9884685,PKN1,5.0
3062316,CAMK2D,5.0
11984591,KIT(D816V),8.602059991327963
9933475,ABL1(F317L),6.4089353929735005
9884685,TRKC,5.0
126565,VEGFR2,6.657577319177793
11984591,ROCK2,6.251811972993799
5291,PCTK3,5.0
11984591,EGFR(L747T751del),6.468521082957745
11667893,CDKL2,5.0
9884685,RIPK4,5.0
11314340,PIK3C2B,5.0
9809715,TNK2,5.795880017344075
44150621,CDC2L2,5.0
51004351,FLT3(D835H),8.167491087293763
447077,ASK1,5.0
644241,RSK1(KinDom.2-C-terminal),5.0
5494449,PAK3,5.481486060122113
6918454,PIK3CA(C420R),5.0
3081361,ABL1(M351T),7.823908740944319
11717001,TRKA,5.0
11717001,PAK4,5.0
644241,ITK,5.0
126565,EPHA3,6.795880017344075
11314340,CAMK1G,5.0
11338033,MINK,5.0
16722836,HPK1,5.886056647693163
10074640,CAMK1G,5.0
10138260,AXL,7.075720713938118
3038525,BRAF,5.0
5494449,EGFR(L858RT790M),5.0
25127112,NEK3,5.958607314841775
176870,DYRK2,5.886056647693163
11617559,PIK3CG,5.0
16038120,FGFR3(G697C),6.920818753952375
11626560,PIK3CA(I800L),5.0
9929127,GRK4,5.0
5287969,ERK8,6.481486060122113
3062316,CHEK1,5.0
16038120,PIP5K2C,5.638272163982407
11314340,MKNK1,5.0
11314340,RPS6KA5(KinDom.1-N-terminal),5.0
25243800,PAK1,5.0
16725726,HIPK2,6.4089353929735005
11364421,CTK,5.0
25243800,MEK3,7.036212172654444
216239,MET,5.0
42642645,RIPK1,6.070581074285707
44150621,DLK,5.6777807052660805
447077,SBK1,5.0
5329102,RPS6KA4(KinDom.2-C-terminal),5.698970004336019
24180719,MARK4,5.0
123631,CDKL2,5.0
126565,FER,7.552841968657781
5291,CSNK1E,5.0
11984591,PRKCD,5.3872161432802645
156422,TAOK1,5.0
9933475,PAK3,5.0
6918454,CDC2L5,5.0
17755052,PRKG1,5.0
11427553,PIK3C2B,5.0
644241,CDK5,5.0
6450551,FYN,5.0
9884685,CDC2L2,5.0
3025986,PRKR,5.0
11314340,RPS6KA5(KinDom.2-C-terminal),5.552841968657781
447077,EGFR,6.0
9929127,JAK1(JH2domain-pseudokinase),5.0
208908,PRP4,5.0
447077,CAMK1D,5.0
9929127,DDR1,5.0
16725726,MINK,5.0
11234052,TRKA,5.0
9884685,AMPK-alpha2,5.0
5329102,FLT3(D835Y),8.638272163982407
16038120,CSNK1G2,5.0
9884685,PDPK1,5.0
11626560,PDGFRA,5.0
16007391,TNK2,5.0
10461815,NIM1,5.060480747381382
3081361,MAP3K4,5.522878745280337
25243800,CDK7,5.259637310505756
24779724,RSK4(KinDom.1-N-terminal),5.0
644241,ERK4,5.0
9933475,IKK-beta,5.0
10113978,CDKL2,5.0
16722836,ULK3,6.537602002101044
9933475,EGFR(T790M),5.886056647693163
4908365,ACVR2A,5.0
11626560,ABL1(H396P),7.481486060122113
42642645,MRCKB,6.481486060122113
5291,FLT3(N841I),5.0
5329102,EPHA5,5.920818753952375
24779724,GSK3B,5.0
5291,TYRO3,5.0
644241,NDR1,5.0
6450551,BLK,5.508638306165728
11234052,SRPK1,5.0
123631,MAP3K1,5.0
11485656,NEK7,5.0
9933475,TIE2,6.853871964321762
24889392,PAK7,5.0
9884685,RIPK1,5.0
11717001,TNK2,5.0
10427712,NEK6,5.0
11314340,TNNI3K,5.0
126565,EGFR(L747E749del),6.494850021680094
176870,EGFR(E746A750del),9.318758762624412
25127112,MELK,5.657577319177793
3081361,CAMKK1,5.0
176167,MAP4K3,5.0
5287969,SNARK,5.853871964321762
176167,TAK1,5.0
5494449,MLK3,6.167491087293763
16007391,PIK3CA,5.0
447077,LCK,8.958607314841775
16038120,PIP5K1C,5.0
156414,GRK1,5.0
10184653,MERTK,5.0
10113978,ABL1(H396P),6.42021640338319
9926054,CAMK4,5.0
126565,PHKG1,9.4089353929735
9933475,JAK1(JH1domain-catalytic),5.0
11984591,EGFR(E746A750del),5.958607314841775
3081361,ICK,5.0
11409972,LRRK2(G2019S),5.356547323513813
216239,ACVR1B,5.0
208908,NLK,5.0
9929127,RIPK4,5.0
11667893,MEK6,5.0
156414,MRCKB,5.0
24779724,TNNI3K,5.0
11717001,MAP3K4,5.0
11984591,TYK2(JH2domain-pseudokinase),5.0
4908365,ABL1(M351T),6.638272163982407
3038525,ULK3,5.0
4908365,VEGFR2,6.337242168318426
3025986,ABL1(E255K),5.0
11485656,ARK5,5.0
10138260,TESK1,5.0
6450551,EPHA5,5.0
644241,MST2,5.0
5291,PHKG1,5.0
447077,BRSK1,5.468521082957745
5328940,RSK1(KinDom.2-C-terminal),5.0
156422,p38-delta,7.10790539730952
126565,PFCDPK1(Pfalciparum),8.2518119729938
9884685,MTOR,7.920818753952375
11234052,EGFR(G719C),5.522878745280337
176167,CDC2L5,5.0
9809715,EGFR(L747E749del),5.0
11617559,PRKD1,5.0
123631,DCAMKL2,5.0
17755052,CAMK4,5.0
151194,EPHB1,5.0
11984591,CDKL5,5.0
216239,FLT3(R834Q),7.769551078621726
6450551,FES,5.0
10461815,PAK3,5.958607314841775
11485656,CDK3,5.0
10113978,DCAMKL3,5.0
3081361,AKT1,5.0
44259,PIK3CD,5.0
5328940,BRSK1,5.0
6918454,FLT4,5.0
10427712,KIT(A829P),5.0
6918454,TYRO3,5.0
11617559,MYO3B,5.0
11234052,NEK1,5.0
11712649,EPHB6,5.0
4908365,ALK,6.075720713938118
5494449,TAK1,5.638272163982407
644241,EPHA8,7.431798275933005
44259,GSK3A,6.853871964321762
156422,ANKK1,6.0
24180719,CAMK2A,5.0
176870,IRAK4,5.0
10427712,MAP4K4,5.0
176167,WEE2,5.0
11338033,KIT,5.0
25243800,DDR1,6.130768280269024
176167,CIT,5.0
5494449,CAMK2A,5.0
156422,FRK,5.920818753952375
10184653,PAK6,5.0
4908365,NDR1,5.0
10074640,PRKCI,5.0
16722836,p38-beta,5.0
16038120,CIT,5.0
11314340,CSNK1E,6.920818753952375
176870,INSR,5.0
5287969,LATS2,5.0
42642645,FLT3(N841I),8.823908740944319
156414,PRP4,5.0
3081361,TIE1,5.823908740944319
24180719,PIK3CA(M1043I),5.0
16007391,ABL1(T315I)p,5.318758762624413
3038522,RAF1,5.0
25127112,CHEK2,5.0
44259,ACVRL1,5.0
5287969,FLT3(ITD),5.337242168318426
9926791,CHEK1,5.0
10127622,FLT3,5.0
5329102,CSNK1G1,6.031517051446065
126565,FGFR3,6.236572006437063
24889392,MEK6,5.0
9809715,BTK,6.508638306165728
11617559,PIK3CA(H1047Y),5.0
5329102,CAMK2A,7.096910013008056
11234052,DAPK1,5.0
51004351,PFCDPK1(Pfalciparum),6.022276394711152
9929127,BRAF,5.0
11984591,CDK3,5.0
447077,ULK1,5.0
24889392,MKNK2,5.585026652029182
156414,HIPK3,5.0
156414,CSNK1D,5.337242168318426
4908365,CDC2L5,5.0
11485656,PHKG1,5.0
11485656,RAF1,5.0
16725726,MLCK,5.0
24889392,SgK110,5.0
51004351,NLK,5.0
6450551,YANK1,5.0
25127112,STK36,5.0
4908365,ACVR2B,5.0
9926054,EPHA7,5.0
9929127,MYLK,5.0
6450551,SRC,5.0
6918454,SRPK1,5.0
16722836,YANK3,5.0
11314340,DAPK3,5.920818753952375
10113978,IKK-beta,5.0
11314340,TNIK,6.853871964321762
5329102,FGFR4,5.6777807052660805
16007391,PYK2,5.0
44259,PDPK1,8.769551078621726
176167,ACVR1,5.0
153999,CAMK2A,5.346787486224656
3038525,MET,5.0
216239,PDGFRB,7.431798275933005
5291,CDKL5,5.0
11984591,VEGFR2,7.397940008672037
16725726,PRKD2,5.0
5328940,PIK3CA(H1047Y),5.0
5328940,BRAF,5.0
24180719,DRAK1,5.0
10074640,GRK4,5.0
10138260,CAMKK1,6.070581074285707
11984591,CSNK1G1,5.0
6918454,CLK4,5.0
25127112,WEE2,5.0
9809715,ABL1(F317L)p,6.1938200260161125
176870,YANK1,5.0
11485656,p38-gamma,5.698970004336019
11717001,PRKD3,5.0
44150621,RSK3(KinDom.2-C-terminal),5.0
3062316,FGFR2,5.853871964321762
153999,NEK11,5.0
16038120,SIK2,7.769551078621726
11409972,MST4,5.0
3062316,PAK7,5.0
9933475,CAMK1,5.0
156414,ERK8,5.0
151194,SgK110,5.0
42642645,PFTAIRE2,7.494850021680094
9926791,EGFR(T790M),5.0
11626560,EGFR(L858RT790M),5.0
153999,MLCK,5.0
10113978,GSK3A,5.0
5494449,EPHA8,6.301029995663981
644241,PIK3CG,5.0
17755052,FES,5.0
42642645,RIOK2,5.0
5494449,HIPK3,5.0
9809715,STK39,6.2839966563652006
16722836,EPHA3,5.1487416512809245
176870,CLK2,5.0
11656518,YES,6.026872146400302
16007391,STK35,5.0
11427553,MAK,5.0
5287969,PIK3CA(C420R),5.0
10113978,SIK,5.657577319177793
5328940,ACVR2B,5.0
3025986,ANKK1,5.0
176870,LZK,5.0
10427712,INSRR,5.0
11485656,HCK,5.0
24779724,CDC2L5,5.0
9809715,TNNI3K,5.0
10184653,STK36,5.0
11409972,MARK3,5.0
5329102,MAP3K15,5.886056647693163
5291,LRRK2(G2019S),5.0
25243800,LIMK2,5.0
16038120,FLT3,7.823908740944319
24889392,RPS6KA4(KinDom.2-C-terminal),5.0
10127622,PKN1,5.0
3038525,NEK3,5.0
16007391,RPS6KA4(KinDom.1-N-terminal),5.0
11717001,PIP5K1A,5.0
156422,PFPK5(Pfalciparum),5.0
42642645,PLK1,5.0
11427553,FYN,6.180456064458132
11626560,KIT,5.0
3062316,DRAK2,5.0
11364421,ACVR1,5.0
3038522,ACVR1,5.6020599913279625
153999,STK33,5.585026652029182
11617559,PRKCH,5.0
10138260,ANKK1,6.795880017344075
9809715,HPK1,7.455931955649724
9926054,PRKD3,5.0
151194,NEK4,5.0
25127112,RSK3(KinDom.2-C-terminal),6.823908740944319
123631,KIT(V559D-T670I),5.0
156422,MLK1,5.0
9926054,AKT1,5.0
9933475,NIM1,5.0
11717001,NDR2,5.0
11717001,IKK-beta,5.0
176155,CSNK1G3,5.0
10138260,PYK2,6.221848749616356
156414,JNK3,5.259637310505756
25127112,CAMK1D,6.920818753952375
11667893,CAMK2G,5.0
126565,PIK3C2G,6.638272163982407
5329102,PIK3CB,5.0
5494449,RIPK2,5.0
5494449,HCK,5.2076083105017466
447077,GRK4,5.0
4908365,PLK3,5.0
25243800,FLT3(K663Q),5.853871964321762
11656518,ACVR1B,5.0
11984591,BMPR2,5.0
9929127,TAOK3,5.0
44259,TGFBR1,5.698970004336019
10127622,EGFR(T790M),5.657577319177793
11712649,LYN,5.853871964321762
151194,ADCK3,5.0
17755052,ACVR2B,5.0
5287969,ERK1,5.0
25127112,MTOR,5.0
16722836,MAP3K4,5.3872161432802645
5494449,MET(M1250T),6.318758762624413
6918454,RSK3(KinDom.2-C-terminal),5.0
5328940,ERBB2,5.6020599913279625
176155,JAK2(JH1domain-catalytic),5.0
644241,PIK3CA(C420R),5.0
176870,MEK5,7.017728766960432
9933475,PRKX,5.0
5287969,PLK1,5.0
151194,ROCK2,5.0
126565,MEK1,8.455931955649724
9926054,MEK1,5.0
11617559,MEK1,5.0
3038525,RIPK5,5.0
153999,EPHB6,5.0
3081361,NEK7,5.0
9929127,PIK3CB,5.0
3081361,PRKCH,5.0
3081361,MAP4K5,6.346787486224656
5287969,MYLK,5.0
25243800,ACVR1,8.397940008672037
11409972,ABL1(F317I),8.721246399047171
10184653,EGFR(L861Q),9.638272163982409
176870,MYLK,5.0
11656518,ABL1(E255K),5.0
644241,TRKA,5.0
10427712,ERK3,5.0
156422,MRCKA,5.026872146400302
25243800,GAK,6.494850021680094
6918454,ROCK1,5.0
3038522,ROCK1,5.0
10113978,CLK3,5.0
3025986,MLCK,5.769551078621726
10074640,RIPK4,5.0
17755052,TNNI3K,5.0
9926054,CAMK1G,5.0
176870,EPHB3,5.0
11409972,ACVR1,5.0
11364421,AURKA,5.0
25127112,MUSK,5.0
11485656,FLT3(D835H),8.568636235841012
10138260,ULK1,7.086186147616283
447077,FYN,8.309803919971486
11409972,CSNK1G2,6.022276394711152
16725726,MAP4K4,5.0
6450551,TXK,5.619788758288394
11314340,TGFBR1,5.0
10427712,CLK2,7.366531544420414
126565,ACVRL1,5.657577319177793
3025986,RPS6KA4(KinDom.2-C-terminal),5.0
9929127,TAOK2,5.0
10427712,SLK,5.0
9929127,RPS6KA4(KinDom.2-C-terminal),5.0
10138260,RSK4(KinDom.1-N-terminal),5.508638306165728
156414,PFTAIRE2,5.0
16722836,CDK4-cyclinD1,5.301029995663981
10427712,YANK2,5.0
11984591,YANK2,5.0
644241,EGFR(L858RT790M),5.0
16725726,MLK3,5.0
9926054,PIM1,5.0
6450551,ROCK1,5.0
9929127,KIT,5.0
9926054,PRKCQ,5.0
11364421,EGFR(L747E749del),5.958607314841775
11485656,SRMS,5.0
3062316,MAPKAPK2,5.0
17755052,HIPK1,5.958607314841775
208908,PIM2,5.0
10127622,NEK2,5.0
24180719,GRK7,5.0
16725726,KIT,5.0
25243800,MAPKAPK2,5.0
5287969,EPHA6,5.0
11338033,ABL1(Q252H),5.0
44150621,LCK,6.6020599913279625
16725726,PKAC-alpha,7.721246399047171
25243800,DYRK1A,5.638272163982407
5291,BRAF(V600E),5.481486060122113
16722836,ABL1(F317L),6.346787486224656
44150621,SGK3,6.017728766960432
3062316,VRK2,5.494850021680094
156422,CDK8,6.657577319177793
11364421,PIM2,5.0
9929127,ADCK3,5.0
17755052,INSR,5.0
24180719,DYRK2,5.568636235841013
44259,SRPK1,8.259637310505756
10074640,KIT(D816V),5.886056647693163
5287969,RIOK1,5.0
10427712,CHEK2,5.0
10427712,HIPK2,5.0
9915743,PIK3CB,5.0
4908365,RET,8.036212172654444
44259,PKN2,8.602059991327963
11626560,TSSK1B,5.0
11717001,ABL1(H396P)p,5.0
216239,DYRK1B,5.0
10427712,EPHA5,5.0
24889392,NEK9,5.0
44150621,CTK,5.0
176155,PHKG1,5.0
10113978,ERK5,5.0
644241,MAST1,5.0
16725726,IRAK1,5.0
25243800,ABL1(F317L)p,6.619788758288394
9884685,MYLK4,5.0
44150621,TGFBR2,5.0
42642645,PRKD3,5.1249387366083
44259,EPHA2,5.920818753952375
11626560,TYK2(JH2domain-pseudokinase),5.698970004336019
156422,ZAP70,5.0
11338033,RSK4(KinDom.2-C-terminal),5.0
3038522,SIK2,5.0
5291,EPHA6,5.0
9809715,MAPKAPK5,5.0
25243800,MKK7,5.0
208908,EPHA6,5.0
25127112,BMX,5.0
24180719,NEK9,5.0
123631,MAP4K2,5.0
9926054,TGFBR2,5.0
176167,LRRK2(G2019S),5.0
126565,ERK2,5.0
3062316,PHKG1,5.0
151194,PDGFRA,7.017728766960432
16007391,PAK3,5.0
176155,MAK,5.0
11234052,MTOR,5.0
25243800,RET(V804M),6.468521082957745
3062316,MEK2,5.853871964321762
24180719,PIK3CA(E542K),5.0
9926791,FES,5.0
447077,PAK6,5.0
11314340,PFTK1,6.102372908709559
5494449,AXL,6.6777807052660805
156414,YES,5.795880017344075
11314340,CDK2,5.0
3081361,TAK1,5.0
5287969,CAMK2A,5.769551078621726
5291,SgK110,5.0
11984591,AURKC,7.387216143280264
10138260,EGFR(L747T751del),5.0
25243800,FGFR3(G697C),6.113509274827519
9915743,HPK1,7.031517051446065
176870,CAMK2D,5.1938200260161125
42642645,NEK9,6.327902142064283
51004351,p38-gamma,5.0
11485656,NEK3,5.0
9926791,EIF2AK1,5.0
10138260,DYRK2,5.886056647693163
3025986,RIPK5,5.0
42642645,PCTK3,6.6020599913279625
11712649,MTOR,5.0
5329102,RET(M918T),7.721246399047171
6918454,CDKL3,5.0
151194,PAK4,5.0
6918454,TTK,5.0
11617559,TESK1,5.0
11617559,PIK3CA,5.0
51004351,LATS1,5.958607314841775
11409972,CSNK2A2,5.0
11667893,VRK2,5.0
51004351,SGK3,5.853871964321762
5329102,MARK4,5.443697499232713
16007391,ERK1,5.0
11617559,p38-delta,5.0
11656518,WEE1,5.0
24889392,ULK3,5.0
9933475,CSNK2A1,5.0
51004351,MST4,5.0
10113978,KIT(D816V),6.301029995663981
44150621,MRCKA,5.0
24779724,OSR1,5.0
11617559,SBK1,5.0
16722836,MYLK,6.2839966563652006
176167,TGFBR1,5.0
16722836,ABL1(E255K),7.397940008672037
10074640,CDC2L2,5.0
3025986,EGFR(S752I759del),5.0
10427712,RIPK5,5.0
16725726,RIOK2,5.0
44150621,TRKC,6.721246399047171
10138260,TGFBR1,5.0
51004351,ACVR1,5.0
5287969,YANK1,5.259637310505756
208908,RAF1,5.0
3081361,RPS6KA5(KinDom.2-C-terminal),5.0
16725726,EGFR(G719S),5.0
44150621,AMPK-alpha2,6.086186147616283
4908365,BRSK2,5.0
11626560,TLK2,5.0
3038522,MTOR,5.0
11667893,CTK,5.0
24779724,BMX,5.0
126565,CDKL2,7.366531544420414
5328940,MET(Y1235D),5.508638306165728
24779724,ULK1,5.0
11485656,PFTK1,5.0
4908365,MYLK,6.229147988357856
447077,RIPK1,5.455931955649724
16725726,YANK2,5.0
126565,SRPK2,7.292429823902063
3038525,PKAC-alpha,5.0
10127622,IRAK1,5.0
3038525,BRSK2,5.0
176870,SBK1,5.920818753952375
176167,MKNK1,5.0
208908,SNARK,5.0
16038120,EPHA8,5.0
11717001,SIK2,5.0
11338033,ULK2,5.0
9933475,PIK3C2B,5.0
11338033,CDK7,8.55284196865778
10461815,CAMK1,5.6777807052660805
151194,FGFR4,5.0
216239,ABL1(F317I),5.769551078621726
5328940,YANK1,5.744727494896694
156422,CAMK1,5.0
16038120,NEK7,5.638272163982407
208908,CDK7,5.0
6450551,MYLK4,5.0
44259,PHKG1,9.187086643357144
11656518,STK36,5.080921907623926
176155,PIK3CA(H1047Y),5.0
156414,IRAK1,6.346787486224656
176155,MEK3,5.0
11656518,PFPK5(Pfalciparum),5.0
10184653,BTK,5.0
11626560,EPHA7,6.327902142064283
16725726,DCAMKL1,5.619788758288394
10074640,PIK3CB,5.0
9884685,LOK,5.0
11338033,FYN,5.0
25127112,FGR,5.0
176870,ULK1,5.0
16007391,INSR,5.0
16725726,PIK4CB,5.0
24889392,PKN1,5.0
153999,PIK3CB,5.0
16722836,RPS6KA4(KinDom.1-N-terminal),5.0
11617559,MAP4K3,5.0
4908365,NDR2,5.0
11717001,ERK8,5.0
11234052,DDR1,6.795880017344075
11234052,EGFR(L747E749del),5.0
16725726,CDC2L2,5.0
25127112,ROS1,5.0
176870,RIOK1,5.0
6918454,ABL1(H396P),5.0
11485656,MET(M1250T),6.161150909262744
4908365,NEK1,5.0
6918454,JNK3,5.0
51004351,CAMK2B,6.6777807052660805
24889392,PRKX,5.0
644241,SRPK1,5.0
16007391,TNIK,5.070581074285707
44150621,RIPK1,6.494850021680094
4908365,DAPK3,5.327902142064283
11717001,S6K1,5.0
153999,BMX,5.0
25127112,CSNK1G1,5.0
176870,ALK,5.920818753952375
17755052,FLT4,5.0
11338033,STK36,5.0
11712649,AKT1,5.0
3038522,TAOK2,5.0
51004351,MAP3K4,5.0
11984591,CASK,5.0
176167,YES,5.0
3025986,PRKX,5.0
9926054,CAMK2B,5.0
644241,ERK8,5.0
9926054,FYN,5.0
11667893,AKT1,5.0
216239,DMPK2,5.0
644241,CSNK2A2,5.0
126565,TBK1,7.744727494896694
24889392,ICK,5.0
216239,PLK1,5.0
16038120,CDKL3,5.0
6918454,MAP4K3,5.0
9915743,MST3,8.187086643357144
24889392,SGK3,5.0
10427712,MET,5.0
16038120,SIK,7.823908740944319
176870,MAK,5.0
11485656,SYK,5.0
11626560,MYO3B,5.0
16725726,IKK-beta,5.0
644241,EGFR(G719S),5.0
153999,SRMS,5.0
16038120,DCAMKL3,7.853871964321762
11667893,MLK2,5.0
17755052,ABL1,5.0
644241,MET(Y1235D),5.0
176155,PAK3,5.0
10427712,ULK2,5.0
3038522,BMPR1B,5.0
176870,PHKG1,5.0
25243800,ERK3,5.0
151194,BRK,5.619788758288394
9929127,AURKC,5.0
11338033,CLK4,5.154901959985743
17755052,p38-delta,5.0
16038120,SBK1,7.67778070526608
9926054,MRCKA,5.0
3062316,VEGFR2,5.537602002101044
11717001,PCTK3,5.0
9915743,FLT3(D835Y),5.508638306165728
24180719,ERK4,5.0
216239,JNK1,5.0
16007391,ERK4,5.0
153999,EGFR(L747S752del),5.0
10461815,LRRK2(G2019S),5.0
16725726,FER,5.0
11717001,NEK1,5.0
153999,PDPK1,6.154901959985743
24889392,EGFR(G719C),5.0
123631,CLK2,5.0
25243800,GRK7,5.853871964321762
176167,KIT(D816H),5.0
11485656,DCAMKL2,5.0
9915743,ACVR1B,5.0
9929127,PAK3,5.0
10184653,RIPK4,5.0
42642645,HUNK,5.267606240177032
176870,TNNI3K,6.2441251443275085
3038522,TESK1,5.0
5328940,RSK2(KinDom.1-N-terminal),5.920818753952375
5291,RIOK2,5.0
5287969,FER,5.0
24180719,EPHB4,5.0
25127112,PKMYT1,5.0
24180719,EPHA1,5.0
10138260,LOK,6.638272163982407
10127622,MUSK,5.0
10138260,VEGFR2,8.638272163982407
24779724,PIM2,5.0
5287969,ABL2,5.0
176870,PFCDPK1(Pfalciparum),5.0
10184653,ASK2,5.0
24180719,LKB1,5.0
17755052,MLK3,5.0
6450551,LRRK2(G2019S),6.00436480540245
11364421,TNNI3K,5.0
44150621,PFPK5(Pfalciparum),5.0
11338033,NEK2,5.0
44259,RET(V804M),7.920818753952375
11717001,DCAMKL1,5.0
176870,TBK1,5.508638306165728
156414,CSNK2A1,5.0
216239,MINK,5.0
5494449,MST3,5.443697499232713
16038120,FRK,7.568636235841013
216239,MELK,5.0
11314340,KIT(V559D),5.0
176870,CAMK4,5.0
3038522,JAK3(JH1domain-catalytic),5.0
6450551,CSNK1A1L,5.0
10184653,CDKL5,5.0
5287969,DLK,5.0
5287969,FLT3,5.0
44259,ABL1(F317I),6.259637310505756
11314340,PIK3C2G,5.0
24779724,PIK3CA(H1047L),5.0
216239,ERBB3,5.0
16038120,CLK1,7.920818753952375
17755052,MRCKB,5.0
9929127,PIK3CA,5.0
11984591,RSK1(KinDom.2-C-terminal),5.42021640338319
10427712,CAMK1D,5.0
11667893,BMX,5.0
11409972,DMPK,5.0
11626560,RET,5.0
17755052,PIP5K2B,5.0
6450551,p38-alpha,5.0
3025986,DYRK1A,6.468521082957745
151194,ABL2,5.0
3081361,CDK11,5.0
153999,ABL2,5.0
44259,MAP3K15,8.602059991327963
123631,CHEK1,5.0
10461815,PHKG1,5.721246399047171
11364421,ROCK1,5.0
16722836,p38-delta,5.0
11485656,DLK,5.0
16038120,LZK,7.244125144327507
11234052,PAK4,5.0
123631,FRK,5.698970004336019
9929127,CSF1R,5.0
25243800,PRKG2,6.2839966563652006
9926054,ERK2,5.0
5287969,PIK3CA(I800L),5.0
10427712,BRAF(V600E),5.698970004336019
51004351,SRPK1,7.376750709602099
10074640,CSK,5.0
6450551,ERK8,5.0
9809715,MET(Y1235D),6.337242168318426
9929127,SIK,5.0
5287969,CSNK1D,5.0
123631,KIT(D816V),5.366531544420414
10074640,MLK1,5.0
9929127,p38-gamma,5.0
5494449,p38-delta,5.0
42642645,PRKCD,5.0
3062316,PIP5K2C,5.0
216239,ZAK,8.200659450546418
17755052,ABL1(F317I),5.0
5329102,CIT,5.4089353929735005
156422,PKAC-beta,5.0
11626560,JAK1(JH2domain-pseudokinase),5.0
16007391,MARK4,5.0
25243800,CSNK1A1L,5.698970004336019
9915743,HIPK2,5.0
10184653,RSK4(KinDom.2-C-terminal),5.508638306165728
11364421,ACVRL1,5.0
11314340,CAMKK2,6.130768280269024
16725726,TNIK,5.0
24889392,ERK1,5.0
51004351,MARK4,6.431798275933005
10074640,PIK3CA(C420R),5.0
123631,ABL1(Y253F),6.443697499232713
25243800,VRK2,5.0
11314340,PRKD3,6.0
4908365,ROCK2,5.0
11409972,IKK-epsilon,5.0
11667893,PRKCE,5.0
6918454,PAK3,5.0
5287969,RIOK3,5.0
10427712,RPS6KA5(KinDom.1-N-terminal),5.0
9884685,PDGFRA,5.0
11626560,FLT3(K663Q),6.045757490560675
4908365,PRKCQ,5.0
5287969,TNK1,5.0
9809715,MST2,7.42021640338319
176167,TNK2,5.0
3062316,AURKA,5.031517051446065
5494449,MEK4,5.0
5494449,PAK7,5.481486060122113
11667893,HIPK4,5.0
44259,FER,7.619788758288394
16725726,AURKC,5.0
10461815,RET(M918T),6.236572006437063
9929127,DYRK1B,5.0
24779724,PAK4,5.0
24180719,MET(Y1235D),5.0
4908365,DMPK2,5.0
10138260,PIP5K1A,6.886056647693163
10074640,TYK2(JH1domain-catalytic),5.0
126565,PIK3CA(Q546K),5.267606240177032
11234052,CDC2L1,5.0
51004351,STK35,5.0
16722836,LKB1,6.508638306165728
10113978,RPS6KA4(KinDom.2-C-terminal),5.0
10427712,ERK2,5.0
156414,SNRK,5.0
176155,CDK11,5.0
11314340,PLK3,5.0
11409972,YSK1,5.920818753952375
11984591,BRSK1,5.0
3081361,LRRK2,5.0
3025986,MAPKAPK2,5.0
11314340,LTK,5.0
11338033,TXK,5.0
208908,S6K1,5.0
126565,RSK3(KinDom.2-C-terminal),5.920818753952375
11717001,JNK1,5.0
11485656,ERBB3,5.0
25243800,JAK1(JH1domain-catalytic),6.522878745280337
3081361,PRKCD,5.0
11712649,CDKL5,5.0
176870,CDK3,5.0
11409972,WEE2,5.0
3062316,EPHB3,8.161150909262744
42642645,TYRO3,8.698970004336019
6450551,RET(V804L),5.886056647693163
44259,HIPK2,6.721246399047171
11338033,MAPKAPK5,5.0
10184653,PFCDPK1(Pfalciparum),5.0
5494449,CLK2,5.0
16725726,PKN1,7.468521082957745
11617559,RIPK2,5.0
42642645,MARK1,5.0
24889392,PFCDPK1(Pfalciparum),5.0
17755052,EPHB6,5.795880017344075
5494449,FLT4,5.721246399047171
11626560,LIMK2,6.161150909262744
11667893,LATS2,5.0
11409972,EGFR(L747E749del),6.657577319177793
11409972,VRK2,5.0
11427553,p38-alpha,5.0
9933475,RSK2(KinDom.1-N-terminal),5.0
24889392,FLT3(D835Y),8.148741651280925
11984591,RET(V804M),8.508638306165727
156414,MKNK2,5.744727494896694
11667893,SYK,5.0
16725726,TBK1,5.0
176870,FGFR2,5.0
11409972,BRK,5.0
9926791,PAK6,5.0
447077,MAP4K2,5.920818753952375
123631,DMPK2,5.0
123631,FAK,5.0
5329102,MYO3B,5.346787486224656
11617559,CAMK2G,5.0
216239,MYO3B,5.1487416512809245
156414,NEK1,5.0
9884685,SLK,5.0
5287969,PRKD2,5.958607314841775
42642645,FLT3(K663Q),9.086186147616283
11338033,LIMK2,5.0
9926791,CDK11,5.0
176155,YES,5.0
11656518,CSNK1G1,5.0
156414,CDK3,5.0
156422,CSNK1G3,5.0
208908,MKNK2,5.0
11409972,MYLK2,6.481486060122113
5494449,AURKB,8.130768280269024
9929127,ACVR2B,5.0
11409972,GSK3B,5.0
11717001,HUNK,5.0
3081361,BMPR1A,5.0
11656518,ACVRL1,5.0
11717001,LTK,5.0
24180719,IKK-epsilon,5.0
5291,INSR,5.0
11314340,LCK,5.0
156414,HUNK,5.1938200260161125
156414,ASK1,5.0
5328940,CDK8,5.0
10184653,ULK1,5.0
3038522,FLT3(K663Q),8.823908740944319
24779724,TNK2,5.0
16038120,CSNK1G3,5.0
11485656,AKT1,5.0
10461815,PIK3CA(E542K),5.0
16038120,IKK-epsilon,5.958607314841775
153999,ERK3,5.0
10127622,MYLK4,5.0
44150621,NEK3,5.0
44259,YANK3,6.508638306165728
216239,PRKD3,5.0
10427712,MAK,5.0
11712649,RIPK2,5.0
126565,EGFR(T790M),7.795880017344075
5291,MLK1,5.0
11984591,ABL1(M351T),6.4089353929735005
24180719,MAP3K4,5.0
42642645,NEK3,5.0
11712649,EIF2AK1,5.0
11314340,NEK3,5.0
156422,TEC,5.0
10461815,p38-beta,5.0
10184653,MKNK2,5.795880017344075
644241,DDR1,8.958607314841775
11364421,YANK1,5.0
3038522,GSK3A,5.0
25127112,EPHA1,5.0
644241,p38-delta,5.0
176155,FAK,5.0
4908365,KIT(V559D-V654A),8.221848749616356
151194,SYK,5.0
10184653,GRK7,5.0
9929127,CDKL3,5.0
9809715,RET(M918T),7.522878745280337
5287969,CAMK1G,5.0
11984591,MAP4K3,5.619788758288394
16038120,SRMS,6.795880017344075
11626560,TAOK1,5.920818753952375
176870,AMPK-alpha1,5.0
11409972,RIPK1,6.6777807052660805
16038120,CDC2L1,5.0
24889392,FES,5.0
4908365,CDK9,5.0
4908365,TNIK,6.823908740944319
25243800,PRKCQ,5.0
126565,FLT3(K663Q),8.267606240177031
126565,RPS6KA4(KinDom.2-C-terminal),5.886056647693163
24889392,NEK6,5.0
11314340,AMPK-alpha2,5.0
44150621,PRP4,6.251811972993799
25127112,EGFR(L858RT790M),5.0
11717001,PIK3CA(Q546K),5.0
5287969,SRC,5.0
10427712,JNK1,5.0
9915743,ERK3,5.0
11984591,FRK,7.167491087293763
5291,PAK7,5.0
11234052,RIPK1,5.0
10127622,PRP4,5.0
44150621,PAK7,5.0
11617559,HUNK,5.0
10184653,CAMK1,5.0
9915743,RSK4(KinDom.1-N-terminal),5.0
11427553,ASK2,5.0
51004351,LRRK2(G2019S),6.744727494896694
17755052,PIK3CA(H1047Y),8.387216143280265
10074640,PRKG2,5.0
10127622,ERK2,5.0
5291,IRAK3,5.0
11409972,BMPR1A,5.0
11712649,STK16,5.0
5291,EPHB3,5.0
644241,EGFR(L858R),5.0
24889392,RIPK4,5.0
4908365,GCN2(KinDom2S808G),7.091514981121351
9915743,FGFR2,5.0
10427712,MAP3K1,5.0
42642645,MST4,5.0
10074640,MAP3K15,5.0
3062316,EPHA6,5.6777807052660805
10427712,AKT1,5.0
9933475,PIK3CA(M1043I),5.0
156414,FLT3(R834Q),6.309803919971486
11667893,JNK1,5.0
123631,FLT3(D835H),5.958607314841775
11617559,ZAP70,5.0
9933475,LCK,7.173925197299174
3025986,FGFR2,5.0
11717001,ITK,5.0
11656518,GSK3A,5.0
208908,MARK4,5.0
42642645,AAK1,5.0
10461815,FLT3(ITD),7.236572006437063
5329102,CSNK2A1,6.045757490560675
5494449,DMPK,5.0
9929127,FGFR2,5.0
156414,CTK,5.0
11717001,BRSK2,5.0
216239,STK33,5.619788758288394
216239,ROCK2,5.0
51004351,TBK1,8.031517051446064
5329102,DDR1,5.698970004336019
5291,YES,5.0
216239,ACVRL1,5.0
16007391,RPS6KA4(KinDom.2-C-terminal),5.0
5291,CDKL3,5.0
11338033,LTK,5.0
5494449,ICK,5.0
5291,JNK2,5.0
3081361,YES,6.920818753952375
44150621,LTK,5.0
9809715,PRKR,5.0
9926054,CAMK2A,5.0
25243800,PAK4,6.0
126565,PIK4CB,6.537602002101044
4908365,TNK2,6.060480747381382
3038522,TNIK,5.0
11314340,CDC2L5,5.508638306165728
176870,PAK1,5.0
11617559,CLK3,5.0
10074640,PRKCE,5.0
11656518,PIK3CA(I800L),5.0
176870,JNK3,5.366531544420414
9915743,FGFR4,5.0
10427712,EPHA2,5.0
3062316,FER,5.0
3062316,PKNB(Mtuberculosis),5.0
42642645,RSK3(KinDom.2-C-terminal),5.0
44150621,DDR2,5.0655015487564325
126565,S6K1,7.161150909262744
5329102,MRCKA,5.0
5287969,MYO3B,5.0
10138260,DCAMKL1,6.259637310505756
51004351,MAP4K4,6.187086643357144
24180719,DAPK2,5.0
3062316,ICK,5.0
176870,CDKL5,5.0
156414,STK16,5.0
5287969,RPS6KA5(KinDom.1-N-terminal),5.0
3081361,EGFR(S752I759del),7.920818753952375
9915743,FGFR3(G697C),5.0
5287969,BMPR1B,6.346787486224656
5494449,INSRR,6.537602002101044
176870,STK39,5.0
5494449,FGFR2,6.2441251443275085
5291,MAP4K3,5.0
644241,EPHB6,6.301029995663981
42642645,NIM1,5.0
5494449,ERBB4,5.0
3038525,MARK2,5.0
11656518,TRKC,5.0
9926791,NDR2,5.0
17755052,MST1,5.0
447077,PRKCD,5.0
126565,SNRK,5.0
5329102,STK36,5.0
3038522,CDK4-cyclinD3,5.0
3025986,CDK4-cyclinD1,7.161150909262744
11617559,PIK3CA(H1047L),5.0
3081361,PIK3CA,5.0
11314340,PIP5K1A,6.6020599913279625
10074640,FLT1,5.0
6450551,PCTK2,5.0
3038525,JAK1(JH1domain-catalytic),5.0
10461815,PIK3CA(M1043I),5.0
9933475,S6K1,5.0
10074640,ACVR2A,5.0
16722836,CDK5,5.0
176870,TYK2(JH2domain-pseudokinase),5.619788758288394
11712649,MEK1,5.0
4908365,RSK2(KinDom.1-N-terminal),6.356547323513813
11314340,TYRO3,5.0
10461815,MST3,5.0
10113978,EPHB1,5.0
25127112,PIK3CA(E545K),5.0
16722836,GCN2(KinDom2S808G),7.0
10127622,PIP5K1A,5.0
5494449,BRAF,5.0
156414,CAMK2G,5.0
44259,AMPK-alpha1,8.431798275933005
10461815,PLK3,5.0
3025986,ABL1(T315I)p,5.0
11338033,RSK1(KinDom.2-C-terminal),5.0
44150621,DMPK,5.0
25243800,NEK11,5.0
10074640,KIT(D816H),5.823908740944319
10113978,PRKD2,5.0
151194,ZAP70,5.0
6918454,PIP5K2C,5.0
9926791,AAK1,5.0
176155,CDK4-cyclinD3,5.0
176167,TYRO3,5.0
9884685,MST2,5.0
153999,MYLK4,5.0
10461815,LATS1,5.0
11427553,AXL,6.744727494896694
3038525,SBK1,5.0
16725726,RSK4(KinDom.1-N-terminal),5.0
11338033,YES,5.0
11364421,ABL1(Q252H),5.0
11314340,GSK3A,5.4089353929735005
42642645,KIT(V559D-V654A),8.119186407719209
11409972,FLT3(R834Q),9.130768280269024
11427553,CSNK1G2,6.236572006437063
17755052,CAMK1,5.327902142064283
11314340,SRPK3,5.823908740944319
16722836,CDC2L5,5.0
10184653,NEK11,5.0
208908,EGFR(T790M),6.0655015487564325
4908365,PRP4,5.060480747381382
6450551,RIOK2,5.0
24180719,EPHA4,5.0
11338033,PRKG2,5.0
5328940,EPHA4,7.744727494896694
11234052,LOK,6.657577319177793
6450551,PIK3C2B,5.0
10184653,YANK3,5.0
208908,AXL,5.0
153999,PFTAIRE2,5.0
25127112,TGFBR2,5.0
5287969,RIPK1,5.0
10074640,CSNK2A2,5.0
10184653,PIK3CA(E545A),5.0
644241,KIT,7.537602002101044
16038120,MLK2,5.958607314841775
10138260,AMPK-alpha2,6.537602002101044
5328940,MAP4K2,8.508638306165727
5328940,CAMK4,5.0
3062316,CAMK2G,5.0
42642645,STK33,7.008773924307505
11717001,ABL1(T315I),5.0
123631,PIK3CA(C420R),5.0
16725726,ARK5,6.376750709602099
25127112,MRCKB,5.0
4908365,BTK,7.113509274827519
42642645,PIK3CA(E545A),5.0
6918454,JAK1(JH2domain-pseudokinase),5.0
176870,PIK3CA(E542K),5.0
10138260,PIK3CG,5.0
156414,S6K1,5.0
11626560,TNIK,5.0
3038525,ABL1(M351T),5.0
51004351,ABL1,5.0
10113978,AAK1,5.537602002101044
10113978,SGK3,5.0
25243800,KIT(L576P),6.537602002101044
9915743,EPHA6,5.0
11626560,RIPK4,5.6777807052660805
10184653,PCTK1,5.0
9933475,ACVR2A,5.0
11712649,NEK5,5.0
24779724,PIK4CB,5.0
5329102,JAK1(JH2domain-pseudokinase),7.309803919971486
151194,STK35,5.0
11314340,FGFR1,5.0
11717001,MKNK2,5.0
10138260,MEK4,5.853871964321762
5329102,PRKX,5.0
10127622,FLT3(D835H),5.0
11409972,FER,6.229147988357856
10184653,PIM2,5.0
24779724,CAMK2G,5.0
11626560,NDR2,5.0
3062316,MAP3K4,6.508638306165728
4908365,PRKG2,5.0
156422,JAK3(JH1domain-catalytic),5.0
208908,PIK3CA(Q546K),5.0
3038522,PFTAIRE2,5.0
11485656,ULK1,5.0
153999,BRK,5.0
11314340,AURKB,5.0
208908,ABL2,5.0
10113978,p38-delta,5.0
10113978,IRAK1,5.229147988357856
11234052,PIK3CA(I800L),5.0
11984591,MAP3K1,5.0
208908,MAP4K3,5.0
9915743,NDR2,5.0
44259,CHEK2,7.130768280269024
17755052,AKT2,5.0
11364421,TTK,5.6020599913279625
3081361,FAK,5.0
644241,CDK4-cyclinD1,5.0
5328940,RET(M918T),5.42021640338319
176167,SNRK,5.0
151194,PIP5K1C,5.0
11338033,MAP3K2,5.0
10113978,AMPK-alpha1,5.0
176155,FYN,5.0
25243800,RET(V804L),6.455931955649724
10113978,CAMK2D,5.0
10461815,EGFR(G719S),5.0
11314340,DCAMKL2,5.0
156422,PIP5K1A,5.0
11409972,EGFR(L858RT790M),5.795880017344075
156414,BRAF,5.0
6918454,INSR,5.0
156422,FLT3(D835H),5.0
44259,SNARK,10.065501548756432
11984591,HUNK,5.0
5328940,NEK9,5.0
4908365,FLT3(D835H),8.619788758288394
17755052,EPHB1,5.0
11338033,LATS1,5.0
208908,ROCK2,5.0
3062316,EGFR(L747S752del),6.494850021680094
3081361,ERK1,5.0
9926054,LCK,5.0
51004351,GRK7,7.318758762624413
3038522,MARK1,5.0
5291,TIE2,5.0
11485656,DAPK1,5.0
42642645,PDPK1,5.0
156414,CDK2,5.0
11485656,MAP3K4,5.0
156422,CAMK1D,5.0
156414,PIK3CA(C420R),5.0
153999,MET,5.0
176870,PKN2,5.0
10138260,PIK3CD,5.0
5287969,KIT,5.0
176870,TNIK,5.346787486224656
6918454,CDK3,5.0
6918454,PCTK3,5.0
11427553,DYRK1A,6.744727494896694
176167,TEC,5.0
11984591,PIK3CA(E545K),5.0
5287969,PLK2,5.0
5329102,WEE1,5.958607314841775
447077,ERN1,5.0
11364421,PKNB(Mtuberculosis),5.0
9915743,EPHB4,5.0
11485656,HIPK3,5.638272163982407
5287969,AAK1,5.275724130399211
42642645,MARK2,5.0
11338033,BRK,5.0
10113978,ASK1,5.0
176155,GSK3A,5.0
11667893,SRPK2,5.0
10113978,CDK2,5.0
3038525,MAP4K5,5.0
44259,PIK3CG,5.744727494896694
17755052,DLK,5.0
10074640,PRKCD,5.0
9933475,ABL1(F317I),5.552841968657781
16038120,WEE2,5.0
11427553,CDK3,5.0
16007391,YANK1,5.0
123631,ERBB3,6.102372908709559
216239,NDR1,5.0
11656518,SYK,5.356547323513813
16007391,GAK,5.0
11656518,CTK,5.0
5287969,TNNI3K,7.259637310505756
10113978,ACVR1B,5.0
51004351,PRKCQ,6.036212172654444
11338033,TAOK1,6.886056647693163
11717001,MINK,6.0
10127622,MYLK,5.0
216239,PKAC-alpha,5.0
24889392,NEK5,5.0
6918454,FLT3(N841I),5.0
11626560,NEK1,5.0
11409972,LRRK2,6.022276394711152
11364421,MERTK,5.508638306165728
176870,FGR,5.958607314841775
51004351,JAK2(JH1domain-catalytic),7.026872146400302
11364421,NEK11,5.0
208908,LIMK2,5.0
11234052,CSNK1A1,5.0
17755052,ULK1,5.0
156414,JNK2,5.958607314841775
3081361,ABL1(T315I)p,7.698970004336019
10461815,DYRK1A,5.0
44150621,RAF1,5.0
11338033,NDR2,5.0
51004351,CAMK1,5.698970004336019
447077,RSK4(KinDom.2-C-terminal),5.0
5329102,PIK3CA(H1047L),5.0
156422,SNRK,5.0
11656518,PIP5K1A,5.0
176870,PRKCE,5.0
3081361,SLK,7.022276394711152
126565,DCAMKL3,5.958607314841775
10127622,ERBB4,5.0
9884685,CSNK1A1L,5.0
10427712,ABL1(F317I),5.0
9933475,ZAK,5.0
25243800,FLT3,5.823908740944319
11364421,SNARK,5.0
3081361,PAK4,5.0
11717001,VRK2,5.0
5328940,CHEK2,6.920818753952375
44259,MARK1,8.397940008672037
11656518,ERK2,5.0
9926054,ITK,5.0
156422,RSK1(KinDom.2-C-terminal),5.0
10113978,INSR,5.0
42642645,SRMS,7.744727494896694
16007391,FLT1,6.958607314841775
126565,TXK,6.180456064458132
11338033,STK39,5.0
9884685,MEK3,5.0
5494449,EGFR(L861Q),5.0
5494449,AMPK-alpha2,6.455931955649724
9926791,GRK4,5.0
10074640,TAOK2,5.0
4908365,MAP4K3,6.6777807052660805
5291,ITK,5.0
3062316,PKMYT1,6.886056647693163
176870,PHKG2,5.0
3025986,WEE2,5.0
123631,IRAK3,5.823908740944319
11717001,DLK,5.0
5329102,ERK8,5.0
9809715,MAP3K1,5.0
11984591,GCN2(KinDom2S808G),8.481486060122112
11984591,CAMK4,5.0
9915743,PFTK1,5.0
11626560,NEK2,5.0
10138260,BIKE,7.568636235841013
216239,MET(Y1235D),5.0
5287969,PCTK1,6.356547323513813
10138260,TYK2(JH2domain-pseudokinase),6.119186407719209
176155,CDC2L1,5.0
3038522,HIPK3,5.0
11984591,ALK,6.619788758288394
11717001,NEK5,5.0
10113978,CSNK1G1,5.0
44259,MET(M1250T),6.886056647693163
10427712,MARK2,5.0
11364421,IGF1R,5.0
10138260,FLT3(D835H),8.200659450546418
44150621,PIP5K1A,5.721246399047171
9809715,TIE2,5.853871964321762
11409972,TLK1,5.0
42642645,TGFBR2,5.0
51004351,TYRO3,5.0
16725726,IGF1R,5.0
11314340,CDK5,5.0
9915743,PHKG2,5.0
11427553,CTK,5.522878745280337
11409972,AURKC,6.130768280269024
9884685,ZAP70,5.0
9926791,RSK4(KinDom.1-N-terminal),5.0
151194,FGFR3(G697C),5.0
9933475,PIK4CB,5.0
51004351,BTK,5.0
24889392,FLT3(D835H),8.431798275933005
208908,CASK,5.0
176155,EPHA7,5.0
123631,PRKG2,5.0
3025986,CDK7,7.508638306165728
11712649,S6K1,5.0
11409972,EGFR(T790M),5.6777807052660805
9929127,ASK1,5.0
3038522,MAP4K3,5.0
5287969,LATS1,5.0
644241,TAOK2,5.0
11626560,FYN,5.886056647693163
24180719,MST2,5.0
156422,CDK9,5.0
9926054,CDKL3,5.0
5291,PLK2,5.0
9884685,CSNK1D,5.0
11667893,CAMK1D,5.0
11314340,FGFR4,5.0
11617559,MLK3,5.0
11427553,PRKD2,5.823908740944319
11667893,FER,5.0
123631,JNK2,5.769551078621726
9926054,PCTK2,5.0
5287969,NLK,5.0
5494449,ASK2,5.0
10074640,DCAMKL3,5.0
447077,DDR1,8.619788758288394
5287969,EGFR(T790M),5.795880017344075
11314340,TLK2,5.0
11667893,ASK1,5.0
3081361,EPHB1,6.537602002101044
151194,SRMS,5.0
10184653,GSK3B,5.0
42642645,PIP5K2C,7.552841968657781
42642645,MYO3A,5.552841968657781
16007391,GCN2(KinDom2S808G),5.0
5328940,RPS6KA4(KinDom.1-N-terminal),5.0
11712649,PAK4,5.0
10074640,NEK1,5.0
176155,TAOK1,5.0
3081361,TGFBR1,5.0
3025986,EGFR(L861Q),5.0
44259,FLT3(ITD),8.619788758288394
11617559,ERK8,5.0
25243800,IGF1R,5.0
9929127,TRKC,5.0
176870,PIP5K2B,5.0
3038525,CLK1,5.0
10461815,CDKL2,5.619788758288394
9929127,PFPK5(Pfalciparum),5.0
10138260,JAK3(JH1domain-catalytic),6.236572006437063
11338033,PFCDPK1(Pfalciparum),5.0
24779724,CTK,5.0
16722836,CDK4-cyclinD3,6.060480747381382
16725726,DYRK2,5.0
10127622,PCTK2,5.0
11617559,PIK3CA(E542K),5.0
3038522,PRKCH,5.0
151194,EPHA7,5.0
10138260,ABL1(H396P)p,6.251811972993799
9915743,ABL1(T315I)p,5.0
176870,FGFR1,5.0
3062316,PRP4,5.0
10127622,PAK3,5.0
16722836,FGFR1,6.552841968657781
10074640,SgK110,5.0
10184653,PRKR,5.0
17755052,CAMK2D,5.0
5494449,PIK4CB,5.0
11314340,TBK1,5.0
44259,MARK2,9.154901959985745
11667893,PIK3CA(E545K),5.0
10074640,CTK,5.0
5291,RSK2(KinDom.1-N-terminal),5.0
10184653,GCN2(KinDom2S808G),5.0
42642645,ROCK2,5.744727494896694
156422,CLK2,5.0
10127622,PFCDPK1(Pfalciparum),5.0
11656518,CDK7,5.0
123631,EGFR(L858RT790M),6.853871964321762
9929127,CDK4-cyclinD1,5.0
16722836,AKT3,5.0
11338033,PRKCI,5.0
11364421,LRRK2,5.0
6450551,TGFBR1,5.0
5287969,SRMS,5.853871964321762
151194,FLT3(N841I),5.0
11667893,GRK1,5.0
151194,DDR1,6.568636235841013
123631,DRAK2,5.42021640338319
5287969,MRCKB,5.481486060122113
176167,MST1,5.0
16038120,RSK1(KinDom.1-N-terminal),6.795880017344075
16722836,ERK8,6.292429823902063
126565,MAP4K3,6.958607314841775
9926791,SIK,5.0
644241,FLT4,5.0
9915743,MET(Y1235D),5.376750709602099
5494449,CDKL5,5.552841968657781
11656518,SRPK2,5.0
156414,TIE2,5.0
216239,DMPK,5.0
10074640,MAP4K3,5.0
9915743,MYO3B,5.0
10427712,VRK2,5.0
11364421,CSNK1G2,5.2441251443275085
10113978,DCAMKL2,5.0
10127622,EPHA4,5.0
11427553,DCAMKL3,7.0655015487564325
44150621,MEK3,5.0
176870,PDPK1,5.0
11626560,DMPK2,5.0
9809715,PIM1,5.0
25243800,HIPK1,6.522878745280337
208908,TIE2,5.0
9933475,CAMK1D,5.0
644241,BRSK2,5.0
11234052,PIK3CA(E545K),5.0
208908,NEK5,5.0
25243800,SRPK1,5.0
156414,EIF2AK1,5.0
208908,MST1R,5.0
9929127,CDK7,5.0
11626560,PIP5K1C,5.0
44150621,RPS6KA5(KinDom.1-N-terminal),6.167491087293763
3038522,DMPK2,5.0
16722836,FYN,7.42021640338319
16007391,CDK9,5.0
156422,AMPK-alpha2,5.0
153999,PAK7,5.0
44150621,CAMKK2,5.0
156422,FAK,5.1487416512809245
11234052,RIOK1,5.0
11234052,EPHA6,6.721246399047171
11712649,TGFBR1,5.0
24779724,MET(Y1235D),8.4089353929735
5329102,BMX,5.0
16725726,PFCDPK1(Pfalciparum),5.0
6918454,MAP4K4,5.0
11717001,ANKK1,5.0
11667893,CLK2,5.0
9884685,MLK2,5.0
6450551,PYK2,5.0
51004351,KIT(L576P),7.387216143280264
6918454,ALK,5.0
9933475,EGFR(G719S),7.075720713938118
9926054,FRK,5.0
25127112,AURKA,5.0
11656518,INSR,5.0
44150621,ACVR1B,5.0
5494449,RIPK5,5.0
216239,IRAK1,5.0
156414,DAPK3,5.0
5291,TRKA,5.0
5329102,ABL1(Q252H),6.619788758288394
3038525,MEK1,5.0
3062316,HPK1,6.008773924307505
5287969,RSK2(KinDom.1-N-terminal),6.0
4908365,FLT3(ITD),8.3767507096021
10184653,MAP3K2,5.0
51004351,BMX,5.0
126565,CAMKK2,7.823908740944319
447077,MET,6.080921907623926
25243800,PAK2,5.494850021680094
10184653,CLK3,5.0
5287969,PHKG1,5.657577319177793
216239,PIK3CA(M1043I),5.0
10138260,BMPR1A,5.0
11485656,STK33,5.42021640338319
11984591,RIOK3,6.6777807052660805
11234052,PIP5K1A,5.0
9884685,DYRK1A,5.0
11984591,KIT,8.167491087293763
10074640,CAMK1,5.0
126565,PIK3CA(E545K),5.130768280269024
44259,CDK9,7.0
16007391,MLK3,5.0
123631,PCTK3,5.0
153999,p38-delta,5.0
10461815,HCK,5.0
11656518,PLK3,5.0
6918454,TAOK1,5.0
4908365,SgK110,5.958607314841775
153999,CDK4-cyclinD1,6.552841968657781
9926054,BRSK1,5.0
10184653,MTOR,5.0
11338033,CDKL3,5.0
11617559,SNARK,5.0
208908,RSK1(KinDom.2-C-terminal),5.0
176155,MAP4K2,5.0
151194,ERK1,5.0
25127112,CDKL1,5.0
10427712,MST3,5.0
3062316,PCTK3,5.0
176870,MYLK2,6.013228265733755
216239,KIT,7.552841968657781
16007391,DRAK1,5.0
6918454,CHEK2,5.0
644241,DCAMKL1,5.0
11617559,IKK-epsilon,5.0
9809715,LTK,6.823908740944319
10138260,CSNK1G1,6.0
10461815,TIE2,5.173925197299174
25127112,CASK,5.823908740944319
3025986,NEK2,5.0
11364421,MELK,5.0
9926054,RIOK1,5.0
156414,ERK3,5.769551078621726
9933475,ERBB2,5.522878745280337
9809715,RSK1(KinDom.2-C-terminal),5.0
25127112,ABL1(F317L),5.022276394711152
176870,GRK1,5.0
44259,ACVR2B,5.337242168318426
17755052,PCTK1,5.958607314841775
10074640,NEK4,5.0
16038120,RSK4(KinDom.1-N-terminal),7.568636235841013
156422,EGFR(L861Q),5.0
11717001,CSNK1A1,5.0
11234052,SRPK3,5.0
10138260,RET(V804L),7.744727494896694
11617559,TLK2,5.0
11717001,PRKG1,5.0
9926791,PAK3,5.0
9929127,PIK3CA(M1043I),5.0
11626560,PFCDPK1(Pfalciparum),5.0
11427553,BRSK1,5.721246399047171
11234052,BRSK1,5.0
3062316,EPHB1,9.346787486224656
156414,BMPR1A,5.0
51004351,TLK1,5.0
24889392,YSK4,5.698970004336019
11427553,AMPK-alpha1,6.366531544420414
156422,CSNK1D,5.0
44259,CSNK1G2,6.107905397309519
11234052,TTK,5.0
447077,CDK7,5.0
9926054,ERK8,5.346787486224656
6918454,RIPK4,5.0
25127112,VEGFR2,5.0
11427553,TRKC,6.6020599913279625
16722836,PIP5K2C,5.3872161432802645
44150621,NEK9,5.040958607678906
16038120,IRAK1,7.346787486224656
9929127,BMPR2,5.0
3038525,CTK,5.0
16007391,BTK,5.920818753952375
24889392,PLK2,5.0
3038525,PRKD3,5.0
151194,PLK2,5.0
3062316,TAOK2,5.267606240177032
11314340,MLK2,5.0
4908365,EIF2AK1,5.0
3081361,RSK3(KinDom.1-N-terminal),5.0
11485656,MKK7,5.0
6450551,CDK11,5.0
6450551,MYLK,5.0
17755052,JAK2(JH1domain-catalytic),5.0
11667893,DDR2,5.0
447077,TXK,7.455931955649724
16038120,PDGFRA,6.075720713938118
25127112,DDR1,5.0
11427553,CAMK4,5.0
208908,CDK2,5.0
9926054,TLK2,5.0
9809715,ABL1(M351T),7.2839966563652
44259,LTK,7.431798275933005
126565,RSK4(KinDom.1-N-terminal),6.958607314841775
11656518,ROCK1,5.0
9926054,TNIK,5.0
11364421,TRKC,5.0
644241,ERK1,5.0
44259,BMPR1B,6.769551078621726
9809715,TAOK3,5.0
10138260,NEK4,5.0
9926791,CDC2L5,5.0
176167,GRK4,5.0
5291,CAMK2D,5.0
10127622,KIT(V559D-V654A),5.0
11234052,TAOK2,5.0
10138260,OSR1,5.795880017344075
216239,TIE1,7.167491087293763
5328940,ZAK,7.096910013008056
17755052,CDK9,5.0
11314340,ALK,5.0
11717001,TIE2,5.0
11338033,MAP4K3,5.0
11617559,CLK1,5.0
17755052,NDR2,5.0
11656518,CIT,7.060480747381382
11485656,YANK1,6.1938200260161125
16038120,DDR2,5.3872161432802645
16725726,CDKL5,5.0
24180719,SGK3,5.142667503568732
11485656,DDR1,7.236572006437063
17755052,PRP4,5.0
11427553,TEC,5.0
156414,BRAF(V600E),5.0
176167,GSK3B,8.080921907623926
10127622,DYRK1A,5.0
11364421,PAK7,5.0
9809715,ERBB4,5.0
156414,EGFR(L858R),9.619788758288394
10427712,ITK,5.0
4908365,BMX,6.107905397309519
447077,PIK3CA,5.0
176167,SLK,5.508638306165728
3062316,LIMK1,6.2441251443275085
24779724,PRKX,5.0
10113978,CDK5,5.0
153999,KIT(V559D-V654A),5.0
176155,SRPK2,5.0
3038525,PIK3CD,5.0
3081361,ACVR2A,5.0
5287969,BMPR1A,5.0
11314340,PIK3CA,5.0
24889392,RET(M918T),8.522878745280337
10074640,EGFR(L747S752del),5.0
176155,TYK2(JH1domain-catalytic),5.0
10184653,FES,5.0
11626560,FLT3(D835Y),6.6777807052660805
10113978,TAK1,5.0
10138260,KIT(L576P),9.537602002101044
6918454,ABL1,5.0
447077,PKNB(Mtuberculosis),5.0
11984591,LYN,7.585026652029182
5291,ARK5,5.0
156422,EGFR(L747S752del),5.0
216239,FLT1,7.508638306165728
17755052,KIT,5.0
10113978,PIK4CB,6.017728766960432
11364421,FGFR2,5.0
11427553,ACVR1B,5.0
126565,ROCK1,7.251811972993799
216239,TRPM6,5.0
11667893,PLK3,5.0
11667893,TBK1,5.0
16007391,CSNK2A2,5.0
5291,HIPK2,5.0
24180719,ERK2,5.0
9884685,SgK110,5.0
644241,MAP3K15,5.0
176870,MET,5.42021640338319
123631,DCAMKL1,5.0
10138260,CDKL3,5.0
6450551,CAMK1D,5.0
16725726,PRKCQ,7.795880017344075
216239,NEK2,5.0
3038522,MRCKB,5.0
10427712,YANK3,5.0
11667893,FLT3,7.1487416512809245
447077,RPS6KA5(KinDom.2-C-terminal),5.0
644241,PKAC-alpha,5.0
9884685,FYN,5.0
10427712,CSNK1A1L,5.721246399047171
151194,RET,5.0
4908365,WEE1,5.0
11485656,EPHB6,7.481486060122113
9926791,RPS6KA5(KinDom.1-N-terminal),5.0
176870,ABL1(Q252H)p,7.214670164989233
216239,p38-gamma,5.119186407719209
9809715,FLT3,8.42021640338319
9926054,ROCK2,5.0
156414,GSK3B,5.0
16722836,IRAK1,6.657577319177793
6450551,FLT3(ITD),6.6020599913279625
216239,RET(V804L),7.4089353929735005
11234052,EPHA1,5.0
9915743,MAPKAPK5,5.0
176167,PRKCQ,7.443697499232713
10461815,ABL1(H396P)p,5.045757490560675
16038120,TESK1,5.0
11314340,EPHB2,5.0
24180719,JNK3,5.0
11338033,RIPK5,5.0
24889392,RIPK1,6.050609993355088
16725726,MYLK4,5.0
11617559,TAK1,5.0
9884685,EPHA7,5.0
11656518,ERK3,5.0
44259,ABL1,7.431798275933005
11485656,ABL1(Q252H),5.0
10113978,MEK6,5.3872161432802645
24889392,TIE1,5.494850021680094
42642645,CLK3,5.0
6450551,CDK8,5.0
9926054,PRKCE,5.0
16038120,DAPK2,6.060480747381382
156422,EGFR(G719S),5.040958607678906
10427712,EGFR(L747E749del),5.886056647693163
6918454,YSK4,5.0
11409972,CDK4-cyclinD1,5.886056647693163
5287969,TYRO3,5.0
42642645,ULK3,6.346787486224656
11314340,RET(V804L),5.721246399047171
156422,SRPK2,5.0
24779724,NEK2,5.0
25243800,ACVR2A,7.744727494896694
9929127,RET,5.0
9933475,PIK3CA(E545K),5.0
126565,CSNK1E,5.0
151194,AURKA,5.0
24779724,PIK3CA(C420R),5.0
10113978,LYN,5.958607314841775
9915743,CSNK2A1,5.0
51004351,CAMK2G,6.853871964321762
153999,TIE2,5.0
25127112,MKNK2,6.698970004336019
6918454,EPHA1,5.0
176870,MST2,5.0
11626560,PAK4,5.0
16722836,SgK110,5.537602002101044
10113978,MARK2,5.0
11234052,SNRK,5.0
44259,ERK3,5.508638306165728
5287969,ERK5,6.2076083105017466
44150621,S6K1,6.2441251443275085
151194,LRRK2(G2019S),5.0
216239,CSNK1G2,5.0
3062316,TNK2,8.2518119729938
10113978,DYRK1A,5.0
151194,CAMKK2,5.0
9926054,GRK4,5.0
11667893,EPHA4,5.0
11427553,ERK2,5.0
644241,IKK-beta,5.0
16725726,PRKCD,7.267606240177032
10113978,MKNK2,5.0
44259,MEK4,7.154901959985743
16722836,CDK9,5.055517327849832
3025986,ACVR1,5.0
9809715,BMPR1B,5.0
6450551,ABL1(F317L)p,6.481486060122113
151194,KIT(V559D),7.769551078621726
4908365,ULK2,6.346787486224656
176167,LATS2,5.0
11409972,PRKD1,5.920818753952375
11314340,ERBB3,5.0
44259,AURKB,7.721246399047171
11314340,DAPK1,5.795880017344075
156414,CSNK1A1L,5.0
4908365,CDKL1,5.0
151194,ABL1(Q252H),5.0
10138260,SRPK1,5.3979400086720375
10138260,IGF1R,5.0
11364421,TYK2(JH1domain-catalytic),5.0
11626560,FLT4,5.0
123631,PFCDPK1(Pfalciparum),5.0
176870,ABL2,6.698970004336019
11667893,CASK,5.0
9915743,GSK3A,5.0
3038525,RSK3(KinDom.1-N-terminal),5.0
10113978,MERTK,5.481486060122113
176167,TBK1,5.0
3038525,PDGFRA,5.055517327849832
51004351,TEC,5.0
9915743,NEK6,5.0
11667893,AKT3,5.0
11617559,RPS6KA5(KinDom.1-N-terminal),5.0
17755052,GCN2(KinDom2S808G),5.0
16725726,CLK1,5.0
156422,FLT3(K663Q),6.050609993355088
176167,RPS6KA4(KinDom.1-N-terminal),5.6020599913279625
9926054,ABL1(Y253F),5.0
11717001,ACVR1,5.0
9933475,MAP3K15,5.0
644241,CDC2L5,5.0
151194,PRKD1,5.0
151194,DYRK1B,5.0
10113978,PIK3CA(E545K),5.0
11485656,AURKA,5.795880017344075
208908,ERK4,5.0
10427712,PIK3CG,8.275724130399212
44259,TIE2,6.853871964321762
16007391,CDKL1,5.0
5287969,BMX,5.0
151194,ACVR1,5.0
11234052,TAOK3,5.0
5329102,PIK3CG,5.0
156422,PIK3CA(E545K),5.0
44150621,AURKC,5.958607314841775
51004351,LRRK2,6.2441251443275085
44150621,PRKCE,5.0
10127622,EPHA3,5.0
24779724,PIM1,5.0
17755052,ERK5,5.0
6918454,BRSK2,5.0
11667893,ALK,5.0
24889392,MELK,5.0
11234052,MARK1,5.0
11656518,MET(Y1235D),5.853871964321762
176155,TTK,5.6020599913279625
156422,ABL1(E255K),5.0
11667893,RAF1,6.055517327849832
208908,QSK,5.0
6450551,LATS2,5.0
5494449,PKN1,5.823908740944319
44150621,YANK2,5.0
10113978,CDC2L2,5.886056647693163
3025986,MARK3,5.0
17755052,PRKCI,5.0
5329102,BMPR1B,5.619788758288394
4908365,IKK-beta,5.0
9926054,PAK6,5.0
3038522,PIK3CD,5.0
208908,EGFR(G719C),9.036212172654444
3038522,DRAK1,5.0
6450551,DMPK2,5.0
176167,PDGFRB,5.481486060122113
11717001,LIMK2,5.0
24779724,CDK4-cyclinD3,5.0
24180719,NEK3,5.0
5329102,ACVR1,5.0
176870,RET(V804L),5.0
44259,PKMYT1,5.0
6918454,MLK3,5.0
11617559,CSNK1G3,5.0
11626560,EPHA1,6.853871964321762
6918454,PHKG1,5.0
11617559,MST2,5.0
5494449,CSNK1G2,5.0
123631,ROCK2,5.0
3062316,ABL1(F317I)p,10.387216143280265
16007391,TGFBR2,5.0
16725726,EPHB2,5.0
16038120,IKK-alpha,5.0
10427712,JNK3,5.0
17755052,RPS6KA5(KinDom.1-N-terminal),5.0
4908365,MAPKAPK5,5.0
9809715,KIT(D816V),7.327902142064283
11667893,ERBB3,5.0
156422,p38-alpha,9.346787486224656
3081361,MEK1,5.744727494896694
24889392,DCAMKL2,5.0
16007391,CDC2L2,6.0
5494449,CLK3,5.0
11338033,CDK9,8.236572006437063
11234052,TGFBR1,5.0
9884685,CDKL5,5.0
3062316,CAMKK2,5.0
11234052,EPHB6,5.853871964321762
3038525,DRAK2,5.0
447077,SNARK,5.0
3062316,MARK1,5.0
3062316,ABL1(Q252H)p,10.193820026016112
5287969,DYRK1B,7.075720713938118
3038525,HIPK2,5.0
3081361,HIPK1,5.0
11485656,MAP4K4,5.0
11617559,EGFR(E746A750del),5.0
151194,IRAK3,5.0
10461815,ABL1(Q252H)p,5.031517051446065
5328940,ASK1,5.0
24180719,EGFR(E746A750del),5.0
11617559,HIPK3,5.0
24180719,EGFR(L747E749del),5.0
11712649,IKK-epsilon,5.0
10127622,AURKC,5.0
176167,PIK3CA(I800L),5.0
6918454,NEK6,5.0
156422,IKK-beta,5.0
11314340,STK16,5.0
11667893,DMPK2,5.0
126565,EPHA1,6.42021640338319
16725726,MYLK,5.0
51004351,PIK3CB,5.0
24180719,CDKL5,5.0
208908,AMPK-alpha1,5.0
11338033,EPHA2,5.0
216239,SRPK2,5.0
10138260,ERK2,5.0
153999,ERBB2,5.0
24889392,ERK4,5.0
44150621,DCAMKL3,5.886056647693163
16722836,KIT,6.886056647693163
11984591,KIT(A829P),8.455931955649724
156422,ABL1(F317I)p,5.0
3081361,ERBB3,6.795880017344075
153999,ACVR1,5.0
24779724,PRKCI,5.0
44259,MYO3B,6.522878745280337
447077,ABL1(Q252H)p,9.031517051446064
153999,RET(V804M),5.0
5287969,ERBB3,5.036212172654444
10127622,RET,5.0
11409972,PRKG1,5.0
10113978,STK35,5.0
11712649,BIKE,5.0
44150621,ACVR2B,5.0
3025986,CHEK2,5.0
11626560,CSNK1G1,5.0
11617559,ERK4,5.0
126565,NEK4,5.0
11712649,LIMK2,5.0
123631,PRKCI,5.0
216239,WEE2,5.0
156422,CDK2,5.0
176155,PIK3C2G,5.0
9915743,PIM3,5.0
16722836,RPS6KA5(KinDom.1-N-terminal),5.356547323513813
11364421,CAMKK1,7.657577319177794
11667893,PRKCD,5.0
151194,NEK9,5.0
3025986,DAPK3,5.0
42642645,MARK4,5.0
176167,IRAK3,5.0
3025986,PRKCE,5.0
644241,EPHA3,6.958607314841775
10138260,ABL1(F317I),5.468521082957745
11234052,TNIK,6.795880017344075
5329102,ACVRL1,5.0
11485656,EGFR(T790M),5.0
11314340,LOK,5.0
156422,ABL2,5.886056647693163
176167,CAMK4,5.0
25127112,PAK6,5.537602002101044
5287969,JAK1(JH2domain-pseudokinase),5.0
153999,ERK1,5.0
3025986,TEC,5.0
5494449,IKK-beta,5.0
447077,MERTK,5.0
3038525,CSNK1A1L,5.0
11314340,SNRK,5.0
4908365,CSNK2A2,5.2076083105017466
24180719,JNK2,5.0
24779724,RSK4(KinDom.2-C-terminal),5.0
10461815,FES,5.0
176155,DRAK2,5.0
5494449,ASK1,5.0
9915743,MST4,8.130768280269024
156414,RSK1(KinDom.2-C-terminal),5.2076083105017466
644241,GRK7,5.0
176155,HIPK4,5.0
11338033,DRAK1,5.0
123631,LOK,6.327902142064283
11364421,MYO3B,5.455931955649724
10127622,PIK3CA,5.0
3038525,ANKK1,5.0
6450551,ABL1(F317L),6.080921907623926
16038120,GSK3A,5.0
16038120,CASK,6.036212172654444
6450551,EPHB2,5.0
11712649,NEK3,5.0
44259,BRSK1,7.585026652029182
44259,PKAC-alpha,7.721246399047171
10184653,MYLK4,5.0
3062316,NEK4,5.0
42642645,BIKE,5.0
44259,DRAK1,7.853871964321762
9929127,PDPK1,5.0
10127622,MEK6,5.0
51004351,CAMKK1,6.886056647693163
44150621,AKT1,5.0
644241,KIT(D816V),6.113509274827519
24180719,CDK3,5.0
16038120,ZAP70,5.795880017344075
16038120,MYO3A,7.173925197299174
5328940,BMPR1A,5.0
51004351,NEK2,5.0
17755052,NEK3,5.0
3038525,FLT4,5.0
156414,NLK,5.0
156414,PRKR,5.0
5328940,ABL1(F317I),9.200659450546418
5494449,FGFR4,5.142667503568732
3025986,MST1,5.0
11717001,ABL1(M351T),5.0
3081361,MET(M1250T),5.0
9933475,AURKB,5.494850021680094
11617559,MTOR,5.0
9929127,CDKL1,5.0
10127622,ICK,5.0
16038120,PIK3CA(E545A),5.0
176870,DDR1,6.102372908709559
644241,TRKB,6.309803919971486
11667893,KIT(D816V),6.3872161432802645
11984591,BRAF(V600E),6.42021640338319
11617559,CDK7,5.0
5329102,CDC2L5,5.0
24779724,QSK,5.0
24180719,AKT2,5.0
42642645,ABL1p,7.251811972993799
9926054,MAP3K1,5.0
4908365,SRPK3,5.221848749616356
5329102,BLK,7.187086643357144
153999,GCN2(KinDom2S808G),5.0
9929127,ULK2,5.0
5287969,DRAK1,5.3872161432802645
5287969,RET(M918T),5.0
11409972,RSK3(KinDom.2-C-terminal),5.958607314841775
16038120,JNK3,7.173925197299174
17755052,FYN,5.0
3038522,PIP5K2C,5.0
10127622,PFTK1,5.0
447077,RSK2(KinDom.1-N-terminal),5.0
10074640,PKN1,5.0
9915743,AMPK-alpha1,5.0
10461815,TEC,5.0
5329102,MAP3K1,5.0
3081361,SRPK3,5.0
16038120,ULK2,8.744727494896694
10184653,CDC2L2,5.0
156414,DAPK2,5.0
3081361,SIK2,6.366531544420414
9926054,PIM2,5.0
44259,CIT,6.468521082957745
5287969,TLK1,5.0
216239,RPS6KA4(KinDom.2-C-terminal),5.0
11717001,MAPKAPK2,5.0
644241,PRKR,5.0
11717001,EPHB2,5.0
3025986,EGFR(L858RT790M),5.0
51004351,MAP3K15,5.0
16007391,YANK2,5.0
16722836,MET(Y1235D),5.0
644241,JNK3,5.698970004336019
42642645,CSNK1E,5.337242168318426
10074640,SIK,5.0
9926054,DAPK3,5.0
44150621,JAK1(JH1domain-catalytic),5.0
5329102,PIK3CA(M1043I),5.0
176870,RPS6KA5(KinDom.1-N-terminal),5.0
156414,TLK2,5.0
10127622,LCK,5.0
5291,YSK1,5.0
11656518,CLK2,5.0
9809715,KIT(V559D-T670I),8.537602002101044
10127622,NEK11,5.0
9929127,PAK1,5.0
10113978,GRK1,5.0
51004351,ERN1,5.638272163982407
5494449,OSR1,5.0
151194,EPHA6,5.0
51004351,CAMKK2,7.136677139879544
3025986,MAP4K5,5.0
176167,BTK,5.0
11667893,DCAMKL1,5.0
44259,ERBB4,6.113509274827519
17755052,LCK,5.0
11984591,AKT2,5.0
11338033,p38-gamma,5.0
51004351,PRKD1,5.0
123631,TTK,5.0
156422,TYRO3,5.0
176870,DMPK,5.537602002101044
156414,EPHA7,5.0
11338033,ACVR1,5.0
24779724,EPHA4,5.0
11984591,EGFR(G719S),5.0
11626560,S6K1,6.1938200260161125
6450551,MYO3B,5.0
16725726,TXK,5.0
11984591,PIP5K2C,6.920818753952375
11656518,RSK4(KinDom.2-C-terminal),5.0
447077,DAPK2,5.0
151194,CLK3,5.0
11409972,DYRK1A,5.0
51004351,ITK,5.0
11667893,FGR,5.161150909262744
3038525,ROCK1,5.0
24180719,KIT(D816H),5.0
11667893,DRAK2,5.0
25243800,MEK5,8.136677139879545
25127112,EPHA6,5.0
16722836,CDC2L2,5.0
3025986,MERTK,5.0
644241,MARK3,5.0
42642645,CSK,6.920818753952375
11364421,MAP3K1,5.0
3081361,DAPK2,5.0
3038525,RIPK4,5.0
10461815,STK16,5.318758762624413
176870,MKK7,5.0
9929127,SBK1,5.0
151194,TLK2,5.0
5494449,TNK2,5.356547323513813
24889392,PHKG2,5.0
126565,CSNK1G2,5.0
123631,ERK8,5.0
10461815,ERBB2,5.0
156414,KIT(V559D-T670I),5.721246399047171
5329102,ACVR2B,5.0
3062316,LOK,5.920818753952375
3081361,PFCDPK1(Pfalciparum),5.0
5494449,CAMK2B,5.0
11234052,ABL1(F317L)p,5.638272163982407
644241,MAP3K2,5.0
24889392,YANK1,5.0
10113978,WEE1,5.0
123631,JNK3,5.494850021680094
176167,PAK1,5.0
216239,RPS6KA5(KinDom.1-N-terminal),5.0
9809715,ERK3,5.0
11656518,CSK,5.0
6918454,DYRK2,5.0
156422,LKB1,5.0
11656518,HPK1,5.0
10184653,LATS2,5.0
156422,IRAK1,5.0
9926054,ULK1,5.0
11984591,ITK,6.3979400086720375
51004351,EPHB3,5.0
3038522,PAK2,5.0
447077,PIK3CG,5.0
11984591,CSNK1D,5.0
16007391,PAK6,5.0
42642645,NEK11,5.0
151194,NEK3,5.0
10113978,RIOK3,5.0
5287969,FGFR3,5.0
11717001,PRKCD,5.0
11485656,MRCKA,5.0
25127112,BRAF,5.657577319177793
9926791,CDKL3,5.0
5494449,SIK2,5.769551078621726
4908365,RIOK1,5.638272163982407
10138260,MET(Y1235D),5.0
11427553,RET(M918T),7.327902142064283
24889392,CAMK2B,5.0
17755052,LRRK2,5.0
5494449,SLK,7.086186147616283
176870,EGFR(G719C),9.070581074285707
3025986,PAK1,5.0
9884685,DRAK2,5.0
156422,NLK,6.0
44259,HIPK4,6.4089353929735005
11409972,RSK4(KinDom.2-C-terminal),5.468521082957745
10138260,TNK2,5.309803919971486
9884685,YANK1,5.0
3038525,PFTAIRE2,5.0
11364421,DAPK1,6.267606240177032
9933475,TNNI3K,5.0
208908,PKAC-beta,5.0
3081361,YSK1,5.0
3038525,CDK9,5.0
11338033,RAF1,5.0
11656518,JNK2,5.0
10184653,CDC2L5,5.0
11656518,EGFR(T790M),5.0
3062316,CASK,5.0
5287969,PIK3CA,5.0
11338033,TESK1,5.0
153999,PIK3C2G,5.0
24180719,ERN1,5.0
9929127,CLK1,6.1938200260161125
11712649,RIPK5,5.0
11712649,MYO3B,5.0
216239,EGFR(G719S),5.0
10127622,PLK4,5.0
123631,DRAK1,5.698970004336019
216239,FGFR3,5.376750709602099
11364421,KIT(D816V),5.0
3081361,FGR,6.568636235841013
11338033,PIP5K2C,5.0
10113978,CDK8,5.0
5291,CAMK1,5.0
151194,BTK,5.0
9926791,PKN1,6.769551078621726
9933475,CDK4-cyclinD3,5.0
447077,ANKK1,5.0
5329102,EGFR(T790M),5.619788758288394
5287969,NEK4,5.0
176167,FER,5.0
16038120,ULK3,7.958607314841775
153999,CSNK1G3,5.0
51004351,MAP3K1,5.0
9933475,MRCKA,5.0
9926791,ABL1(F317L)p,5.0
11656518,PDPK1,5.0
44150621,ULK3,6.769551078621726
11409972,PIP5K2C,5.0
10461815,MARK3,5.0
3081361,JNK3,5.0
5291,CDK11,5.259637310505756
123631,CDK11,5.0
16725726,CAMK1,5.0
11409972,EGFR(L858R),5.585026652029182
42642645,BRSK1,5.0
10427712,ERBB3,5.0
11667893,ACVR1B,5.0
5328940,BTK,8.318758762624412
10113978,CDK9,5.0
176155,ULK3,5.0
9809715,ARK5,6.795880017344075
9915743,MYLK,5.0
16725726,ERBB2,5.0
5291,CSK,5.0
11667893,ABL1p,5.173925197299174
156414,FLT4,5.0
11626560,CAMK4,5.0
3062316,CSNK2A2,5.0
176155,LKB1,5.0
16725726,YSK4,7.481486060122113
16007391,RIOK3,5.0
447077,ABL1(Y253F),9.05551732784983
16007391,PAK2,5.0
16038120,GRK4,5.455931955649724
11409972,CASK,5.0
151194,FYN,5.0
42642645,CDC2L2,6.318758762624413
9809715,PHKG2,6.585026652029182
3025986,PKN1,5.0
156414,CDK4-cyclinD3,5.0
10127622,ABL1(Q252H),5.0
11485656,MINK,5.0
3038525,EPHA5,5.0
11314340,FLT3(ITD),7.080921907623926
153999,TNK2,5.0
176870,NDR2,5.0
126565,RSK1(KinDom.1-N-terminal),7.552841968657781
3038522,CAMK2A,5.0
16007391,MEK3,5.0
44259,PAK6,9.244125144327509
16007391,TSSK1B,5.0
10127622,PIK3CA(E542K),5.0
10184653,MELK,5.0
3038522,CAMK2D,5.0
5291,TEC,5.0
16007391,LRRK2,5.0
11712649,FGR,6.657577319177793
10184653,IGF1R,5.0
126565,LCK,6.366531544420414
447077,PLK1,5.0
24889392,CDK3,5.0
11984591,PIK3CB,5.0
11626560,AMPK-alpha1,5.619788758288394
11656518,PIK3C2G,5.0
44259,PIK3CA,5.0
10427712,SBK1,5.0
3062316,FLT3,5.318758762624413
176870,TEC,5.0
151194,GSK3B,5.0
9926054,DAPK1,5.0
11234052,CSK,5.0
5494449,CAMK1D,5.309803919971486
9926054,GAK,5.0
11717001,CDK8,5.0
11485656,VRK2,5.0
11717001,PRKD2,5.0
644241,PIK3CA(I800L),5.0
11364421,MET(M1250T),5.0
3038522,MST2,5.0
11314340,CTK,5.0
9933475,EPHA4,5.0
9933475,TEC,5.0
5329102,DAPK1,6.920818753952375
10074640,PIP5K1A,5.0
9926054,TYK2(JH2domain-pseudokinase),5.698970004336019
24180719,MLK1,5.0
11712649,PDPK1,5.0
447077,MEK5,7.236572006437063
176155,JNK3,7.455931955649724
156422,PIP5K2C,5.0
16038120,MEK5,6.698970004336019
126565,MKNK1,7.251811972993799
11984591,PRKCE,5.0
3038525,CSNK1G1,5.0
11485656,ACVR2A,5.0
9926791,IRAK4,5.0
11364421,FLT4,5.0
11409972,ABL1(Q252H),9.031517051446064
5329102,PKNB(Mtuberculosis),7.060480747381382
25243800,PRKR,5.657577319177793
216239,NIM1,5.0
51004351,AURKB,7.207608310501746
11485656,PIK3CA(I800L),5.0
9933475,EGFR(E746A750del),6.356547323513813
42642645,ZAK,7.346787486224656
10138260,IKK-alpha,6.173925197299174
176167,STK36,5.0
176155,CDK7,5.0
11485656,RPS6KA5(KinDom.1-N-terminal),5.920818753952375
10138260,TSSK1B,5.0
10461815,PYK2,6.040958607678906
9933475,RET,8.214670164989233
9926791,RET(M918T),5.481486060122113
5328940,BRAF(V600E),5.0
9933475,AMPK-alpha2,5.0
11712649,PAK3,5.0
5291,TXK,5.0
51004351,PAK3,6.744727494896694
5328940,INSR,5.0
123631,FGFR1,5.0
17755052,MEK1,5.0
11984591,ADCK4,7.1938200260161125
3062316,IKK-epsilon,5.0
11234052,EPHA5,5.0
25127112,NEK7,5.309803919971486
5329102,PRKCQ,5.366531544420414
6918454,MET,5.0
9884685,ACVR1B,5.0
9884685,MARK3,5.0
16725726,SNRK,5.0
10138260,ZAK,5.0
644241,S6K1,5.0
447077,ARK5,5.0
176167,RSK1(KinDom.2-C-terminal),5.0
216239,PKAC-beta,5.0
5287969,ABL1(F317I),5.0
9929127,KIT(V559D),5.0
3025986,DYRK1B,6.698970004336019
3038522,MERTK,5.455931955649724
25243800,EGFR(S752I759del),5.337242168318426
11427553,PIK3CG,5.0
16725726,EGFR(E746A750del),5.0
11409972,ABL1p,7.886056647693163
5328940,MEK1,7.721246399047171
16007391,PLK4,5.327902142064283
151194,CSNK2A2,5.0
10113978,NEK1,5.0
16725726,LIMK2,5.0
24779724,p38-gamma,5.0
176155,ARK5,5.0
9933475,SBK1,5.0
11338033,DYRK2,5.267606240177032
4908365,RSK3(KinDom.2-C-terminal),5.0
11984591,MLK3,7.958607314841775
51004351,ABL1(H396P),5.508638306165728
10461815,NEK3,5.0
156414,MARK2,5.0
5291,NEK4,5.0
11712649,CDC2L5,5.0
42642645,PRP4,5.0
11364421,TEC,5.0
216239,BIKE,5.0
11314340,LRRK2,5.721246399047171
11409972,HIPK4,8.4089353929735
51004351,S6K1,5.886056647693163
4908365,NEK2,5.0
10427712,PIK3CB,7.096910013008056
44150621,AKT3,5.0
11717001,RIOK3,5.0
24180719,MST1R,5.0
24180719,TNNI3K,5.0
11409972,ADCK4,5.0
5291,MUSK,5.0
9809715,TSSK1B,5.214670164989233
51004351,ZAP70,5.585026652029182
9809715,PIK3CA,5.0
11485656,KIT,8.698970004336019
123631,MET(M1250T),5.0
176870,ZAK,5.0
11717001,ABL1(F317I),5.0
11364421,RIOK2,5.0
10138260,TLK2,6.568636235841013
9884685,RSK2(KinDom.1-N-terminal),5.0
3081361,LTK,6.259637310505756
9809715,TRKB,7.721246399047171
24779724,ANKK1,5.0
153999,FER,5.0
5328940,PIM3,5.0
126565,PRKCQ,7.0
11626560,GRK7,5.0
10138260,PAK4,5.920818753952375
9884685,PLK3,5.0
11314340,HIPK4,6.119186407719209
176167,PKNB(Mtuberculosis),5.0
11427553,TYRO3,5.0
11717001,GAK,5.0
44259,CDK4-cyclinD3,7.698970004336019
25243800,MET,5.0
6450551,ABL1(Q252H),6.537602002101044
16007391,p38-beta,5.0
11984591,NEK7,7.958607314841775
10074640,PKNB(Mtuberculosis),5.0
11717001,SYK,5.0
25127112,TGFBR1,5.0
3081361,PCTK1,5.0
447077,NEK7,5.0
4908365,FGFR2,5.443697499232713
3081361,EGFR(L858RT790M),6.638272163982407
16007391,MYLK2,5.0
9929127,CAMK1D,5.0
176167,ICK,6.167491087293763
11717001,MST1,5.0
9926054,CDKL1,5.0
9926054,CIT,5.0
447077,CDKL1,5.0
6450551,PIM1,5.0
176870,GSK3A,5.0
11712649,PKN2,5.0
9809715,FGFR3,7.031517051446065
11626560,RSK4(KinDom.1-N-terminal),5.0
25243800,ABL1(Q252H)p,7.1249387366083
10113978,MAP4K2,5.568636235841013
644241,LIMK1,5.0
11234052,PDGFRA,7.958607314841775
9929127,PIP5K2C,5.0
51004351,IRAK4,5.0
11427553,PAK7,6.4089353929735005
11234052,MINK,6.508638306165728
156414,BMPR2,5.0
10427712,DLK,5.0
6918454,FGFR3,5.0
11667893,TAOK1,5.0
24889392,DAPK3,5.0
3081361,PDGFRB,7.055517327849832
9926791,CSNK1G3,5.0
24889392,ABL1(F317I)p,5.0
11485656,EGFR(G719C),5.187086643357144
216239,ACVR1,5.0
24779724,ACVR2B,5.0
5328940,TNIK,7.508638306165728
42642645,PIK4CB,5.0
3038522,FLT3(N841I),7.537602002101044
151194,CSNK1D,5.0
3025986,DRAK1,6.356547323513813
44259,MEK3,8.301029995663981
11626560,DCAMKL3,5.0
25127112,WEE1,5.0
5329102,ERK2,5.0
447077,p38-beta,7.013228265733755
16725726,VRK2,5.0
25243800,PIK3CG,7.376750709602099
644241,TNK2,5.0
16725726,PYK2,5.0
24889392,DRAK2,5.0
644241,EPHA6,6.1938200260161125
10074640,YANK2,5.0
11427553,ALK,6.180456064458132
5287969,ULK2,6.327902142064283
3038522,BRK,5.0
3081361,MYLK4,5.0
5287969,ERBB2,5.0
216239,SBK1,5.0
5328940,IKK-alpha,5.0
9809715,MKNK1,5.0
3038522,JNK3,5.0
51004351,FGFR3(G697C),5.0
10184653,MYO3A,5.0
11617559,MARK3,5.0
3081361,KIT(V559D),6.744727494896694
9915743,ABL2,5.0
51004351,INSR,5.0
10138260,DMPK,5.0
5287969,YSK4,5.0
208908,SNRK,5.0
10461815,JAK1(JH1domain-catalytic),5.0
151194,CSF1R,7.346787486224656
11656518,MTOR,5.0
9809715,ICK,5.769551078621726
16725726,PIK3CA(C420R),5.0
11234052,LYN,5.0
176870,BMPR2,5.0
10184653,FGFR4,5.0
9884685,EPHB1,5.0
644241,NEK5,5.0
208908,AAK1,5.0
11314340,CHEK2,5.008773924307505
9926791,NEK2,5.0
10461815,AURKA,5.0
51004351,YES,6.022276394711152
9933475,ABL1(E255K),7.187086643357144
42642645,SYK,6.552841968657781
10427712,JAK1(JH2domain-pseudokinase),6.161150909262744
16007391,DMPK2,5.0
24779724,FYN,5.0
176155,ABL1(F317L)p,5.0
10427712,PKN2,5.0
11409972,CLK2,5.744727494896694
24889392,EPHB2,5.0
6918454,MYO3A,5.0
176167,ERBB3,5.0
176870,RET(V804M),5.0
216239,YES,5.0
11617559,CDK4-cyclinD3,5.0
24180719,PRKD2,5.0
156414,TXK,6.154901959985743
16038120,AURKB,6.823908740944319
44150621,KIT(A829P),7.346787486224656
11409972,EPHA5,6.853871964321762
10427712,PIP5K1C,6.508638306165728
11234052,CAMK2G,5.0
11626560,PRKR,5.958607314841775
10184653,BMPR1A,5.0
11626560,KIT(D816H),5.0
123631,EPHA7,5.0
11234052,ERK5,5.0
16725726,MAP3K15,5.0
5494449,GRK7,5.0
644241,MST1,5.0
42642645,YSK4,8.259637310505756
24779724,CSNK1A1,5.0
9809715,YANK2,5.0
17755052,WEE2,5.0
123631,ERK4,5.508638306165728
176870,MEK4,5.0
11656518,NIM1,5.0
9926791,STK33,5.0
3081361,PLK1,5.0
156414,SBK1,5.0
9926054,p38-delta,5.0
447077,EPHB2,7.721246399047171
3038525,SgK110,5.0
11717001,PAK6,5.0
3038525,TAOK3,5.0
3038525,ERK3,5.0
5287969,DAPK2,5.0
11656518,STK35,5.0
11617559,RIOK1,5.0
10427712,DCAMKL1,5.0
11409972,AMPK-alpha2,5.0
126565,MAPKAPK5,6.031517051446065
5287969,ACVR2A,5.508638306165728
3038522,IKK-beta,5.0
176870,PIK3C2B,5.0
5291,BLK,6.2839966563652006
17755052,LOK,5.0
6918454,ANKK1,5.0
10427712,RIPK4,7.013228265733755
11717001,CAMK1,5.0
9809715,MERTK,8.070581074285707
11617559,SRC,5.0
153999,PIP5K1C,6.292429823902063
9933475,CSNK1E,5.552841968657781
176167,EIF2AK1,5.0
11485656,MST4,5.080921907623926
10427712,EGFR(L747T751del),5.823908740944319
4908365,EPHA3,5.795880017344075
151194,JAK1(JH1domain-catalytic),5.0
25127112,NEK11,5.0
11234052,WEE1,5.0
5291,MARK2,5.0
151194,CAMKK1,5.0
151194,IKK-alpha,5.0
126565,ABL1(H396P),6.0
10138260,CSNK2A2,6.522878745280337
10184653,PLK1,5.0
42642645,PIK3CG,5.0
176155,RIOK2,5.0
123631,VEGFR2,5.0
10427712,PAK7,5.0
156414,ERK2,5.0
3062316,ZAK,7.346787486224656
5329102,PAK4,5.638272163982407
9933475,RIPK4,5.0
11984591,LTK,6.096910013008056
208908,LIMK1,5.0
10138260,ERN1,5.721246399047171
9926054,IGF1R,5.0
42642645,TRPM6,5.0
151194,DYRK2,5.0
3038525,MST3,5.0
5287969,IRAK4,5.823908740944319
3062316,ERK1,5.0
11717001,CAMK1D,5.0
6918454,VRK2,5.0
10074640,KIT,8.09151498112135
3025986,CAMK2B,5.0
10074640,PRKX,5.0
11409972,CAMK2A,5.0
24889392,ASK2,5.0
11338033,LZK,5.0
16725726,FES,5.0
153999,NEK3,5.0
156422,ABL1(Q252H),6.080921907623926
11626560,EPHB6,8.221848749616356
16038120,OSR1,7.318758762624413
11338033,YSK4,5.0
17755052,JNK1,5.823908740944319
44259,CDK3,7.522878745280337
208908,ACVR1,5.0
9926054,PIP5K1A,5.0
11427553,ULK2,6.886056647693163
10074640,PAK6,5.0
216239,TRKA,5.200659450546419
10138260,EGFR(E746A750del),5.0
153999,RET(M918T),5.0
5328940,MEK5,8.086186147616283
644241,SIK,5.0
44150621,CSNK1G1,5.0
5329102,FRK,6.275724130399211
51004351,FGFR1,5.795880017344075
208908,KIT(D816V),5.0
11712649,BMPR2,5.0
208908,KIT(A829P),5.0
16038120,ABL1(H396P)p,6.795880017344075
11427553,S6K1,6.508638306165728
208908,TNNI3K,5.0
644241,PKN1,5.0
3038525,YES,5.795880017344075
156422,MEK2,5.0
176155,PRKCQ,5.0
3081361,JAK1(JH1domain-catalytic),5.0
156422,ABL1(Y253F),5.070581074285707
9926791,MAP4K4,5.0
11656518,FGR,5.0
11234052,ABL1(F317I)p,5.0
25243800,ERK5,5.0
9809715,FLT3(D835Y),9.3767507096021
176155,ROS1,5.0
9926791,EPHA7,5.0
176167,TLK2,5.853871964321762
153999,CSNK2A2,5.173925197299174
11234052,PRKCH,5.0
11656518,MYLK2,5.0
9933475,ARK5,5.0
126565,RIPK4,7.886056647693163
9933475,NEK7,5.0
5494449,HIPK1,5.0
208908,PIK3CD,5.0
11409972,ABL1(Q252H)p,7.508638306165728
25127112,CLK4,5.769551078621726
11409972,p38-beta,6.366531544420414
447077,RAF1,7.638272163982407
24779724,BMPR2,5.0
24889392,PRKG1,5.0
11717001,CAMK2A,5.0
11364421,INSR,5.0
42642645,YANK1,5.0
11314340,PRKCE,7.958607314841775
156414,VRK2,5.0
16038120,CSNK2A1,5.0
16722836,MKNK2,6.42021640338319
156422,PIK3CA,5.0
11667893,ROCK2,5.0
10461815,LIMK1,5.0
11712649,RPS6KA4(KinDom.2-C-terminal),5.0
126565,TGFBR2,6.267606240177032
24889392,LIMK2,5.0
10461815,GRK7,7.214670164989233
3038525,GCN2(KinDom2S808G),5.0
25127112,TAOK3,6.229147988357856
176870,ASK1,5.0
9929127,INSRR,5.0
10127622,RET(V804L),5.0
5328940,EPHB3,6.6777807052660805
10074640,EGFR(L747T751del),5.886056647693163
447077,MYO3A,5.0
10113978,AURKB,5.0
5287969,PRKD3,6.769551078621726
5291,MAP3K1,5.0
156422,PIM2,5.0
10427712,MARK1,5.0
153999,CAMKK1,5.301029995663981
6918454,RIPK2,5.0
5494449,BRSK1,5.075720713938119
11656518,MARK1,5.0
176155,TAOK2,5.0
11626560,RPS6KA4(KinDom.2-C-terminal),5.0
42642645,JAK3(JH1domain-catalytic),5.0
644241,MAK,5.0
11314340,CDK11,5.886056647693163
11617559,PRKG2,5.0
5494449,DYRK1B,5.0
24889392,MLK1,5.0
3025986,AKT3,5.0
9933475,ADCK4,5.0
4908365,CSNK1G3,5.0
3062316,PRKCQ,5.0
3038525,JAK3(JH1domain-catalytic),5.0
24779724,MLCK,5.0
24779724,ABL1(F317L),5.0
11409972,MTOR,5.0
3081361,EPHB2,6.356547323513813
11717001,ERK1,5.0
11234052,ZAK,5.0
156422,GRK7,5.0
11338033,DAPK1,5.0
11427553,ARK5,5.0
3038522,PFCDPK1(Pfalciparum),5.0
44259,TNK2,7.795880017344075
11338033,TRPM6,5.0
10184653,IKK-epsilon,5.0
11617559,ROS1,5.0
16722836,ABL1(Q252H)p,7.267606240177032
11717001,PRKCI,5.0
11234052,JAK3(JH1domain-catalytic),5.0
11617559,PFTAIRE2,5.0
10461815,TGFBR2,5.0
123631,ABL1,5.657577319177793
16725726,MAP3K3,6.055517327849832
9884685,TXK,5.0
5329102,YSK4,7.769551078621726
11984591,ROCK1,6.229147988357856
10074640,FLT3(D835Y),5.0
123631,AKT1,5.0
3038525,JAK1(JH2domain-pseudokinase),5.0
11485656,RIPK4,5.0
6918454,EIF2AK1,5.0
25127112,ERK1,5.0
5287969,EGFR(L747T751del),5.522878745280337
11485656,ANKK1,5.0
3038525,MAP4K2,5.0
10127622,SNARK,5.0
3038522,ANKK1,5.0
42642645,CAMK4,5.0
11485656,EPHB3,5.853871964321762
9926791,CASK,5.0
25127112,ERK3,5.0
9809715,MRCKB,5.0
11656518,TNK2,5.0
11717001,FLT3(R834Q),5.0
3038522,MAP3K1,5.0
16038120,BMPR1B,9.070581074285707
10074640,PKMYT1,5.0
16038120,PFTK1,5.0
153999,PAK1,5.0
10138260,MAPKAPK2,5.0
447077,CSNK1E,5.0
9915743,PIP5K1A,5.0
156422,GAK,5.0
51004351,EPHA7,5.0
17755052,FGFR2,5.0
11717001,MAP3K15,5.0
11314340,DCAMKL1,5.0
176167,FLT3(K663Q),6.376750709602099
24889392,MEK4,5.0
9884685,ERN1,5.0
10074640,TSSK1B,5.0
5329102,LATS1,6.200659450546419
11314340,JAK3(JH1domain-catalytic),5.823908740944319
208908,CLK2,5.0
11234052,LCK,5.958607314841775
151194,GRK7,5.0
176167,PIK4CB,5.0
6918454,DRAK2,5.0
156422,ERK8,5.522878745280337
5494449,MAPKAPK2,5.42021640338319
6450551,ERK4,5.0
10113978,FGFR2,6.6777807052660805
16722836,MERTK,6.086186147616283
9926054,KIT,5.0
10138260,PIP5K1C,5.0
11984591,ICK,5.0
51004351,PRKCE,6.267606240177032
11234052,ABL1p,6.1938200260161125
16007391,MYLK4,5.0
42642645,IKK-beta,5.0
11409972,PRKD2,6.022276394711152
10127622,PCTK1,5.0
11485656,JAK1(JH1domain-catalytic),5.0
16007391,CHEK1,5.0
6450551,PRP4,5.0
11667893,CDK11,5.0
4908365,SIK,5.522878745280337
5287969,NEK1,5.0
5494449,SRPK3,6.619788758288394
10138260,TLK1,6.200659450546419
10461815,MAPKAPK2,5.0
16007391,CDK8,5.0
6450551,PIP5K2B,5.0
5287969,KIT(D816V),5.337242168318426
9915743,MEK4,5.0
3081361,MAP3K3,5.0
4908365,RPS6KA5(KinDom.1-N-terminal),5.0
9915743,CAMKK2,5.0
16722836,NEK3,6.1938200260161125
10074640,TGFBR1,5.0
11626560,RSK4(KinDom.2-C-terminal),5.0
9926054,SRPK3,5.0
17755052,LZK,5.0
5328940,IGF1R,5.0
156414,PIP5K2B,5.0
5329102,LZK,7.022276394711152
9926791,PRKD2,5.0
24779724,TIE2,5.0
10184653,LZK,5.0
11314340,MYLK2,5.0
16038120,PAK3,7.537602002101044
9933475,BTK,5.366531544420414
5328940,PIK3CA,5.0
5328940,TSSK1B,5.337242168318426
9926791,RSK3(KinDom.1-N-terminal),5.0
447077,ERK3,6.769551078621726
3038525,EGFR(L858RT790M),5.0
10113978,PIP5K1C,5.721246399047171
9884685,ERBB4,5.0
153999,PKAC-alpha,5.267606240177032
3081361,NEK5,5.0
4908365,HUNK,5.0
216239,PLK4,5.346787486224656
9915743,AURKA,5.0
11314340,RAF1,5.0
208908,PRKG1,5.0
11427553,TRKA,6.568636235841013
5287969,PIP5K1A,5.0
5328940,CDK4-cyclinD1,5.0
6450551,EGFR(L747S752del),5.0
11626560,AKT3,5.0
176167,TRKA,5.0
5287969,ABL1(Y253F),5.795880017344075
151194,EGFR(T790M),5.0
216239,MUSK,6.886056647693163
176167,PKAC-alpha,6.481486060122113
51004351,FES,5.0
4908365,DDR1,8.0268721464003
6450551,PIK3CB,5.0
9933475,NEK9,5.0
216239,PRKCQ,5.0
9933475,EGFR(L858R),6.853871964321762
5291,PIM3,5.0
9884685,PRKCE,5.0
11485656,RSK3(KinDom.2-C-terminal),5.0
9926054,CSNK1A1,5.0
11667893,PCTK2,5.0
10427712,HUNK,5.0
16725726,MAP4K2,5.0
176155,TGFBR1,5.1487416512809245
5287969,CSNK1E,5.0
6450551,NEK1,5.0
11485656,CSNK1G1,5.0
11364421,MEK1,5.0
11338033,IGF1R,5.0
216239,CDK5,5.080921907623926
11364421,MLK1,5.0
10461815,TXK,5.0
6450551,EPHA2,5.0
4908365,MAP3K4,5.173925197299174
126565,RET(M918T),7.853871964321762
10138260,FLT3(K663Q),9.154901959985745
6918454,MLK2,5.0
16007391,CSNK1D,5.0
644241,DMPK2,5.0
17755052,TRKB,5.0
11338033,ACVR2A,5.0
6918454,EGFR(L858R),5.0
44150621,MRCKB,5.0
44150621,ABL2,5.0
9809715,EGFR(G719C),5.0
11338033,QSK,5.0
11656518,PIP5K2B,5.0
11364421,ABL1(T315I),5.0
11427553,MAP3K3,6.920818753952375
9884685,EPHB3,5.0
11338033,RPS6KA4(KinDom.2-C-terminal),5.0
11617559,RET(M918T),5.0
9915743,MYLK4,5.0
16722836,CDKL1,5.0
5291,PIK3CD,5.0
44259,EGFR(G719S),5.958607314841775
11656518,AMPK-alpha1,5.346787486224656
11338033,HIPK4,5.0
151194,FLT3,5.0
17755052,CSNK1G3,5.0
9915743,ACVR2A,5.0
3025986,RPS6KA5(KinDom.2-C-terminal),5.0
16725726,NEK5,5.0
9884685,TLK1,5.0
11717001,WEE2,5.0
11364421,HUNK,5.013228265733755
11338033,IRAK4,5.0
51004351,CDC2L1,5.0
3038525,LATS1,5.0
10113978,CSNK2A1,5.0
11485656,PRKD2,5.0
11667893,PRKCI,5.0
156414,MAP4K5,5.585026652029182
24180719,MAP4K2,5.0
5291,CLK2,5.0
5291,EGFR(L747E749del),5.119186407719209
51004351,CSNK1G3,5.0
9933475,PRKR,5.0
11234052,YES,5.0
16038120,PRKX,5.236572006437063
11234052,MEK2,5.0
5287969,ICK,9.161150909262744
17755052,RSK1(KinDom.1-N-terminal),5.0
9926054,PDPK1,5.0
16007391,TYK2(JH1domain-catalytic),5.0
10127622,ABL1(T315I)p,5.0
5328940,YANK3,5.0
11617559,PAK3,5.0
176870,MARK4,5.0
5287969,MAP4K5,5.0
25243800,FLT3(D835Y),6.251811972993799
25127112,MEK6,5.0
3038525,PHKG2,5.0
5494449,MAP3K1,5.0
9933475,NDR1,5.0
11712649,DRAK2,8.09151498112135
5287969,STK39,5.0
10461815,MTOR,5.0
3062316,PDGFRB,9.200659450546418
216239,CSNK1A1,5.0
5329102,ABL1(T315I),6.823908740944319
9926791,PIK3C2G,5.0
11485656,ABL1,5.0
5329102,BRAF(V600E),5.0
10427712,EPHA3,5.0
3025986,PRKCD,5.0
153999,MEK4,6.031517051446065
24889392,PIK3C2G,5.0
176167,JNK2,5.0
11717001,SgK110,5.0
11656518,PAK2,5.0
9933475,PRKCE,5.0
3038522,JAK2(JH1domain-catalytic),5.0
5291,DLK,5.0
3081361,IRAK1,5.920818753952375
11626560,CDKL2,5.6777807052660805
216239,CDK7,6.853871964321762
25127112,MAST1,6.2839966563652006
11717001,NEK2,5.0
5329102,FLT3(K663Q),9.657577319177792
9809715,PAK2,5.481486060122113
11234052,KIT(V559D),7.455931955649724
11656518,ABL1(M351T),5.698970004336019
24180719,YES,5.744727494896694
5329102,PRKD2,6.42021640338319
16038120,PCTK2,6.091514981121351
10138260,KIT(V559D),9.292429823902063
5494449,TYRO3,5.0
3062316,AKT3,5.0
11234052,PIK3CA,5.0
10461815,ULK2,5.823908740944319
16007391,NEK6,5.0
16725726,CAMK1D,5.6020599913279625
17755052,PIK3CA(I800L),8.148741651280925
42642645,NLK,6.769551078621726
5329102,FLT3(N841I),8.619788758288394
3038522,MARK4,5.0
11712649,MRCKB,5.0
11234052,MRCKB,5.0
24889392,ERN1,5.0
5287969,TLK2,5.0
24779724,FGFR1,5.0
10113978,PFTAIRE2,5.0
123631,ANKK1,5.0
24180719,BMPR2,5.0
10127622,EGFR(L747T751del),5.259637310505756
644241,EGFR(G719C),5.0
9926791,RIOK1,5.0
10127622,EPHB1,5.0
9884685,NEK9,5.0
17755052,MEK4,5.0
447077,PIM2,5.0
5494449,EPHA5,5.0
153999,TRKC,5.0
216239,RIPK4,5.0
11427553,ERBB4,5.0
42642645,ERK1,5.0
3038525,DMPK,5.0
24889392,PDPK1,5.0
5494449,YES,6.327902142064283
16038120,PAK1,6.187086643357144
3062316,EPHA2,9.070581074285707
126565,MET,6.537602002101044
10138260,ABL1(M351T),6.301029995663981
51004351,DCAMKL2,5.0
11314340,EGFR(G719S),5.0
176167,CAMK1D,5.0
25243800,PDGFRA,6.657577319177793
10074640,CSNK1A1L,5.0
5329102,ULK3,7.376750709602099
16038120,ALK,8.958607314841775
153999,SBK1,5.0
3062316,JAK2(JH1domain-catalytic),6.0
9915743,IKK-beta,5.0
11364421,KIT(V559D-T670I),5.0
5329102,EPHA8,5.0
5328940,CDK5,5.0
16038120,HIPK3,5.161150909262744
42642645,YES,7.318758762624413
6918454,CDK7,5.0
10184653,CDK4-cyclinD1,5.0
10427712,RET(M918T),5.0
11427553,TNIK,7.552841968657781
216239,RET,7.886056647693163
3062316,PLK1,5.0
5291,JNK3,5.508638306165728
3038525,CHEK1,5.0
3081361,CSNK1D,5.0
176870,SNARK,5.0
24889392,EGFR(T790M),5.0
24779724,CAMK2D,5.0
9926054,YES,5.0
10074640,TLK1,5.0
11338033,PIK3CA(C420R),5.0
216239,CAMK4,5.0
9926054,CDK8,5.0
11617559,CDKL1,5.0
11667893,PIK3C2G,5.0
16007391,FYN,5.0
9809715,ERK1,5.0
5287969,MET,5.0
5328940,PDGFRB,6.698970004336019
6450551,MEK2,5.585026652029182
3025986,EGFR(T790M),5.0
10427712,CDKL1,5.0
9884685,MRCKB,5.0
11717001,SNARK,5.0
11717001,AMPK-alpha1,5.0
3081361,PRKR,5.0
10138260,STK35,8.086186147616283
3038525,PIK3CA(H1047Y),5.0
5328940,EGFR,7.455931955649724
11617559,LTK,5.0
9926791,RIPK1,5.0
10427712,MLK2,5.0
176155,TLK2,5.0
10127622,FGFR2,5.0
208908,RSK4(KinDom.1-N-terminal),5.0
24889392,QSK,5.0
51004351,BRSK1,5.920818753952375
11427553,TLK2,5.744727494896694
644241,AURKA,5.0
5494449,TYK2(JH2domain-pseudokinase),5.180456064458132
3038525,EGFR(E746A750del),5.0
4908365,PAK6,5.251811972993799
176167,FGFR1,5.3979400086720375
9884685,GSK3B,5.0
24889392,PRKD3,5.0
9809715,PRKCD,5.0
3025986,PAK4,5.0
5329102,MAK,5.0
156422,TRKB,6.2441251443275085
11712649,TRKA,5.0
3025986,TRKC,5.0
3062316,AKT1,5.0
11712649,ERBB3,5.0
44150621,MEK5,7.494850021680094
6450551,CDKL5,5.0
644241,FAK,5.0
44150621,EGFR(L747T751del),5.0
176155,MET,5.0
11409972,PIK3CA(E545A),5.0
9915743,FGFR3,5.0
156422,ROS1,5.0
10138260,INSR,5.920818753952375
16038120,LKB1,5.0
11485656,FGR,5.0
176870,PRP4,5.0
10074640,VEGFR2,5.0
10127622,IGF1R,5.0
10074640,WEE1,5.0
10113978,FGFR3,6.130768280269024
156422,MYO3B,5.0
11314340,SRC,5.0
25127112,LIMK1,5.0
5328940,CIT,5.619788758288394
9933475,CAMK2G,5.0
25127112,PRKD3,5.0
17755052,PRKD3,5.0
156414,AKT3,5.0
16722836,RSK3(KinDom.1-N-terminal),5.113509274827518
3062316,CLK4,5.0
11409972,NEK2,5.0
644241,EPHB1,5.886056647693163
11427553,DMPK2,5.6777807052660805
9929127,CSNK1G2,5.0
5287969,PKMYT1,5.0
11717001,PDGFRA,5.0
11409972,MKNK2,8.522878745280337
11626560,PIP5K2C,5.0
9926054,PFCDPK1(Pfalciparum),5.0
11364421,CAMK2B,5.376750709602099
3062316,PDGFRA,9.327902142064282
9915743,p38-delta,5.0
216239,TTK,5.455931955649724
10138260,SRPK3,6.920818753952375
4908365,CAMK2A,5.0
24889392,EGFR(S752I759del),5.0
11712649,SIK2,5.0
11409972,EPHB2,6.886056647693163
9926054,PIP5K2B,5.0
151194,MARK2,5.0
156414,FRK,5.468521082957745
3038522,PRKG2,5.0
25243800,ABL1(E255K),7.251811972993799
11717001,IRAK1,5.0
11234052,RET(V804M),5.0
10074640,ABL1(T315I)p,5.0
153999,AKT3,5.853871964321762
9809715,PAK4,5.522878745280337
126565,AKT2,5.6777807052660805
5329102,DLK,7.0
176167,IKK-alpha,5.0
208908,MLK1,5.0
3081361,CSNK1G3,5.0
5329102,RSK3(KinDom.1-N-terminal),7.769551078621726
5291,p38-beta,5.0
5328940,DYRK2,5.0
176167,EPHA6,5.0
16722836,PKAC-beta,5.0
11338033,ABL1(F317L)p,5.0
208908,FES,5.0
10184653,MKK7,5.0
24889392,MAPKAPK2,5.0
126565,ERK4,5.0
25127112,DAPK1,7.142667503568732
5329102,PIK3C2B,5.0
447077,DCAMKL1,5.0
4908365,CAMK2G,5.0
5494449,SNARK,6.275724130399211
9929127,PRKX,5.0
44150621,p38-alpha,5.0
24889392,PFTAIRE2,5.0
11656518,FGFR2,5.0
3062316,SYK,5.537602002101044
123631,RSK2(KinDom.1-N-terminal),5.0
11364421,CSNK2A1,5.0
16722836,MLCK,5.013228265733755
11617559,FLT3(R834Q),5.0
44259,MEK6,8.468521082957745
9884685,CSK,5.0
17755052,CDC2L2,5.0
44259,CTK,6.585026652029182
11656518,ERK5,5.0
10461815,MAPKAPK5,5.0
216239,ERK2,5.0
24180719,EPHA3,5.0
9929127,PYK2,5.0
123631,AURKC,5.0
10184653,ABL1(Y253F),6.080921907623926
42642645,OSR1,5.0
11338033,KIT(V559D-V654A),5.0
11409972,ZAP70,5.0
3025986,DAPK1,5.0
16725726,IKK-alpha,5.0
153999,FLT1,5.0
11338033,PAK3,5.0
5494449,AKT3,5.0
3062316,PIK3CA(E545A),5.0
156422,LTK,5.853871964321762
176167,AKT1,5.0
3081361,PAK1,5.0
11427553,MYO3A,6.130768280269024
9884685,PIK3CA,8.823908740944319
3038525,RPS6KA5(KinDom.1-N-terminal),5.0
6918454,TAK1,5.0
5287969,MAPKAPK5,5.0
25243800,YSK4,8.292429823902063
11667893,ERK8,5.0
11364421,PIK3CA(E545A),5.0
10113978,PIK3CA(H1047Y),5.0
10184653,SNARK,5.0
9926054,ADCK4,5.0
176167,RET(M918T),5.0
44150621,PDPK1,5.0
16725726,JAK2(JH1domain-catalytic),5.0
11984591,SRPK3,6.3979400086720375
9915743,PAK3,5.0
9933475,MYO3B,5.0
11617559,PRKD3,5.0
10074640,p38-delta,5.0
10113978,MELK,5.0
11427553,PIK3CA(H1047Y),5.0
16038120,PRKCH,5.0
10427712,PFCDPK1(Pfalciparum),5.0
11314340,SIK,5.0
9926054,WEE1,5.0
10138260,EGFR(G719C),5.045757490560675
10127622,FES,5.0
17755052,HUNK,5.0
9929127,FER,5.0
44150621,MET(Y1235D),5.0
24889392,TAK1,5.070581074285707
4908365,FRK,5.259637310505756
5494449,PFPK5(Pfalciparum),5.0
10427712,AURKB,5.0
11717001,CLK3,5.0
11234052,CSNK1A1L,5.0
153999,ANKK1,5.0
25243800,JNK1,5.0
5328940,KIT(D816V),7.136677139879544
11656518,DMPK2,5.0
126565,PIK3CG,6.455931955649724
16007391,RIPK4,5.0
24779724,LIMK2,5.0
216239,RIPK2,5.886056647693163
11717001,IRAK3,5.0
156422,MLK3,5.0
3081361,EPHB3,5.0
11712649,MAP4K5,5.0
11485656,PIK3CA(H1047L),5.0
10461815,DDR2,5.119186407719209
5494449,PRKX,5.0
3081361,JAK1(JH2domain-pseudokinase),5.0
10427712,BRK,5.301029995663981
9929127,YANK2,5.0
11234052,GRK4,5.0
10127622,TYK2(JH1domain-catalytic),5.0
11712649,MEK6,5.0
9926791,LATS1,5.0
11617559,MAK,5.0
3025986,HIPK3,5.698970004336019
176155,MEK6,5.0
5287969,CSNK1A1L,5.619788758288394
5328940,SLK,8.327902142064282
11234052,TEC,5.0
9933475,JNK3,5.0
51004351,MYLK4,6.1938200260161125
176870,DCAMKL3,5.0
153999,MKK7,5.0
10184653,CSNK1A1L,5.0
11617559,YANK1,5.0
5287969,SRPK1,5.0
151194,BMX,5.0
11338033,LATS2,5.0
11364421,PRKCE,5.0
9933475,JAK1(JH2domain-pseudokinase),5.0
11717001,STK16,5.0
644241,RPS6KA5(KinDom.2-C-terminal),5.0
16722836,RIPK4,5.008773924307505
3081361,HUNK,5.3872161432802645
24779724,RIPK4,5.0
208908,AKT1,5.0
16725726,STK35,5.0
6450551,TAOK2,5.0
24180719,CLK3,5.0
447077,LATS1,5.0
3062316,p38-gamma,5.0
123631,MST3,5.0
644241,CSNK1D,5.0
153999,YES,5.0
11409972,MARK1,5.0
42642645,CSNK1G3,5.0
156414,CLK1,5.0
11712649,MARK1,5.0
11717001,ACVRL1,5.0
3081361,TNNI3K,5.552841968657781
9926054,ABL2,5.0
11314340,CAMKK1,6.091514981121351
11667893,DDR1,6.585026652029182
3081361,ABL1(Q252H),7.744727494896694
44150621,SIK2,5.431798275933005
3038525,FLT3(K663Q),5.0
24889392,MKNK1,5.0
447077,FGFR3,7.318758762624413
16725726,NEK9,5.0
9933475,SRPK1,5.0
11409972,MARK2,5.0
156422,ACVR1,5.0
9926791,LTK,5.0
208908,PRKCQ,5.0
10074640,TTK,5.0
644241,BMPR2,5.0
16038120,DDR1,6.853871964321762
3038522,PKAC-beta,5.0
3038525,ABL1(F317I),5.0
5287969,PAK4,5.0
11364421,AKT3,5.0
5328940,ABL1(F317L),9.958607314841776
9929127,MKNK1,5.0
5494449,PLK3,5.0
11427553,FGFR2,6.070581074285707
16725726,FLT3(D835Y),5.0
11427553,FLT4,5.886056647693163
44150621,PIK3CA(H1047Y),5.0
10127622,ADCK3,5.0
5287969,JAK1(JH1domain-catalytic),5.0
24889392,DYRK1B,5.0
9929127,MERTK,5.0
176167,FGFR4,5.0
11656518,AURKA,5.0
5494449,ROS1,6.214670164989233
24889392,TAOK3,5.0
11712649,PIK3CA(I800L),5.0
447077,FGFR3(G697C),7.337242168318426
644241,BIKE,5.0
9926791,TIE1,5.0
216239,PKN1,5.0
176155,CIT,6.376750709602099
9926054,PKNB(Mtuberculosis),5.619788758288394
9929127,CSNK1A1L,5.0
17755052,PKMYT1,5.0
9926791,ABL2,5.0
176155,PRKG2,5.0
11427553,KIT(D816H),6.619788758288394
11626560,TGFBR2,5.0
11314340,ARK5,5.0
3038525,PLK4,5.0
6918454,STK39,5.0
11667893,HPK1,5.0
10427712,RSK4(KinDom.1-N-terminal),5.0
9884685,MAP4K2,5.0
11234052,AAK1,5.0
9926054,PIK3C2G,5.0
153999,TXK,5.0
447077,PIK3C2G,5.0
6450551,DDR2,5.275724130399211
11984591,BIKE,5.721246399047171
9926791,FLT3(D835H),5.0
24889392,PDGFRA,7.958607314841775
6450551,AMPK-alpha1,5.0
10184653,SBK1,5.318758762624413
10461815,RPS6KA4(KinDom.2-C-terminal),5.0
11626560,MKK7,5.0
11485656,IRAK1,5.0
9809715,MEK3,5.6777807052660805
4908365,CDK4-cyclinD1,5.301029995663981
5291,RIPK5,5.0
10127622,EPHA7,5.0
24889392,PCTK1,5.0
9915743,ERK8,5.0
5494449,EPHA3,5.823908740944319
16007391,PCTK2,5.0
208908,RIPK2,5.443697499232713
16007391,TAOK1,5.0
11984591,DCAMKL2,5.0
5329102,BRK,5.337242168318426
11667893,ABL1(E255K),5.0
151194,CSNK1G1,5.0
10184653,FGFR1,5.0
24889392,BMPR1B,5.0
3025986,DCAMKL3,5.795880017344075
42642645,BRAF(V600E),5.638272163982407
24180719,PIK3CA(E545K),5.0
11234052,RSK3(KinDom.1-N-terminal),5.0
24889392,LIMK1,5.0
126565,ZAP70,7.795880017344075
11667893,WEE1,5.0
11427553,RET,6.823908740944319
447077,BRAF,8.244125144327509
9926791,YES,5.0
24779724,FGFR2,5.0
24180719,CSF1R,5.568636235841013
9884685,NEK11,5.0
176155,MEK5,5.853871964321762
3038525,PIK3CA(M1043I),5.0
24889392,LRRK2(G2019S),5.0
3062316,DDR1,9.161150909262744
11485656,KIT(D816V),7.091514981121351
11234052,MEK1,5.0
11314340,CDK7,7.154901959985743
9926054,CDC2L5,6.096910013008056
5287969,CDK8,6.920818753952375
151194,PIP5K2B,5.0
11409972,TSSK1B,5.0
447077,PIP5K1C,5.0
11409972,LYN,7.853871964321762
16722836,RSK4(KinDom.2-C-terminal),6.443697499232713
10461815,TYRO3,5.698970004336019
24779724,FLT3(D835H),5.0
11314340,MAP4K5,5.0
25127112,CDK4-cyclinD3,5.0
126565,CSNK1A1,5.0
10127622,PIK3CA(Q546K),5.0
176870,BRAF,5.0
5494449,MLK2,5.744727494896694
11717001,JAK3(JH1domain-catalytic),5.0
176155,INSRR,5.0
176155,EPHA8,5.0
3081361,NEK3,5.0
10461815,PIK3CA(E545A),5.0
42642645,INSR,6.6777807052660805
10113978,BRK,5.638272163982407
6450551,MAP4K5,6.259637310505756
3025986,PRP4,5.0
17755052,AKT1,5.0
153999,LATS1,5.585026652029182
5494449,CDK8,5.0
10113978,MAPKAPK2,5.0
11427553,PAK6,5.886056647693163
11338033,IKK-beta,5.0
11234052,CIT,5.0
10461815,TRKB,6.096910013008056
176155,MST4,5.0
5291,DYRK2,5.0
11626560,CSNK1G2,5.0
644241,MARK2,5.0
10461815,TIE1,5.920818753952375
16725726,PAK7,8.050609993355087
3062316,TAOK1,5.0
11427553,CDK9,5.0
11409972,FYN,7.301029995663981
11626560,ACVR1B,6.0655015487564325
11984591,FGR,7.481486060122113
176155,FLT3(R834Q),5.0
11626560,STK36,5.0
10427712,ICK,5.0
123631,CSNK2A1,5.0
10461815,CDK2,5.0
4908365,PKAC-alpha,5.0
10184653,TYK2(JH2domain-pseudokinase),5.0
25127112,MST2,5.0
24779724,PRKD1,5.0
16038120,AURKC,7.481486060122113
3038522,RIPK5,5.0
644241,ADCK3,5.0
51004351,JAK1(JH1domain-catalytic),6.173925197299174
25127112,RAF1,5.0
11656518,TIE2,5.886056647693163
10113978,NEK4,5.0
9926054,PLK3,5.0
447077,p38-alpha,7.173925197299174
216239,FLT3(K663Q),8.346787486224656
5291,MLCK,5.0
10074640,TYRO3,5.0
5329102,ROS1,5.0
10074640,STK36,5.0
16007391,PIM3,5.0
44259,ERBB3,5.0
5328940,AKT2,5.0
151194,BRAF,5.0
44259,CDK5,7.075720713938118
16722836,SRMS,5.301029995663981
10074640,RSK2(KinDom.1-N-terminal),5.0
24779724,ERK5,5.0
5291,JAK1(JH2domain-pseudokinase),5.0
151194,LKB1,5.0
11409972,ROS1,5.769551078621726
42642645,MLCK,5.522878745280337
5287969,TGFBR1,5.0
5328940,EGFR(L747T751del),7.522878745280337
16038120,DMPK,5.6777807052660805
10127622,ARK5,5.0
51004351,HIPK4,6.022276394711152
5287969,TAOK1,6.853871964321762
11667893,YES,5.301029995663981
11712649,FGFR4,5.0
24889392,CSNK1D,5.0
11364421,ABL1(H396P)p,5.585026652029182
11364421,MTOR,5.0
11626560,CIT,5.0
3062316,DMPK,5.886056647693163
16722836,BRK,5.920818753952375
4908365,p38-gamma,5.0
156422,TAOK2,5.0
644241,BRK,5.0
10184653,EGFR(T790M),9.214670164989233
17755052,PIK3C2G,6.522878745280337
10138260,MAP3K15,5.920818753952375
176155,CLK3,5.0
17755052,PFTAIRE2,5.0
6450551,MST3,5.0
11485656,NEK5,5.0
10074640,TRKC,5.0
3062316,RSK4(KinDom.1-N-terminal),5.0
44259,S6K1,8.886056647693163
16722836,DAPK1,7.795880017344075
6918454,PIK3CA(E542K),5.0
10127622,TAOK2,5.0
151194,p38-beta,5.0
10184653,NLK,5.0
16725726,PIM2,6.167491087293763
5287969,RIPK5,5.376750709602099
126565,ERK3,5.0
3062316,KIT(D816H),8.795880017344075
9926791,CDKL1,5.0
123631,BRSK1,5.0
10184653,BLK,6.657577319177793
11667893,CAMK2B,5.0
6450551,ZAP70,5.0
11984591,PCTK3,5.0
10138260,IRAK3,5.721246399047171
11626560,ABL1(T315I),7.920818753952375
25243800,FGR,6.795880017344075
44259,PAK2,8.508638306165727
9926054,PIK3CA(E545A),5.0
11427553,MAP4K2,7.958607314841775
10138260,MYO3B,5.0
44259,AKT2,7.356547323513813
44150621,CDKL1,5.0
9926054,PIK3C2B,5.0
153999,INSRR,5.0
11338033,DDR2,5.0
11364421,WEE2,5.0
176155,BLK,5.0
11427553,GAK,6.585026652029182
3062316,SGK3,5.0
11234052,RSK4(KinDom.2-C-terminal),5.0
24779724,LTK,5.0
16038120,PAK4,5.698970004336019
3062316,RIOK1,5.0
10127622,MAP3K3,5.0
6918454,CSNK1G1,5.0
5291,GAK,6.0
16007391,GRK4,5.0
10184653,EPHA1,5.0
126565,MEK3,8.301029995663981
123631,CDKL3,5.0
44259,CSNK1G3,5.0
11234052,STK36,5.0
16722836,MAP3K1,5.0
176155,EGFR(L861Q),5.494850021680094
11234052,PIP5K2B,5.0
3038522,PRKCE,5.0
5328940,CSF1R,6.42021640338319
176155,ZAP70,5.0
11314340,BRAF(V600E),5.0
9915743,KIT(D816V),5.0
11234052,LRRK2,5.0
9926054,DRAK2,5.0
44150621,HIPK3,5.292429823902063
208908,PIM3,5.0
11656518,CAMK1G,5.0
10138260,CDC2L1,5.0
11427553,SRMS,5.568636235841013
11485656,PLK1,5.0
16007391,PIK3CD,5.0
10138260,EGFR(T790M),5.481486060122113
10138260,p38-beta,5.0
44259,RPS6KA5(KinDom.1-N-terminal),7.376750709602099
9926791,RIPK2,5.0
156422,FGFR2,5.0
4908365,CAMK1,5.0
25127112,EGFR(E746A750del),5.0
25243800,BRAF,6.055517327849832
644241,RPS6KA4(KinDom.2-C-terminal),5.0
25127112,PRKX,5.0
176167,RIOK3,5.0
3038525,PRKCH,5.0
11717001,CSNK1A1L,5.0
11984591,TYK2(JH1domain-catalytic),6.721246399047171
5328940,ACVRL1,5.0
24180719,DLK,5.0
10074640,MAK,5.0
11314340,YSK4,6.638272163982407
51004351,AAK1,7.318758762624413
10427712,PIK3CA,7.229147988357856
11984591,MARK3,5.721246399047171
11485656,TRPM6,5.0
9926054,DDR1,5.0
17755052,LTK,5.0
11427553,PAK3,6.337242168318426
44259,ULK1,8.00436480540245
11984591,DDR2,7.366531544420414
10074640,NEK11,5.0
16725726,KIT(D816H),6.443697499232713
3038522,EGFR(L747T751del),6.327902142064283
9933475,TRPM6,5.0
11717001,MAP4K3,5.0
5328940,RET(V804L),5.0
5494449,MKNK1,5.0
5329102,ASK1,5.0
3062316,DCAMKL3,5.0
11667893,NEK7,5.0
6450551,ASK1,5.0
10461815,MEK2,6.008773924307505
24180719,LATS1,5.0
4908365,FGFR1,5.455931955649724
16007391,EGFR(E746A750del),5.0
44150621,VRK2,5.0
9926791,TEC,5.0
25127112,MST1,5.0
9884685,GCN2(KinDom2S808G),5.0
11338033,PIK3CA,5.0
16722836,KIT(D816V),6.795880017344075
11984591,CAMKK1,5.0
5329102,BMPR1A,5.0
9933475,MKNK1,5.0
5329102,RAF1,5.0
208908,MAP3K15,5.0
10127622,PRKD1,5.0
11338033,PIK3CB,5.0
3025986,HUNK,5.0
5494449,CDK2,5.0
42642645,TBK1,6.096910013008056
176870,PLK1,5.0
9809715,CIT,5.0
10461815,MET(Y1235D),9.080921907623926
176167,PIP5K1C,5.180456064458132
11617559,PIP5K2C,5.0
24889392,CDK11,5.0
9933475,LTK,5.366531544420414
4908365,ADCK4,5.0
3025986,EPHA6,5.0
16725726,LTK,5.0
11626560,PRKCE,5.0
24889392,PIK3CD,5.0
176155,CASK,5.0
10184653,CDK9,5.0
3062316,MEK5,8.481486060122112
9884685,TNK1,5.0
3025986,PHKG1,5.42021640338319
9933475,FGFR4,6.0655015487564325
16722836,CSK,5.229147988357856
156414,RPS6KA4(KinDom.2-C-terminal),5.0
6450551,PRKCE,5.0
11717001,ERBB2,5.0
9915743,LIMK2,5.0
11338033,MST2,5.0
9933475,CAMK1G,5.0
5329102,CSNK1D,7.823908740944319
10138260,NEK2,5.958607314841775
3038522,GRK1,5.0
208908,CLK4,5.0
3038522,MAP3K2,5.0
11338033,MAST1,5.0
44259,GRK7,9.065501548756432
208908,PFPK5(Pfalciparum),5.0
208908,PRKCH,5.0
5328940,FAK,6.2441251443275085
10127622,TXK,5.0
16007391,CTK,5.0
5329102,MLK1,5.468521082957745
3038522,DYRK1A,5.0
10113978,TYRO3,5.0
9915743,MAP4K2,6.657577319177793
4908365,MLK1,5.0
11409972,KIT(V559D-T670I),7.744727494896694
51004351,BIKE,6.657577319177793
51004351,PIK3CA,5.0
10113978,RSK2(KinDom.1-N-terminal),5.0
9926054,EGFR(L747E749del),5.0
11409972,MAK,6.0
11626560,CASK,6.853871964321762
176870,TRPM6,5.0
9809715,p38-beta,5.0
447077,MRCKA,5.886056647693163
176155,ROCK1,5.0
10184653,TXK,5.508638306165728
9926054,CDK2,5.0
16722836,CDK3,5.0
11712649,MINK,5.0
3025986,DCAMKL2,6.0
11984591,DYRK1A,6.585026652029182
42642645,MYLK2,5.638272163982407
644241,MKNK1,5.0
11338033,PIK3C2B,5.0
10138260,DLK,6.251811972993799
9929127,ACVR2A,5.0
11717001,RIOK1,5.0
11984591,KIT(L576P),8.2518119729938
42642645,SRPK2,5.0
9884685,IRAK4,5.0
11617559,RAF1,5.0
16722836,BTK,6.070581074285707
123631,TAOK3,5.0
10113978,KIT(D816H),6.0
9926791,STK35,5.0
11656518,RIPK1,5.267606240177032
11626560,EGFR(S752I759del),5.0
11427553,ERBB3,5.0
11364421,HCK,5.0
3081361,PIP5K1C,5.0
10461815,MKK7,5.0
16007391,JAK2(JH1domain-catalytic),5.0
11626560,AURKB,7.119186407719209
25243800,GRK4,5.0
176155,SNARK,5.0
9809715,NEK7,5.0
3062316,EGFR(L747E749del),6.958607314841775
447077,FER,5.455931955649724
5287969,GSK3A,5.886056647693163
24889392,EGFR(L861Q),5.0
10138260,CSF1R,8.443697499232712
5494449,BMPR2,5.1487416512809245
10427712,ERBB4,5.6777807052660805
11234052,FLT3(ITD),5.0
3062316,ERBB2,5.853871964321762
176155,CAMKK2,5.0
5291,CDC2L5,5.0
17755052,PLK3,5.0
11338033,EGFR(L747E749del),5.0
9884685,DCAMKL1,5.0
11364421,CDKL3,5.0
51004351,STK36,5.0
176155,TNNI3K,5.455931955649724
11427553,SRPK2,7.823908740944319
644241,ICK,5.0
9809715,MARK1,5.853871964321762
176167,BRSK1,5.0
3025986,BRSK1,5.0
151194,TAOK3,5.0
16038120,p38-delta,5.0
16038120,CHEK2,7.142667503568732
11409972,CSNK1E,5.3979400086720375
156422,WEE2,5.0
11626560,PIP5K2B,5.0
10427712,PRKCI,5.0
6450551,p38-gamma,5.0
24180719,CSNK1G2,5.3872161432802645
9933475,FYN,5.920818753952375
3025986,TYK2(JH1domain-catalytic),5.0
6450551,NEK2,5.0
24779724,LYN,5.0
5291,QSK,5.0
5329102,IKK-beta,5.0
176155,TNK2,5.0
3038522,KIT(D816V),7.537602002101044
126565,MEK5,8.154901959985743
4908365,ACVR1B,8.0
9933475,GCN2(KinDom2S808G),5.0
176167,MEK6,5.0
156422,CDK11,6.698970004336019
216239,LIMK1,5.795880017344075
123631,FLT3(R834Q),5.455931955649724
3025986,MARK1,5.0
11314340,MAP3K1,5.0
176155,GRK1,5.0
10184653,p38-alpha,5.886056647693163
126565,HCK,6.568636235841013
9884685,BMPR2,5.0
24779724,RET(V804M),5.0
11485656,PCTK1,5.552841968657781
3038522,CSNK1D,5.0
216239,YANK2,5.0
11626560,PRP4,5.0
44150621,CASK,5.0
9915743,PAK4,5.0
11409972,NEK9,5.744727494896694
10461815,BRSK1,5.0
3025986,DAPK2,5.0
9915743,MAP3K3,6.886056647693163
10074640,HIPK1,5.0
11338033,FLT3(N841I),5.0
176870,RET(M918T),6.481486060122113
24889392,ACVR1B,5.0
11667893,SRMS,5.0
5329102,PIK3CA(E545A),5.0
9933475,KIT(V559D-V654A),9.508638306165729
16725726,YANK3,5.0
447077,FLT3(D835H),5.795880017344075
126565,BRSK1,7.602059991327962
9915743,AURKC,5.0
9884685,EPHB2,5.0
123631,MEK6,5.0
44259,RSK1(KinDom.1-N-terminal),7.366531544420414
5494449,LYN,6.187086643357144
3038525,RSK2(KinDom.1-N-terminal),5.0
11717001,PCTK2,5.0
11338033,MEK3,5.0
51004351,ERK5,5.0
11409972,EIF2AK1,5.0
156414,RPS6KA5(KinDom.2-C-terminal),5.0
9915743,NEK2,6.6020599913279625
3081361,FGFR3,5.795880017344075
156422,NEK4,5.0
208908,SBK1,5.0
10184653,PIK3CD,5.0
11656518,RPS6KA4(KinDom.1-N-terminal),5.0
5494449,EGFR(T790M),5.0
11314340,LRRK2(G2019S),5.853871964321762
16007391,ERK8,5.0
25127112,ABL1(F317I)p,5.0
126565,IGF1R,5.376750709602099
5291,TLK2,5.0
44150621,ABL1(T315I),6.958607314841775
16725726,PKNB(Mtuberculosis),8.494850021680094
3038522,PRKD3,5.0
11485656,BRSK2,5.0
10184653,HIPK3,5.0
644241,PCTK1,5.0
44150621,PRKD2,5.0
11338033,PCTK1,8.958607314841775
123631,LRRK2,5.0
10074640,PLK4,5.0
25243800,ABL1(T315I),6.0
10113978,PIP5K2B,5.0
9926054,CDKL2,5.0
5328940,CDKL5,5.0
10113978,EPHA5,5.0
3081361,MEK3,5.0
9929127,DLK,5.0
11717001,SRPK3,5.0
151194,AMPK-alpha1,5.0
17755052,RET,5.0
9926791,PIM2,5.0
11617559,EGFR(L861Q),5.0
11364421,EGFR(G719C),6.200659450546419
17755052,TSSK1B,5.0
4908365,LTK,5.0
9915743,RPS6KA5(KinDom.1-N-terminal),5.0
51004351,p38-delta,5.0
176167,TXK,5.0
10427712,RSK3(KinDom.2-C-terminal),5.0
10461815,HIPK4,5.886056647693163
16722836,WEE2,5.221848749616356
9926054,CSNK1A1L,5.0
126565,MAP4K4,7.638272163982407
16007391,JNK2,5.0
11485656,EGFR(G719S),5.0
6450551,EPHA6,5.0
25127112,CDK5,5.0
11667893,BRSK1,5.0
16722836,BMX,5.920818753952375
24889392,ABL1,5.0
123631,NEK2,5.0
151194,PRKR,5.0
11314340,ACVR1,5.0
16007391,SIK2,5.0
4908365,STK35,5.494850021680094
51004351,RPS6KA4(KinDom.1-N-terminal),6.585026652029182
5287969,MYLK2,5.0
9929127,SRPK1,5.0
11712649,RSK2(KinDom.1-N-terminal),5.0
6918454,DLK,5.0
176155,HCK,5.0
42642645,AKT1,5.0
10127622,BRAF(V600E),5.0
24889392,LATS1,5.0
10427712,PLK3,5.0
11234052,FGFR3,6.795880017344075
9884685,CAMK2G,5.0
9926791,AKT1,5.0
10113978,PCTK1,5.920818753952375
11667893,TNNI3K,6.657577319177793
16038120,PIK3CA(E545K),5.0
3081361,PRP4,5.0
3062316,EGFR,6.920818753952375
3081361,FER,5.0
16007391,ABL1(H396P),5.920818753952375
123631,CSNK1G3,5.0
156414,KIT,5.10790539730952
6918454,BLK,5.0
9933475,ULK2,5.0
10127622,CDKL1,5.0
176870,RPS6KA5(KinDom.2-C-terminal),5.0
176870,ERBB4,6.638272163982407
16722836,PKNB(Mtuberculosis),7.0
176155,MST3,5.0
24779724,HIPK2,5.0
9809715,RAF1,5.0
11485656,ERK1,5.0
25127112,TSSK1B,5.0
5328940,EIF2AK1,6.200659450546419
126565,PKAC-beta,6.795880017344075
11617559,PCTK2,5.0
10113978,DMPK2,5.0
11338033,DAPK2,5.0
156414,CDKL2,5.0
447077,NEK1,5.080921907623926
5494449,PIK3C2B,5.0
11656518,ABL1(Y253F),5.568636235841013
25127112,FAK,5.0
10427712,FYN,5.0
9926791,ABL1p,5.0
9926054,NEK6,5.0
3081361,DAPK3,5.0
11314340,KIT(D816V),6.0
11314340,LATS1,5.958607314841775
10461815,RIOK3,6.4089353929735005
11667893,MAP3K1,5.0
24180719,ERK3,5.0
11364421,CAMK2A,5.886056647693163
16725726,BRK,5.0
5329102,ERBB3,5.0
11656518,PAK7,5.0
10461815,CDK4-cyclinD1,5.6020599913279625
208908,HPK1,5.0
51004351,PIM1,6.251811972993799
10184653,CDC2L1,5.0
3038522,ZAP70,5.0
11617559,FYN,5.0
216239,MARK1,5.0
151194,EPHA5,5.0
11234052,RIOK3,5.0
10074640,TNK1,5.0
123631,ULK3,5.0
4908365,PIP5K2B,5.431798275933005
11984591,PIK3CA(H1047L),5.0
5494449,MARK1,5.309803919971486
5287969,PAK7,5.0
176870,DDR2,5.0
9926791,CLK2,5.0
3025986,PIK3C2G,5.0
9884685,ABL1(M351T),5.0
11656518,PIK3CA(M1043I),5.0
123631,p38-gamma,5.0
16038120,PIM3,5.0
10138260,MET(M1250T),5.494850021680094
5291,PLK1,5.0
44259,RIOK1,6.886056647693163
10113978,SBK1,5.0
9926054,RET(M918T),5.0
10427712,PDGFRA,5.0
24180719,CDK11,6.154901959985743
24779724,LZK,5.0
11314340,SRMS,5.0
9809715,PIK3CG,5.0
176155,RIPK1,5.0
11626560,BRAF,5.0
42642645,PRKCE,5.0
176167,SIK2,5.0
5329102,CDK4-cyclinD3,5.698970004336019
9809715,YSK1,5.0
44259,FLT4,7.552841968657781
11314340,MST1R,5.0
11712649,MAP3K2,5.0
25127112,LRRK2,6.537602002101044
11656518,MERTK,5.0
11712649,CDKL3,5.0
6450551,ICK,5.0
3062316,PRKD3,5.0
644241,DCAMKL3,5.0
176870,HIPK3,5.0
208908,PRKD3,5.0
5287969,PHKG2,5.537602002101044
11314340,ABL1(Q252H),5.0
3025986,MEK4,5.0
11626560,HIPK4,5.443697499232713
11364421,MYO3A,5.200659450546419
24889392,ABL1(M351T),5.0
11427553,TYK2(JH2domain-pseudokinase),6.2839966563652006
9926791,FLT4,5.0
11712649,ABL1(H396P)p,6.026872146400302
6918454,CDK8,5.0
11656518,PLK2,5.0
17755052,BRSK1,5.0
10127622,CSNK2A1,5.0
9926054,FLT3(ITD),5.0
9915743,ERK5,5.0
51004351,YANK2,5.0
44259,MAP4K2,8.05551732784983
25243800,ERK1,5.0
176167,PRP4,5.0
3038525,MAP3K1,5.0
24779724,MAP3K1,5.0
42642645,KIT(A829P),8.494850021680094
126565,LZK,6.468521082957745
25127112,BRSK1,5.0
176870,PCTK2,5.0
11409972,TAOK2,7.356547323513813
10184653,RPS6KA4(KinDom.1-N-terminal),5.0
25243800,JNK3,5.0
11617559,DCAMKL3,5.0
9884685,RET(V804M),5.0
208908,TAOK1,5.0
208908,NEK7,5.0
153999,TESK1,5.0
123631,ARK5,5.0
5328940,TLK2,5.6777807052660805
9926054,MAP4K4,5.0
126565,ASK2,6.769551078621726
11712649,CSK,5.045757490560675
5328940,STK36,6.2441251443275085
11984591,CLK1,5.920818753952375
644241,BMX,5.0
123631,PLK1,5.0
11234052,KIT(D816V),5.3979400086720375
24779724,DAPK2,5.0
11656518,MST1,5.0
10427712,EPHB6,5.0
4908365,FES,5.958607314841775
5291,NIM1,5.0
10184653,PRKCH,5.0
11617559,AKT2,5.0
6918454,ADCK4,5.0
16038120,PRKG2,6.619788758288394
16007391,PIP5K2B,5.0
11667893,FLT3(R834Q),5.42021640338319
3038525,MEK2,5.0
11656518,ABL1(H396P)p,5.251811972993799
156422,MYLK2,5.0
4908365,INSR,6.481486060122113
24779724,TNK1,5.0
24779724,LRRK2(G2019S),5.0
9933475,CAMK2A,5.0
11626560,PIP5K1A,5.494850021680094
208908,BLK,5.0
6450551,SNRK,5.0
44150621,JAK1(JH2domain-pseudokinase),6.42021640338319
17755052,TLK1,5.0
9926054,LATS2,5.0
10461815,VRK2,5.0
16725726,CDK8,5.0
11984591,TGFBR2,6.481486060122113
176167,RIPK2,5.0
151194,JAK1(JH2domain-pseudokinase),5.0
11485656,BRSK1,5.0
11667893,IRAK1,5.0
123631,MAP4K5,5.0
17755052,PRKCE,5.0
3038522,MLCK,5.0
11626560,CAMK1G,5.0
24779724,MEK2,5.0
9929127,RPS6KA5(KinDom.1-N-terminal),5.0
9933475,ASK1,5.0
5328940,IRAK3,5.0
5328940,CAMK2D,5.0
126565,FGFR4,5.744727494896694
5287969,DCAMKL1,5.6777807052660805
5287969,DMPK2,5.0
9933475,TLK1,5.0
25127112,PIK3CA(E545A),5.0
16725726,EPHA4,5.0
11656518,EGFR(L747E749del),5.0
9926791,VRK2,5.0
11617559,EGFR(G719S),5.0
3038522,FGFR4,5.0
3025986,PRKD2,5.4089353929735005
51004351,NEK1,5.0
3025986,SgK110,5.0
9933475,JNK1,5.0
24180719,FLT4,5.0
447077,PDGFRA,8.2518119729938
11314340,PIP5K1C,5.0
10427712,LOK,5.0
11427553,MAPKAPK5,5.920818753952375
5328940,ABL1(T315I)p,8.443697499232712
25127112,BRAF(V600E),5.376750709602099
24180719,ADCK3,5.0
447077,FES,6.167491087293763
11656518,CSNK2A2,5.0
10461815,CSNK2A1,5.0
5329102,PRKCH,5.0
9915743,VRK2,5.0
10461815,TLK1,5.0
11667893,ACVRL1,5.0
25243800,p38-alpha,5.0
6918454,IKK-beta,5.0
3038522,JNK1,5.0
176870,TIE2,5.0
447077,IKK-alpha,5.0
24180719,AKT1,5.0
176155,JNK1,5.958607314841775
44259,EPHB4,5.657577319177793
9933475,TAOK3,5.301029995663981
11656518,CDK9,5.0
11485656,WEE1,5.0
10427712,PLK2,5.0
11712649,EPHA5,5.853871964321762
11364421,CDK9,5.0
11667893,ERK1,5.0
10127622,SgK110,5.0
9929127,OSR1,5.0
10427712,PRKG1,5.0
5329102,INSR,6.301029995663981
153999,ROCK2,5.0
25127112,BMPR1A,5.0
11717001,CIT,5.455931955649724
11338033,MYLK2,5.0
42642645,ABL1(F317I)p,6.6020599913279625
9809715,TESK1,5.0
10138260,PDGFRA,8.958607314841775
156422,PHKG2,5.0
16725726,HIPK3,6.698970004336019
5328940,LYN,8.3767507096021
9929127,NEK1,5.0
3038525,RIOK3,5.0
42642645,ERK3,5.0
5328940,MERTK,6.958607314841775
11626560,DAPK2,5.0
11617559,MYLK,5.0
5329102,YES,6.920818753952375
5291,SNRK,5.0
16722836,PKAC-alpha,5.0
3038522,NEK6,5.0
9926791,KIT(V559D),5.0
42642645,CAMK1D,5.275724130399211
11338033,MUSK,5.0
11427553,EPHA3,6.091514981121351
16725726,CSK,5.0
176155,TLK1,5.0
5329102,RSK1(KinDom.1-N-terminal),6.853871964321762
11338033,EPHB6,5.0
176167,DLK,5.0
11626560,PIK3CA(E545K),5.0
6450551,DAPK1,5.0
17755052,EPHA4,5.0
5494449,NIM1,5.0
24180719,DRAK2,5.0
644241,CDC2L1,5.0
25243800,EPHB6,5.045757490560675
216239,TNK1,5.638272163982407
123631,PAK3,5.0
11626560,TEC,5.0
10427712,TYK2(JH1domain-catalytic),5.0
11409972,MST1R,6.318758762624413
11656518,CAMK2B,5.0
10461815,DYRK1B,5.0
9926054,EPHA8,5.0
25243800,PFPK5(Pfalciparum),5.0
151194,PIK3CA(C420R),5.0
216239,ABL1(Y253F),6.180456064458132
11485656,RET(M918T),6.920818753952375
176870,MST1,5.0
9926791,PRKG1,5.0
5291,CAMK1D,5.0
156422,MARK1,5.0
51004351,NIM1,5.0
16725726,ACVR2A,5.0
25243800,MST2,5.585026652029182
9926054,PRKCD,5.0
9933475,ACVR1,5.468521082957745
24779724,NEK4,5.0
16007391,WEE2,5.0
176167,RSK4(KinDom.1-N-terminal),7.602059991327962
11409972,PIM1,5.0
42642645,TRKB,8.387216143280265
9884685,PLK1,5.0
9884685,TGFBR1,5.0
10461815,EPHB6,5.537602002101044
24889392,KIT(L576P),8.200659450546418
5328940,LTK,5.522878745280337
156422,MAP3K3,5.0
16007391,FGFR1,5.0
6450551,RET(M918T),7.0
176155,EPHB3,5.0
10461815,HIPK1,7.031517051446065
176155,BMPR2,5.0
11485656,SRC,5.0
16722836,ABL1(Q252H),6.958607314841775
208908,SLK,5.481486060122113
9915743,TRKA,5.0
11485656,PFPK5(Pfalciparum),5.0
10184653,KIT,5.0
6450551,PIK3CA(M1043I),5.0
156414,EPHB4,5.744727494896694
24779724,LCK,5.0
16722836,DCAMKL1,6.721246399047171
9929127,ROS1,5.0
25243800,JNK2,5.0
176155,AXL,5.0
11314340,GCN2(KinDom2S808G),5.0
5494449,CLK4,5.0
11984591,ABL1(F317I)p,5.0
25127112,ANKK1,6.4089353929735005
5494449,HIPK2,5.0
644241,TESK1,5.0
176870,p38-delta,5.0
10127622,HIPK2,5.0
3025986,ICK,6.823908740944319
25243800,TRKA,5.0655015487564325
24889392,RET,8.096910013008056
176870,YANK2,5.0
11427553,ACVR2A,6.494850021680094
9884685,MEK2,5.0
6918454,FGFR2,5.0
11717001,TNK1,5.0
176155,PHKG2,5.0
16007391,RSK3(KinDom.2-C-terminal),5.0
5329102,MAPKAPK2,5.0
44259,PLK3,6.040958607678906
3038525,CSK,5.0
10113978,ABL1(F317I)p,5.0
10184653,MEK5,5.886056647693163
11338033,MAP4K5,5.0
10127622,DRAK2,5.0
9915743,KIT(V559D-V654A),5.0
11656518,CLK1,5.0
16725726,ITK,5.0
123631,GSK3A,5.0
44259,CSNK1G1,5.455931955649724
9933475,PRKCD,5.0
3038522,MST1,5.0
24180719,BTK,5.0
25243800,RPS6KA4(KinDom.2-C-terminal),7.187086643357144
123631,MAST1,5.0
11626560,PIK3CA(M1043I),5.0
10127622,EPHA5,5.0
10113978,TESK1,5.0
10461815,AURKB,5.698970004336019
16722836,MEK2,5.508638306165728
11427553,IRAK1,7.318758762624413
10113978,AKT3,5.0
5494449,PRKCE,5.0
9915743,PIK3CA(C420R),5.0
9884685,LIMK1,5.0
44259,PIP5K2B,7.113509274827519
5328940,MKK7,5.275724130399211
153999,TRPM6,5.0
156414,CSK,5.214670164989233
176167,LCK,5.0
25243800,PAK7,6.2839966563652006
10113978,NDR1,5.0
5329102,TSSK1B,5.200659450546419
5494449,LATS2,5.187086643357144
24779724,PRKCQ,5.0
11364421,YSK4,6.318758762624413
11409972,IGF1R,5.0
6450551,DYRK1B,5.0
10461815,EPHA1,5.0
11427553,CAMK1,5.853871964321762
644241,CIT,5.0
6450551,FLT1,8.236572006437063
16725726,ERK3,5.0
151194,CSK,5.0
17755052,BRAF(V600E),5.0
11656518,ABL1(H396P),6.036212172654444
9926791,MELK,5.0
11656518,SLK,6.292429823902063
24889392,CHEK1,5.0
10127622,ABL1(Y253F),5.0
42642645,PLK4,8.455931955649724
42642645,CDK3,5.0
3038522,FES,5.0
6918454,PDGFRB,5.508638306165728
11234052,TRKC,5.0
5328940,SNRK,5.0
156414,ABL1(H396P),7.337242168318426
447077,FLT3(N841I),6.107905397309519
16007391,FER,5.0
11712649,IRAK3,5.853871964321762
11667893,SIK2,5.0
156414,CSNK1A1,5.0
6450551,PIK3CA(I800L),5.0
11485656,MLK2,5.0
10461815,MELK,5.0
176155,RSK1(KinDom.1-N-terminal),5.0
16038120,EIF2AK1,5.0
208908,LRRK2(G2019S),5.0
10138260,PFTAIRE2,5.0
153999,PRKCD,8.443697499232712
126565,PRP4,6.259637310505756
216239,EGFR(E746A750del),5.0
24180719,GSK3B,5.0
11338033,STK16,5.0
11712649,RAF1,5.0
11617559,MAPKAPK2,5.0
5329102,TESK1,5.0
5287969,IGF1R,5.0
3038522,FGFR2,5.0
10074640,DYRK1B,5.0
25127112,CAMKK2,5.0
3038525,EPHB4,5.0
17755052,PIP5K2C,5.0
447077,PIK3CA(M1043I),5.0
10427712,ADCK4,5.853871964321762
4908365,DAPK2,5.468521082957745
9933475,IRAK1,5.0
10427712,IGF1R,5.0
44259,SRC,7.0655015487564325
11364421,FRK,5.0
25243800,BRK,6.0
644241,QSK,5.0
11667893,TAK1,5.886056647693163
4908365,MARK2,5.638272163982407
3038525,STK36,5.0
10184653,EGFR(L858R),9.69897000433602
5328940,MAP3K4,6.958607314841775
11667893,CDC2L5,5.0
176155,ACVRL1,5.0
11427553,SIK2,6.251811972993799
25127112,MYLK4,5.0
9809715,NIM1,5.0
156422,EGFR(L747E749del),5.275724130399211
24889392,KIT(V559D-V654A),7.443697499232713
10427712,PKAC-beta,5.0
16007391,LZK,5.0
3025986,TYK2(JH2domain-pseudokinase),5.0
447077,CASK,5.0
11234052,PFTK1,5.0
4908365,SLK,6.142667503568732
11712649,PIK3C2G,5.0
11364421,ZAP70,5.0
11626560,CSF1R,6.6777807052660805
9933475,PIK3CG,5.0
11409972,FLT3(D835H),8.309803919971486
3038522,FGFR3,5.0
153999,NLK,5.0
11984591,PIK3CA(Q546K),5.0
644241,CDC2L2,5.0
24779724,PRKCH,5.0
176155,KIT(D816V),5.0
153999,EPHB2,5.0
42642645,PRKD1,5.0
216239,AKT2,5.0
3025986,CSF1R,5.0
156414,MAPKAPK2,5.0
9915743,PRKCQ,5.0
11626560,RIOK2,5.0
208908,LRRK2,5.0
208908,MRCKB,5.0
3062316,S6K1,5.0
51004351,CHEK1,5.886056647693163
9929127,BTK,5.0
4908365,MYLK4,6.060480747381382
24889392,HPK1,5.0
25127112,ABL1(T315I),5.0
11314340,BRK,5.0
10461815,JAK3(JH1domain-catalytic),6.327902142064283
9809715,FGFR4,5.744727494896694
216239,DYRK1A,5.0
24180719,PRP4,5.0
5287969,PYK2,5.508638306165728
5291,CIT,5.0
10127622,CSNK1G1,5.0
44150621,EPHA4,5.0
17755052,MKNK2,5.0
11485656,PIK3C2B,5.0
176155,STK35,5.0
10113978,FRK,6.1249387366083
3062316,RIOK2,5.0
156414,KIT(D816V),5.4089353929735005
51004351,PRKX,6.017728766960432
216239,GSK3B,5.0
10461815,SRPK2,6.301029995663981
42642645,PIK3CA(H1047Y),5.0
24889392,PRKG2,5.0
10184653,DDR1,5.0
3038522,TEC,5.0
42642645,RIPK4,6.045757490560675
10184653,AXL,5.275724130399211
176155,CTK,5.0
5291,ERK3,5.0
123631,TRKA,5.0
44259,TYK2(JH1domain-catalytic),7.251811972993799
42642645,S6K1,5.920818753952375
44150621,TNNI3K,5.0
11338033,PCTK3,7.853871964321762
11667893,CSNK1G2,5.0
176870,CSNK1G3,5.0
176167,ULK2,5.0
156414,EPHB1,5.823908740944319
11712649,RIPK4,5.0
216239,CDK8,6.508638306165728
11314340,IGF1R,5.0
11314340,EPHA8,5.0
10427712,PRKR,5.0
51004351,AXL,6.2076083105017466
11712649,FAK,5.0
16007391,EGFR(L747S752del),5.055517327849832
44150621,ABL1(F317L),5.823908740944319
42642645,ASK1,5.0
5328940,LIMK2,5.0
16038120,MLK1,6.3872161432802645
5328940,ABL1(Y253F),10.443697499232712
9884685,PIK3CA(H1047L),8.494850021680094
51004351,EPHA2,5.0
5494449,MAP3K2,5.958607314841775
17755052,MST2,5.0
44150621,TYK2(JH2domain-pseudokinase),5.657577319177793
11656518,PCTK3,5.0
447077,NEK2,6.958607314841775
44150621,FER,5.0
5287969,SRPK3,5.0
10074640,RPS6KA5(KinDom.2-C-terminal),5.0
25127112,FLT3(D835Y),5.0
10427712,CSNK1G3,5.060480747381382
16007391,MAPKAPK2,5.0
216239,FLT4,7.022276394711152
11485656,ERK5,5.0
11485656,PDGFRA,8.3767507096021
6918454,MELK,5.0
176167,ERK5,5.0
3038522,PRKX,5.0
16038120,CSNK2A2,5.017728766960432
16722836,NIM1,5.356547323513813
5291,TSSK1B,5.0
11314340,DDR1,5.0
3081361,BLK,7.180456064458132
3038525,CSNK1E,5.0
10113978,TRKC,5.0
10427712,MAPKAPK2,5.0
176167,CAMKK1,5.0
3025986,FLT3(D835Y),5.522878745280337
10138260,STK33,6.886056647693163
25243800,SNRK,5.0
9884685,TESK1,5.0
10127622,EIF2AK1,5.0
151194,MAPKAPK5,5.0
5329102,PRKCI,5.0
11656518,GRK1,5.0
11234052,ADCK3,5.0
176870,MST1R,5.0
156422,PIK3CA(E542K),5.0
3038525,MYLK,5.0
51004351,CDKL3,5.0
5328940,PIK3CA(C420R),5.0
11364421,TAK1,5.0
216239,MLCK,5.017728766960432
11626560,TNK1,6.494850021680094
24779724,DDR1,5.0
16038120,BRSK1,6.508638306165728
151194,FGFR3,5.0
5291,ICK,5.0
42642645,EGFR(G719C),6.920818753952375
6918454,ERK1,5.0
44150621,RET(V804M),7.585026652029182
9915743,IRAK1,5.638272163982407
9926791,BIKE,5.1487416512809245
447077,PIK3CA(E545A),5.0
10113978,TNK2,5.0
25243800,ADCK4,5.455931955649724
9809715,ASK1,5.0
156414,FLT3,5.568636235841013
11314340,PRKR,5.552841968657781
9884685,IKK-epsilon,5.0
10427712,EGFR(L858R),5.853871964321762
9926791,AMPK-alpha2,5.0
126565,FGFR3(G697C),6.136677139879544
9884685,FGFR2,5.0
644241,PFPK5(Pfalciparum),5.0
10427712,AMPK-alpha1,5.0
11712649,PRKG2,5.0
25127112,PIM1,5.0
11984591,ERK2,5.0
11712649,PRKCD,5.0
44259,ULK2,9.102372908709558
44259,YANK2,7.008773924307505
11485656,CDC2L1,5.886056647693163
16038120,CDK2,5.2839966563652006
44150621,MAP4K3,6.251811972993799
3062316,HCK,9.455931955649724
3038525,BMPR1A,5.0
5287969,IRAK1,6.267606240177032
10127622,RSK1(KinDom.1-N-terminal),5.0
153999,LKB1,5.229147988357856
3081361,RSK4(KinDom.1-N-terminal),5.0
11427553,LATS1,5.301029995663981
151194,ICK,5.0
156414,GRK4,5.0
10138260,RET(V804M),7.853871964321762
16007391,PRKD3,5.0
3038525,CDK4-cyclinD1,5.0
24889392,HIPK4,6.494850021680094
10127622,MST1R,5.0
24180719,CSNK1E,5.0
25127112,ASK1,5.0
10184653,MST2,5.0
11427553,NEK4,5.958607314841775
11338033,PIM2,5.0
156414,AURKC,5.552841968657781
6450551,CDC2L2,5.0
25127112,YSK1,5.200659450546419
176167,MARK3,5.0
9929127,SRMS,5.0
3081361,CAMK2B,5.0
11984591,ACVRL1,5.0
9926791,RIOK3,5.0
5328940,EPHA7,5.0
11717001,LRRK2(G2019S),5.0
11485656,MAP3K3,5.0
176155,PAK6,5.0
11984591,CAMK1,6.638272163982407
153999,CLK4,5.721246399047171
176167,PIK3CA(C420R),5.0
3038522,EGFR(E746A750del),6.481486060122113
42642645,MYLK4,5.0
11409972,DRAK2,5.0
9926791,TRKC,5.0
156422,ERBB2,5.0
11427553,PIP5K2B,7.026872146400302
10127622,GRK7,5.0
11617559,PIK3CA(I800L),5.0
208908,NEK4,5.0
16038120,MST1R,6.214670164989233
5494449,PHKG2,5.356547323513813
16722836,PFCDPK1(Pfalciparum),5.920818753952375
6450551,TRKB,5.0
126565,PIK3C2B,5.2839966563652006
151194,PCTK2,5.0
24889392,TRKC,6.259637310505756
3038522,KIT(D816H),6.920818753952375
447077,LOK,5.744727494896694
151194,PAK3,5.0
6450551,EIF2AK1,5.0
24180719,PIK3CA(H1047L),5.0
3025986,HIPK4,5.0
9809715,MTOR,5.0
5328940,TBK1,6.6020599913279625
3038525,MEK3,5.0
11485656,CSNK2A1,5.0
644241,FLT3(K663Q),5.0
151194,MEK3,5.0
156422,DMPK,5.0
10184653,DMPK,5.0
9926791,EPHA6,5.0
5291,PIK3CA(E545K),5.0
11626560,YES,6.113509274827519
9915743,ABL1(F317L),5.0
3062316,MAST1,5.0
4908365,PHKG1,6.229147988357856
3081361,WEE2,5.0
5328940,TIE1,5.537602002101044
176167,DCAMKL1,5.0
176155,JNK2,6.886056647693163
3081361,LOK,7.091514981121351
5329102,FGFR3(G697C),5.853871964321762
51004351,DAPK3,5.744727494896694
156422,PFTK1,5.0
3038525,CDK3,5.0
5291,RPS6KA5(KinDom.2-C-terminal),5.0
10461815,RAF1,5.0
126565,YSK1,7.013228265733755
10127622,MKK7,5.0
11712649,NEK4,5.0
5291,PKAC-alpha,5.0
10184653,PRKCQ,5.0
644241,ABL1p,7.886056647693163
9884685,CLK3,5.229147988357856
176870,PDGFRB,5.853871964321762
11234052,BIKE,5.0
9884685,RIOK1,5.0
176155,ERK2,5.0
17755052,PCTK2,5.0
11364421,ABL1,5.0
9915743,MYO3A,5.0
176167,KIT(V559D-T670I),5.0
176870,OSR1,5.0
17755052,KIT(V559D-T670I),5.0
11626560,ERK2,5.0
10427712,STK36,5.0
9809715,MLK2,5.638272163982407
3038522,LKB1,5.0
11984591,RSK4(KinDom.1-N-terminal),5.0
25243800,HIPK3,6.886056647693163
16722836,MLK2,5.161150909262744
44150621,MKK7,5.0
176870,SgK110,5.0
16722836,MEK3,5.455931955649724
216239,CDC2L2,5.0
25127112,FLT3,5.0
3038522,ABL1(T315I)p,5.0
11712649,PRKD3,5.0
9809715,PIP5K1A,7.309803919971486
24180719,CLK2,5.585026652029182
151194,ROCK1,5.0
10461815,CDC2L1,5.0
9929127,SRPK3,5.0
11409972,PFPK5(Pfalciparum),5.0
4908365,EPHB2,5.481486060122113
176870,ANKK1,5.0
11984591,ABL1(T315I)p,6.721246399047171
11656518,STK16,5.0
3038522,EGFR(G719C),6.6777807052660805
153999,STK39,5.0
9915743,CLK1,5.0
126565,MUSK,5.3872161432802645
3038525,PAK2,5.0
9926054,MARK1,5.0
44259,NEK4,5.0
11364421,PRKX,5.0
9926054,CDK5,5.0
176167,TRPM6,5.0
3062316,PIK3CA(E542K),5.0
10074640,PIK3CA,5.0
11712649,FYN,5.886056647693163
11656518,IKK-epsilon,5.0
42642645,MARK3,5.0
3038525,FGFR3(G697C),5.0
16725726,RIPK4,5.0
3025986,MEK5,5.0
51004351,TRPM6,5.0
9926054,p38-gamma,5.0
9926054,MAP3K4,5.0
9933475,INSRR,5.0
24889392,FLT3,8.886056647693163
5494449,LRRK2(G2019S),5.0
24180719,MYLK4,5.468521082957745
10127622,CSNK1G3,5.0
5328940,CDK9,5.0
6918454,MEK5,5.0
11712649,ERN1,5.0
156422,VEGFR2,5.4089353929735005
11667893,MRCKA,5.0
151194,EPHB2,5.0
156422,TGFBR2,5.0
176155,LRRK2(G2019S),5.0
25243800,PIK3CA(E545A),6.638272163982407
176155,BMPR1B,5.481486060122113
24180719,SLK,5.292429823902063
44150621,CAMK1G,5.0
3081361,MERTK,5.853871964321762
25243800,EPHB2,6.251811972993799
5494449,BRSK2,5.0
11234052,EPHA3,5.0
44150621,EPHA1,5.0
16007391,HIPK4,7.013228265733755
16722836,PAK6,5.161150909262744
11338033,JNK2,5.0
9929127,DAPK2,5.0
10427712,VEGFR2,5.0
42642645,TLK1,5.0
5287969,IKK-beta,5.0
216239,RIPK1,5.0
216239,MST2,5.0
10184653,DRAK2,5.0
25243800,DCAMKL2,5.0
9926791,PRKCE,5.0
5328940,p38-delta,5.0
11656518,IRAK1,5.0
24180719,IRAK3,5.0
10127622,YANK2,5.0
5287969,PRKG2,5.0
9915743,KIT(A829P),5.0
176870,CSNK2A2,5.0
216239,TEC,5.0
3081361,PIK3CA(Q546K),5.0
11234052,OSR1,5.0
24779724,MERTK,5.0
176155,NEK6,5.0
447077,MUSK,5.0
10127622,CDC2L2,5.0
9809715,RSK1(KinDom.1-N-terminal),6.744727494896694
16007391,ANKK1,5.823908740944319
24779724,CAMK4,5.0
3038522,S6K1,5.0
9929127,PIK3CA(I800L),5.0
153999,p38-alpha,5.0
11656518,PFCDPK1(Pfalciparum),5.0
44259,FLT3(R834Q),9.657577319177792
10138260,AMPK-alpha1,7.0
10113978,PAK2,5.0
5287969,CLK4,5.0
24180719,RSK3(KinDom.1-N-terminal),5.0
11485656,PDGFRB,8.721246399047171
156422,ZAK,6.0655015487564325
24180719,TLK1,5.0
176870,EGFR(L858RT790M),6.721246399047171
11314340,JAK2(JH1domain-catalytic),5.0
10127622,CHEK1,5.0
5329102,MET(Y1235D),5.327902142064283
4908365,CDKL3,5.0
10461815,SgK110,5.0
447077,PHKG2,5.0
25243800,LATS1,5.0
208908,EPHA8,5.0
11712649,FLT3,5.0
11338033,EGFR(L858R),5.0
5329102,HCK,6.055517327849832
5494449,IGF1R,6.130768280269024
3038525,DDR1,5.958607314841775
176870,ADCK3,5.721246399047171
10127622,MST1,5.0
151194,ASK2,5.0
10184653,PRKCE,5.0
11409972,MARK4,5.0
9926791,BLK,5.0
44150621,DYRK1B,5.0
9809715,FLT3(N841I),8.585026652029182
10113978,PRKCH,5.0
9915743,MKK7,6.275724130399211
9884685,EGFR(G719S),5.0
11626560,MEK2,5.0
5329102,TAOK2,5.0
11712649,TLK2,5.0
9809715,EPHB1,6.259637310505756
11234052,PRKCI,5.0
126565,PIP5K1A,7.443697499232713
5494449,TGFBR2,5.0
10427712,GRK1,5.0
17755052,RIPK2,5.0
11626560,AURKC,5.366531544420414
6918454,AMPK-alpha2,5.0
5329102,MEK3,5.769551078621726
25243800,IRAK1,5.431798275933005
11656518,RSK4(KinDom.1-N-terminal),5.0
10074640,PDGFRB,8.075720713938118
447077,PHKG1,5.0
447077,TRKC,5.200659450546419
5328940,PAK2,5.721246399047171
44150621,SNARK,6.886056647693163
9884685,PKAC-beta,5.0
51004351,MRCKA,5.0
10113978,PIK3C2B,5.0
3025986,HCK,5.0
5291,EGFR(G719S),5.0
3081361,RET,7.468521082957745
11617559,GAK,5.0
176167,CAMKK2,5.173925197299174
11984591,VRK2,5.0
11485656,MET(Y1235D),5.585026652029182
44150621,ACVR1,5.0
16722836,TAOK3,5.721246399047171
24180719,CAMK1G,5.0
11485656,p38-beta,6.431798275933005
5494449,CDK4-cyclinD3,5.0
156422,RSK3(KinDom.2-C-terminal),5.0
10074640,AURKC,5.0
24889392,p38-beta,5.0
42642645,SRC,7.698970004336019
3038525,YSK4,5.0
208908,DMPK2,5.0
176870,STK33,5.0
156422,EPHA3,6.055517327849832
24889392,YANK3,5.0
51004351,ABL1(F317L)p,5.0
24889392,CASK,5.0
3062316,JNK3,5.0
16725726,ABL1(F317L)p,5.0
10461815,CSNK1A1L,5.0
10461815,PRKD2,5.0
16722836,SLK,6.167491087293763
11338033,RIOK1,5.0
11626560,MST2,6.00436480540245
644241,BRAF,5.769551078621726
11667893,MAP3K3,5.6777807052660805
176155,KIT(L576P),5.0
3025986,YSK4,5.0
11234052,RPS6KA4(KinDom.1-N-terminal),5.0
44150621,TIE1,5.3979400086720375
25127112,KIT(D816H),5.200659450546419
123631,ABL1(F317L),5.568636235841013
9933475,TTK,5.0
11409972,PIK3CA(I800L),5.0
126565,IKK-beta,7.920818753952375
25127112,JNK2,5.0
10427712,BMX,5.0
11234052,FLT3(K663Q),5.0
11617559,ASK1,5.0
9926054,RIPK5,5.0
16725726,RPS6KA4(KinDom.1-N-terminal),5.0
644241,CSNK1A1,5.0
644241,INSRR,5.0
42642645,DCAMKL1,5.0
156422,RIPK1,5.0
44259,NEK7,5.346787486224656
9926791,ABL1(Q252H)p,5.0
9884685,TAOK3,5.0
51004351,PIK3CA(E545A),5.0
9926054,FGFR4,5.0
24180719,STK39,5.0
6450551,CSNK1G2,5.0
447077,CDKL5,5.0
156422,FLT3,5.638272163982407
24889392,MYO3A,5.0
9809715,PHKG1,6.853871964321762
5291,FGR,5.619788758288394
51004351,CDKL5,5.0
5291,IKK-epsilon,5.0
9926791,RPS6KA4(KinDom.1-N-terminal),5.0
11364421,FLT1,5.0
11409972,MAP4K5,6.455931955649724
17755052,SNRK,5.0
5287969,ALK,6.173925197299174
11364421,LATS2,5.0
44259,CSNK1D,5.619788758288394
16722836,CAMKK1,5.744727494896694
9926791,AURKA,5.0
3062316,OSR1,5.0
6918454,MAK,5.0
3081361,PFTAIRE2,5.0
9915743,ULK2,5.0
10138260,EPHA7,5.823908740944319
5291,PRKG2,5.0
11409972,PRKD3,5.823908740944319
216239,NEK1,5.0
11364421,PCTK3,5.0
176167,LZK,5.0
11712649,RIPK1,5.0
17755052,RSK4(KinDom.1-N-terminal),5.267606240177032
25243800,DCAMKL3,6.086186147616283
10184653,YES,5.0
9933475,ACVR2B,5.0
4908365,MAP4K4,6.853871964321762
10127622,PKAC-alpha,5.0
5291,RAF1,5.769551078621726
11364421,GCN2(KinDom2S808G),5.0
4908365,RPS6KA4(KinDom.2-C-terminal),5.0
3025986,STK35,5.0
176155,PDGFRB,5.0
9929127,JAK2(JH1domain-catalytic),5.0
10138260,PIK3CA(C420R),5.0
9929127,p38-alpha,5.0
6450551,MRCKA,5.0
11338033,TNK1,5.0
11234052,PRKG1,5.0
44259,MLK3,7.698970004336019
123631,ABL2,5.795880017344075
3062316,ERK2,5.0
10427712,NEK1,5.42021640338319
10427712,STK39,5.0
176167,MARK4,5.0
4908365,PIK3C2G,5.0
16038120,ASK2,5.744727494896694
10427712,CLK1,6.853871964321762
5494449,MTOR,5.0
9926791,RET(V804M),5.0
6450551,NIM1,5.0
10184653,AKT3,5.0
11409972,MEK5,7.130768280269024
11984591,BTK,6.721246399047171
123631,SIK2,5.6777807052660805
10427712,PIK3C2B,8.136677139879545
11617559,BIKE,5.0
11984591,PKN1,6.180456064458132
3025986,QSK,5.0
9915743,RIPK4,5.0
9884685,TIE1,5.0
44259,PRKD3,7.744727494896694
9809715,NDR2,5.0
176167,MTOR,5.0
11338033,PIK3CD,5.0
10184653,NDR1,5.0
5329102,CDKL5,5.0
51004351,RPS6KA4(KinDom.2-C-terminal),5.0
11234052,p38-beta,5.0
11656518,MEK6,5.0
4908365,PRKD3,6.318758762624413
10113978,RIOK1,5.0
151194,PLK1,5.0
9926791,MET(M1250T),5.0
9933475,MLK2,5.0
9926791,GAK,5.0
123631,PIP5K2B,5.0
24779724,p38-beta,5.0
44150621,DMPK2,5.0
11712649,ACVR2A,5.0
11314340,MEK4,5.0
44259,LKB1,7.214670164989233
126565,CDK9,6.275724130399211
11427553,MARK2,6.356547323513813
123631,BRAF,5.0
24779724,PIK3CD,5.0
11626560,RSK1(KinDom.2-C-terminal),5.0
5291,LOK,5.0
44259,MAPKAPK5,6.568636235841013
156414,HIPK1,5.0
24779724,FER,5.0
153999,TAOK3,7.013228265733755
9929127,STK35,5.0
16725726,AAK1,5.0
153999,DRAK1,5.0
11427553,PIK3CB,5.0
16722836,MRCKA,5.0
208908,MAP3K2,5.0
6450551,TAK1,5.0
17755052,RSK3(KinDom.2-C-terminal),5.0
4908365,YANK1,5.0
42642645,CAMK2G,5.0
42642645,MYO3B,6.161150909262744
10427712,RPS6KA5(KinDom.2-C-terminal),5.0
9915743,ZAK,5.823908740944319
3038525,PLK3,5.0
42642645,MET(M1250T),9.0
24889392,EPHB3,5.0
11712649,DDR2,5.0
16007391,RAF1,5.0
3025986,EGFR(E746A750del),5.0
3081361,RSK4(KinDom.2-C-terminal),6.619788758288394
11485656,ADCK4,5.0
44259,IRAK3,7.886056647693163
10427712,DAPK2,5.0
9926791,ULK1,5.0
9929127,RSK1(KinDom.2-C-terminal),5.0
10113978,TIE1,6.154901959985743
16725726,EGFR(L747S752del),5.0
44259,STK33,8.744727494896694
9926791,EGFR(G719C),5.0
447077,PYK2,5.301029995663981
11364421,MAP3K3,5.0
216239,PIK3CD,5.0
10127622,CDK9,5.0
644241,NIM1,5.0
42642645,EGFR(L858RT790M),5.744727494896694
10427712,PAK2,5.0
10113978,IKK-epsilon,5.0
9929127,ITK,5.0
6918454,EPHB4,5.0
24889392,CLK1,5.0
24779724,PRKCD,5.0
11314340,PLK1,5.0
176167,PIK3CA,5.0
3025986,CAMK4,5.0
156414,MEK4,5.0
156422,GRK4,5.0
10184653,TEC,5.0
42642645,ANKK1,5.823908740944319
5329102,SIK2,6.236572006437063
3062316,MYLK4,5.0
11717001,FRK,5.0
5287969,RPS6KA4(KinDom.2-C-terminal),5.0
10138260,ERK4,5.0
447077,SRPK2,5.0
24779724,EGFR(G719C),5.0
10138260,MYLK2,6.721246399047171
5291,ABL1p,7.67778070526608
6450551,PLK3,5.0
44150621,HUNK,6.3872161432802645
3025986,MARK4,5.0
10074640,FES,5.0
11409972,ASK2,5.096910013008056
447077,DRAK1,5.0
216239,AMPK-alpha1,5.0
6918454,MUSK,5.0
10127622,PRKCQ,5.0
10074640,GCN2(KinDom2S808G),5.0
3038522,GCN2(KinDom2S808G),5.0
44150621,BTK,5.0
42642645,PFPK5(Pfalciparum),5.0
176870,PRKD3,5.0
24779724,RSK3(KinDom.1-N-terminal),5.0
16007391,ABL1p,5.259637310505756
25243800,ZAK,5.744727494896694
153999,INSR,5.0
11338033,MYLK4,5.0
156422,SNARK,5.0
25243800,LKB1,5.0
24779724,BRSK2,5.0
10113978,BRSK2,5.0
4908365,PIK3CA(Q546K),5.0
11314340,NIM1,5.0
10461815,PDGFRA,5.698970004336019
156414,STK33,5.0
11485656,CLK2,5.0
10427712,SNARK,5.0
24180719,ROCK1,5.0
9926054,JAK3(JH1domain-catalytic),5.0
11364421,PIK3C2B,5.0
153999,AAK1,6.045757490560675
3062316,MST2,5.0
176870,MLK1,5.0
24180719,NEK6,5.0
9929127,ABL1,5.0
447077,IRAK3,5.0
447077,TAOK3,6.4089353929735005
4908365,EPHA5,5.259637310505756
16007391,PFPK5(Pfalciparum),5.0
10184653,YSK4,5.0
156414,HIPK2,5.0
11667893,TSSK1B,5.0
208908,WEE2,5.0
11656518,RSK3(KinDom.1-N-terminal),5.0
24779724,ERBB4,5.0
16007391,EPHA6,5.0
9926054,VRK2,5.0
11234052,HIPK4,5.0
11656518,DCAMKL1,5.0
16722836,EGFR(L747E749del),5.823908740944319
44150621,MYLK4,7.096910013008056
11364421,PHKG2,5.795880017344075
5291,ULK2,5.0
176155,PIK3CA(E542K),5.0
3038522,ITK,5.0
16725726,EGFR(L858R),5.0
123631,IKK-alpha,5.0
11656518,EGFR(L861Q),5.0
5328940,PIP5K2C,5.0
176167,DRAK1,6.119186407719209
9884685,MRCKA,5.744727494896694
5494449,ACVRL1,5.022276394711152
24889392,RPS6KA4(KinDom.1-N-terminal),5.0
3062316,DCAMKL2,5.0
11409972,IKK-beta,6.958607314841775
11717001,IGF1R,5.0
25127112,FGFR4,5.0
6450551,NDR2,5.0
447077,ITK,5.0
16725726,FAK,5.0
25243800,SRPK2,5.0
24889392,CDC2L5,5.0
44259,ROCK2,9.619788758288394
51004351,FRK,5.619788758288394
3062316,RSK1(KinDom.2-C-terminal),5.0
156414,EGFR(L858RT790M),9.55284196865778
5291,AXL,5.0
51004351,RSK4(KinDom.2-C-terminal),5.0
10427712,EIF2AK1,5.0
11984591,EPHA8,5.886056647693163
5329102,p38-gamma,5.0
25127112,DCAMKL2,6.119186407719209
151194,ABL1(Y253F),5.0
5328940,SgK110,5.0
11234052,FGFR2,6.958607314841775
6918454,PRKG1,5.0
176167,FGFR3,5.0
11667893,DCAMKL3,5.0
10184653,PKMYT1,5.0
24889392,ROCK2,5.0
11234052,MELK,5.0
3038525,HIPK4,5.0
16722836,RPS6KA5(KinDom.2-C-terminal),5.657577319177793
42642645,EPHA5,8.18045606445813
42642645,PDGFRA,8.346787486224656
24180719,PFPK5(Pfalciparum),5.0
24180719,MAPKAPK5,5.0
16725726,CDKL1,5.0
11626560,PIK3CG,5.0
11234052,CTK,5.0
9915743,DMPK,5.0
25243800,EPHA1,7.00436480540245
3025986,JNK1,5.0
25127112,MYLK,6.443697499232713
11984591,RIPK2,6.013228265733755
176167,PIK3CA(E545A),5.0
17755052,TRPM6,5.0
11984591,ERK4,5.0
25127112,YANK1,5.0
447077,ROS1,5.0
11485656,TRKC,6.6777807052660805
44150621,GAK,6.309803919971486
176870,KIT(D816H),5.0
24779724,YANK1,5.0
5287969,MEK6,5.0
10461815,PHKG2,5.619788758288394
11485656,NEK1,5.0
44150621,AKT2,5.0
5291,PRKD1,5.0
9926791,FGFR3,5.0
11427553,CSNK1A1,5.920818753952375
6918454,CAMK2B,5.0
11984591,ERK5,5.0
10184653,EGFR(G719S),9.721246399047171
176155,BMPR1A,5.0
9926054,MAP4K2,5.0
16722836,ERBB4,5.698970004336019
3062316,FAK,5.0
11617559,ABL1(Q252H)p,5.0
176155,FLT4,5.0
11364421,IKK-alpha,5.0
10427712,MKNK1,6.055517327849832
9926054,ABL1(H396P)p,5.0
11667893,RIPK2,5.031517051446065
4908365,EGFR(G719C),5.0
11338033,CDK3,7.221848749616356
9884685,IGF1R,5.0
9884685,ASK2,5.0
153999,DAPK2,5.0
44150621,PIP5K2C,5.0
9926791,p38-delta,5.0
11717001,DCAMKL3,5.0
17755052,DCAMKL1,5.0
11667893,PDPK1,5.0
644241,ABL1(F317L),7.920818753952375
44259,CLK1,7.494850021680094
24779724,PIK3CA(E545K),5.0
9884685,PIK3C2G,7.387216143280264
9915743,CIT,5.0
11314340,ZAK,5.0
11984591,EPHA2,6.853871964321762
11234052,PAK6,5.0
9926791,ALK,5.0
5329102,ITK,7.886056647693163
11712649,ROS1,5.508638306165728
176155,RSK1(KinDom.2-C-terminal),6.494850021680094
3038522,SRPK3,5.0
11427553,BRAF(V600E),5.0
11338033,RET,5.0
447077,CDC2L2,5.0
5328940,TXK,7.142667503568732
10461815,MARK4,5.0
11338033,GSK3B,7.958607314841775
447077,EGFR(G719C),6.275724130399211
17755052,FAK,5.0
16725726,PLK2,5.0
5328940,PIK3CA(E545A),5.0
156414,ERK1,5.0
5328940,JNK3,5.0
9915743,ABL1(Q252H)p,5.221848749616356
6918454,TIE2,5.0
10113978,EGFR(T790M),5.0
153999,FLT3(D835H),6.6777807052660805
10138260,STK36,5.0
10127622,TGFBR1,5.0
25127112,CAMK1,6.327902142064283
176870,ABL1(F317I),5.086186147616283
11667893,CSNK2A2,5.0
5494449,SRPK2,6.167491087293763
24779724,FAK,5.0
24889392,RSK4(KinDom.2-C-terminal),5.0
11984591,ABL1(F317I),5.0
126565,MEK6,7.356547323513813
16722836,GAK,8.958607314841775
123631,CDC2L2,5.0
4908365,PIP5K1A,6.229147988357856
24779724,HCK,5.0
9884685,LRRK2(G2019S),5.0
9884685,RPS6KA4(KinDom.2-C-terminal),5.0
3025986,EPHA2,5.0
5291,DRAK2,5.0
17755052,MYO3B,5.0
11656518,NEK5,5.494850021680094
208908,MYLK2,5.0
3025986,BIKE,5.0
6450551,FLT3,7.376750709602099
5328940,CLK2,5.769551078621726
11338033,CSNK1E,5.0
10427712,BMPR1B,5.0
3062316,HIPK3,5.0
44150621,LIMK2,5.0
3081361,TYK2(JH2domain-pseudokinase),5.0
11364421,CDK4-cyclinD3,5.721246399047171
11667893,AURKA,5.0
11712649,MEK3,5.0
176155,CSK,5.0
5287969,CDKL3,5.0
644241,CDK4-cyclinD3,5.0
9915743,PIK3CA,5.0
16038120,RSK3(KinDom.2-C-terminal),6.795880017344075
24889392,SIK2,5.0
24180719,MEK3,5.0
11338033,FGR,5.0
16722836,AAK1,7.455931955649724
11712649,BLK,7.167491087293763
11717001,PLK4,5.0
10127622,CDK4-cyclinD1,5.0
216239,MYO3A,5.0
11364421,S6K1,5.0
156422,MAPKAPK5,5.0
44259,FLT3,8.537602002101044
176155,NEK11,5.0
11485656,MAP4K2,5.0
447077,MEK3,5.2839966563652006
176870,PLK2,5.0
11234052,INSR,5.0
24889392,RET(V804M),8.040958607678906
3038525,MYO3B,5.0
156414,MEK5,7.221848749616356
176870,TSSK1B,5.0
3062316,BLK,9.67778070526608
11626560,BTK,5.10790539730952
44259,PIP5K1C,5.568636235841013
11717001,PLK1,5.0
9926054,BMPR1A,5.0
3081361,CDC2L5,5.0
11617559,HPK1,5.0
5328940,ACVR1B,5.0
3025986,NEK1,5.0
11656518,ACVR2B,5.0
5287969,CDK2,6.259637310505756
11717001,ERK4,5.0
44150621,PYK2,5.0
10074640,CDKL1,5.0
25243800,JAK1(JH2domain-pseudokinase),5.431798275933005
5494449,PIK3CA(E545A),5.0
10074640,LTK,5.0
176155,NEK4,5.0
16725726,CSNK1D,5.0
24889392,LRRK2,5.0
176167,INSRR,5.0
11485656,GSK3B,5.0
16722836,MINK,5.050609993355088
4908365,PRKG1,5.0
176167,EPHA8,5.0
24779724,KIT(A829P),5.0
11626560,HIPK2,5.0
153999,PIK3CA(E542K),5.0
11427553,TYK2(JH1domain-catalytic),6.795880017344075
153999,BRSK2,5.0
5287969,EPHB3,5.0
10138260,CDK9,5.0
10127622,CAMK2G,5.0
24889392,MRCKA,5.0
9926054,STK39,5.0
10184653,SRC,5.552841968657781
9933475,PFPK5(Pfalciparum),5.0
44259,MET,6.721246399047171
24889392,KIT,8.318758762624412
25243800,RSK1(KinDom.1-N-terminal),5.6777807052660805
6918454,EGFR(S752I759del),5.0
10138260,CLK1,6.443697499232713
51004351,TNK1,7.080921907623926
9933475,LATS1,5.0
9929127,JNK2,5.0
11656518,TNNI3K,5.229147988357856
5328940,CSNK1D,6.619788758288394
24180719,MAP3K15,5.0
9933475,ABL1(F317I)p,5.886056647693163
5291,PCTK2,5.0
644241,ROCK2,5.0
11338033,PRKCE,5.0
208908,MEK3,5.0
24889392,FLT3(K663Q),8.657577319177793
11427553,MKNK1,5.0
25127112,EPHB3,5.0
153999,SIK,5.0
11338033,IKK-alpha,5.0
9884685,ERK2,5.0
10461815,MKNK1,5.0
156422,PIK3C2G,5.0
11656518,KIT,6.698970004336019
216239,PDPK1,5.0
644241,EPHA5,5.721246399047171
24889392,TNIK,5.552841968657781
9884685,LTK,5.0
11364421,SBK1,5.0
24779724,NEK11,5.0
208908,PAK1,5.0
176167,ERK3,5.0
11364421,MARK2,5.0
11667893,EGFR(S752I759del),5.0
24180719,PYK2,5.0
10138260,PIM1,5.0
153999,EPHA5,5.0
11717001,FGR,5.0
11338033,AKT3,5.0
208908,PAK7,5.0
216239,RAF1,6.638272163982407
11338033,INSR,5.0
176870,SIK2,5.585026652029182
156422,TRPM6,5.0
156414,FGFR3,5.0
3062316,ABL1(E255K),10.327902142064282
126565,CAMKK1,7.638272163982407
11427553,ABL1(T315I)p,8.229147988357855
11338033,CIT,5.0
24889392,RET(V804L),7.886056647693163
447077,AXL,5.0
10427712,TGFBR2,5.0
51004351,PIK3CA(I800L),5.0
9929127,EPHB1,5.0
16007391,MARK3,5.0
123631,NEK4,5.0
11626560,PCTK2,5.0
5287969,EPHA2,5.6020599913279625
25127112,PIK3CA(M1043I),5.0
11617559,PFCDPK1(Pfalciparum),5.0
4908365,KIT(L576P),8.638272163982407
5329102,RPS6KA5(KinDom.1-N-terminal),7.552841968657781
10138260,TNK1,5.823908740944319
16038120,PIP5K1A,5.013228265733755
208908,PIK3CA(M1043I),5.0
9926054,PHKG2,5.0
16722836,LTK,5.200659450546419
10127622,NLK,5.0
16007391,KIT,7.769551078621726
11338033,PRKCD,5.0
5329102,SRMS,5.0
24889392,MAP3K4,5.0
126565,PIK3CA(H1047Y),6.187086643357144
126565,MAP4K2,8.327902142064282
11338033,PLK2,5.0
11626560,CDK3,5.0
3062316,LATS1,5.0
11656518,RIPK4,5.0
9809715,ADCK3,5.0
176870,PYK2,5.0
11656518,PIK3CG,5.0
5291,TLK1,5.0
24889392,ACVR1,5.0
9926791,HPK1,5.0
153999,FGFR1,5.0
17755052,MLCK,5.0
11717001,BRSK1,5.0
216239,BRSK2,5.0
44259,FLT3(D835Y),8.602059991327963
11234052,STK35,7.585026652029182
208908,ASK2,5.0
4908365,WEE2,5.0
10074640,MLK2,5.0
9929127,NEK3,5.0
6450551,NEK6,5.0
9915743,PIP5K2B,5.0
10461815,TAOK3,7.366531544420414
16038120,DRAK1,5.537602002101044
11717001,ERK3,5.0
216239,RSK1(KinDom.1-N-terminal),5.0
11717001,DDR1,5.0
17755052,EGFR(L747T751del),5.0
16722836,PFPK5(Pfalciparum),5.0
42642645,PKAC-beta,5.0
11409972,ROCK2,6.4089353929735005
3025986,TGFBR1,5.0
11626560,CTK,5.0
151194,CAMK4,5.0
11314340,CSNK1D,6.6777807052660805
24779724,PKN2,5.0
16725726,MEK1,5.0
9926791,ACVRL1,5.0
10127622,JAK3(JH1domain-catalytic),5.0
11338033,RIPK2,5.0
24889392,HIPK1,5.0
6918454,CDK11,5.0
10184653,ERK1,5.0
156422,CSK,5.0
216239,CHEK1,5.0
44259,FGFR3(G697C),6.508638306165728
9929127,CAMK4,5.0
3025986,CLK4,6.096910013008056
11338033,RSK3(KinDom.2-C-terminal),5.0
10127622,FRK,5.0
10127622,BIKE,5.0
11656518,DMPK,5.0
3038522,CDK3,5.0
11364421,CAMK2D,5.619788758288394
10074640,DMPK2,5.0
11656518,MARK2,5.0
9933475,MAP4K3,5.698970004336019
11617559,CLK4,5.0
3081361,p38-gamma,5.0
9926054,HIPK2,5.0
11427553,EGFR(L747S752del),5.0
10113978,IGF1R,5.0
10138260,WEE2,5.0
3038525,LKB1,5.0
153999,DMPK,6.552841968657781
5291,MST3,5.0
51004351,CAMK4,5.0
6918454,p38-beta,5.0
16725726,CDK3,5.0
447077,TBK1,5.0
153999,PLK2,5.0
9926054,MAP3K3,5.0
126565,BMPR2,5.823908740944319
123631,CDK5,5.0
9884685,MET,5.0
16722836,CSNK1G2,5.0
11338033,EGFR,5.0
10113978,PKMYT1,5.0
4908365,MLK3,5.0
11314340,ULK3,5.0
3038522,MET(Y1235D),5.0
11314340,CDK3,5.568636235841013
11667893,EPHA3,5.0
9933475,SgK110,5.0
11314340,AKT1,7.119186407719209
11656518,MAP3K2,5.0
156414,SRMS,5.173925197299174
24889392,FYN,5.0
9884685,MARK2,5.0
16038120,EPHB2,5.823908740944319
176870,CHEK1,5.0
9915743,LRRK2(G2019S),5.0
9926054,TYK2(JH1domain-catalytic),5.0
10074640,ROCK1,5.0
11427553,ABL1p,7.1249387366083
156422,MAST1,5.0
9915743,HUNK,5.0
11485656,ZAK,5.0
5328940,CTK,5.236572006437063
6450551,CAMK4,5.0
9809715,FGR,6.522878745280337
9933475,CDK11,5.0
11409972,ABL1(F317L),9.113509274827518
9809715,CLK1,8.05551732784983
4908365,MAP3K15,5.6020599913279625
10127622,NDR1,5.0
11427553,PKAC-beta,5.0
5329102,MAP3K2,7.244125144327507
4908365,CAMK4,5.0
11667893,TESK1,5.0
126565,NDR1,6.657577319177793
9933475,DRAK2,5.0
10427712,MAP4K2,5.0
11712649,SNARK,5.0
11717001,PRKCQ,5.0
208908,KIT,5.0
9926791,JNK3,5.0
16038120,KIT(D816V),7.585026652029182
10427712,CDK3,5.0
51004351,PIK3CA(C420R),5.0
3038522,MLK2,5.0
151194,CAMK2A,5.0
11314340,TNK1,5.0
10427712,MAP3K2,5.0
176870,EPHB1,5.958607314841775
176870,EGFR(S752I759del),8.795880017344075
10461815,ERBB4,5.0
11667893,MET(M1250T),5.0
153999,ADCK3,5.0
208908,ZAP70,5.0
11667893,p38-delta,5.0
5494449,ABL2,8.397940008672037
6918454,GSK3B,5.0
11338033,PIM3,5.0
16038120,CLK3,6.6777807052660805
44150621,ABL1(H396P)p,7.221848749616356
5328940,CASK,6.080921907623926
151194,EPHA2,5.0
9926054,DAPK2,5.0
9915743,CDKL5,5.0
16007391,SRPK1,5.0
4908365,TGFBR2,5.698970004336019
9884685,FGFR3(G697C),5.0
176870,PRKCI,5.0
151194,ZAK,5.356547323513813
9809715,PRKCI,5.0
216239,KIT(V559D-V654A),6.619788758288394
216239,ABL1(T315I),6.229147988357856
11617559,TSSK1B,5.0
11409972,PIK3CA(H1047Y),5.0
156422,AAK1,5.0
10127622,MINK,5.0
11314340,DYRK1A,8.67778070526608
16038120,TYRO3,5.142667503568732
24889392,TLK1,5.0
3038525,JNK3,5.0
11485656,CSNK1E,5.0
11717001,p38-beta,5.0
11485656,CDKL1,5.0
10461815,MYLK2,6.017728766960432
16725726,TGFBR1,5.0
5494449,LATS1,5.259637310505756
10461815,PIK3CA,5.0
9926054,CSNK2A2,5.0
156422,SYK,5.0
156414,BRSK2,5.0
10184653,PHKG1,5.886056647693163
151194,p38-gamma,5.0
5329102,MAP4K4,6.853871964321762
9884685,NEK3,5.0
5291,ZAK,5.585026652029182
5287969,LKB1,5.0
5329102,PIK3CD,5.0
44150621,WEE1,5.920818753952375
51004351,PIK3CA(H1047Y),5.0
10113978,MST1R,5.0
11656518,ULK3,5.0
24180719,EGFR(L747S752del),5.0
10461815,TNIK,6.508638306165728
9809715,LCK,8.207608310501746
11617559,CASK,5.0
10461815,TSSK1B,5.6777807052660805
11234052,MET,5.0
11656518,CDC2L2,5.0
6450551,MLK2,5.0
3025986,TRKA,5.0
10127622,ACVR1B,5.0
11409972,ABL1(T315I)p,7.602059991327962
11427553,KIT(A829P),6.0655015487564325
10138260,CSNK1E,6.468521082957745
11314340,NEK9,5.0
3081361,NDR2,5.0
5291,PIP5K2B,5.0
10184653,KIT(V559D),5.0
10427712,FLT4,5.0
3025986,KIT,5.0
9884685,RIPK5,5.0
3062316,MEK6,5.0
176155,MAP3K1,5.0
11617559,CDK4-cyclinD1,5.0
10074640,ICK,5.0
11984591,RPS6KA5(KinDom.1-N-terminal),5.0
9933475,AXL,6.309803919971486
5328940,FER,6.443697499232713
447077,RET,7.1487416512809245
11409972,TIE1,9.537602002101044
25127112,EPHB4,5.0
3025986,ACVR2B,5.0
176155,MYLK4,5.0
216239,PIP5K2C,5.0
6450551,LYN,5.0
11626560,PIM3,5.0
10113978,CDK4-cyclinD3,5.0
11338033,CHEK2,5.0
5287969,KIT(V559D-T670I),5.0
5291,CSNK1G2,5.0
447077,MTOR,5.0
16038120,IRAK3,6.795880017344075
151194,PIP5K1A,5.0
44150621,KIT(V559D-V654A),8.508638306165727
216239,ABL1(M351T),5.920818753952375
16038120,STK36,5.853871964321762
11364421,STK16,5.958607314841775
11338033,RSK3(KinDom.1-N-terminal),5.0
24779724,RIPK2,5.0
6450551,BRAF,5.0
3038525,ERBB3,5.0
10113978,ADCK4,5.0
9809715,FRK,5.568636235841013
17755052,FGR,5.0
5287969,KIT(L576P),5.0
11617559,MAP4K2,5.0
42642645,DLK,7.657577319177794
208908,FLT3(D835Y),5.0
11485656,RET(V804L),6.013228265733755
25243800,VEGFR2,5.920818753952375
5328940,CDC2L1,5.0
11338033,DCAMKL3,5.958607314841775
11364421,CAMK4,5.0
11656518,GSK3B,5.0
176870,SRPK2,5.0
11667893,ABL1(F317L)p,5.113509274827518
216239,STK36,5.42021640338319
24889392,CDK7,5.0
9929127,DMPK,5.0
5287969,CAMK2D,5.795880017344075
44259,LZK,6.6777807052660805
16038120,TLK1,5.0
126565,IKK-alpha,8.045757490560675
42642645,PIK3CD,5.0
10138260,SYK,5.0
11338033,YANK3,5.0
10184653,ERK3,5.0
51004351,PFTAIRE2,5.0
4908365,DCAMKL1,5.080921907623926
11667893,CDK9,5.0
3025986,SRMS,5.0
156414,SRPK3,5.0
9884685,ABL1(F317L),5.0
11427553,YANK3,5.0
17755052,CAMK2B,5.0
9809715,CDC2L5,5.0
11656518,TAOK3,6.142667503568732
17755052,CDC2L5,5.0
3038522,LZK,5.0
176155,MELK,5.0
3025986,CDKL1,5.0
447077,ERK4,5.958607314841775
151194,SIK2,5.0
24180719,PKN1,5.0
9929127,MYLK2,5.0
10461815,STK39,5.0
44259,WEE1,5.795880017344075
16722836,TRKC,5.0655015487564325
3038525,SYK,5.0
11427553,MET(Y1235D),6.2441251443275085
208908,CSK,5.0
11314340,PFPK5(Pfalciparum),5.0
10127622,EGFR(G719C),5.376750709602099
5287969,PFTAIRE2,6.481486060122113
9933475,MAP4K5,7.0
44259,CAMK1D,8.958607314841775
17755052,MEK3,5.0
11409972,TRKC,7.468521082957745
10427712,DMPK,5.0
10138260,ABL1(Q252H)p,6.301029995663981
4908365,CDKL5,5.0
11656518,EGFR(G719C),5.0
447077,BTK,6.657577319177793
44150621,CDK11,5.0
10184653,TRKB,5.0
11427553,JNK3,7.292429823902063
176155,FGR,5.0
5328940,CSNK2A1,5.0
3025986,EGFR(L747S752del),5.0
25127112,ACVRL1,5.0
51004351,ERK8,5.0
11617559,MEK3,5.0
11364421,MAK,5.0
11656518,INSRR,5.0
11717001,RET(V804M),5.0
4908365,MLK2,5.0
156422,CSNK1G1,5.0
11485656,NDR1,5.0
11485656,PAK2,5.0
9884685,ULK1,5.0
11427553,SRC,5.552841968657781
4908365,ABL1(F317I)p,5.346787486224656
644241,YANK1,5.0
176155,p38-delta,5.0
10113978,FLT3(ITD),5.6020599913279625
16725726,CSNK1G2,5.0
51004351,EPHA3,5.0
11409972,CDK4-cyclinD3,6.200659450546419
5291,TYK2(JH1domain-catalytic),5.0
11617559,TEC,5.0
42642645,NEK5,5.0
11364421,ABL1(T315I)p,5.0
5328940,RIPK2,5.431798275933005
176155,ERK4,5.0
11656518,TYRO3,5.0
16007391,ABL1(Q252H),6.0655015487564325
5329102,VRK2,5.0
11656518,VEGFR2,5.886056647693163
16725726,ROCK1,6.552841968657781
11617559,PRKX,5.0
11984591,MAP4K5,5.0
11984591,FER,6.886056647693163
10184653,CSNK2A1,5.0
176870,RIPK5,5.0
16722836,PIK3CA(H1047Y),5.0
5291,PRKX,5.0
10138260,BRK,5.0
151194,LATS1,5.0
25243800,BLK,6.619788758288394
10127622,EGFR(S752I759del),5.301029995663981
176870,KIT(V559D),5.508638306165728
644241,PIM3,5.0
11234052,PIK3CA(H1047L),5.0
10461815,TLK2,5.0
11338033,EGFR(G719C),5.0
11234052,PRP4,5.0
11626560,SRPK1,5.744727494896694
644241,DMPK,5.0
10184653,NEK1,5.0
5328940,TLK1,6.2441251443275085
3038525,ABL1(Y253F),5.0
11314340,TESK1,5.0
3081361,GAK,7.0655015487564325
3038522,PKAC-alpha,5.0
5329102,DRAK1,9.0
11364421,NEK2,5.698970004336019
11984591,LRRK2,7.443697499232713
16038120,PIK3CA(H1047Y),5.0
6918454,RET,5.0
10127622,MERTK,5.0
156422,LYN,5.568636235841013
11617559,BRAF,5.0
9884685,QSK,5.0
11409972,PIK3C2G,5.0
11314340,NLK,5.0
11656518,PKN2,5.0
11667893,RIPK4,5.0
11485656,PLK4,5.638272163982407
9933475,PFCDPK1(Pfalciparum),5.0
42642645,EPHA2,8.443697499232712
10427712,RIOK3,5.0
3025986,ERK8,6.920818753952375
44259,RSK3(KinDom.2-C-terminal),6.721246399047171
123631,TIE1,5.0
44150621,VEGFR2,7.167491087293763
176155,RAF1,6.008773924307505
9809715,AKT1,5.0
156414,TYK2(JH2domain-pseudokinase),5.0
11364421,EPHA4,5.0
5329102,PCTK3,5.769551078621726
123631,SRPK1,5.0
3062316,GRK4,5.0
208908,YANK2,5.0
11427553,ROCK2,6.6020599913279625
5328940,DAPK3,5.0
9915743,MAP4K4,6.481486060122113
5291,NDR2,5.0
11409972,TAK1,8.823908740944319
3025986,ABL1(H396P)p,5.0
10127622,PIP5K1C,5.0
10138260,DCAMKL2,5.431798275933005
17755052,BRAF,5.0
11364421,AAK1,5.552841968657781
5329102,CDK11,5.0
24779724,AMPK-alpha1,5.0
9929127,EGFR(G719C),5.0
11667893,p38-beta,5.0
176155,PIK3CA(H1047L),5.0
151194,PAK6,5.0
25127112,CDC2L2,5.0
10461815,PAK4,5.0
11364421,ABL1(Q252H)p,5.0
3062316,FLT4,5.0
11314340,MKK7,5.0
25127112,SNARK,6.494850021680094
5328940,LRRK2(G2019S),6.080921907623926
9929127,LIMK2,5.0
11485656,SRPK2,5.0
153999,PRKR,5.0
11667893,RSK2(KinDom.1-N-terminal),5.0
11338033,SRPK3,5.0
3062316,PIP5K2B,5.0
10127622,RET(M918T),5.0
5287969,ANKK1,5.0
17755052,NEK5,5.0
42642645,EPHA3,9.0
644241,CAMK4,5.0
11667893,PIK3CA(I800L),5.0
447077,CLK2,5.0
44259,PAK3,8.148741651280925
17755052,VEGFR2,5.0
9926054,SBK1,5.0
9915743,MST2,7.236572006437063
11656518,VRK2,5.0
11427553,RIPK2,5.431798275933005
9915743,p38-beta,5.0
9926791,S6K1,5.0
156414,PRKG2,5.0
9884685,MAST1,5.0
5291,CDKL2,5.0
4908365,PFTAIRE2,5.0
51004351,PCTK2,5.0
11364421,BMX,5.0
11409972,NEK11,5.0
11626560,PAK7,5.0
16007391,DCAMKL2,5.0
9809715,CDC2L2,5.0
11667893,CDKL1,5.0
447077,DMPK2,6.6020599913279625
126565,CAMK2D,8.05551732784983
9926791,FLT3(D835Y),5.0
11364421,OSR1,5.0
151194,p38-delta,5.0
5494449,AURKC,8.200659450546418
25127112,CSK,5.0
44150621,KIT(V559D),8.142667503568731
156414,RPS6KA5(KinDom.1-N-terminal),5.0
9933475,EPHA8,5.275724130399211
11626560,ULK3,5.173925197299174
9926791,MST4,5.0
3038522,DAPK1,5.0
151194,CHEK1,5.0
156414,ADCK4,5.468521082957745
3038525,YANK3,5.0
16007391,JNK3,5.0
6918454,YSK1,5.0
10461815,EGFR(S752I759del),5.0
11984591,RAF1,6.075720713938118
16722836,ERN1,5.920818753952375
3038522,ULK1,5.0
10427712,CAMK1G,5.0
11427553,PAK4,5.823908740944319
51004351,ROCK2,5.638272163982407
9926791,NDR1,5.0
644241,EGFR(L861Q),5.0
11314340,BMPR1B,5.0
5494449,DCAMKL3,5.443697499232713
176870,PRKG1,5.0
6450551,LIMK1,5.0
216239,GRK1,5.0
11717001,PRKG2,5.0
10113978,PCTK3,5.0
11984591,RIPK1,5.0
11984591,PAK1,6.585026652029182
11984591,CSNK2A2,7.853871964321762
25127112,MET(M1250T),5.0
44259,TNK1,8.602059991327963
151194,MEK5,5.0
5287969,GRK7,6.008773924307505
9933475,PLK1,5.0
10427712,MAST1,5.0
44150621,TRKB,6.142667503568732
6450551,CDK2,5.0
11409972,EPHA1,5.267606240177032
5328940,JAK1(JH1domain-catalytic),5.0
3025986,FLT3(N841I),5.031517051446065
11338033,ERK4,5.0
11364421,EPHA1,5.0
11717001,KIT(V559D-V654A),5.0
5328940,TRKB,5.920818753952375
16722836,CLK2,5.638272163982407
17755052,MAPKAPK5,5.0
25243800,PIK3CA,6.823908740944319
9915743,BIKE,5.0
24180719,ACVR2B,5.494850021680094
9926791,CDK8,5.0
176167,FLT3(D835H),7.309803919971486
16038120,PKAC-alpha,5.3979400086720375
5329102,NEK2,5.853871964321762
25127112,CSF1R,5.0
10138260,EPHA8,5.0
176167,PHKG1,5.376750709602099
11717001,KIT(V559D),5.0
11667893,RET(V804L),5.0
11314340,SLK,5.0
9933475,DYRK1B,5.0
9929127,FGFR1,5.0
644241,ABL1(F317I),7.744727494896694
10138260,JNK1,5.0
17755052,BMPR1A,5.0
25243800,CAMK1,5.0
5328940,FLT1,5.0
44150621,PKAC-beta,5.0
6918454,FLT3(K663Q),5.0
208908,MELK,5.0
5494449,TRKA,7.42021640338319
9933475,EPHB1,5.0
6918454,ACVR2B,5.0
176155,GRK7,5.0
10074640,PIK3CG,5.0
3062316,TRKB,5.0
10184653,TAOK1,5.0
6450551,MAST1,5.0
11409972,PLK4,5.0
9926054,SRPK2,5.0
3062316,ABL1(T315I),6.050609993355088
11712649,CSNK1G2,5.0
3038522,MAP3K4,5.0
11667893,CLK4,5.0
5291,CAMK2G,5.0
10074640,PKAC-alpha,5.0
11234052,NEK4,5.0
3038522,MEK5,5.508638306165728
5291,TGFBR2,5.0
24180719,KIT,6.744727494896694
11617559,PAK7,5.0
16038120,MARK1,7.508638306165728
126565,TYK2(JH2domain-pseudokinase),6.040958607678906
156414,FYN,5.275724130399211
11338033,CSNK1G1,5.0
11338033,TYRO3,5.0
5494449,PFTK1,5.0
11617559,TGFBR2,5.0
17755052,CHEK1,5.0
10427712,CDK2,5.0
11364421,PFTK1,5.0
156414,PKNB(Mtuberculosis),5.0
10461815,SYK,5.0
5328940,PLK4,5.0
5287969,AURKC,5.0
123631,TAOK1,5.0
156422,IKK-epsilon,5.0
9926791,ROCK1,6.327902142064283
16007391,ACVRL1,5.0
11427553,PRKG1,5.6020599913279625
16007391,TEC,5.0
216239,ABL1(F317L),6.113509274827519
16725726,FLT3(ITD),5.0
3062316,PIK3CG,5.0
5328940,AMPK-alpha1,5.4089353929735005
11667893,MELK,5.0
11667893,CSK,5.0
3062316,EPHA3,10.031517051446064
10074640,KIT(V559D-V654A),8.327902142064282
151194,TNIK,5.0
5329102,EGFR(S752I759del),5.0
156422,PHKG1,5.0
5494449,TNK1,7.080921907623926
176167,ABL1(H396P),5.0
16725726,AURKB,5.0
9929127,KIT(V559D-T670I),5.0
156414,MAPKAPK5,5.0
216239,VEGFR2,7.229147988357856
9884685,BTK,5.0
11314340,EPHA1,5.0
3038525,NEK9,5.0
153999,MAP4K3,5.075720713938119
216239,MEK3,5.0
9809715,CSF1R,7.318758762624413
11626560,PFPK5(Pfalciparum),5.0
9929127,TYK2(JH1domain-catalytic),5.0
9884685,PRKD2,5.0
10074640,ABL1(Q252H),8.221848749616356
11234052,PLK2,5.0
151194,LOK,5.0
16725726,CDKL3,5.0
16038120,AKT1,5.0
16722836,TBK1,7.036212172654444
44259,RIPK1,5.0
44150621,MLK1,5.00436480540245
208908,MYLK,5.0
44150621,FGFR1,6.823908740944319
9915743,MAP3K15,5.0
10427712,SRMS,5.0
44259,TXK,6.638272163982407
11626560,MARK1,5.0
156414,MYLK4,5.0
3062316,EPHA8,9.619788758288394
44150621,ABL1(T315I)p,7.508638306165728
644241,YANK3,5.0
9926791,MAP3K1,5.0
44259,KIT(V559D-V654A),7.42021640338319
156414,MKK7,6.958607314841775
5329102,SRPK3,7.229147988357856
11427553,MAST1,5.0
11485656,GSK3A,5.0
11656518,SIK,5.0
6450551,ABL1(T315I)p,8.823908740944319
17755052,ABL1(Q252H)p,5.0
11234052,KIT(D816H),5.0
11667893,RET,7.853871964321762
216239,AKT1,5.0
11409972,MERTK,6.431798275933005
44259,MET(Y1235D),6.853871964321762
153999,MST1R,5.0
9929127,VEGFR2,5.0
42642645,RIPK5,6.292429823902063
11667893,FES,5.0
5329102,MRCKB,5.0
16725726,ABL1,5.0
11485656,NEK4,5.0
11712649,RPS6KA4(KinDom.1-N-terminal),5.0
11717001,ALK,5.0
11234052,TIE2,6.356547323513813
9809715,MARK2,5.853871964321762
11234052,STK16,5.0
9933475,ABL1(Y253F),7.259637310505756
16007391,PIM2,5.0
9915743,QSK,5.0
17755052,p38-beta,5.0
216239,DYRK2,5.0
11427553,IGF1R,6.036212172654444
5328940,PIK3CD,5.0
6918454,KIT(D816H),5.0
3025986,PIP5K1C,5.0
11656518,EPHB3,5.0
11364421,BRSK2,5.0
208908,PLK3,5.0
153999,CSNK1E,5.0
3038525,IKK-epsilon,5.0
10127622,FLT3(D835Y),5.0
16725726,ACVR1,5.0
25127112,BRK,5.0
42642645,PKN1,5.0
11626560,RIPK2,6.045757490560675
11427553,ACVR1,6.853871964321762
5287969,EPHB4,5.0
25127112,IRAK1,6.537602002101044
24180719,VEGFR2,5.6777807052660805
25127112,MINK,5.0
10427712,LYN,5.0
176167,PCTK2,5.0
51004351,YANK3,5.0
5328940,PIK3C2G,5.0
3062316,MAPKAPK5,5.0
16038120,ERK5,7.318758762624413
126565,NEK11,5.0
11712649,CAMK2G,5.0
10461815,BMPR1B,5.0
6918454,LATS2,5.0
11364421,EPHA3,5.0
9809715,PCTK1,7.67778070526608
9926054,ABL1(T315I),5.0
3025986,KIT(D816H),5.0
10184653,MST3,5.0
10138260,MKNK1,5.292429823902063
16725726,DDR1,5.0
208908,SRC,5.0
11427553,JAK1(JH2domain-pseudokinase),6.721246399047171
3025986,BRSK2,5.251811972993799
11667893,ABL1(T315I),5.0
447077,ALK,5.0
3062316,PCTK2,5.0
11409972,PIK3CA(M1043I),5.0
4908365,MET(Y1235D),5.267606240177032
644241,JAK1(JH1domain-catalytic),5.0
11409972,IRAK4,5.0
447077,DCAMKL3,5.0
24889392,PIM1,5.0
156414,DCAMKL1,5.0
24779724,PRKR,5.0
10074640,TBK1,5.0
3038525,RSK3(KinDom.2-C-terminal),5.0
3025986,MYO3B,5.0
44150621,NIM1,6.070581074285707
3038522,PRKD2,5.0
9884685,ABL1p,5.0
11234052,MKK7,5.0
208908,ASK1,5.0
16038120,FGFR4,6.958607314841775
5287969,PIK3CA(E542K),5.0
151194,ALK,5.0
3038525,CLK2,5.0
42642645,MST1R,8.522878745280337
11667893,TEC,5.0
11409972,FLT3(K663Q),9.292429823902063
3081361,CSF1R,5.920818753952375
11427553,EGFR(G719C),5.568636235841013
11626560,MYLK2,5.0
3025986,MLK1,5.0
25243800,ACVR2B,8.119186407719209
3081361,IRAK4,7.1249387366083
11364421,PIM1,5.0
5329102,PIK3CA(Q546K),5.0
5494449,NEK7,5.060480747381382
11717001,PIP5K2C,5.0
11667893,RIOK3,5.0
24779724,CSNK1A1L,5.0
11314340,FLT3(K663Q),6.301029995663981
11485656,GRK4,5.0
10427712,TNIK,5.0
24779724,GRK7,5.0
216239,PIM3,5.0
44150621,SYK,5.0
208908,PIP5K1A,5.0
3081361,CAMK2G,5.0
11984591,MAP4K4,5.0
9884685,PIP5K1C,5.0
9933475,RAF1,5.0
176167,S6K1,5.744727494896694
17755052,EPHA3,5.0
156414,CSNK1G1,5.0
10427712,MKK7,5.0
9809715,CAMK2G,5.0
9926791,CSNK1A1L,5.0
9809715,JAK3(JH1domain-catalytic),8.086186147616283
5291,DYRK1A,5.0
11717001,MEK6,5.0
24889392,PKN2,5.0
11617559,YES,5.0
5291,PDGFRB,7.853871964321762
11712649,RIOK3,5.0
11314340,BRAF,5.0
11667893,TRPM6,5.0
11427553,LYN,5.508638306165728
447077,TESK1,7.102372908709558
11409972,PLK2,5.0
11485656,TTK,5.0
9884685,EGFR(L747S752del),5.0
17755052,PIK3CA(H1047L),8.431798275933005
11626560,FGFR2,5.0
3062316,CSNK1A1L,5.0
11409972,AURKA,5.0
3038522,VEGFR2,5.0
11717001,RET(V804L),5.0
208908,CSNK2A2,5.0
5494449,SRPK1,7.086186147616283
24779724,FLT3,5.0
5329102,MLK2,5.0
4908365,AURKA,5.0
644241,SRC,5.721246399047171
16007391,MYO3B,5.0
42642645,ABL2,7.568636235841013
10427712,BRSK1,6.136677139879544
176155,EGFR(G719C),6.1487416512809245
126565,WEE1,5.920818753952375
126565,ACVR2A,5.6020599913279625
10113978,INSRR,5.0
11427553,JAK2(JH1domain-catalytic),7.119186407719209
3038525,LIMK2,5.0
176155,DCAMKL2,5.0
24779724,AMPK-alpha2,5.0
3038525,DAPK2,5.0
24180719,CSNK1G3,5.0
25127112,MARK2,6.180456064458132
5287969,AMPK-alpha2,5.0
216239,ERK8,7.337242168318426
10184653,PDPK1,5.0
51004351,SLK,6.657577319177793
5287969,JNK1,5.795880017344075
10074640,LOK,5.0
126565,BMX,6.698970004336019
44259,NEK3,5.0
9926054,LRRK2(G2019S),5.0
151194,YANK2,5.0
11234052,BMPR2,5.0
25243800,STK39,5.0
4908365,FLT1,7.275724130399211
10074640,ABL1(H396P)p,6.853871964321762
10138260,AURKC,6.091514981121351
9926791,ABL1(H396P),5.346787486224656
6450551,CSNK1A1,5.0
10184653,TLK1,5.0
10138260,PAK3,6.721246399047171
11667893,TRKA,5.0
151194,EGFR(G719C),5.0
10427712,SGK3,5.0
3038522,NEK3,5.0
10184653,MKNK1,5.744727494896694
447077,RIPK5,5.0
3025986,EPHA1,5.0
44259,EPHB6,6.6777807052660805
9884685,CAMK1,5.0
10074640,EPHB4,5.0
24779724,IGF1R,5.0
44150621,CDKL2,6.744727494896694
11314340,CIT,7.886056647693163
24779724,MRCKB,5.0
3038525,FRK,5.0
11427553,STK39,6.050609993355088
3025986,PIK3CG,5.0
447077,AMPK-alpha1,5.0
10184653,ADCK4,5.0
176167,FAK,5.0
4908365,AKT2,5.0
16722836,SYK,5.568636235841013
4908365,RPS6KA4(KinDom.1-N-terminal),5.494850021680094
11626560,CAMK2G,5.0
25243800,MAP4K2,7.0
208908,FLT3(R834Q),5.0
11485656,YES,5.0
126565,GAK,8.136677139879545
9915743,TYK2(JH2domain-pseudokinase),5.0
123631,CLK1,5.0
17755052,DMPK,5.0
10074640,RPS6KA4(KinDom.2-C-terminal),5.0
42642645,FAK,6.744727494896694
5494449,TIE1,6.568636235841013
151194,TGFBR1,5.0
10113978,RET,6.508638306165728
10138260,SNARK,6.3979400086720375
11712649,ITK,5.0
9915743,EPHA2,5.0
10461815,HIPK3,7.200659450546419
3038525,PDPK1,5.0
5291,SIK,5.0
10138260,GRK1,5.958607314841775
11485656,EPHA4,5.0
16007391,LATS1,5.0
447077,PFTAIRE2,5.0
25127112,PIK3CG,5.0
6450551,SBK1,5.0
51004351,BMPR1B,5.0
42642645,GSK3A,5.0
4908365,EGFR(L861Q),5.017728766960432
208908,TGFBR2,5.0
11427553,EGFR,5.0
5291,WEE2,5.0
51004351,MINK,6.769551078621726
216239,JAK1(JH1domain-catalytic),5.0
5494449,CSNK1A1,5.0
11717001,MEK3,5.0
9809715,PIK3CB,5.0
3038522,MAP4K4,5.0
156422,MYLK,5.0
151194,MKNK1,5.0
11364421,STK36,5.0
4908365,EPHB3,5.0
156414,TESK1,5.494850021680094
10127622,ABL1(F317I)p,5.0
644241,JNK2,5.236572006437063
11338033,FLT1,5.0
10461815,EGFR(L747T751del),5.0
24889392,YANK2,5.0
24180719,SBK1,5.0
11364421,BIKE,5.0
5494449,MST2,6.292429823902063
153999,CAMK1G,5.0
24180719,GCN2(KinDom2S808G),5.886056647693163
17755052,NEK11,5.0
11656518,RPS6KA5(KinDom.2-C-terminal),5.0
5287969,MARK1,5.0
9933475,ICK,5.0
3038525,MET(M1250T),5.0
16725726,ROS1,5.0
11984591,YES,7.455931955649724
216239,FLT3(D835Y),7.086186147616283
16038120,VEGFR2,6.026872146400302
176167,ABL1(T315I)p,5.0
25127112,EGFR(T790M),5.0
44150621,FGFR3(G697C),6.431798275933005
3081361,ULK3,5.1938200260161125
11626560,CDK8,5.0
10184653,DAPK1,5.0
3081361,LKB1,5.0
24180719,GAK,5.0
6450551,JAK1(JH2domain-pseudokinase),5.0
153999,MST2,6.017728766960432
5291,FER,5.0
10127622,TRKB,5.0
9929127,MARK1,5.0
51004351,SgK110,5.0
9929127,MYO3A,5.0
16722836,ERBB3,5.0
16038120,NEK6,5.886056647693163
11656518,LYN,6.431798275933005
153999,EGFR(L858RT790M),5.0
9915743,RIOK2,5.0
10127622,LOK,5.0
25127112,PRKCH,5.0
208908,ULK1,5.0
176870,YANK3,5.0
16725726,LKB1,5.0
10074640,BRK,5.0
44259,MKNK1,6.769551078621726
447077,RIPK2,7.795880017344075
25243800,MAP3K2,6.060480747381382
3062316,RAF1,6.2441251443275085
16038120,ABL1,6.698970004336019
9926791,JAK2(JH1domain-catalytic),9.236572006437065
123631,NEK3,5.0
9929127,EGFR(L858R),5.0
11712649,DCAMKL1,5.0
3025986,CDKL3,5.853871964321762
10427712,ACVRL1,5.0
9926791,PCTK1,5.0
25127112,ACVR2A,5.0
11485656,JNK3,5.366531544420414
3081361,AMPK-alpha2,5.0
176870,CDK4-cyclinD3,5.0
3025986,BRAF(V600E),5.795880017344075
44259,EPHA6,6.537602002101044
11485656,PIK4CB,5.0
126565,ABL1(T315I),6.022276394711152
17755052,SIK2,5.0
3081361,QSK,5.4089353929735005
176870,EPHA1,5.0
11717001,ROCK2,5.0
151194,ERK8,5.0
10461815,PRKR,5.0
9809715,PRKCQ,5.259637310505756
11984591,AMPK-alpha2,6.1249387366083
10074640,KIT(L576P),8.102372908709558
11364421,ERK1,5.0
5328940,SNARK,6.657577319177793
3038525,GSK3A,5.0
6918454,TSSK1B,5.0
9915743,MEK2,7.585026652029182
9915743,SRPK3,5.0
25243800,PCTK2,5.0
11234052,FLT3(D835H),5.0
16038120,ABL1(F317I),7.031517051446065
9933475,MKNK2,5.0
5329102,MELK,6.455931955649724
176167,BMX,5.0
16725726,NDR1,5.0
44150621,LOK,6.259637310505756
123631,YSK1,5.0
4908365,PAK4,5.823908740944319
11234052,CASK,5.0
11712649,FGFR1,5.619788758288394
10113978,LIMK2,6.4089353929735005
25243800,IKK-alpha,5.0
9884685,p38-gamma,5.0
3038525,PIK3CA(H1047L),5.0
10138260,ABL1p,6.2076083105017466
10138260,TAOK2,5.0
11338033,FLT4,5.0
11626560,PKAC-beta,5.0
51004351,PDGFRB,6.958607314841775
11712649,CSNK1G3,5.0
11427553,ABL1(E255K),7.443697499232713
16725726,BRSK1,5.0
10113978,FLT3(K663Q),6.130768280269024
11717001,FLT4,5.0
9929127,TSSK1B,5.0
151194,PDPK1,5.0
5287969,ABL1(Q252H),5.508638306165728
11409972,MAPKAPK2,5.0
24889392,JNK2,5.0
11717001,AKT3,5.0
10127622,PRKCH,5.0
447077,HUNK,5.0
156422,INSR,5.0
10184653,PHKG2,6.327902142064283
10184653,BRAF(V600E),5.0
447077,MST4,5.3872161432802645
10074640,PKAC-beta,5.0
3062316,CDK2,5.0
51004351,PIM3,6.251811972993799
3038522,PKMYT1,5.0
10074640,CLK2,5.0
9884685,PKAC-alpha,5.0
176167,HIPK3,5.0
9884685,STK16,5.0
10113978,MEK4,6.229147988357856
17755052,MAST1,5.0
11712649,SRPK1,5.0
176155,WEE2,5.0
16038120,JAK1(JH1domain-catalytic),6.3872161432802645
6450551,MET,6.086186147616283
11667893,FAK,5.0
11984591,PDGFRB,8.481486060122112
156422,MAK,5.0
6918454,SNARK,5.0
25127112,CDK9,5.0
17755052,STK33,5.0
3081361,AXL,6.6020599913279625
176155,PIP5K1A,5.0
9884685,TYRO3,5.0
5287969,CSF1R,5.552841968657781
176167,PIP5K2B,5.0
153999,ROS1,5.236572006437063
10113978,CSNK1G2,5.0
16722836,IKK-alpha,6.080921907623926
11717001,DYRK2,5.0
51004351,PAK4,5.0
11984591,PRKG2,5.443697499232713
10138260,CDC2L5,5.0
5329102,FER,5.958607314841775
11712649,PCTK3,5.0
25243800,RIOK2,5.040958607678906
16038120,LIMK1,5.958607314841775
10127622,DMPK2,5.0
153999,RPS6KA4(KinDom.1-N-terminal),5.214670164989233
9884685,PAK7,5.0
156414,p38-alpha,5.0
9884685,PAK4,5.0
5494449,DAPK3,5.00436480540245
9926791,PKN2,5.920818753952375
5287969,MAK,7.552841968657781
9933475,ERK3,5.0
126565,PAK3,7.455931955649724
3081361,CSNK1G2,5.0
151194,TESK1,5.0
10461815,DAPK2,5.0
11717001,PLK3,5.0
153999,MST3,5.0
16007391,EPHB2,5.0
644241,CSNK1E,5.0
447077,IRAK1,5.0
11234052,WEE2,5.0
11712649,PRKD1,5.0
44259,MINK,9.0
16722836,EGFR(L858RT790M),6.2441251443275085
11364421,MARK1,5.0
447077,NEK3,5.0
17755052,PAK3,5.0
24779724,EGFR,5.0
10113978,EPHB4,5.0
216239,NEK6,5.0
176167,PRKD2,5.0
9926054,DYRK1A,5.0
10138260,RPS6KA5(KinDom.2-C-terminal),5.823908740944319
644241,BMPR1B,5.0
5494449,RSK2(KinDom.1-N-terminal),5.1938200260161125
10138260,NEK11,5.0
9929127,TYRO3,5.0
11667893,PDGFRA,8.0
10427712,DYRK1B,6.136677139879544
11364421,LATS1,5.0
16038120,FLT3(R834Q),7.468521082957745
5291,JAK1(JH1domain-catalytic),5.0
10461815,CAMKK2,7.136677139879544
156414,EGFR(T790M),10.0
16722836,OSR1,5.0
51004351,DYRK2,5.0
6918454,AURKB,5.0
10113978,KIT(A829P),7.481486060122113
10127622,LIMK1,5.0
176155,CDK8,5.0
25127112,SBK1,5.886056647693163
16038120,KIT(V559D-V654A),5.920818753952375
11656518,GRK7,5.0
5329102,TBK1,6.920818753952375
6450551,AURKC,8.886056647693163
10427712,IRAK3,5.0
11427553,MYLK2,7.2839966563652
11667893,AURKC,5.721246399047171
24180719,CSNK1G1,5.0
11617559,STK36,5.0
17755052,TXK,5.0
11667893,PFCDPK1(Pfalciparum),5.0
51004351,EGFR(G719C),5.823908740944319
4908365,PRKD1,6.376750709602099
3062316,NEK2,5.187086643357144
10461815,EPHB3,5.0
10127622,MLK1,5.0
9926054,MKK7,5.0
25243800,PDGFRB,7.10790539730952
3038522,MARK2,5.0
11717001,INSR,5.0
42642645,ABL1(Q252H),8.397940008672037
4908365,YANK2,5.0
9926791,CHEK2,5.0
10113978,CLK1,5.0
16725726,CSNK1E,5.0
10461815,PDGFRB,5.721246399047171
11617559,EPHB1,5.0
11717001,RIPK2,5.6020599913279625
10113978,PDGFRB,8.698970004336019
25127112,HIPK1,5.920818753952375
11984591,FAK,6.6020599913279625
4908365,ABL1(Q252H),6.468521082957745
16722836,RSK1(KinDom.2-C-terminal),6.376750709602099
10127622,PRKG2,5.0
216239,MARK2,5.0
11656518,KIT(V559D),6.769551078621726
9926791,BRK,5.0
24180719,PRKD1,5.0
11364421,TRKA,5.0
11712649,JAK2(JH1domain-catalytic),5.0
5329102,AXL,8.045757490560675
24180719,RSK4(KinDom.1-N-terminal),5.0
11656518,PRKR,6.022276394711152
11234052,ERBB3,5.0
3038525,MARK1,5.0
11667893,EGFR(T790M),5.0
10427712,CDK4-cyclinD1,5.0
17755052,ERK1,5.0
9926054,DMPK,5.0
644241,CSNK1G3,5.0
6450551,MST4,5.0
3038525,GRK4,5.0
5328940,TAOK1,5.886056647693163
10461815,JAK2(JH1domain-catalytic),6.366531544420414
24889392,MARK4,5.0
24889392,ALK,5.0
11984591,CSNK1G2,5.0
4908365,p38-delta,5.0
25243800,FLT3(ITD),5.721246399047171
10127622,VEGFR2,5.0
3025986,TSSK1B,5.0
11338033,RIPK4,5.0
10184653,MYLK,5.0
9915743,ABL1(F317I)p,5.0
176155,CAMK4,5.0
9884685,KIT(V559D),5.0
156422,PAK6,5.0
44150621,SBK1,5.823908740944319
5494449,NEK9,5.0
11712649,CDK4-cyclinD3,5.0
5328940,PRKCD,5.795880017344075
24889392,DCAMKL3,5.0
5291,TBK1,5.0
9809715,p38-alpha,5.0
11712649,ABL1(F317L)p,5.0
216239,PFTK1,5.537602002101044
151194,S6K1,5.0
5329102,PIP5K1C,5.0
4908365,CTK,5.0
16722836,JAK1(JH1domain-catalytic),7.744727494896694
9926791,VEGFR2,5.0
9926791,SNRK,5.0
16038120,LATS2,5.698970004336019
5328940,TRPM6,5.0
9915743,ITK,5.0
447077,MKK7,5.0
10127622,RPS6KA5(KinDom.2-C-terminal),5.0
3025986,PIK3CA(E545K),5.0
10461815,TNNI3K,5.0
16038120,NLK,5.0
156414,BRK,5.42021640338319
216239,EPHA4,5.522878745280337
24779724,CHEK1,5.0
4908365,YSK1,5.508638306165728
9884685,EPHA8,5.0
16038120,EPHA7,6.698970004336019
123631,MEK3,5.0
9809715,NLK,5.0
3081361,RAF1,5.0
9926791,PIK3CA(H1047Y),5.0
9926054,PIK3CA,5.0
17755052,TAOK1,5.0
9926791,MAST1,5.0
9884685,NEK5,5.0
17755052,NIM1,5.0
11712649,MAK,5.0
16038120,PRKD1,7.096910013008056
11656518,PIK3CA,5.0
6450551,ERBB3,5.0
126565,AMPK-alpha1,7.602059991327962
3038525,LATS2,5.0
156422,RSK2(KinDom.1-N-terminal),5.0
11717001,STK35,5.0
11427553,TTK,6.958607314841775
11712649,PIK3CA(Q546K),5.0
42642645,MET(Y1235D),9.086186147616283
11667893,PIM2,5.0
3038522,ICK,5.0
9809715,CSNK1E,6.638272163982407
5494449,FLT3(ITD),7.346787486224656
9933475,MEK4,5.0
16722836,ASK2,5.0
5287969,CDK7,7.638272163982407
24180719,S6K1,5.0
3025986,FES,5.0
9884685,CSNK1A1,5.0
24889392,ERK3,5.0
9809715,ABL1,6.638272163982407
3081361,ABL1(F317I),6.113509274827519
11364421,NIM1,6.113509274827519
10138260,CDK4-cyclinD3,5.1487416512809245
5494449,IRAK4,5.431798275933005
3038525,MYO3A,5.0
10427712,EGFR(T790M),5.161150909262744
3038525,SIK2,5.0
126565,IRAK4,8.769551078621726
10127622,STK35,5.0
10461815,p38-delta,5.0
11712649,MET(M1250T),5.0
24779724,RIPK1,5.0
208908,RSK3(KinDom.1-N-terminal),5.0
10461815,MST1R,5.698970004336019
16038120,MAP4K3,7.187086643357144
16007391,SRPK2,5.0
6918454,NEK2,5.0
3025986,PIK3CA(Q546K),5.0
3025986,NIM1,5.0
176167,MYO3B,5.0
11338033,SLK,5.229147988357856
11712649,LTK,5.0
11656518,AKT2,5.0
11984591,JNK3,7.431798275933005
16722836,GRK4,6.769551078621726
10427712,GSK3B,5.0
24779724,INSRR,5.0
447077,GAK,8.086186147616283
11314340,FGR,5.0
25243800,PFTK1,5.0
16725726,JAK1(JH1domain-catalytic),5.0
447077,ABL1(T315I),5.6777807052660805
447077,ACVR2B,8.040958607678906
9933475,MYO3A,5.0
9915743,BRAF,5.0
10127622,EGFR(L858R),5.096910013008056
4908365,PIK3CD,5.0
11617559,PRP4,5.0
153999,EGFR(L861Q),5.0
10427712,RET(V804L),5.0
3081361,GRK4,5.0
5291,PIK4CB,5.0
447077,YSK1,5.568636235841013
11626560,PRKD3,6.292429823902063
25243800,ERK2,5.0
644241,CAMK1,5.0
9915743,PIK3CA(E542K),5.0
176155,CDC2L5,5.0
10461815,PIK3C2B,5.0
16007391,EPHB6,7.301029995663981
16038120,RET(M918T),6.853871964321762
5328940,PIK3CB,5.0
5328940,PIP5K1C,5.0
25243800,EIF2AK1,5.0
5291,ABL1(F317L),8.602059991327963
10184653,KIT(V559D-V654A),5.0
25243800,PKAC-beta,5.0
9809715,SNRK,5.0
4908365,TAOK2,5.0
11712649,CHEK2,5.0
156422,RSK4(KinDom.2-C-terminal),5.0
11667893,CDK4-cyclinD3,5.0
216239,PIK3CA(E542K),5.0
24889392,LCK,5.6020599913279625
3038522,CAMK2B,5.0
16007391,CDKL5,5.0
3025986,CSNK1G2,5.0
11712649,ABL1(M351T),6.1249387366083
123631,PIK3C2B,5.0
126565,ABL1(F317L),5.119186407719209
24889392,CSNK2A2,5.0
11338033,MARK4,5.0
5328940,EPHB1,7.481486060122113
16722836,CIT,6.853871964321762
11338033,WEE1,5.0
5291,RIPK1,5.0
176155,NEK1,5.0
44150621,BRK,5.0
156422,TESK1,5.0
10427712,PRKCQ,5.0
208908,MEK6,5.0
44150621,BMPR2,5.508638306165728
11617559,PDGFRA,5.0
16007391,EGFR(S752I759del),5.2839966563652006
153999,CDC2L5,5.0
11338033,CAMK1D,5.0
16007391,CAMKK1,5.0
216239,CSNK1A1L,5.0
17755052,PIK3CA(M1043I),8.346787486224656
5287969,PAK2,5.0
24889392,CAMK1,5.0
11656518,CLK4,5.0
5287969,PRKCE,6.42021640338319
42642645,MAP3K1,5.0
16722836,PIK3CA(E545K),5.0
5329102,LCK,6.638272163982407
10138260,JAK1(JH2domain-pseudokinase),7.013228265733755
11667893,TYK2(JH1domain-catalytic),5.0
10113978,STK33,5.0
16722836,DDR2,6.022276394711152
11717001,TRKC,5.0
11427553,DYRK2,6.4089353929735005
11984591,PIK3CA(E542K),5.0
9915743,AAK1,5.0
176167,PAK7,5.0
151194,CAMK2B,5.0
10461815,FLT3,6.6020599913279625
24180719,PKN2,5.0
11617559,EGFR(L747T751del),5.0
17755052,CDKL5,5.0
3038522,FGFR3(G697C),5.0
16725726,ASK1,5.0
5329102,FLT3(D835H),8.366531544420413
6918454,CSF1R,5.0
156414,AAK1,5.0
11656518,DCAMKL3,5.0
6450551,BMX,5.0
11364421,RSK1(KinDom.2-C-terminal),5.0
156414,CHEK1,5.0
10138260,PRKCH,5.0
24889392,KIT(D816V),6.823908740944319
11626560,RIOK3,5.3979400086720375
3062316,ULK2,5.0
10427712,TSSK1B,5.0
5329102,MAP4K5,7.387216143280264
11626560,MERTK,8.443697499232712
3038522,EPHB4,5.0
176870,BIKE,5.920818753952375
11427553,CAMKK2,6.327902142064283
208908,RET,5.0
10074640,PIK3CA(E542K),5.0
25127112,CAMK2D,7.045757490560675
9929127,ANKK1,5.0
5494449,TNIK,5.744727494896694
3038522,DCAMKL3,5.0
126565,NLK,6.113509274827519
9809715,PRKX,5.0
9926791,PIP5K1C,5.0
11656518,LRRK2(G2019S),5.0
5287969,PCTK2,6.318758762624413
3038522,PAK1,5.0
9926054,DCAMKL3,5.769551078621726
5291,FLT4,5.0
11485656,MET,5.886056647693163
156414,RSK3(KinDom.1-N-terminal),5.0
24180719,MEK1,6.259637310505756
644241,CAMK2B,5.0
10127622,RPS6KA4(KinDom.2-C-terminal),5.0
10427712,IKK-beta,5.0
216239,PAK2,5.0
9929127,STK16,5.0
16725726,MEK2,5.0
208908,RET(V804L),5.0
216239,LIMK2,5.017728766960432
16725726,CDK11,5.0
3038525,KIT(D816H),5.0
24889392,PRKCE,5.0
11409972,HCK,6.055517327849832
24779724,MAP3K3,5.0
176167,MYLK,5.0
42642645,NEK1,5.0
3038522,MAK,5.0
123631,LZK,5.0
9884685,FGR,5.0
216239,LRRK2,5.0
176155,MYLK,5.0
176155,MAP3K3,5.0
3062316,NIM1,5.0
11409972,NDR2,5.6777807052660805
3062316,TAOK3,5.638272163982407
176167,SRPK2,5.0
24779724,KIT(D816V),5.0
151194,FLT1,8.017728766960431
126565,NEK9,5.267606240177032
5329102,MARK3,6.3872161432802645
24779724,PRKCE,5.0
11617559,PKAC-beta,5.0
10074640,TRKB,5.0
3038525,FLT3(R834Q),5.0
10184653,EPHA8,5.0
10127622,LIMK2,5.0
11427553,ABL1(M351T),7.721246399047171
9884685,CLK4,5.0
16038120,TGFBR2,6.6020599913279625
24889392,WEE2,5.0
176155,IKK-beta,5.0
5329102,CSNK1A1,7.00436480540245
9884685,HIPK4,5.0
10427712,EGFR(E746A750del),5.3872161432802645
11485656,PIK3CD,5.0
4908365,AMPK-alpha2,8.387216143280265
10138260,MAK,5.0
10113978,MAP4K3,5.795880017344075
6450551,PIK3CA(E545K),5.0
6450551,ERK2,5.0
10074640,PIK3C2G,5.0
6918454,GRK4,5.0
10184653,EGFR(G719C),10.0
11314340,TAOK2,5.309803919971486
11984591,EPHA7,7.4089353929735005
42642645,CAMK1G,5.0
447077,DLK,5.0
11314340,CASK,5.0
44150621,MAPKAPK2,5.0
216239,PIK3CA(H1047L),5.0
16725726,MARK1,5.0
6450551,LZK,5.0
156414,PRKX,5.0
11984591,MAP3K4,6.075720713938118
126565,CAMK1D,7.327902142064283
24889392,BMX,5.0
5291,ERK4,5.0
11338033,MST1,5.0
151194,MST3,5.0
16038120,CSNK1A1,5.0
11485656,ABL1(F317L)p,5.0
9926054,TRKA,5.0
11485656,DRAK2,5.0
3038522,ABL1p,5.0
9809715,KIT(V559D),8.200659450546418
9926054,HPK1,5.0
24779724,LRRK2,5.0
10074640,QSK,5.0
11656518,MET(M1250T),5.0
3081361,CLK2,5.0
44150621,ROCK2,5.508638306165728
4908365,ABL2,5.275724130399211
42642645,MAPKAPK2,5.0
5329102,MEK2,6.958607314841775
11667893,RSK4(KinDom.1-N-terminal),5.0
11626560,PHKG1,5.0
176155,PIK3CA(E545K),5.0
644241,MRCKB,6.040958607678906
10138260,PIK3CA(H1047Y),5.0
156414,EGFR(L747E749del),9.769551078621726
9926791,PRKCH,5.0
216239,CDC2L5,5.0
9926054,MAST1,5.0
24779724,TEC,5.0
11409972,KIT,8.267606240177031
123631,SIK,5.0
5287969,FGFR1,5.0
10427712,LTK,5.0
11234052,NEK11,5.0
151194,FAK,5.0
5494449,PIK3CA(E545K),5.0
11314340,PAK3,5.0
3062316,CSNK1A1,5.0
16725726,EPHB3,5.0
153999,SLK,6.3979400086720375
11314340,PIK3CD,5.0
44259,ZAP70,7.356547323513813
24180719,PHKG1,5.0
156414,CDC2L5,5.0
9884685,EGFR(E746A750del),5.0
11656518,AURKB,5.0
4908365,EGFR(T790M),5.958607314841775
447077,TRPM6,5.0
4908365,MEK5,7.00436480540245
11314340,MARK1,5.0
10184653,MST1R,5.0
25127112,RIPK2,5.0
3038525,TNK1,5.0
208908,CSNK1G3,5.0
176167,AURKC,5.0
9929127,PIK3CA(E545A),5.0
10127622,NEK3,5.0
208908,PRKCE,5.0
44259,CASK,7.721246399047171
153999,CLK1,6.040958607678906
11656518,LKB1,5.0
208908,CDKL1,5.0
3025986,LIMK2,5.0
42642645,PIK3CA(M1043I),5.0
16722836,EGFR(G719S),5.0
9809715,CSNK2A2,6.050609993355088
5291,EGFR(G719C),5.0
126565,KIT,6.823908740944319
11427553,BMPR1B,6.920818753952375
10138260,EPHB2,5.0
9884685,ACVR2A,5.0
11717001,CAMK2D,5.0
11984591,RET,8.387216143280265
51004351,EPHA8,5.0
11656518,MST2,5.0
10138260,FGFR3,6.251811972993799
10113978,TNNI3K,5.0
126565,CDK2,7.698970004336019
11409972,CSNK2A1,5.0
3025986,PKNB(Mtuberculosis),5.0
51004351,DRAK2,5.327902142064283
24180719,FLT3(D835H),5.214670164989233
156422,CAMKK1,5.0
3038522,RSK2(KinDom.1-N-terminal),5.0
16007391,CDC2L5,5.958607314841775
11314340,PYK2,5.0
10427712,DDR1,5.0
9884685,PIK4CB,5.455931955649724
10461815,CSF1R,6.154901959985743
3081361,PIK3CA(I800L),5.0
11485656,YSK4,6.6020599913279625
24180719,TRKC,5.0
42642645,INSRR,7.275724130399211
16722836,BMPR1A,5.0
10074640,LYN,7.214670164989233
10127622,ACVR2A,5.0
11314340,EGFR(G719C),5.0
3081361,PIK3CB,5.0
11485656,TAOK3,6.585026652029182
10461815,CAMK4,5.0
16722836,DCAMKL3,7.886056647693163
42642645,TESK1,6.585026652029182
447077,PRKR,5.0
5287969,CDK3,6.3872161432802645
176155,ERK3,5.0
17755052,YES,5.0
17755052,EPHA2,5.0
16722836,MUSK,6.096910013008056
16007391,PRKX,5.0
5291,CAMK1G,5.0
25243800,CAMK2A,5.251811972993799
16038120,PAK6,5.455931955649724
156422,YES,5.309803919971486
10074640,HUNK,5.0
11626560,SBK1,5.886056647693163
10074640,MELK,5.0
151194,PCTK3,5.0
10461815,RPS6KA4(KinDom.1-N-terminal),5.0
151194,DCAMKL3,5.0
10127622,CSNK1A1,5.0
16722836,ABL1p,7.356547323513813
176167,EGFR(L747E749del),5.0
208908,TNK2,5.0
3025986,TBK1,5.0
9809715,IRAK1,6.920818753952375
176167,PDPK1,5.0
156422,EPHA6,5.698970004336019
11364421,HIPK3,5.443697499232713
11409972,PFTK1,7.769551078621726
153999,CDK11,5.0
24889392,TNNI3K,5.0
11717001,SIK,5.0
11717001,LATS2,5.0
126565,PIM2,6.6020599913279625
24889392,CSNK1G1,5.0
25243800,CAMKK2,5.42021640338319
10074640,p38-beta,5.0
11409972,TRKA,6.494850021680094
9809715,DRAK1,6.958607314841775
44259,EPHA5,7.022276394711152
123631,PIP5K1A,5.0
153999,ACVR1B,5.0
176870,CASK,5.0
4908365,BMPR1A,5.0
10138260,MST1R,5.0
11314340,IKK-alpha,5.0
153999,PRKCQ,8.602059991327963
44150621,PLK3,5.0
11338033,KIT(V559D-T670I),5.0
17755052,CSNK2A2,5.619788758288394
176155,EGFR(T790M),5.6020599913279625
3038525,EGFR(L747E749del),5.0
3038525,ERK2,5.0
24889392,EGFR(L747S752del),5.0
176167,PIK3CA(H1047L),5.0
644241,TIE2,6.0
3081361,RET(V804M),5.0
11626560,BRK,5.0
176155,CSF1R,5.0
11717001,TSSK1B,5.0
11984591,CDC2L5,5.0
25127112,ERK8,5.0
16722836,AXL,6.795880017344075
156414,ACVR1B,5.0
44150621,BLK,6.721246399047171
25127112,TTK,6.318758762624413
5329102,GSK3B,5.0
123631,LRRK2(G2019S),5.0
11314340,PIM2,6.657577319177793
5494449,JAK1(JH2domain-pseudokinase),5.0
11427553,ROCK1,6.522878745280337
5291,LATS1,5.0
9926054,ERK5,6.2076083105017466
11984591,SRMS,6.214670164989233
17755052,WEE1,5.0
447077,PAK1,5.0
11712649,FGFR2,5.769551078621726
16725726,DAPK1,5.522878745280337
151194,AXL,5.0
25243800,RIOK1,5.0
10138260,ABL1(T315I),6.657577319177793
5291,NEK11,5.0
6918454,LIMK1,5.0
25243800,PIP5K1A,5.0
44150621,ERK8,5.0
11485656,QSK,5.0
3038522,BMPR2,5.0
3025986,PRKCH,5.0
10427712,BIKE,6.1938200260161125
10127622,EPHB4,5.0
5329102,CHEK2,8.0
24889392,MAP3K15,5.0
3038522,PIK3C2G,5.0
6918454,IRAK4,5.0
42642645,MAP3K15,5.0
3038522,CLK4,5.795880017344075
11338033,GRK4,5.0
11314340,CSNK2A2,5.42021640338319
11338033,NLK,5.0
11617559,PKAC-alpha,5.0
16038120,PCTK3,5.0
16007391,KIT(A829P),6.221848749616356
9926791,BMX,5.0
24889392,MAP3K1,5.0
9926054,PLK1,5.0
11667893,DAPK1,5.0
11485656,STK36,5.0
44150621,AAK1,6.769551078621726
123631,TAK1,5.0
5287969,MEK1,5.0
10138260,TXK,5.0
11667893,PKMYT1,5.0
151194,MET(Y1235D),5.0
9915743,LRRK2,5.0
9809715,PKN1,6.130768280269024
11656518,BMPR2,5.0
11314340,MAP3K4,5.0
11338033,SRMS,5.0
11427553,EGFR(L747T751del),5.0
123631,MEK4,5.0
11409972,CLK4,6.537602002101044
447077,RET(V804M),5.221848749616356
5291,CAMK2B,5.0
3038522,OSR1,5.0
11234052,MYLK,5.0
9915743,ABL1,5.0
5287969,DDR1,5.0
644241,NEK4,5.0
9929127,YSK4,5.0
5291,PIK3CA(I800L),5.0
126565,VRK2,5.0
11314340,CAMK2B,6.013228265733755
3062316,FLT3(D835Y),5.318758762624413
10127622,ERN1,5.0
25243800,CDK9,5.0
11364421,MAP3K2,5.0
16007391,TRKB,5.0
11712649,RSK3(KinDom.1-N-terminal),5.0
3038522,PKNB(Mtuberculosis),5.0
5287969,BRSK1,5.0
11409972,MYO3A,7.387216143280264
156414,PIM3,5.0
3038525,PCTK1,5.0
11656518,ACVR2A,5.0
3038522,TIE1,5.0
3025986,YANK2,5.0
44259,CSF1R,7.920818753952375
10113978,ACVRL1,5.0
42642645,CDK5,5.0
16038120,PIK3CA(C420R),5.0
16722836,MEK4,5.00436480540245
216239,RIOK3,5.0
10113978,ACVR2A,5.0
10127622,SBK1,5.0
3038525,MAP3K2,5.0
11314340,TAOK1,6.327902142064283
5329102,GRK4,6.853871964321762
156422,PIM3,5.0
10138260,CDKL5,5.0
9884685,GRK7,5.0
9926791,IRAK3,5.0
16722836,FGFR3,6.443697499232713
176167,CLK4,5.795880017344075
6918454,MAP4K2,5.0
4908365,TIE2,5.0
44150621,ACVR2A,5.0
3038525,PIK3CA,5.0
11485656,TNK1,5.0
9926054,CDK4-cyclinD1,5.0
16038120,CDC2L2,5.0
9933475,GSK3B,5.0
11234052,SYK,5.0
24180719,PCTK1,5.0
3038522,ABL1(Q252H)p,5.0
6918454,DAPK1,5.0
9809715,JAK2(JH1domain-catalytic),7.853871964321762
6918454,EGFR(L858RT790M),5.0
123631,FGFR3,5.0
25243800,FRK,6.2441251443275085
9926791,JNK2,5.0
447077,IKK-epsilon,5.0
17755052,LATS2,5.0
24180719,EGFR(S752I759del),5.0
6918454,MAP3K2,5.0
11617559,ROCK2,5.0
51004351,MAP4K5,5.958607314841775
5494449,PIK3CA(Q546K),5.0
3038525,INSR,5.0
10127622,PYK2,5.0
11712649,DLK,5.0
11314340,PKN2,6.229147988357856
24889392,AXL,5.0
24889392,IGF1R,5.0
9929127,TYK2(JH2domain-pseudokinase),6.301029995663981
151194,AKT3,5.0
216239,PRKR,5.0
24889392,FLT1,7.387216143280264
10427712,MRCKB,5.0
11427553,IKK-alpha,6.744727494896694
51004351,PCTK1,5.0
11984591,MAPKAPK2,5.0
3025986,AMPK-alpha2,5.0
6450551,GCN2(KinDom2S808G),5.0
11234052,MLK2,5.0
11364421,MLCK,5.0
176155,AKT3,5.0
11626560,FLT3,6.070581074285707
10461815,CSNK1E,6.0655015487564325
5328940,BMPR1B,5.0
17755052,PAK2,5.0
208908,ERK8,5.0
11717001,MAP3K2,5.0
24889392,DMPK2,5.0
10127622,PIP5K2C,5.0
10127622,RSK4(KinDom.1-N-terminal),5.0
16722836,PFTK1,5.585026652029182
123631,MYO3B,5.0
6918454,EGFR(T790M),5.0
9884685,CSF1R,5.0
11234052,YSK1,5.0
208908,PIK3CA(E545K),5.0
11656518,ASK1,5.0
3025986,JAK1(JH1domain-catalytic),5.0
5494449,INSR,6.200659450546419
44150621,CLK3,5.0
10074640,MERTK,5.0
25127112,MERTK,5.0
176167,ERBB2,5.0
10074640,EPHB2,5.0
176155,DCAMKL3,5.0
644241,NEK1,5.0
11712649,LRRK2(G2019S),5.0
126565,CASK,6.481486060122113
644241,TRKC,6.221848749616356
25243800,EGFR(L858RT790M),6.180456064458132
44259,BLK,7.823908740944319
126565,NEK3,5.0
11485656,ERBB2,5.0
156422,ABL1(M351T),5.0
5328940,MKNK1,5.0
5287969,FLT3(D835Y),5.494850021680094
208908,ITK,5.0
644241,LOK,5.167491087293763
5494449,PIK3CA(H1047L),5.0
176155,PIM1,5.0
3038522,PLK4,5.119186407719209
3025986,PCTK2,7.886056647693163
11427553,PIK4CB,5.0
10461815,PRKCH,5.0
11338033,PKN2,5.0
11427553,MARK3,5.886056647693163
3038525,PIK3CA(E542K),5.0
9926054,ASK1,5.0
25243800,PLK3,5.6020599913279625
10127622,MARK2,5.0
10461815,DRAK2,5.455931955649724
6918454,EPHA8,5.0
11712649,RSK1(KinDom.2-C-terminal),5.0
3038525,PIP5K2C,5.0
16725726,MYLK2,5.0
51004351,PIK3C2B,5.0
11712649,DMPK2,5.0
17755052,PFTK1,5.0
156422,AXL,5.0
176167,PKMYT1,5.0
16722836,ABL2,6.2441251443275085
9933475,DAPK3,5.0
10184653,BMPR2,5.0
42642645,CDKL3,5.356547323513813
123631,MYLK2,5.721246399047171
25127112,TIE1,5.0
10127622,PIK3CA(I800L),5.0
9884685,TEC,5.0
11485656,PAK1,5.0
24889392,EPHA4,5.0
11409972,SIK,5.769551078621726
176167,p38-gamma,5.0
6450551,FGFR3(G697C),6.6777807052660805
9929127,MAP3K4,5.0
151194,VRK2,5.0
11485656,LZK,5.0
11717001,LOK,5.886056647693163
44150621,BRSK2,5.0
5494449,TRKB,6.619788758288394
6918454,MEK3,5.0
44259,DDR1,7.721246399047171
10184653,JNK2,5.6777807052660805
17755052,TRKC,5.0
11364421,PRKCH,5.0
156414,ABL1(E255K),7.522878745280337
11427553,CSNK1G3,5.920818753952375
11234052,MLK3,5.0
11364421,STK39,5.0
25243800,TLK1,5.0
447077,BRSK2,5.050609993355088
156422,MKK7,5.0
176167,DCAMKL3,5.0
5328940,CDK11,5.0
153999,MET(M1250T),5.0
176155,ERK5,5.0
5287969,NEK6,5.0
153999,MET(Y1235D),5.0
447077,ZAP70,5.0
9933475,AURKC,5.6777807052660805
176167,RIPK5,5.0
3062316,PIP5K1C,5.0
11617559,MST1,5.0
25127112,SLK,5.0
216239,MAP4K3,5.0
24779724,TNIK,5.0
153999,MINK,6.508638306165728
5494449,AURKA,8.4089353929735
16007391,MYLK,5.0
3062316,p38-delta,5.0
11427553,ULK3,6.920818753952375
644241,MAPKAPK2,5.0
151194,RPS6KA4(KinDom.1-N-terminal),5.0
9933475,DAPK2,5.0
123631,ULK1,5.0
10127622,PAK7,5.0
5287969,BRSK2,5.0
3038522,SNARK,5.0
176870,PRKG2,5.0
447077,MKNK1,5.0
3025986,NEK5,5.0
17755052,ACVRL1,5.0
3038522,MINK,5.0
25243800,CDK8,5.200659450546419
5291,EPHA8,5.853871964321762
11712649,HIPK4,5.0
16722836,TGFBR2,5.958607314841775
11409972,PAK1,5.0
644241,LATS2,5.0
25243800,QSK,5.537602002101044
5287969,RPS6KA5(KinDom.2-C-terminal),5.0
123631,PIK3CB,5.0
153999,PIK3CA(E545A),5.0
11626560,ABL1(E255K),6.769551078621726
6918454,FRK,5.0
151194,ARK5,5.0
5494449,ABL1,7.886056647693163
9926054,ACVR2B,5.0
11712649,ULK2,5.0
9929127,ARK5,5.0
176167,ACVR1B,5.0
156422,LCK,5.920818753952375
6918454,JNK1,5.0
16722836,CSNK1D,5.0
11234052,PAK2,5.0
9884685,SYK,5.0
6918454,CASK,5.0
11364421,BRAF(V600E),5.0
24180719,DDR1,5.619788758288394
3062316,MAP3K1,5.0
156414,MST4,5.0
25127112,CDK8,5.0
25127112,ROCK2,7.2839966563652
3025986,ADCK3,5.0
123631,SGK3,5.0
44259,HCK,7.698970004336019
123631,NEK6,5.0
11617559,BRSK2,5.0
11485656,BMPR2,5.10790539730952
151194,FLT3(R834Q),5.0
216239,ABL1(T315I)p,5.823908740944319
447077,LTK,5.0
17755052,EPHB2,5.0
644241,FGFR2,5.0
447077,PKN2,5.0
10113978,EPHB6,7.091514981121351
5328940,BRSK2,5.0
44150621,PFCDPK1(Pfalciparum),6.214670164989233
11717001,YANK2,5.0
10127622,CIT,5.0
16725726,JAK3(JH1domain-catalytic),5.0
11234052,CAMK2B,5.0
16007391,BMPR1A,5.0
11667893,PIK3C2B,5.0
644241,SRPK2,5.0
176167,EGFR(S752I759del),5.0
11314340,DRAK2,5.2839966563652006
3081361,TXK,5.431798275933005
126565,ERK1,5.008773924307505
16725726,SgK110,5.0
11234052,ABL1(H396P)p,6.1938200260161125
123631,PYK2,5.0
176155,ABL1(H396P)p,5.4089353929735005
3038522,ERK5,5.0
24779724,MAST1,5.0
11617559,CDK3,5.0
11409972,MLK3,5.3979400086720375
4908365,LCK,6.744727494896694
42642645,RSK1(KinDom.2-C-terminal),5.0
644241,BTK,5.0
151194,IRAK4,5.0
17755052,ERK2,5.0
42642645,PAK1,5.0
176870,DCAMKL2,5.0
11984591,PKAC-beta,6.292429823902063
51004351,FYN,5.6777807052660805
123631,EPHA5,5.823908740944319
153999,RSK1(KinDom.2-C-terminal),5.0
9926791,FGFR3(G697C),5.0
176167,DAPK2,5.0
9929127,MST4,5.0
3025986,PRKCQ,5.0
10113978,MST1,5.0
9926791,MYLK4,5.0
11409972,IRAK3,5.0
10113978,ABL1(T315I),5.42021640338319
11427553,DCAMKL2,5.0
24889392,ANKK1,5.0
4908365,TLK1,5.0
11667893,PIP5K2B,5.0
11984591,PIP5K1C,6.886056647693163
176155,ACVR2B,5.0
5287969,CDC2L2,5.0
11409972,DYRK1B,5.0
216239,ROS1,5.0
151194,JNK2,5.0
176870,ARK5,5.0
11234052,CSNK1D,5.0
11617559,FRK,5.0
25243800,CASK,5.795880017344075
5287969,PIK4CB,5.0
153999,ERK5,5.0
24889392,ABL1p,5.0
24779724,BMPR1B,5.0
10138260,MEK5,7.1249387366083
16007391,FLT3(D835H),6.6777807052660805
11364421,ABL1(H396P),5.698970004336019
208908,CLK3,5.0
5291,PRKCD,5.0
6918454,TBK1,5.0
5287969,CDK4-cyclinD3,8.481486060122112
216239,ERK5,5.0
25243800,PRKG1,5.0
208908,IKK-beta,5.0
156422,RIOK1,5.0
126565,RPS6KA5(KinDom.1-N-terminal),7.376750709602099
24779724,RIOK2,5.0
4908365,PIP5K2C,5.0
25243800,DLK,5.0
176870,ABL1(T315I),6.2076083105017466
11338033,KIT(L576P),5.0
16038120,MELK,7.00436480540245
10074640,AMPK-alpha2,5.0
3025986,CDK3,7.251811972993799
5329102,EGFR(L858R),5.0
9933475,CSNK1G3,5.0
16038120,TAK1,6.795880017344075
11409972,RIPK4,6.744727494896694
6450551,KIT(L576P),8.769551078621726
11427553,NLK,5.0
17755052,EGFR(E746A750del),5.0
216239,ACVR2A,5.0
10113978,MAP4K5,5.522878745280337
9926054,RIPK1,5.0
9926054,JNK1,5.0
9926054,PIK3CA(E545K),5.0
16007391,ABL1(F317L)p,5.638272163982407
10138260,NEK3,5.0
5291,TGFBR1,5.0
5494449,EPHB4,5.769551078621726
4908365,DYRK1A,5.0
11617559,MAPKAPK5,5.0
11656518,BRAF(V600E),6.481486060122113
11485656,CAMK2G,5.0
9884685,TAOK2,5.0
44259,LATS2,7.769551078621726
5291,PIK3C2G,5.0
176155,MTOR,5.0
9884685,INSRR,5.0
3062316,PIK3CA(H1047L),5.0
123631,ALK,5.0
9926054,PAK1,5.0
10138260,CDK2,5.0
153999,CAMK2B,5.0
176167,ACVR2B,5.0
5287969,KIT(A829P),5.055517327849832
25243800,CDC2L2,5.0
216239,AKT3,5.0
3038522,MET(M1250T),5.0
24180719,CDK4-cyclinD1,5.0
17755052,CDK2,5.0
9884685,EGFR(L861Q),5.0
44150621,MYO3B,5.0
5329102,GAK,7.698970004336019
3025986,IKK-beta,5.0
3062316,MKNK1,5.0
3081361,PIK3CA(H1047L),5.0
25127112,PDGFRB,5.0
5291,ULK3,5.0
9915743,MST1,6.568636235841013
17755052,PIK3CA,8.958607314841775
16038120,KIT(V559D-T670I),6.886056647693163
11984591,RIPK4,6.657577319177793
5291,FYN,5.508638306165728
3038525,PIM1,5.0
10127622,GSK3A,5.0
17755052,IKK-beta,5.0
5329102,NDR1,6.3872161432802645
126565,LKB1,7.244125144327507
16722836,MEK5,6.443697499232713
11364421,CHEK2,5.113509274827518
25127112,PRKCQ,5.0
11712649,KIT(D816H),5.0
208908,HIPK2,5.0
11485656,EGFR(L747E749del),5.0
216239,PIK4CB,5.0
11409972,AKT1,5.0
11656518,FLT3(K663Q),6.136677139879544
151194,PIK3CA(E542K),5.0
126565,p38-gamma,6.431798275933005
644241,OSR1,5.0
11364421,NEK6,5.0
9809715,CSNK1D,5.886056647693163
16725726,TAK1,5.0
11717001,TIE1,5.0
11364421,MYLK2,5.0
5329102,STK16,6.6020599913279625
11427553,ERN1,5.455931955649724
11617559,CTK,5.0
644241,FLT3(N841I),5.0
10184653,VRK2,5.0
10138260,GCN2(KinDom2S808G),6.327902142064283
156422,DYRK2,5.0
11409972,DYRK2,6.6777807052660805
10461815,ABL1(F317L),5.0
5287969,MAP4K4,5.0
42642645,PKAC-alpha,5.0
3025986,PIK3CA(H1047L),5.0
10074640,ABL1(E255K),6.853871964321762
25243800,HPK1,5.6777807052660805
126565,MRCKA,5.036212172654444
44150621,TNIK,7.619788758288394
11234052,BRAF(V600E),5.0
11712649,PRKX,5.0
176167,ERK8,7.119186407719209
644241,GRK4,5.0
153999,CDKL5,5.3872161432802645
9926791,DCAMKL2,5.0
11712649,MAPKAPK2,5.0
151194,PKAC-beta,5.0
153999,LRRK2,5.0
126565,EPHA5,5.229147988357856
5494449,CAMKK1,5.337242168318426
9926054,BRAF,5.0
24779724,TAK1,5.0
16007391,SNRK,5.0
17755052,PIM2,5.0
151194,MAP3K15,5.0
151194,TTK,5.0
10461815,EGFR(L861Q),5.0
24889392,FLT3(ITD),8.05551732784983
5287969,ACVR1,5.721246399047171
9884685,PRKX,5.0
11338033,PIK3CA(E542K),5.0
5328940,HIPK4,6.886056647693163
9915743,MEK6,5.0
151194,PKMYT1,5.0
24779724,TTK,5.0
10074640,BRSK1,5.0
11717001,MAST1,5.0
216239,LYN,5.522878745280337
9926791,RAF1,5.0
44150621,CDK4-cyclinD1,5.920818753952375
208908,FLT3(ITD),5.0
24889392,TYK2(JH1domain-catalytic),5.0
25127112,PIK3CB,5.0
126565,RAF1,5.0
10074640,TGFBR2,5.0
4908365,CAMK1G,5.2076083105017466
4908365,MKNK2,5.0
51004351,CLK3,5.443697499232713
16007391,ALK,5.0
5328940,MAP3K3,7.267606240177032
3038522,RSK1(KinDom.2-C-terminal),5.0
5328940,PAK7,5.0
208908,GCN2(KinDom2S808G),5.0
42642645,DRAK1,5.0
11427553,PAK1,5.6777807052660805
25243800,MLCK,6.443697499232713
11712649,KIT(V559D-T670I),5.0
11717001,AKT1,5.0
4908365,JAK1(JH1domain-catalytic),6.698970004336019
5328940,ALK,6.161150909262744
3025986,RIOK2,5.823908740944319
16038120,ERBB4,6.552841968657781
11717001,CSNK1G3,5.0
11984591,FLT3(D835H),9.187086643357144
11485656,EGFR,5.0
11626560,MAPKAPK5,5.0
10184653,RSK3(KinDom.2-C-terminal),5.0
11667893,RSK3(KinDom.2-C-terminal),5.0
3081361,TLK1,5.0
11626560,SNRK,5.0
3038522,AURKA,5.0
11485656,CSNK1G3,5.0
16722836,PIK3CG,5.1249387366083
25243800,CDK2,5.0
4908365,RIOK3,5.698970004336019
5291,ABL1(E255K),6.769551078621726
25243800,PRKD2,5.0
156414,JAK3(JH1domain-catalytic),6.200659450546419
11984591,MET(M1250T),6.638272163982407
25127112,JAK2(JH1domain-catalytic),10.443697499232712
11234052,DAPK3,5.0
3038525,TAOK2,5.0
16722836,DDR1,5.721246399047171
11984591,TBK1,7.638272163982407
5287969,MELK,5.0
11364421,JAK2(JH1domain-catalytic),5.0
4908365,RAF1,5.0
24779724,EPHA5,5.0
6450551,DRAK1,5.0
16725726,PIK3CA(E545A),5.0
5291,MST2,5.0
44150621,FGR,6.721246399047171
9929127,EGFR(L747S752del),5.0
16038120,PIK3CA,5.0
3081361,EPHA4,5.795880017344075
10427712,GAK,5.853871964321762
11427553,MERTK,6.1249387366083
10127622,JAK2(JH1domain-catalytic),5.0
16007391,NEK4,5.0
11427553,CDK11,5.0
3062316,ADCK4,5.0
10127622,LTK,5.0
10127622,TIE2,5.0
9933475,PIK3CA(Q546K),5.0
24779724,SRMS,5.0
11234052,MAK,5.0
3025986,RPS6KA4(KinDom.1-N-terminal),5.0
9926054,MYO3A,5.0
11617559,CAMK1,5.0
3062316,CAMK4,5.0
5287969,LRRK2,6.0
10461815,BTK,5.0
176870,TIE1,6.070581074285707
10138260,ASK1,5.0
5291,PDGFRA,7.508638306165728
9926791,YANK2,5.0
44259,PRKD2,7.142667503568732
11667893,PRKX,5.0
3025986,PKAC-alpha,5.0
51004351,SRPK2,6.481486060122113
644241,NLK,5.0
25127112,CAMK4,5.0
11617559,CSNK2A1,5.0
216239,EPHB4,5.744727494896694
24779724,MET(M1250T),9.086186147616283
24779724,PIK3CA(H1047Y),5.0
11338033,RIOK3,5.0
9809715,LIMK1,5.0
16038120,QSK,5.886056647693163
644241,INSR,5.0
126565,MARK3,7.309803919971486
5291,DMPK2,5.0
5291,RET,5.0
153999,ABL1(Q252H)p,5.0
3081361,MAPKAPK2,5.0
9933475,PRKCQ,5.0
10427712,PIK3CA(E542K),7.080921907623926
208908,GRK4,5.0
9915743,VEGFR2,5.0
3038525,ICK,5.0
11617559,DRAK2,5.0
10138260,ERK3,5.0
5287969,TNIK,5.0
216239,PKNB(Mtuberculosis),5.0
16725726,ACVR1B,5.0
24779724,NEK9,5.0
10427712,EPHB1,5.0
10184653,ABL1(F317L)p,6.638272163982407
9915743,EPHB3,5.0
5494449,GSK3A,5.0
10461815,CSNK1G2,5.0
9933475,PDGFRA,9.387216143280265
3025986,TIE2,5.0
16007391,MST1,5.0
44150621,MAP3K15,5.0
16038120,TRKA,6.337242168318426
447077,JNK1,5.823908740944319
3038525,RIPK2,5.0
11364421,MST1,5.0
5291,DDR2,7.823908740944319
16725726,EPHA3,5.0
5328940,PRKCQ,6.040958607678906
25243800,CHEK1,5.0
11234052,PIK3C2G,5.0
24779724,RPS6KA5(KinDom.2-C-terminal),5.0
176155,PAK7,5.0
10138260,PKMYT1,5.0
5291,LYN,6.050609993355088
9809715,MAP4K2,6.537602002101044
24180719,MAP3K3,5.0
644241,EPHB2,6.1938200260161125
10113978,PFPK5(Pfalciparum),5.0
10113978,NEK3,5.0
123631,AAK1,5.0
9933475,CAMK4,5.0
151194,ABL1(H396P),5.0
17755052,CDKL2,5.0
11234052,ABL1(T315I)p,6.346787486224656
11656518,SIK2,5.0
5328940,PIK3CA(M1043I),5.0
17755052,FGFR4,5.0
25243800,MRCKA,5.0
24889392,MKK7,5.0
9933475,CSNK1D,5.0
6918454,MLK1,5.0
176870,ACVRL1,5.0
42642645,ERBB3,5.823908740944319
447077,PIK3CA(H1047Y),5.0
10074640,PIK3CA(I800L),5.0
24779724,PIM3,5.0
24779724,CIT,5.0
16007391,TIE2,5.721246399047171
447077,PRKD2,5.0
11364421,RAF1,5.0
123631,EGFR(L858R),9.0268721464003
16007391,ITK,5.0
9926791,PKAC-alpha,5.0
3062316,ACVRL1,6.337242168318426
16722836,NEK4,5.795880017344075
10113978,MYLK4,5.0
11338033,NEK7,5.0
16007391,BMX,5.0
6918454,CAMK1G,5.0
5494449,YANK2,5.0
9809715,CDK4-cyclinD1,6.795880017344075
10113978,FGFR1,6.00436480540245
3062316,TYK2(JH2domain-pseudokinase),6.958607314841775
3038525,ASK1,5.0
11409972,RPS6KA5(KinDom.1-N-terminal),6.136677139879544
24779724,FLT3(ITD),5.0
9809715,VEGFR2,8.537602002101044
9926791,PIK3CA(C420R),5.0
10427712,ULK1,5.0
10138260,CSNK1G3,6.2441251443275085
10461815,IKK-alpha,5.0
156422,ADCK4,5.0
10427712,PRKG2,5.0
44259,CDC2L5,7.154901959985743
11667893,MEK2,5.0
44259,NEK1,6.0655015487564325
156414,MAST1,5.0
5328940,CAMK2A,5.346787486224656
3081361,ERK2,5.0
16725726,PRKX,8.142667503568731
126565,PIK3CA(C420R),5.309803919971486
11984591,DAPK2,7.207608310501746
447077,INSR,5.0
11427553,RSK2(KinDom.1-N-terminal),6.552841968657781
16007391,IKK-beta,5.0
6450551,PHKG1,5.0
24779724,EGFR(L861Q),5.0
156414,EGFR(L861Q),9.657577319177792
123631,LIMK2,5.0
11626560,ERBB2,5.0
5329102,FGFR2,6.2441251443275085
5494449,IRAK1,5.0
6450551,EGFR(L858RT790M),5.0
24779724,ROS1,5.0
51004351,EGFR(L858RT790M),8.05551732784983
5328940,TAOK3,6.468521082957745
216239,PIK3CG,5.0
123631,TXK,5.221848749616356
44150621,CAMK1D,5.0
11617559,FLT3(ITD),5.0
176167,PRKX,5.0
4908365,EPHA4,5.113509274827518
11485656,BRAF,5.0
3062316,SNARK,5.0
16038120,TEC,6.744727494896694
11234052,GRK1,5.0
10427712,MUSK,5.0
5291,STK36,5.0
3038522,MELK,5.0
9915743,S6K1,5.0
126565,PDPK1,8.468521082957745
11234052,YANK3,5.0
208908,SGK3,5.0
11717001,EGFR(L858RT790M),5.0
9929127,FLT3(R834Q),5.0
11717001,AXL,5.0
11712649,CLK2,5.494850021680094
9809715,EGFR(T790M),5.0
176155,PLK1,5.0
51004351,RSK3(KinDom.2-C-terminal),5.0
16725726,KIT(D816V),6.886056647693163
9929127,TBK1,5.0
208908,RIPK4,5.0
10113978,OSR1,5.0
11314340,CSNK1G2,6.42021640338319
447077,YES,8.638272163982407
10138260,PRKG1,5.0
11667893,BRSK2,5.0
208908,TEC,5.0
24889392,MAK,5.0
10461815,EPHA6,5.0
176167,ZAP70,5.0
10138260,TNNI3K,5.0
156422,PFTAIRE2,5.0
10461815,FGFR1,5.0
447077,MAP3K4,7.251811972993799
11712649,ACVR1B,5.0
11656518,LIMK2,5.0
10461815,AKT1,5.0
10427712,PIP5K1A,5.744727494896694
9933475,ERK8,5.0
11314340,CLK1,8.853871964321762
447077,YANK1,5.6020599913279625
11409972,SRMS,7.142667503568732
16007391,FLT3(K663Q),8.4089353929735
6918454,PKAC-beta,5.0
644241,FLT3(ITD),5.0
9933475,LYN,6.568636235841013
208908,CAMK2D,5.0
11617559,SYK,5.0
16722836,SRC,7.1249387366083
17755052,ABL1(F317L),5.0
16007391,FLT3(D835Y),6.173925197299174
9933475,FAK,5.0
11485656,DYRK2,5.0
11717001,KIT(A829P),5.0
51004351,ZAK,5.0
51004351,RET,6.455931955649724
5287969,YANK3,5.0
16722836,TRPM6,5.0
42642645,AMPK-alpha1,6.136677139879544
3062316,ABL1,10.537602002101044
11617559,TNNI3K,5.0
151194,CASK,5.0
11667893,QSK,5.0
3062316,FLT3(D835H),5.091514981121351
9809715,PDGFRB,7.823908740944319
44259,PIK3CA(M1043I),5.0
16038120,EGFR(T790M),8.148741651280925
10427712,CSNK2A1,5.552841968657781
3025986,GSK3A,7.552841968657781
17755052,CSNK2A1,5.0
9933475,STK36,5.0
10127622,DCAMKL3,5.0
9809715,DCAMKL1,6.267606240177032
9926054,CSNK2A1,5.0
11485656,PRP4,5.0
24889392,CAMKK2,5.0
9929127,NEK11,5.0
11338033,BMX,5.0
4908365,PIK3CA(I800L),5.0
10127622,MYO3A,5.0
208908,PCTK1,5.0
10427712,ERK4,5.0
5291,AURKB,5.0
176155,CSNK1A1,7.1249387366083
176870,DMPK2,5.468521082957745
25243800,MYLK,6.481486060122113
11626560,CAMK1D,5.0
9929127,EGFR(S752I759del),5.0
51004351,SBK1,5.0
25127112,AAK1,6.920818753952375
25243800,PIK3CA(E542K),6.721246399047171
3038522,ABL1(H396P),5.0
9933475,NEK2,5.0
11717001,IKK-epsilon,5.0
9809715,CDK11,5.0
11717001,NEK4,5.0
216239,CDK2,5.060480747381382
11712649,TTK,5.0
11712649,FLT3(D835Y),5.0
3025986,PIK3CA(I800L),5.0
17755052,MKK7,5.0
10127622,EGFR(L861Q),5.050609993355088
10138260,NEK6,6.221848749616356
10461815,NEK5,5.0
216239,MEK6,5.0
156422,MINK,6.508638306165728
11717001,MAP4K2,5.0
16007391,NLK,5.0
9926791,BRAF,5.0
3038525,TBK1,5.0
176155,ABL1(Q252H)p,5.0
44259,AURKA,7.769551078621726
11338033,AKT1,5.0
176870,JNK1,5.0
447077,SIK2,7.585026652029182
9915743,RSK1(KinDom.1-N-terminal),5.130768280269024
9926054,OSR1,5.0
151194,INSR,5.0
3081361,DDR2,6.494850021680094
176167,CDKL1,5.0
3038522,SRC,5.017728766960432
3025986,YANK3,5.0
11338033,DLK,5.0
42642645,LIMK1,6.167491087293763
10074640,TXK,5.0
11712649,CDK4-cyclinD1,5.0
9933475,ABL1(M351T),7.251811972993799
9926791,TBK1,5.0
126565,FLT1,6.920818753952375
9929127,RSK3(KinDom.1-N-terminal),5.0
3038522,FAK,5.0
10138260,PDPK1,5.585026652029182
9933475,RET(V804L),5.0
11338033,EIF2AK1,5.0
3038525,BLK,5.508638306165728
16722836,ABL1(T315I)p,7.187086643357144
24779724,PFCDPK1(Pfalciparum),5.0
11712649,SGK3,5.0
11656518,CAMKK2,5.0
10427712,AURKC,5.0
11427553,PKNB(Mtuberculosis),6.619788758288394
153999,BTK,5.0
16007391,BLK,5.823908740944319
3081361,KIT(V559D-V654A),6.251811972993799
10461815,STK33,6.075720713938118
16722836,LRRK2,6.060480747381382
11234052,AURKC,5.0
16725726,RIOK1,5.0
9926054,PRKG1,5.0
11338033,WEE2,5.0
5287969,CAMK1,5.0
156422,BRAF(V600E),5.0
11617559,NIM1,5.0
16038120,PHKG1,7.769551078621726
11234052,AMPK-alpha1,5.0
24180719,TAK1,5.0
11314340,CAMK2G,6.050609993355088
9929127,TEC,5.0
176167,ACVRL1,5.0
11617559,FGFR2,5.0
10138260,JNK2,5.481486060122113
16038120,NEK11,5.0
176167,TIE2,5.0
16722836,EGFR(L861Q),5.236572006437063
5329102,ABL1(Q252H)p,7.119186407719209
11712649,NDR1,5.0
24889392,CSNK2A1,5.0
126565,QSK,6.920818753952375
156422,PRKD1,5.0
216239,CAMK2B,5.0
11717001,DYRK1A,5.0
44259,RET(M918T),7.552841968657781
11717001,RPS6KA4(KinDom.2-C-terminal),5.0
11427553,ICK,5.657577319177793
16038120,FLT3(D835H),8.309803919971486
11234052,EPHA4,5.0
11314340,CAMK1D,5.619788758288394
11617559,FLT4,5.0
16725726,JNK2,5.0
11427553,MEK5,6.920818753952375
9933475,MYLK,5.0
24180719,ACVRL1,5.0
16722836,SRPK1,6.795880017344075
11712649,JNK1,5.0
3062316,DYRK2,5.0
9915743,MARK1,5.0
4908365,EGFR,5.0
24180719,p38-gamma,5.0
5328940,CAMK1G,5.0
11338033,PIK3CA(I800L),5.0
6450551,CTK,5.0
10074640,ACVRL1,5.0
10113978,MST4,5.0
9809715,CLK4,7.744727494896694
123631,RSK1(KinDom.2-C-terminal),5.0
9933475,ERN1,6.292429823902063
24779724,EIF2AK1,5.0
5494449,ABL1(F317L)p,6.3979400086720375
208908,CIT,5.0
9915743,TIE2,5.522878745280337
4908365,GRK1,5.769551078621726
9926791,ADCK4,5.0
9884685,MAP3K2,5.0
6918454,NEK3,5.0
9809715,PLK3,5.0
10127622,MYO3B,5.0
25127112,PLK4,6.698970004336019
24779724,PIK3CA(I800L),5.0
5291,JAK2(JH1domain-catalytic),5.0
16038120,KIT(V559D),7.091514981121351
156422,SRMS,5.0
11717001,CDK9,5.0
10184653,PAK2,5.0
126565,EGFR(G719S),5.958607314841775
156414,AKT2,5.0
11626560,PIK3CA(H1047L),5.0
176870,EPHA4,5.0
42642645,ABL1(Y253F),7.431798275933005
11717001,TAK1,5.0
9933475,FLT3(ITD),5.0
11617559,ABL1(M351T),5.0
126565,MLCK,7.920818753952375
44150621,LATS2,6.275724130399211
3025986,PAK3,5.455931955649724
153999,CAMK1D,5.346787486224656
11427553,WEE2,5.327902142064283
156414,PIK3CD,5.0
4908365,MEK6,5.494850021680094
9926054,ANKK1,5.0
9915743,MKNK1,5.0
5287969,EPHA3,5.481486060122113
9926791,STK36,5.0
11427553,EGFR(L861Q),5.0
44259,VRK2,5.0
6450551,FGR,5.744727494896694
11338033,ABL1(F317I)p,5.0
9884685,CAMK1G,5.0
176870,CSNK1E,6.301029995663981
11409972,FLT3(N841I),8.638272163982407
11409972,TRKB,6.721246399047171
10461815,PKNB(Mtuberculosis),5.0
644241,FLT3(D835H),5.0
42642645,EPHB3,7.070581074285707
11717001,FAK,5.0
3038525,FAK,5.0
10427712,AXL,5.0
11626560,PCTK1,5.0
10127622,PIK3CB,5.0
176155,PKN1,5.0
4908365,PLK1,5.0
10427712,YSK4,5.3979400086720375
10113978,CHEK1,5.0
5494449,YANK3,5.0
3062316,ABL1(Q252H),10.431798275933003
10184653,IKK-alpha,5.0
25243800,CDKL5,5.0
3025986,STK36,6.585026652029182
208908,CSF1R,5.0
11314340,RSK1(KinDom.2-C-terminal),5.0
10074640,LCK,7.508638306165728
16007391,NEK7,5.0
3038522,FGFR1,5.0
11338033,BMPR1A,5.0
17755052,EPHA1,5.0
24779724,CSNK1G2,5.0
208908,BMPR1B,5.0
11717001,ROS1,5.0
44259,ULK3,8.920818753952375
9933475,PFTK1,5.0
11617559,SRPK2,5.0
16722836,LZK,6.229147988357856
176870,NEK4,5.0
156414,PAK7,5.0
4908365,RSK3(KinDom.1-N-terminal),5.886056647693163
42642645,PIM2,5.0
6918454,EGFR(L861Q),5.0
25127112,DYRK1A,6.040958607678906
3062316,PIK3CA(H1047Y),5.0
51004351,ABL1(T315I),5.309803919971486
51004351,YSK1,5.744727494896694
25243800,MET(M1250T),5.0
10138260,ULK3,7.376750709602099
9915743,SRPK2,5.0
156422,PIK4CB,5.0
11364421,CSNK1G3,5.619788758288394
16038120,CHEK1,7.356547323513813
11485656,ERK8,5.552841968657781
16038120,EPHA2,6.050609993355088
123631,RSK1(KinDom.1-N-terminal),5.0
24180719,RIPK1,5.292429823902063
5287969,ERK2,5.0
42642645,BMPR1A,5.0
3038525,ABL1(E255K),5.0
44259,AURKC,7.638272163982407
10427712,PIK3CA(E545K),7.142667503568732
176155,LIMK1,5.0
11667893,PIP5K2C,5.0
9915743,ABL1(H396P),5.0
10138260,TGFBR2,5.0
24779724,AKT3,5.0
11984591,CSF1R,7.508638306165728
3038522,AMPK-alpha2,5.0
16038120,MAPKAPK2,5.0
153999,GSK3A,5.0
10427712,MAP4K5,5.0
11656518,PRKD2,5.0
16007391,PRKCE,5.0
16725726,IKK-epsilon,5.0
24779724,KIT(L576P),5.0
24180719,LATS2,5.0
4908365,IRAK1,6.657577319177793
176870,EPHA5,6.1487416512809245
16007391,CSNK1A1L,5.0
123631,SRC,5.42021640338319
9929127,BLK,5.0
11617559,MET,5.0
44259,NIM1,6.853871964321762
11485656,ABL1(F317L),5.0
11409972,EGFR(G719C),6.657577319177793
9915743,ADCK4,5.0
3025986,EPHA5,5.0
11427553,MST4,5.958607314841775
11364421,PRKG1,5.0
4908365,CAMK2B,5.0
11984591,STK35,5.853871964321762
11667893,CDKL5,5.0
156422,CDKL3,5.0
16722836,PIM1,5.0
24779724,BLK,5.0
447077,ABL1,8.823908740944319
176167,EGFR(L858RT790M),5.0
644241,LIMK2,5.0
16722836,TSSK1B,5.886056647693163
10427712,KIT(D816H),5.0
5328940,DYRK1A,5.0
176870,DYRK1A,5.0
9929127,ACVR1,5.0
24779724,GRK4,5.0
156422,AMPK-alpha1,5.0
51004351,EPHB1,5.0
3081361,AKT3,5.0
9926054,BLK,5.0
9933475,DYRK2,5.0
25243800,ACVRL1,8.537602002101044
11314340,TYK2(JH1domain-catalytic),5.0
3038522,CSNK1G2,5.0
24180719,MERTK,5.0
11717001,ABL1(F317I)p,5.0
11984591,LATS2,5.3979400086720375
16725726,ZAK,5.0
9929127,MINK,5.0
4908365,CLK3,5.0
44259,CDKL1,6.481486060122113
644241,PIK3C2G,5.0
24889392,ERK5,5.0
151194,PIK4CB,5.0
11656518,FER,5.0655015487564325
9929127,LKB1,5.0
16007391,PIK3CA(H1047L),5.0
10113978,PAK3,5.0
16725726,MEK4,5.0
644241,RIPK2,5.0
11626560,PFTK1,5.0
11984591,ERK8,6.1938200260161125
16038120,PLK2,5.920818753952375
9926054,ERBB4,5.0
151194,SNARK,5.0
3025986,CAMK1,5.0
16038120,EGFR(G719C),5.698970004336019
11364421,EIF2AK1,5.0
11656518,MEK4,5.0
156422,CDKL5,5.0
176167,FES,5.0
5291,PIK3CB,5.0
51004351,MST3,5.0
156422,ASK1,5.0
42642645,MAP4K5,8.397940008672037
10427712,PFTAIRE2,5.0
16725726,MAK,5.0
24180719,FGFR2,5.508638306165728
16725726,SRPK2,5.0
3081361,TEC,5.0
447077,PIM3,5.0
11717001,MAPKAPK5,5.0
11656518,TESK1,5.0
3062316,BRAF,6.301029995663981
5291,RPS6KA4(KinDom.2-C-terminal),5.0
123631,EPHB3,5.0
176155,RPS6KA5(KinDom.1-N-terminal),5.0
176167,MEK4,5.0
16725726,PIK3C2G,5.0
6450551,ULK1,5.0
44259,KIT(V559D-T670I),8.022276394711152
16725726,ICK,5.0
10184653,CSK,5.0
11338033,TIE2,5.0
11717001,CDK7,5.0
176870,GSK3B,5.0
6918454,IRAK1,5.0
11485656,CDC2L2,5.920818753952375
9929127,PLK2,5.0
176167,DYRK2,5.0
16007391,RSK1(KinDom.1-N-terminal),5.0
5494449,PRKCQ,5.275724130399211
11427553,ITK,6.619788758288394
11626560,ARK5,5.0
24180719,CDC2L2,5.0
176155,SNRK,5.0
11984591,CIT,6.356547323513813
10113978,MAP3K15,5.0
123631,EIF2AK1,5.0
16038120,EGFR(L747S752del),6.958607314841775
