drug_id,prot_id,affinity
17755052,KIT(V559D-T670I),5.0
17755052,NEK1,5.0
11338033,DRAK1,5.0
10074640,PAK1,5.0
10138260,ABL2,5.0
9926054,MAPKAPK5,5.0
123631,FLT3(D835H),5.958607314841775
156422,DCAMKL3,5.0
11364421,PCTK1,5.0
9929127,ABL1(T315I),5.0
4908365,ADCK3,5.0
44150621,CASK,5.0
24779724,MINK,5.0
11314340,FGFR1,5.0
16038120,MST1,6.481486060122113
10127622,CLK4,5.0
11667893,IRAK4,5.0
4908365,PRKX,5.0
126565,MAP3K4,5.585026652029182
5291,MKK7,5.0
216239,CDK11,6.6020599913279625
25127112,ABL1(T315I),5.0
11409972,ACVRL1,5.0
11717001,PFPK5(Pfalciparum),5.0
10461815,MARK1,5.0
16007391,PRKCE,5.0
176155,OSR1,5.0
5494449,PIM1,5.0
5494449,MKK7,5.0
17755052,MST4,5.0
10427712,CSNK1A1L,5.721246399047171
176155,CAMK2B,5.0
156414,CDC2L2,5.0
24889392,EPHB4,5.0
3038525,MKK7,5.0
9926054,PFCDPK1(Pfalciparum),5.0
11485656,CDK9,5.522878745280337
11409972,PRP4,5.0
3038522,FLT3,8.522878745280337
10138260,ABL1(M351T),6.301029995663981
24889392,ERBB4,5.0
5329102,HPK1,7.795880017344075
123631,EGFR(L861Q),8.853871964321762
151194,EGFR(L747S752del),5.0
10427712,ABL1(F317I)p,5.0
176167,EPHB4,5.0
11984591,GRK4,6.346787486224656
9915743,MLCK,5.0
9809715,CLK4,7.744727494896694
5329102,CDK5,5.161150909262744
10138260,BTK,5.3979400086720375
16725726,IRAK4,5.0
5494449,PFTK1,5.0
25243800,ARK5,5.0
24180719,ABL1(E255K),5.346787486224656
9926791,FGR,5.0
156414,PIK3CA(E542K),5.0
208908,PRKD3,5.0
16725726,PAK6,7.67778070526608
10074640,GSK3B,5.0
11656518,PIM3,5.0
11617559,CAMKK2,5.0
9933475,ANKK1,5.0
156414,EGFR(G719S),9.721246399047171
9884685,KIT,5.0
11234052,MARK1,5.0
16007391,CSF1R,5.853871964321762
11485656,EPHA6,6.481486060122113
16007391,BTK,5.920818753952375
176155,GRK4,5.0
24779724,MST3,5.0
11338033,PFCDPK1(Pfalciparum),5.0
3062316,DAPK1,5.0
5291,MEK5,5.0
16007391,ACVR2B,5.0
176167,EGFR(L858RT790M),5.0
447077,MKK7,5.0
10138260,HUNK,8.431798275933005
11409972,CDK3,6.853871964321762
11314340,FLT3(N841I),6.698970004336019
176155,ABL1(T315I)p,5.0
126565,CSNK2A1,5.585026652029182
25127112,CLK1,5.0
44150621,NDR2,5.0
11717001,PIK3CA(E545A),5.0
11626560,CDK11,5.0
9884685,ABL1(E255K),5.0
42642645,GRK7,5.0
3062316,PAK4,5.0
11427553,AMPK-alpha2,6.356547323513813
216239,BRK,5.0
9915743,ERK1,5.0
11485656,PIP5K2B,5.0
5328940,MAPKAPK5,5.0
11656518,KIT(V559D),6.769551078621726
10113978,INSRR,5.0
10074640,CTK,5.0
10461815,CSF1R,6.154901959985743
5329102,PDPK1,5.455931955649724
16038120,LCK,7.309803919971486
3081361,PLK1,5.0
9926054,ACVR2B,5.0
11667893,AKT2,5.0
44150621,EIF2AK1,5.0
126565,NDR1,6.657577319177793
123631,CHEK1,5.0
11626560,CSNK1E,5.0
10184653,MAST1,5.0
156422,FGFR3,5.0
10074640,IRAK4,5.0
216239,NDR2,5.0
10127622,EGFR(L858RT790M),5.0
10461815,DRAK1,5.3979400086720375
10427712,EGFR(T790M),5.161150909262744
11656518,AKT2,5.0
17755052,JAK1(JH2domain-pseudokinase),6.366531544420414
10184653,MERTK,5.0
153999,ACVR2A,5.0
24779724,MEK4,5.0
3038522,DMPK,5.0
5287969,ACVR1,5.721246399047171
9926791,ABL1(Q252H),5.0
11364421,GAK,6.744727494896694
9926791,MST4,5.0
17755052,ERK5,5.0
16725726,CAMKK1,5.0
25243800,EPHA3,6.4089353929735005
9926054,DAPK3,5.0
9926054,CSF1R,5.0
9915743,ERBB3,8.113509274827518
11485656,DAPK1,5.0
644241,CDK2,5.0
5494449,GRK1,5.0
5291,ERBB3,5.0
51004351,FER,5.920818753952375
11485656,INSRR,5.4089353929735005
11626560,CAMK1D,5.0
11314340,MAK,5.0
11667893,NEK5,5.0
10184653,PIP5K1C,5.0
4908365,MKK7,5.0
123631,CAMK4,5.0
44259,CHEK1,8.494850021680094
6450551,ASK2,5.0
11485656,PRKD2,5.0
6918454,DYRK2,5.0
156414,PIP5K2C,5.0
176167,CSK,5.0
11409972,MAP3K3,5.0
16722836,EGFR(G719S),5.0
153999,NEK4,5.0
4908365,PIP5K2C,5.0
10113978,CSNK1G2,5.0
10138260,PIK3CG,5.0
11427553,PLK1,5.0
3081361,CDKL3,5.0
9809715,ABL1(Y253F),7.431798275933005
5329102,KIT(V559D-T670I),9.55284196865778
9929127,PLK1,5.0
9933475,EPHA7,6.2076083105017466
3062316,EPHA4,8.920818753952375
42642645,CSNK1E,5.337242168318426
10138260,MAP4K2,5.769551078621726
447077,ITK,5.0
11656518,MEK2,5.0
3062316,PLK4,5.0
447077,LIMK2,6.508638306165728
11656518,MTOR,5.0
123631,PDGFRA,5.0
3025986,CAMK4,5.0
4908365,PRKCQ,5.0
123631,KIT(V559D),5.0
11626560,ABL1(F317L)p,6.229147988357856
11712649,PIK3CA,5.0
9926054,INSRR,5.0
11667893,MLK1,5.0
10461815,NEK2,6.221848749616356
447077,LRRK2(G2019S),5.292429823902063
42642645,BMPR1A,5.0
17755052,EPHB1,5.0
10127622,MARK1,5.0
11656518,OSR1,5.0
9926791,MARK3,5.0
42642645,HIPK4,9.292429823902063
176167,LRRK2,5.0
17755052,JAK1(JH1domain-catalytic),5.0
11409972,NDR2,5.6777807052660805
11314340,ERN1,5.0
10184653,PRKCQ,5.0
11984591,EGFR(L747S752del),6.251811972993799
4908365,EPHA6,5.356547323513813
216239,EPHA7,5.275724130399211
10138260,CSNK1D,6.585026652029182
153999,PIK3CA(M1043I),5.0
11314340,EPHA2,5.0
176870,ACVR2B,5.0
3038522,BIKE,5.0
216239,FRK,6.292429823902063
51004351,EGFR(S752I759del),5.744727494896694
11656518,CSNK2A2,5.0
5287969,ACVRL1,5.346787486224656
44150621,PIK3CA(Q546K),5.0
16722836,CAMK2A,6.522878745280337
3025986,CDC2L2,7.318758762624413
24180719,MEK6,5.0
9926791,ERK2,5.0
10461815,AURKC,6.522878745280337
5329102,CDK4-cyclinD3,5.698970004336019
9915743,MEK1,7.853871964321762
24180719,GAK,5.0
4908365,JNK2,5.853871964321762
208908,NEK5,5.0
9884685,PLK3,5.0
10427712,AKT2,5.0
4908365,EGFR(G719C),5.0
3025986,EPHB4,5.0
5329102,ACVR1,5.0
156422,KIT(A829P),5.853871964321762
11338033,LCK,5.0
176155,LATS2,5.0
151194,CLK1,5.0
10184653,CSNK2A2,5.0
9929127,ERK3,5.0
10461815,PRKR,5.0
24889392,ABL1(Q252H)p,5.0
3081361,ABL1(F317L)p,7.481486060122113
51004351,IRAK3,6.744727494896694
11314340,ADCK3,5.0
10184653,KIT(D816H),5.0
16722836,MYLK2,5.522878745280337
25243800,EGFR(L858R),6.0
9809715,LKB1,7.744727494896694
11712649,CDK4-cyclinD3,5.0
4908365,BMPR1B,6.431798275933005
11617559,NEK4,5.0
151194,EGFR(L858RT790M),5.0
151194,CDK3,5.0
6450551,EPHA4,5.0
10074640,EGFR(L747E749del),6.096910013008056
9933475,LRRK2,5.0
16725726,CDK3,5.0
5291,PKN2,5.0
123631,PRKD1,5.455931955649724
156414,CAMK1D,5.0
5291,MYLK,5.0
9884685,ERK1,5.0
10127622,GRK7,5.0
9915743,EPHA6,5.0
5328940,ACVR1B,5.0
16722836,LOK,5.537602002101044
25127112,ABL1(Q252H)p,5.455931955649724
9926791,EGFR(L747T751del),5.0
151194,FLT3(N841I),5.0
25243800,AMPK-alpha1,5.0
11364421,CDK4-cyclinD1,5.0
11984591,PIK3CA(Q546K),5.0
5287969,p38-delta,5.0
5494449,KIT(D816V),6.537602002101044
4908365,EPHB1,5.823908740944319
9926791,EGFR(E746A750del),5.0
123631,ABL1(M351T),6.2839966563652006
11626560,CAMK2B,5.0
9933475,CAMK4,5.0
9809715,MYLK4,6.356547323513813
42642645,MAST1,5.0
151194,LTK,5.0
11656518,AKT1,5.0
10113978,EPHB3,5.0
24779724,EPHA7,5.0
11338033,DYRK1A,6.920818753952375
176870,PFTK1,5.0
5287969,MAP3K15,5.0
10427712,EPHA5,5.0
11667893,IRAK3,5.0
3062316,MST4,5.721246399047171
11617559,CSF1R,8.657577319177793
3081361,MYLK4,5.0
9915743,CDKL2,5.0
10184653,HIPK4,6.443697499232713
176870,ABL1(F317I),5.086186147616283
25127112,FGR,5.0
11712649,PIK3CA(M1043I),5.0
24889392,PRKG2,5.0
16722836,FYN,7.42021640338319
5494449,PIK3CA(E545K),5.0
17755052,INSR,5.0
11338033,PRKCD,5.0
11409972,DRAK1,5.0
208908,IRAK3,5.0
10127622,PIK3CA(H1047L),5.0
11409972,PRKCH,5.0
11712649,CAMK2B,5.0
9915743,BMX,5.0
16038120,PIM1,5.0
10461815,DRAK2,5.455931955649724
16007391,PRKCI,5.0
17755052,NIM1,5.0
5328940,ERK8,5.0
11314340,CDK7,7.154901959985743
6450551,PKN1,5.0
3025986,LATS2,5.0
44259,FGFR1,7.045757490560675
3025986,GCN2(KinDom2S808G),5.0
11234052,CSNK1G1,5.0
11626560,GSK3B,5.0
16007391,AMPK-alpha1,5.0
11626560,ACVR1,6.356547323513813
176155,PIK3CB,5.0
151194,MYLK4,5.0
11617559,CDK11,5.0
11314340,EPHA7,5.0
11485656,NEK5,5.0
9933475,KIT(V559D-T670I),9.494850021680094
42642645,CSNK1A1,5.0
11717001,MAP4K2,5.0
6918454,MEK1,6.920818753952375
3025986,ITK,5.0
156414,HCK,5.376750709602099
11427553,CLK4,7.309803919971486
5329102,EGFR,5.0
16038120,ERK4,5.0
126565,CDK9,6.275724130399211
11234052,MELK,5.0
151194,DAPK1,5.0
176155,PRKCI,5.0
6450551,PIM1,5.0
176167,PIK3CA(H1047Y),5.0
11485656,NDR1,5.0
4908365,LKB1,5.0
5494449,BMPR1B,5.958607314841775
11409972,p38-alpha,7.136677139879544
9915743,LZK,6.130768280269024
11984591,AKT1,5.0
3062316,PIP5K2C,5.0
208908,PIK3CA,5.0
11234052,PIK3CA(E545A),5.0
11485656,MLK3,5.0
17755052,ERBB4,5.0
3038525,CSNK1G3,5.0
6450551,MELK,5.0
24779724,EPHA3,5.0
11409972,NEK11,5.0
10138260,KIT(V559D-T670I),9.2518119729938
10184653,AURKC,5.0
9809715,EGFR(T790M),5.0
16725726,PRKD2,5.0
25127112,NDR1,5.0
176870,PAK1,5.0
10113978,EPHA6,5.0
16038120,CAMKK1,7.301029995663981
11656518,CSF1R,6.6020599913279625
11314340,CHEK1,5.0
3038522,ERBB4,5.0
11409972,DYRK2,6.6777807052660805
5494449,DCAMKL3,5.443697499232713
10113978,BMPR1A,5.0
17755052,FLT4,5.0
176870,CSNK2A2,5.0
6450551,NEK6,5.0
5329102,CDKL3,5.0
4908365,CLK3,5.0
10074640,IRAK1,5.0
10184653,MRCKA,5.0
3081361,CDK5,5.0
11712649,PKMYT1,5.0
5329102,MYO3A,5.508638306165728
123631,NEK1,5.0
126565,PIK3CA(H1047L),7.309803919971486
44150621,FLT1,7.161150909262744
6918454,DDR1,5.0
5494449,BRAF(V600E),5.0
5494449,LOK,6.920818753952375
51004351,DAPK1,5.327902142064283
3038522,BMPR2,5.0
11626560,PKAC-beta,5.0
176870,PRKCQ,5.0
10127622,MRCKB,5.0
25127112,MAP3K1,5.376750709602099
11364421,PIK3CA(I800L),5.0
10127622,PIM2,5.0
9933475,ERK2,5.0
447077,BLK,8.823908740944319
16722836,CDKL3,5.0
9915743,ADCK3,5.0
11364421,MERTK,5.508638306165728
11626560,JNK2,5.0
9809715,NEK9,5.0
16725726,CDC2L1,5.0
9929127,PKAC-beta,5.0
10427712,BMPR2,5.0
176870,ANKK1,5.0
9933475,CDK4-cyclinD3,5.0
24779724,ACVR2B,5.0
16038120,CAMK2D,6.2441251443275085
5287969,MLK2,5.2839966563652006
9884685,PRKCH,5.0
10074640,GCN2(KinDom2S808G),5.0
11617559,EPHA1,5.0
11717001,CDC2L5,5.0
16722836,EPHB2,5.4089353929735005
11712649,DMPK2,5.0
9926791,CDC2L5,5.0
24889392,EIF2AK1,5.0
11667893,EGFR(L861Q),5.4089353929735005
9933475,MLK2,5.0
11314340,MINK,7.0
42642645,GRK1,5.0
16007391,DDR1,5.744727494896694
11667893,IKK-epsilon,5.0
11338033,DDR1,5.0
16722836,FER,5.958607314841775
151194,CDK11,5.823908740944319
10113978,DLK,5.0
3038522,PRKCQ,5.0
3025986,p38-alpha,5.0
176167,AURKA,5.0
5328940,PHKG2,5.886056647693163
11338033,CSNK2A1,5.0
6450551,PIP5K1C,5.0
11717001,EGFR(L747T751del),5.0
5287969,PAK2,5.0
156414,MAP3K4,5.075720713938119
447077,DAPK3,5.0
11314340,EPHA8,5.0
25127112,LIMK2,5.0
9884685,EGFR(L747T751del),5.0
10113978,PRKCI,5.0
6918454,MERTK,5.0
176155,NEK4,5.0
176167,MEK4,5.0
16038120,NEK4,5.0
153999,CSNK2A1,5.0
5287969,MYLK4,5.0
6918454,FLT3,5.0
11427553,DMPK2,5.6777807052660805
176155,PAK3,5.0
9933475,PIK3CA(H1047Y),5.0
42642645,CDC2L1,6.1938200260161125
11314340,EGFR(G719S),5.0
24779724,FLT1,5.0
3062316,AAK1,5.0
11626560,AURKA,6.585026652029182
44150621,ABL1(T315I)p,7.508638306165728
11485656,MKNK2,6.568636235841013
11485656,ERBB4,5.0
3038525,FYN,5.6777807052660805
51004351,EGFR,5.886056647693163
6450551,MET,6.086186147616283
10113978,PRKD2,5.0
5287969,FYN,5.0
16007391,BLK,5.823908740944319
9915743,ABL1(Q252H),5.1487416512809245
24779724,FGR,5.0
6918454,PLK4,5.0
176155,DYRK1A,5.0
9933475,NEK2,5.0
153999,PIM3,7.920818753952375
176870,ACVRL1,5.0
447077,AURKA,5.0
176870,EPHA7,5.853871964321762
156422,NEK5,5.0
5494449,MAP3K2,5.958607314841775
5329102,PRKCD,5.0
10427712,MLK2,5.0
25243800,PRKD1,5.0
9929127,FER,5.0
208908,MEK1,5.0
3038522,LRRK2,5.0
11234052,NEK7,5.0
644241,BMPR2,5.0
6450551,ABL1(H396P)p,7.638272163982407
156414,PRKG1,5.0
10461815,PIK3CA(E545A),5.0
10113978,JAK2(JH1domain-catalytic),5.769551078621726
4908365,EPHA7,5.173925197299174
25127112,AMPK-alpha2,5.0
10461815,MLK3,5.0
10127622,MARK4,5.0
17755052,BMPR2,5.0
9926054,PRKCH,5.0
644241,MAST1,5.0
3038525,LYN,5.769551078621726
10184653,ERK8,5.0
5328940,NEK4,5.0
5287969,PIK3CA(C420R),5.0
24889392,ABL1(H396P)p,5.0
51004351,FLT3(D835H),8.167491087293763
176167,EGFR,5.0
24779724,FLT3(ITD),5.0
10074640,KIT(V559D),8.236572006437063
42642645,NEK1,5.0
44259,PLK3,6.040958607678906
11485656,KIT(V559D-V654A),7.67778070526608
9933475,BMX,5.0
156422,EPHA2,5.2076083105017466
5287969,CIT,6.958607314841775
24889392,NEK11,5.0
11427553,FLT3(D835Y),7.886056647693163
25127112,PIP5K1C,5.0
11717001,BMPR1B,5.744727494896694
16007391,ABL1(Y253F),5.42021640338319
10184653,IKK-epsilon,5.0
10127622,MET(M1250T),5.0
9809715,PIK3CA(H1047Y),5.0
9933475,INSRR,5.0
9929127,PCTK3,5.0
208908,CAMK4,5.0
11717001,MET(M1250T),5.0
9809715,MET,6.698970004336019
9915743,AURKA,5.0
9915743,PCTK3,5.0
11984591,MEK4,6.698970004336019
11712649,PKNB(Mtuberculosis),5.0
11409972,FGFR3,5.4089353929735005
42642645,CAMK1,5.229147988357856
9929127,MET(M1250T),5.0
6918454,ERK1,5.0
9933475,FGFR3(G697C),7.455931955649724
9933475,PCTK1,5.0
447077,PIK4CB,5.0
9809715,FGFR4,5.744727494896694
11667893,INSR,5.0
176155,EGFR(L747E749del),5.769551078621726
11712649,CDK4-cyclinD1,5.0
11338033,GAK,5.0
156422,EGFR(G719C),5.221848749616356
10074640,ERK8,5.0
176167,PRKCD,7.602059991327962
11314340,BLK,5.0
11234052,AURKC,5.0
24779724,p38-gamma,5.0
156414,PRKD2,5.0
9926054,ABL1(T315I)p,5.0
11717001,PAK7,5.0
44150621,AMPK-alpha2,6.086186147616283
3038525,PIP5K1C,5.0
208908,CLK4,5.0
11667893,PAK1,5.0
176870,KIT(V559D),5.508638306165728
176167,EPHA6,5.0
644241,CDK5,5.0
644241,IRAK1,5.0
11364421,ABL1(Q252H)p,5.0
10427712,BRAF,5.6777807052660805
9884685,INSRR,5.0
24180719,PKMYT1,5.0
11364421,PAK7,5.0
11717001,MST4,5.0
11712649,JAK3(JH1domain-catalytic),5.0
123631,EPHA8,5.744727494896694
176870,ICK,5.0
447077,NEK1,5.080921907623926
11712649,FLT3(D835Y),5.0
123631,MAP4K5,5.0
6918454,ERK5,5.0
447077,MKNK1,5.0
10138260,PIP5K1A,6.886056647693163
153999,BRAF(V600E),5.0
3038525,FES,5.0
24779724,MAPKAPK5,5.0
25243800,ASK1,5.0
156414,KIT(D816V),5.4089353929735005
5328940,KIT(V559D-V654A),6.886056647693163
3038525,LRRK2,5.0
11617559,FGFR4,5.0
156414,MAP4K4,5.0
10461815,MAP3K4,5.744727494896694
11364421,EGFR(E746A750del),5.721246399047171
25127112,EPHB2,5.0
10127622,IRAK4,5.0
16038120,MRCKA,5.0
5328940,MARK3,5.0
10184653,ACVR1,5.0
16725726,ACVR2B,5.0
11409972,BRAF,5.769551078621726
16007391,PIK3CA(E545K),5.0
42642645,CAMK2A,5.0
24779724,NEK1,5.0
644241,MKNK2,5.0
25127112,FLT3,5.0
44259,NIM1,6.853871964321762
10427712,HIPK2,5.0
25243800,CSNK1G2,5.522878745280337
10138260,PCTK1,6.026872146400302
5328940,PRKCE,5.619788758288394
447077,GAK,8.086186147616283
25127112,CAMK1D,6.920818753952375
9926054,DRAK2,5.0
11409972,EPHB1,6.744727494896694
17755052,BRSK2,5.0
16007391,CAMK1,5.0
16725726,IKK-epsilon,5.0
3038525,NEK7,5.0
5287969,MELK,5.0
24779724,KIT(V559D-V654A),5.0
5329102,PKAC-beta,5.0
9926054,DDR1,5.0
44150621,PIP5K1C,5.366531544420414
11712649,FGFR3(G697C),5.886056647693163
153999,CLK3,5.0
176167,GSK3B,8.080921907623926
9915743,ICK,5.0
176155,PAK7,5.0
11427553,IKK-epsilon,6.468521082957745
208908,DMPK,5.0
151194,DDR1,6.568636235841013
4908365,LOK,5.769551078621726
208908,ERK1,5.0
9884685,PDPK1,5.0
10427712,MKNK1,6.055517327849832
123631,NEK5,5.0
3038525,PHKG2,5.0
11314340,HIPK2,6.657577319177793
10074640,CDK11,5.0
11409972,LIMK2,5.744727494896694
11626560,CTK,5.0
16725726,MAK,5.0
5494449,PRKD2,5.0
5494449,PIK3C2G,5.0
25127112,FAK,5.0
10127622,PRKCH,5.0
11427553,EGFR(L858RT790M),6.1938200260161125
5328940,JNK3,5.0
6450551,ABL1(F317I),5.585026652029182
9933475,PRP4,5.0
9809715,CDKL5,5.0
6918454,MARK2,5.0
11656518,LOK,7.221848749616356
11984591,CSNK1D,5.0
11667893,ERN1,5.0
24180719,BRK,7.318758762624413
9884685,MET(Y1235D),5.0
11338033,MST2,5.0
156422,MAP4K3,5.0
216239,IGF1R,5.0
11485656,CDK11,7.130768280269024
3062316,PKAC-alpha,5.0
3062316,KIT(V559D-V654A),8.568636235841012
9926054,NEK9,5.0
11485656,MEK2,5.0
3038522,AKT2,5.0
11409972,p38-gamma,7.537602002101044
447077,PIK3CB,5.0
5291,MAPKAPK2,5.0
11314340,GRK7,5.721246399047171
3038525,NIM1,5.0
9933475,MET(M1250T),6.236572006437063
10127622,BRSK1,5.0
11234052,LTK,5.0
25243800,p38-gamma,5.0
5328940,CLK1,6.221848749616356
151194,MYO3A,5.0
126565,JAK1(JH1domain-catalytic),8.05551732784983
156422,EGFR(L747E749del),5.275724130399211
447077,HIPK2,5.0
3062316,KIT(D816H),8.795880017344075
11485656,ICK,5.0
11717001,CAMK4,5.0
11364421,DDR1,5.0
5329102,CSNK1A1,7.00436480540245
10074640,ERBB4,5.0
10127622,CIT,5.0
156422,PRKCH,5.0
16007391,LKB1,5.0
24779724,LATS2,5.0
10127622,MET(Y1235D),5.0
11314340,PCTK1,5.823908740944319
10184653,CDKL5,5.0
176167,MARK4,5.0
3038525,CSNK1G2,5.0
11485656,EPHA3,5.455931955649724
123631,KIT(D816V),5.366531544420414
3038522,DCAMKL1,5.0
16038120,IKK-alpha,5.0
156414,CASK,5.0
9809715,MAP3K15,5.853871964321762
10113978,MST1,5.0
9915743,PIK3CA(H1047L),5.0
17755052,EPHA7,5.0
11485656,PIK3CA(H1047L),5.0
156422,EGFR(L747S752del),5.0
9926054,ABL1(Y253F),5.0
11667893,MKNK1,5.0
153999,MELK,5.0
11656518,ABL1(T315I)p,5.0
11409972,MAP3K4,5.0
9884685,ABL1(Y253F),5.0
5287969,MAP4K5,5.0
51004351,EIF2AK1,5.0
6918454,BMPR2,5.0
3081361,MAP4K5,6.346787486224656
10074640,MLK1,5.0
11717001,HCK,5.0
9884685,FRK,5.0
9915743,MST1,6.568636235841013
16038120,BRK,7.443697499232713
216239,EPHB6,6.619788758288394
9809715,ITK,6.6777807052660805
176167,CLK3,5.0
126565,HPK1,7.42021640338319
208908,KIT(D816V),5.0
3025986,MAP4K5,5.0
9926054,IKK-alpha,5.769551078621726
9926791,EPHA7,5.0
11717001,FRK,5.0
9926054,AMPK-alpha1,5.0
151194,GRK1,5.0
11234052,CDK11,5.0
16725726,MST4,5.267606240177032
3038525,PFCDPK1(Pfalciparum),5.0
3038522,MEK2,5.0
25243800,JAK2(JH1domain-catalytic),7.958607314841775
11617559,FLT3(D835Y),5.0
6450551,PRKD3,5.0
151194,MINK,5.0
25127112,BMPR2,6.031517051446065
11656518,BMPR1A,5.0
10461815,MKK7,5.0
153999,FLT3(K663Q),6.481486060122113
24779724,DYRK2,5.0
216239,CSNK2A1,5.0
9926791,EPHB6,5.0
11617559,MINK,5.0
9926054,MET(Y1235D),5.0
42642645,PAK3,5.3872161432802645
9929127,AURKC,5.0
10184653,LCK,6.2441251443275085
44259,MYLK,7.823908740944319
11656518,DAPK3,5.0
9926054,PRKD3,5.0
9926054,MST4,5.0
3081361,NEK1,5.0
11338033,PRKX,5.0
9933475,MST1R,5.537602002101044
126565,MAP3K3,8.221848749616356
11427553,FRK,5.6777807052660805
5329102,LATS2,6.337242168318426
123631,MAP4K3,5.0
16038120,CAMKK2,7.958607314841775
123631,MST1R,5.0
10184653,ABL1(H396P)p,6.301029995663981
156422,PIK3C2G,5.0
11427553,HIPK2,6.522878745280337
3081361,MERTK,5.853871964321762
123631,EPHA1,5.3979400086720375
3038525,CSNK1A1,5.0
10461815,FES,5.0
10113978,KIT(V559D),8.638272163982407
176155,EIF2AK1,5.0
3038522,PIM3,5.0
9933475,CHEK1,5.0
11667893,CHEK1,5.0
24779724,AKT3,5.0
4908365,FGFR2,5.443697499232713
3038522,ERK8,5.0
44259,CAMK2G,9.259637310505756
10184653,MLK1,5.0
9929127,CLK3,5.0
11409972,PKN2,5.0
16038120,MLCK,5.0
216239,BRSK1,5.0
10427712,FLT3,5.0
9926791,MYO3A,5.0
10113978,DCAMKL2,5.0
9809715,BMPR2,7.251811972993799
10138260,CSNK1A1,6.3979400086720375
6918454,IGF1R,5.0
11338033,HUNK,5.0
5291,FLT3(K663Q),5.0
51004351,EGFR(L858RT790M),8.05551732784983
5329102,ITK,7.886056647693163
44259,EPHA1,6.522878745280337
3081361,BRSK1,5.0
10074640,NEK1,5.0
3062316,ANKK1,5.0
3038522,AMPK-alpha1,5.0
11485656,MET(Y1235D),5.585026652029182
176870,CSNK1G1,5.0
9929127,MST3,5.0
10184653,MET(M1250T),5.221848749616356
9809715,MET(Y1235D),6.337242168318426
176167,MEK6,5.0
51004351,EPHA7,5.0
16038120,ACVRL1,7.244125144327507
5494449,CDC2L1,6.537602002101044
3025986,CSNK1G2,5.0
11234052,PHKG2,5.0
10138260,CHEK2,7.397940008672037
3062316,ABL1p,10.337242168318426
176870,CAMK1,5.0
9809715,EPHB3,5.0
24889392,LATS1,5.0
10461815,PIK3CD,5.0
10127622,DYRK1B,5.0
5287969,PCTK1,6.356547323513813
5287969,KIT(V559D),5.0
51004351,INSRR,5.0
644241,MEK5,6.721246399047171
151194,PIP5K1A,5.0
25243800,INSR,5.0
9915743,FYN,5.1938200260161125
9926054,INSR,5.0
644241,PIK3CA(C420R),5.0
44259,BIKE,8.2518119729938
208908,KIT(V559D-V654A),5.0
447077,AKT3,5.0
11656518,CSK,5.0
24889392,CSNK1G2,5.0
11717001,AKT2,5.0
10127622,LOK,5.0
11314340,PIM1,6.744727494896694
16722836,CAMKK1,5.744727494896694
9933475,NEK1,5.0
16007391,p38-delta,5.0
25127112,EGFR(L747T751del),5.0
9809715,LYN,6.026872146400302
24779724,EGFR(G719S),5.0
24180719,CSNK1A1L,5.0
11409972,MTOR,5.0
16725726,CDKL3,5.0
10074640,ITK,5.0
9929127,CLK1,6.1938200260161125
16038120,LTK,9.022276394711152
5287969,MST1,5.0
24779724,MST1R,5.0
10113978,FLT3(K663Q),6.130768280269024
6918454,CSNK1D,5.0
25243800,CAMK2A,5.251811972993799
156414,AKT3,5.0
151194,PFTK1,5.0
208908,GAK,5.0
5329102,MEK6,5.2839966563652006
10113978,HIPK1,5.0
24180719,EPHA7,5.0
126565,CAMKK2,7.823908740944319
16007391,FGFR2,5.0
176167,ABL1(T315I),5.0
208908,AURKA,5.0
10127622,LIMK1,5.0
644241,AKT3,5.0
216239,IRAK1,5.0
11617559,FLT3(N841I),5.0
176870,EGFR(L858RT790M),6.721246399047171
10127622,PLK2,5.0
24779724,FER,5.0
5287969,EIF2AK1,6.060480747381382
11712649,ERK8,5.0
10074640,FLT3(D835H),5.0
156414,EPHA4,5.443697499232713
24889392,FGFR3(G697C),5.0
11626560,EPHB6,8.221848749616356
11427553,PLK3,5.0
9915743,AAK1,5.0
5328940,ITK,5.769551078621726
9926054,HUNK,5.0
11626560,PIM3,5.0
156414,DYRK2,5.173925197299174
9929127,ABL1(H396P),5.0
216239,EPHA2,5.698970004336019
9929127,ABL1(Y253F),5.0
25127112,KIT(D816V),5.1487416512809245
17755052,MRCKA,5.0
5287969,HCK,5.0
216239,MST1,5.0
10113978,INSR,5.0
9809715,MST1,8.045757490560675
24779724,PKN1,5.0
3038522,DCAMKL2,5.0
11667893,MAP3K3,5.6777807052660805
16725726,CAMK2D,5.0
11427553,AKT3,5.0
10461815,MRCKB,5.0
25127112,IGF1R,5.0
25243800,NIM1,5.0
4908365,KIT(D816V),7.744727494896694
9884685,MAK,5.0
24779724,FYN,5.0
156422,NLK,6.0
11485656,MARK3,5.0
10113978,FLT3(N841I),5.795880017344075
10461815,EGFR(E746A750del),5.0
4908365,CLK1,6.045757490560675
9926054,BTK,5.0
10074640,CLK1,5.0
123631,PIK3CA,5.0
176155,MLK1,5.0
17755052,EGFR(L858R),5.0
156422,NEK1,5.0
644241,MAP4K5,5.0
11364421,EGFR(G719C),6.200659450546419
11314340,FLT3(D835Y),7.366531544420414
3081361,EGFR(L858RT790M),6.638272163982407
644241,EPHA4,6.481486060122113
16007391,PRKG1,5.0
3025986,MET(M1250T),5.0
10461815,ERN1,5.0
447077,ERBB2,5.0
5287969,BMPR2,5.0
176870,PRKR,5.886056647693163
11617559,GRK1,5.0
10427712,MARK4,5.0
156414,FLT3(N841I),5.619788758288394
11409972,HIPK3,8.397940008672037
5494449,NEK7,5.060480747381382
16007391,EGFR,6.346787486224656
10461815,BMPR1B,5.0
6450551,ABL1(Q252H)p,6.698970004336019
176167,AKT3,6.0
11409972,MEK4,6.0
156414,PIK3CA(H1047Y),5.0
5291,DRAK1,5.275724130399211
208908,GRK1,5.0
5287969,FRK,5.920818753952375
16007391,PAK1,5.0
25127112,MEK2,5.3979400086720375
9929127,MARK2,5.0
42642645,FGFR2,6.096910013008056
6918454,BRK,5.0
176167,EIF2AK1,5.0
10461815,MUSK,5.0
24889392,DYRK2,5.0
11364421,NLK,5.0
9933475,PIM1,5.0
9884685,MAPKAPK2,5.0
3025986,PDGFRB,5.0
11427553,KIT(V559D-V654A),7.119186407719209
16038120,DCAMKL2,7.795880017344075
44150621,LRRK2,5.823908740944319
25243800,FLT1,5.920818753952375
151194,LATS2,5.0
11667893,ABL1(H396P),5.853871964321762
216239,JAK3(JH1domain-catalytic),5.136677139879544
5291,FLT3(N841I),5.0
11409972,EGFR(S752I759del),5.0
11427553,PKAC-beta,5.0
25243800,EPHB6,5.045757490560675
11338033,NEK1,5.0
5287969,FLT3(D835Y),5.494850021680094
208908,MAST1,5.0
24180719,CSNK1G2,5.3872161432802645
447077,MAPKAPK5,5.0
11712649,PIK3CA(E545A),5.0
3081361,MST2,5.0
5494449,FGFR2,6.2441251443275085
11712649,MEK6,5.0
176167,MUSK,5.0
5291,CSNK1A1,5.0
24180719,DCAMKL3,5.6020599913279625
11667893,NEK11,5.0
6918454,ERK3,5.0
17755052,MUSK,5.0
10113978,EGFR(L861Q),5.0
11626560,PFTAIRE2,5.0
9926791,DCAMKL2,5.0
11338033,INSRR,5.0
5291,JNK1,5.301029995663981
11409972,MARK2,5.0
11234052,KIT(A829P),5.0
3038522,MST1,5.0
156414,CAMK2B,5.0
24180719,PRKR,5.0
16722836,DRAK2,7.346787486224656
24779724,MAP3K3,5.0
11717001,ACVR2A,5.0
11667893,FGFR1,5.2076083105017466
11338033,AMPK-alpha1,5.0
6918454,IRAK4,5.0
11234052,AMPK-alpha2,5.0
447077,MET(Y1235D),6.070581074285707
11314340,FGR,5.0
11427553,MKK7,5.0
11667893,AURKB,5.0
11427553,IKK-alpha,6.744727494896694
9915743,CDKL5,5.0
11427553,PIK3CB,5.0
153999,PAK3,5.0
153999,INSRR,5.0
11314340,IRAK1,5.508638306165728
3038522,IKK-alpha,5.0
11984591,KIT(D816H),8.187086643357144
11427553,MAP4K2,7.958607314841775
11409972,AKT1,5.0
9933475,LATS1,5.0
3062316,MUSK,5.0
25127112,NEK11,5.0
11364421,MAP3K3,5.0
24779724,AMPK-alpha1,5.0
447077,MAP3K4,7.251811972993799
156414,PRKX,5.0
16038120,CIT,5.0
153999,ICK,6.619788758288394
5329102,p38-gamma,5.0
10074640,EPHA3,5.6020599913279625
11667893,BRAF(V600E),6.552841968657781
6450551,MET(M1250T),5.958607314841775
11338033,PIK3CA(E542K),5.0
10184653,BLK,6.657577319177793
11314340,PDGFRB,5.0
5329102,PCTK2,5.920818753952375
5291,IKK-beta,5.0
644241,DMPK,5.0
5291,CDK8,5.0
5291,EGFR(L747E749del),5.119186407719209
126565,KIT(D816V),8.148741651280925
9915743,MAP3K2,6.346787486224656
51004351,ERK1,5.0
24779724,ADCK4,5.0
25127112,GRK4,5.214670164989233
176167,CSNK1G3,5.0
5291,NEK11,5.0
11234052,NEK9,5.0
3025986,CDC2L5,7.638272163982407
16038120,DYRK1B,5.346787486224656
156414,PIK3CA(I800L),5.0
11984591,NDR2,5.0
10127622,DAPK1,5.0
11409972,HPK1,6.6777807052660805
153999,MRCKB,5.0
24889392,MLK2,5.0
16722836,NEK6,6.920818753952375
5291,GCN2(KinDom2S808G),5.0
9926054,ADCK4,5.0
11617559,MYO3B,5.0
9926791,KIT(V559D),5.0
447077,LKB1,5.0
11409972,AMPK-alpha1,5.853871964321762
42642645,PAK7,5.0
3038525,HIPK3,5.0
51004351,DRAK1,5.721246399047171
176167,MST1,5.0
11338033,ABL1(F317L)p,5.0
44150621,CDKL5,5.0
25243800,PIP5K2B,5.0
176167,GRK4,5.0
10138260,PIK3CA(E545A),5.0
11364421,EPHA6,5.0
5329102,CLK4,7.537602002101044
447077,MAP4K4,6.055517327849832
5494449,ADCK4,5.0
3081361,GRK7,5.0
176870,MLK3,5.0
16038120,FLT3(K663Q),8.086186147616283
11314340,FLT3(K663Q),6.301029995663981
10074640,CAMK4,5.0
126565,FLT4,7.769551078621726
11338033,AKT1,5.0
3062316,AKT1,5.0
644241,PFTAIRE2,5.0
11338033,MELK,5.0
5494449,PKAC-alpha,5.0
11656518,CTK,5.0
11314340,MAP4K5,5.0
25127112,KIT(V559D-T670I),5.0
24889392,PIK3CB,5.0
9915743,LYN,6.086186147616283
16038120,MELK,7.00436480540245
16007391,ABL1(T315I),5.958607314841775
51004351,ABL1(T315I)p,6.102372908709559
3038525,FLT3(ITD),5.0
44150621,PRKCI,5.0
16722836,HUNK,5.0
25243800,PLK2,5.853871964321762
151194,DCAMKL3,5.0
3025986,CSNK1E,6.022276394711152
11338033,PKMYT1,5.0
447077,JNK3,5.0
11717001,BIKE,5.0
3038522,CLK2,5.187086643357144
11667893,CDK4-cyclinD3,5.0
10074640,EPHA8,5.744727494896694
25243800,FLT3(ITD),5.721246399047171
11626560,PAK6,5.0
11984591,PFPK5(Pfalciparum),5.0
44259,MET,6.721246399047171
9915743,CSK,6.259637310505756
24779724,AMPK-alpha2,5.0
51004351,PIK3C2G,6.2441251443275085
10184653,BMPR1B,5.0
216239,PAK3,5.0
11984591,DAPK3,7.886056647693163
25127112,IRAK1,6.537602002101044
10184653,AXL,5.275724130399211
156414,EPHA3,5.6777807052660805
208908,MKK7,5.356547323513813
176167,EGFR(G719C),5.0
5494449,BIKE,7.187086643357144
3038525,BMX,5.0
156414,PIM1,5.0
17755052,LCK,5.0
11234052,KIT(D816H),5.0
208908,NEK9,5.0
11409972,MKK7,7.568636235841013
447077,JAK1(JH2domain-pseudokinase),5.0
9933475,CSNK1D,5.0
216239,EPHB1,5.522878745280337
447077,MAST1,5.0
16725726,PRKCQ,7.795880017344075
44150621,FLT3(N841I),8.318758762624412
25127112,LRRK2(G2019S),7.045757490560675
16722836,PFTK1,5.585026652029182
11314340,PIP5K2C,5.0
11364421,DYRK2,5.0
644241,JAK2(JH1domain-catalytic),5.0
10113978,CHEK2,5.0
25127112,EGFR(G719C),5.0
11485656,MAP3K1,5.0
24889392,CSNK2A2,5.0
11338033,CDK8,5.0
44150621,PRKD3,5.0
17755052,FLT3(K663Q),5.585026652029182
176167,BLK,5.0
16722836,CLK3,5.0
42642645,ACVRL1,5.0
11712649,ABL1(E255K),5.721246399047171
9929127,CLK4,6.0
3025986,PIK3CA(Q546K),5.0
123631,PHKG1,5.431798275933005
9929127,CSF1R,5.0
10113978,IKK-epsilon,5.0
156414,DAPK3,5.0
9926054,KIT(L576P),5.4089353929735005
9929127,PIK3C2B,5.0
11364421,BTK,5.0
25127112,CLK3,5.0
10113978,PLK2,5.0
5287969,MAPKAPK2,5.0
11338033,HIPK4,5.0
44259,PFPK5(Pfalciparum),6.096910013008056
6450551,EGFR(G719C),5.638272163982407
11667893,BRSK2,5.0
10113978,MARK4,5.0
3025986,CDK3,7.251811972993799
42642645,PCTK1,6.050609993355088
16722836,MLK2,5.161150909262744
6450551,CASK,5.0
5494449,MEK4,5.0
9926054,PCTK3,5.0
16722836,ERK3,5.920818753952375
126565,ALK,7.1487416512809245
24889392,PKN2,5.0
9929127,LRRK2,5.0
11984591,CDK2,5.0
5291,NEK3,5.0
11234052,CSNK1D,5.0
25127112,CDK4-cyclinD1,5.0
17755052,KIT(A829P),5.0
10138260,DCAMKL2,5.431798275933005
156414,KIT(V559D),5.102372908709558
6450551,CDK2,5.0
11617559,DRAK1,5.0
24889392,CDC2L5,5.0
51004351,FGR,6.136677139879544
3025986,ABL1(T315I),5.0
11485656,FLT3(K663Q),8.886056647693163
11485656,GRK1,5.0
5291,PLK2,5.0
11234052,ALK,5.0
151194,MST2,5.0
6450551,PIK3CA(H1047L),5.0
24889392,LRRK2(G2019S),5.0
153999,BRSK2,5.0
3062316,DAPK3,5.0
25243800,ABL1(H396P),7.309803919971486
3062316,CAMK2A,5.0
644241,CSNK2A2,5.0
3038525,CAMK2A,5.0
25243800,FRK,6.2441251443275085
6450551,HIPK4,5.0
9915743,ACVRL1,5.0
151194,KIT(L576P),6.958607314841775
51004351,PLK3,5.0
24779724,FLT3(K663Q),5.0
10113978,FGR,5.795880017344075
644241,ERK1,5.0
10138260,MST1,6.886056647693163
24889392,DAPK2,5.0
11984591,PRKD2,5.0
24889392,MAP3K15,5.0
3081361,PRKD1,5.0
126565,PDGFRB,7.537602002101044
4908365,MYLK,6.229147988357856
126565,PLK1,6.657577319177793
9929127,KIT(V559D-T670I),5.0
16725726,KIT(L576P),5.585026652029182
9929127,ARK5,5.0
6918454,AURKC,5.744727494896694
42642645,FLT3(D835Y),8.698970004336019
11656518,PDGFRB,6.619788758288394
5287969,MKNK2,5.494850021680094
3025986,DMPK,5.0
176167,FLT3(N841I),6.6020599913279625
5291,MAST1,5.0
156422,FLT3(ITD),5.522878745280337
5287969,ICK,9.161150909262744
156414,CDKL3,5.0
156422,CHEK2,5.0
16007391,DMPK,5.0
42642645,CAMK2D,5.0
10127622,INSRR,5.0
123631,MYLK,5.0
11409972,GSK3B,5.0
10138260,p38-beta,5.0
151194,IRAK3,5.0
16007391,PAK6,5.0
11626560,PRKG2,5.0
4908365,PCTK1,5.0
3025986,EGFR(L858R),5.0
11338033,PIK3CG,5.0
9884685,IRAK3,5.0
24889392,ASK2,5.0
156422,LKB1,5.0
11626560,EGFR(G719C),5.568636235841013
151194,AMPK-alpha2,5.0
11364421,EPHB3,5.0
10113978,FER,5.568636235841013
25243800,DRAK2,5.494850021680094
126565,ABL1(Q252H)p,6.080921907623926
25243800,MAK,5.0
17755052,GSK3A,5.0
3025986,PAK1,5.0
4908365,AXL,8.275724130399212
16722836,PRKR,5.958607314841775
24779724,CDKL1,5.0
11656518,IRAK1,5.0
176155,ASK1,5.0
9884685,MEK4,5.0
4908365,HIPK2,5.443697499232713
16725726,MLK2,5.0
216239,ABL1(E255K),5.468521082957745
11984591,LATS1,5.0
11717001,BTK,5.0
11234052,CDK4-cyclinD3,5.0
5494449,MST3,5.443697499232713
156414,CDK5,5.0
11626560,PRKCH,5.0
24180719,HIPK2,5.301029995663981
4908365,CSNK1A1,5.0
9926054,PKAC-alpha,5.0
3062316,PRKCI,5.0
9933475,PFCDPK1(Pfalciparum),5.0
5291,KIT(A829P),7.823908740944319
6450551,EGFR(L861Q),5.0
9929127,CIT,5.0
25127112,ABL1(H396P),5.958607314841775
25243800,DYRK1B,5.0
11234052,PAK1,5.0
9915743,MEK2,7.585026652029182
447077,MEK5,7.236572006437063
126565,IKK-epsilon,7.958607314841775
25127112,NEK1,5.0
3025986,ARK5,5.0
153999,FLT3(R834Q),5.886056647693163
51004351,CDK11,5.142667503568732
9929127,ABL1p,5.0
10138260,AKT3,5.0
17755052,MERTK,5.0
10127622,CTK,5.0
9926054,HIPK4,5.091514981121351
11667893,EGFR(L747S752del),5.346787486224656
17755052,DYRK1A,5.0
10461815,MAP3K1,5.0
11712649,ABL1(H396P)p,6.026872146400302
11656518,KIT(A829P),6.00436480540245
11409972,PIK3CA(H1047L),5.0
11485656,DAPK2,5.0
10461815,MST1R,5.698970004336019
51004351,ABL1(Q252H),5.0
5291,CIT,5.0
9809715,PRKG2,5.0
3081361,PRKCE,5.0
51004351,PKN2,7.823908740944319
11364421,ERK5,5.494850021680094
5328940,JAK1(JH1domain-catalytic),5.0
156422,ERK1,5.0
51004351,ABL1(F317L),5.0
17755052,MARK1,5.0
3025986,ABL1(M351T),5.0
4908365,AURKB,5.537602002101044
24889392,MERTK,5.0
3025986,LYN,5.0
3081361,MAP3K2,5.0
24889392,PFPK5(Pfalciparum),5.0
5329102,DCAMKL2,5.568636235841013
447077,CSNK1G3,5.0
10461815,CLK4,5.0
3038525,EPHB2,5.0
10427712,EPHB6,5.0
11617559,MAP4K2,5.0
176155,JAK2(JH1domain-catalytic),5.0
11626560,PIK3CG,5.0
25127112,DDR2,5.0
10138260,NEK2,5.958607314841775
42642645,KIT(V559D-V654A),8.119186407719209
3038522,PRP4,5.0
123631,AURKB,5.0
3038522,KIT,8.568636235841012
16725726,FLT3(R834Q),5.0
25243800,CSF1R,5.481486060122113
25127112,CDK8,5.0
11667893,ABL1,6.167491087293763
10184653,IRAK3,5.0
5494449,CHEK1,5.060480747381382
11617559,CSNK1G2,5.0
44259,PKAC-alpha,7.721246399047171
10184653,CAMK4,5.0
176155,HPK1,5.0
11427553,NEK4,5.958607314841775
156422,HPK1,5.0
51004351,ARK5,7.387216143280264
216239,ACVR2B,5.0
51004351,IKK-alpha,5.42021640338319
6918454,p38-beta,5.0
10427712,CDK2,5.0
11712649,FLT3(N841I),5.0
156422,ABL2,5.886056647693163
51004351,DRAK2,5.327902142064283
10074640,CDK8,5.0
16038120,BLK,6.886056647693163
24779724,NEK9,5.0
11656518,PRKCE,5.0
11234052,PFCDPK1(Pfalciparum),5.0
11485656,PIP5K1A,5.0
24779724,LZK,5.0
208908,CASK,5.0
9915743,PIK3CA(I800L),5.0
11364421,PIK3CA,5.0
24889392,AKT2,5.0
25127112,PAK7,5.886056647693163
10113978,IRAK1,5.229147988357856
126565,JNK2,6.494850021680094
644241,PKN1,5.0
11984591,EGFR(E746A750del),5.958607314841775
16038120,INSR,8.619788758288394
10127622,MAK,5.0
24779724,PIP5K1A,5.0
16722836,MAPKAPK5,5.0
11984591,ABL1(Q252H)p,6.366531544420414
176870,ALK,5.920818753952375
176155,DCAMKL1,5.0
176167,MERTK,5.0
17755052,FGFR4,5.0
16725726,CHEK1,5.0
9884685,PIK3CG,7.795880017344075
156422,IKK-beta,5.0
3062316,PIK3CA(E545K),5.0
11314340,MET(Y1235D),5.0
3038525,PKN1,5.0
156422,MAPKAPK2,5.0
11338033,NEK11,5.0
9809715,MAP3K2,8.0268721464003
10127622,PIK3C2B,5.0
447077,DYRK1B,5.0
176155,FLT3(N841I),5.0
11667893,EPHA4,5.0
3081361,BMX,5.0
51004351,JAK1(JH1domain-catalytic),6.173925197299174
9933475,PKN2,5.0
156422,LTK,5.853871964321762
5329102,EPHB3,5.0
11485656,PKAC-beta,5.0
151194,LYN,5.0
25243800,MRCKB,5.0
17755052,NEK4,5.0
9926791,PAK7,5.0
44259,DDR1,7.721246399047171
11427553,ABL1p,7.1249387366083
24180719,EPHB2,5.0
11717001,PRKD2,5.0
4908365,FLT3(R834Q),7.10790539730952
5291,MAP3K2,5.0
11626560,MAP4K2,7.096910013008056
6450551,HIPK1,5.0
44259,KIT(V559D-T670I),8.022276394711152
25127112,LTK,6.356547323513813
10127622,PIK3CA(H1047Y),5.0
156422,LYN,5.568636235841013
16722836,EGFR(L858R),5.481486060122113
3025986,AURKC,5.301029995663981
447077,CTK,5.0
447077,ABL1(F317I)p,8.275724130399212
11667893,HIPK3,5.0
5291,CDK9,5.0
24889392,LATS2,5.0
176155,CDK8,5.0
51004351,MAP3K1,5.0
5328940,ASK1,5.0
11617559,PRKCE,5.0
10074640,DAPK2,5.0
11656518,CSNK1A1,5.0
11338033,NEK6,5.0
5329102,NEK6,5.0
11364421,PIM1,5.0
156414,EPHA8,5.698970004336019
24889392,INSRR,5.0
6918454,IRAK1,5.0
5328940,MARK4,5.0
10427712,MUSK,5.0
6918454,PCTK3,5.0
16722836,LRRK2,6.060480747381382
3025986,NEK4,5.0
151194,PCTK1,5.0
11617559,CLK4,5.0
447077,MLCK,6.853871964321762
10074640,PDPK1,5.0
10138260,MARK1,5.823908740944319
10127622,PDGFRA,5.0
11314340,PIK3CA(C420R),5.0
9926054,LATS2,5.0
176167,DCAMKL2,5.0
6450551,BMX,5.0
216239,ALK,5.0
9926791,CAMKK1,5.0
17755052,CASK,5.0
156414,MYLK,5.0
9809715,AKT1,5.0
5291,FGR,5.619788758288394
156422,PHKG1,5.0
24779724,MARK4,5.0
11667893,EIF2AK1,5.0
5494449,ABL1,7.886056647693163
17755052,PIK3CD,8.301029995663981
24180719,MINK,5.1487416512809245
3062316,JAK2(JH1domain-catalytic),6.0
11338033,EPHA2,5.0
644241,PLK1,5.0
11338033,MINK,5.0
176167,KIT,5.0
10074640,BMPR1A,5.0
25127112,KIT(A829P),5.200659450546419
11667893,CAMK4,5.0
5328940,ABL1(M351T),10.431798275933003
5494449,PLK2,5.0
11234052,LRRK2(G2019S),5.0
3025986,PFTK1,6.161150909262744
11485656,CAMK4,5.0
11427553,PRKG2,6.096910013008056
208908,HIPK3,5.0
3062316,PKN2,5.0
11712649,CAMK2D,5.0
5291,EGFR(L858R),5.0
216239,CHEK1,5.0
16007391,FLT3(D835Y),6.173925197299174
176167,PFTK1,5.823908740944319
151194,CDK9,5.0
10184653,CAMK1,5.0
51004351,DDR1,5.142667503568732
9915743,CAMK2A,5.0
24180719,ACVR1B,5.0
24180719,DAPK3,5.0
151194,AKT3,5.0
6918454,AKT3,5.0
10074640,FLT3(K663Q),5.0
9933475,PIK3CA(E545A),5.0
6918454,FLT3(K663Q),5.0
208908,EPHB1,5.0
24180719,IRAK4,5.0
3062316,PCTK2,5.0
9809715,CAMK1G,6.585026652029182
156414,PHKG2,5.0
11409972,p38-beta,6.366531544420414
11409972,PIK3CB,5.0
11234052,AXL,5.0
10184653,PFPK5(Pfalciparum),5.0
24180719,MEK2,5.958607314841775
25127112,ERN1,5.6020599913279625
51004351,ADCK4,5.0
17755052,PIK3C2B,6.886056647693163
10184653,CDKL2,5.0
151194,FRK,5.744727494896694
3062316,CSNK1A1L,5.0
24889392,HCK,5.0
5287969,PFCDPK1(Pfalciparum),5.0
11485656,PRKD3,5.0
10184653,DMPK,5.0
5291,MARK3,5.0
208908,EPHA3,5.0
11617559,ABL1,5.0
5287969,FES,5.0
16725726,ABL1(T315I),5.0
25127112,HUNK,5.0
16038120,ERBB4,6.552841968657781
17755052,PDGFRB,5.0
9926791,ERK1,5.0
156422,MLK2,5.0
151194,DLK,5.0
5328940,PIK3CG,5.0
9915743,PAK7,5.0
9884685,FAK,5.0
11717001,CDC2L1,5.0
11409972,LRRK2(G2019S),5.356547323513813
4908365,EGFR(L858RT790M),6.619788758288394
3038525,CSNK2A2,5.0
3038522,CDKL5,5.0
10427712,IRAK3,5.0
24779724,MEK5,5.0
4908365,MLK2,5.0
10461815,MARK3,5.0
9809715,PDGFRB,7.823908740944319
6450551,BRSK2,5.0
11409972,EGFR(L747S752del),6.259637310505756
9926054,LOK,5.0
6450551,ARK5,5.0
42642645,INSR,6.6777807052660805
10074640,ABL1(Y253F),7.602059991327962
126565,PRKX,7.376750709602099
3038525,MEK2,5.0
4908365,PIK3CA(E545K),5.0
11485656,PIK3CA(Q546K),5.0
10427712,PHKG2,5.0
42642645,DMPK,5.0
208908,CSNK1G2,5.0
5328940,ALK,6.161150909262744
10427712,MAP4K4,5.0
10184653,EGFR(S752I759del),9.853871964321762
9933475,CSNK1A1L,5.0
176167,MYO3B,5.0
24889392,AKT3,5.0
11234052,PRKCD,5.0
6450551,NDR1,5.0
9926054,KIT(D816H),5.0
6918454,DMPK,5.0
5494449,MAPKAPK5,5.0
11626560,FGFR2,5.0
10138260,DRAK1,7.619788758288394
156422,INSR,5.0
10074640,MST2,5.0
44259,MARK2,9.154901959985745
9926054,EPHA5,5.0
11364421,PLK4,5.0
208908,MST1R,5.0
11617559,DAPK1,5.0
9929127,MAP4K2,5.0
151194,GSK3A,5.0
25243800,NEK3,5.0
156414,MAP3K3,5.638272163982407
176167,PIK3CB,5.0
11656518,EPHA7,5.0
9929127,FYN,5.0
11712649,PRKCE,5.0
5291,EPHA1,5.0
9929127,PKMYT1,5.0
10138260,BMPR1A,5.0
16007391,MAP3K4,5.0
10427712,CDC2L1,5.0
25127112,PLK1,6.886056647693163
10127622,MLK1,5.0
447077,PAK6,5.0
10113978,ADCK4,5.0
11314340,DMPK2,6.337242168318426
9884685,MET(M1250T),5.0
3062316,PIK3CA,5.0
5328940,FLT3(K663Q),5.657577319177793
5328940,PRKX,5.0
208908,ABL1(F317L),5.0
9926791,ERBB3,5.0
5328940,PFCDPK1(Pfalciparum),5.0
42642645,ADCK4,5.0
10427712,DAPK3,5.0
11717001,DDR2,5.0
16007391,MKK7,5.0
216239,MEK4,5.0
123631,EPHB6,5.494850021680094
11667893,OSR1,5.0
10138260,FGFR2,6.102372908709559
11617559,PAK7,5.0
216239,BRAF(V600E),6.585026652029182
5287969,MRCKB,5.481486060122113
25243800,KIT,6.443697499232713
9809715,ABL1(T315I)p,8.0
42642645,CAMK1G,5.0
4908365,PKAC-alpha,5.0
24889392,PRKX,5.0
42642645,GSK3B,5.0
3038525,MLK3,5.0
42642645,ABL2,7.568636235841013
10461815,CLK1,6.136677139879544
9809715,HUNK,5.0
6450551,LCK,5.568636235841013
16007391,MAK,5.0
11314340,p38-delta,5.0
447077,EPHB6,8.698970004336019
5328940,MLK1,5.568636235841013
11617559,PIK3CA(M1043I),5.0
126565,EGFR(L747S752del),5.853871964321762
24180719,FGFR3,5.0
11717001,IKK-epsilon,5.0
9929127,CDK4-cyclinD1,5.0
156414,EPHB6,6.1938200260161125
151194,LOK,5.0
16007391,CDC2L2,6.0
123631,MAP3K4,5.0
9884685,GCN2(KinDom2S808G),5.0
9933475,JAK1(JH2domain-pseudokinase),5.0
11234052,CAMKK1,5.0
16038120,PIK3CA(C420R),5.0
24889392,ERK4,5.0
156422,EGFR(E746A750del),5.0
126565,FLT3(N841I),8.853871964321762
11656518,ERK1,5.0
10127622,PRKD1,5.0
3038522,ANKK1,5.0
10127622,GCN2(KinDom2S808G),5.0
176155,PKMYT1,5.0
11364421,BMX,5.0
153999,ABL1p,5.0
11717001,NEK11,5.0
10113978,GAK,6.698970004336019
10184653,FYN,5.0
11409972,DCAMKL1,5.0
11364421,DCAMKL2,5.0
123631,ACVR2A,5.0
11617559,PDGFRA,5.0
123631,MARK4,5.0
10074640,EPHB3,5.0
5494449,CDKL5,5.552841968657781
9929127,PRKCI,5.0
11656518,PIM1,5.0
208908,EPHA5,5.0
10427712,PIK3CD,6.6020599913279625
42642645,FAK,6.744727494896694
51004351,MELK,6.552841968657781
151194,MEK3,5.0
51004351,PIP5K1A,6.508638306165728
156422,MYLK2,5.0
44150621,KIT(L576P),8.795880017344075
9926791,BRAF(V600E),5.0
4908365,CAMK1,5.0
9915743,LRRK2(G2019S),5.0
9926054,KIT(D816V),5.0
644241,CAMK1G,5.0
208908,p38-beta,5.0
5291,NEK9,5.0
9926054,DCAMKL3,5.769551078621726
9933475,ABL1p,7.10790539730952
16007391,ALK,5.0
3038525,CDK7,5.0
10138260,ACVR2A,5.0
3038522,PIP5K2C,5.0
208908,GSK3B,5.0
24180719,FRK,5.721246399047171
4908365,CLK4,5.886056647693163
11656518,MAP3K4,5.0
11338033,EGFR(L858R),5.0
176167,IRAK1,5.0
176155,CDKL3,5.0
3038522,ACVR1,5.6020599913279625
5328940,PAK3,5.2441251443275085
6450551,ABL1(M351T),7.443697499232713
10127622,JAK2(JH1domain-catalytic),5.0
11485656,LIMK1,5.0
208908,GSK3A,5.0
10184653,EGFR(G719C),10.0
447077,DDR1,8.619788758288394
16007391,MAP3K2,5.0
11626560,BMPR1A,5.0
6918454,DCAMKL3,5.0
3081361,MEK6,5.0
11626560,PKMYT1,5.0
11667893,AMPK-alpha2,5.0
9926791,LCK,6.337242168318426
9915743,GRK1,5.0
10184653,MRCKB,5.0
11485656,BMPR1A,5.0
9809715,DRAK1,6.958607314841775
5494449,EPHA1,6.0
25243800,BRSK1,7.853871964321762
24180719,ABL1(F317L),6.026872146400302
9884685,ERK2,5.0
9926054,ABL1(F317L),5.0
24889392,EGFR,5.0
9884685,CDKL3,5.0
9933475,ASK1,5.0
10184653,CDK3,5.0
176155,PIP5K1A,5.0
51004351,PIK3CA(E542K),5.0
123631,ERBB3,6.102372908709559
5328940,EPHA2,7.744727494896694
5287969,ABL1(F317I),5.0
3062316,PIK3C2G,5.0
216239,LCK,5.568636235841013
176870,MAP3K2,5.6020599913279625
16725726,ERK4,5.0
16722836,MAP4K2,5.6777807052660805
5494449,ABL1p,8.1249387366083
9926054,MUSK,5.0
9929127,ALK,5.0
24779724,OSR1,5.0
176870,MET,5.42021640338319
11338033,FES,5.0
11984591,NEK9,7.795880017344075
5494449,NEK1,5.0
16007391,CDKL3,5.0
16725726,PIK3CA(I800L),5.0
10138260,MEK5,7.1249387366083
44150621,PFCDPK1(Pfalciparum),6.214670164989233
11485656,PRKX,5.0
151194,CDK5,5.0
10074640,GAK,5.0
11617559,GSK3A,5.0
11626560,GRK4,5.376750709602099
11409972,FGFR3(G697C),5.522878745280337
447077,DAPK2,5.0
6918454,CAMK4,5.0
10427712,EGFR(S752I759del),6.096910013008056
4908365,PIK3CA(C420R),5.0
11667893,PIK3CA(I800L),5.0
3081361,PRKG2,5.0
176155,PIK3CG,5.0
153999,NEK2,5.0
11234052,EGFR(G719C),5.522878745280337
156414,CAMK4,5.0
3081361,DDR1,7.958607314841775
10113978,MAK,5.0
208908,MAK,5.0
10138260,MUSK,7.0
5329102,MKNK2,5.2441251443275085
11617559,PIK3CB,5.0
10074640,CDK9,5.0
10113978,PIK3CA(H1047L),5.0
11626560,EPHB4,6.2441251443275085
9884685,CTK,5.0
11984591,CDK4-cyclinD1,5.0
9809715,ABL1(Q252H)p,7.552841968657781
16722836,AMPK-alpha2,5.327902142064283
123631,ERK2,5.0
10074640,EPHA2,5.0
176167,IKK-epsilon,5.0
24889392,MAP4K5,6.356547323513813
153999,PIP5K2B,6.080921907623926
24889392,CDK2,5.0
16722836,EGFR(L861Q),5.236572006437063
9929127,PIM2,5.0
11984591,ABL1(M351T),6.4089353929735005
10427712,FAK,5.0
24889392,ABL1(E255K),5.0
3025986,FGFR2,5.0
17755052,DRAK2,5.0
156422,CDKL5,5.0
126565,NEK9,5.267606240177032
11667893,PLK1,5.0
11617559,MRCKA,5.0
126565,PIM2,6.6020599913279625
5328940,ABL1(T315I),7.67778070526608
9884685,PFCDPK1(Pfalciparum),5.0
11712649,DCAMKL1,5.0
10127622,HIPK4,5.0
176167,PDGFRA,5.0
10461815,CSNK1G3,5.0
4908365,MERTK,7.0655015487564325
11617559,CDKL1,5.0
5287969,KIT(L576P),5.0
16722836,ABL1(H396P),7.346787486224656
9933475,OSR1,5.0
10184653,MAP3K1,5.0
44150621,MLK3,5.657577319177793
44259,CDK9,7.0
16038120,AURKA,7.356547323513813
4908365,HPK1,6.431798275933005
3038522,CAMKK2,5.0
9926054,FLT3(D835H),5.0
3038525,MYO3A,5.0
126565,PIK3CB,5.173925197299174
5291,FGFR3,5.0
3081361,KIT(D816H),6.376750709602099
11314340,DYRK2,7.200659450546419
11717001,EGFR(T790M),5.0
6450551,MYO3B,5.0
11667893,CDC2L2,5.0
5328940,MRCKB,5.0
9884685,AMPK-alpha1,5.0
176155,LIMK2,5.0
9884685,FYN,5.0
3038522,FGFR4,5.0
10074640,IRAK3,5.0
9884685,FES,5.0
216239,KIT(V559D-V654A),6.619788758288394
208908,ABL1(F317I),5.0
5494449,GCN2(KinDom2S808G),5.721246399047171
11364421,FLT3(K663Q),5.0
24180719,PFCDPK1(Pfalciparum),8.769551078621726
11427553,CAMK1,5.853871964321762
11712649,FGFR1,5.619788758288394
16007391,JNK1,5.0
10461815,MEK4,5.0
44259,NDR2,7.552841968657781
5291,PIK3CA(M1043I),5.0
9884685,GAK,5.0
11338033,ERK3,5.0
176870,EPHA5,6.1487416512809245
9809715,DDR1,7.920818753952375
176155,NLK,7.602059991327962
11427553,JAK2(JH1domain-catalytic),7.119186407719209
11427553,PAK7,6.4089353929735005
24180719,FLT3(D835Y),5.187086643357144
447077,FRK,8.387216143280265
5287969,BRSK2,5.0
24889392,PKAC-beta,5.0
156422,FGFR2,5.0
24180719,BRSK2,5.0
208908,IRAK1,5.0
11234052,HIPK4,5.0
11667893,LKB1,5.0
11712649,FLT3(D835H),5.0
5291,DDR1,9.154901959985745
11626560,NEK11,5.0
9926791,PRKG1,5.0
151194,ERK4,5.0
16038120,MAP3K15,6.096910013008056
3062316,MELK,5.0
51004351,MAP4K4,6.187086643357144
11234052,PAK4,5.0
9933475,CDK9,5.0
16722836,BRAF(V600E),5.031517051446065
9929127,MAPKAPK2,5.0
176870,PIK3CA(E545A),5.0
9926791,EPHB2,5.0
156414,HUNK,5.1938200260161125
9933475,CAMK1D,5.0
16007391,EGFR(L747E749del),5.537602002101044
5291,ALK,5.0
44150621,DMPK,5.0
208908,FLT3(D835H),5.0
10184653,EGFR(L747T751del),9.920818753952377
11427553,NDR2,5.958607314841775
11485656,CSNK2A2,5.0
17755052,MYLK2,5.0
9809715,EGFR(L858RT790M),5.0
447077,NIM1,5.1938200260161125
156422,MUSK,5.721246399047171
3038522,KIT(V559D-V654A),7.585026652029182
6918454,CDC2L2,5.0
25243800,DRAK1,5.0
9809715,MAP4K2,6.537602002101044
24779724,MAP3K1,5.0
9926791,DDR1,5.0
9926054,PIK3CD,5.0
44150621,EGFR(G719S),5.0
25243800,DCAMKL1,5.0
42642645,DYRK1B,5.0
3038522,PRKD1,5.0
11717001,FLT3(K663Q),5.0
208908,MEK6,5.0
10113978,CDK4-cyclinD1,5.0
208908,PIP5K1C,5.0
151194,GRK7,5.0
176870,MLK1,5.0
176167,ACVR2A,5.0
10113978,ACVR2B,5.619788758288394
51004351,MUSK,5.0
11427553,CHEK2,7.022276394711152
44259,MYO3B,6.522878745280337
3038525,HCK,5.0
3062316,EGFR(T790M),5.638272163982407
5494449,CLK1,5.0
10184653,MARK3,5.0
6450551,BLK,5.508638306165728
11427553,FGR,6.356547323513813
11314340,BMPR1B,5.0
16038120,LRRK2(G2019S),9.065501548756432
16007391,PLK2,5.0
9809715,CDK8,5.0
644241,MRCKB,6.040958607678906
9926791,NDR2,5.0
16038120,PIK3C2B,5.0
6918454,CAMK1,5.0
6918454,JAK1(JH1domain-catalytic),5.0
176155,PIK3C2G,5.0
644241,MET(Y1235D),5.0
11314340,INSRR,5.0
9933475,PDGFRA,9.387216143280265
11617559,PRKCH,5.0
9809715,DMPK,5.0
11485656,MAPKAPK5,5.0
51004351,ERK4,5.0
6918454,PRKCH,5.0
176155,PIK3CA(M1043I),5.0
4908365,PIK3CA(H1047L),5.0
44150621,CAMK2B,5.0
11485656,CSK,5.0
156422,JNK2,8.136677139879545
24180719,CLK3,5.0
24180719,MEK3,5.0
16007391,CHEK2,5.853871964321762
25127112,CSNK1G3,5.0
9929127,PFTK1,5.0
3025986,PRKCQ,5.0
24889392,ABL1(F317L),5.0
3038525,ABL1(H396P)p,5.0
24889392,KIT(V559D-T670I),8.221848749616356
176167,MAP3K4,5.0
11656518,JAK1(JH1domain-catalytic),5.0
25127112,EPHB3,5.0
11364421,PCTK3,5.0
11427553,ARK5,5.0
126565,KIT(A829P),7.455931955649724
176167,BTK,5.0
9915743,EPHA2,5.0
11712649,PRKCQ,5.0
51004351,PIK3CA(E545K),5.0
126565,AAK1,8.508638306165727
10113978,MST4,5.0
9926791,FLT3(D835Y),5.0
10127622,PLK1,5.0
17755052,ICK,5.031517051446065
11667893,LIMK2,5.0
16725726,MAPKAPK5,5.0
16722836,ABL1(T315I)p,7.187086643357144
176155,DCAMKL3,5.0
11712649,PFTK1,5.0
5287969,NEK4,5.0
3081361,LIMK1,5.0
5291,CDC2L2,5.0
11626560,PKNB(Mtuberculosis),5.0
11338033,BRAF,5.0
11364421,KIT(V559D),5.0
11409972,JNK2,7.251811972993799
5329102,MYLK2,7.309803919971486
10427712,BRSK1,6.136677139879544
11427553,MEK1,6.275724130399211
176870,CHEK2,5.0
16007391,MYLK,5.0
5287969,CSNK1A1L,5.619788758288394
156422,BIKE,5.0
11485656,p38-alpha,5.0
17755052,PCTK1,5.958607314841775
9884685,LCK,5.0
24889392,FGFR2,5.0
3081361,CAMK1D,5.0
153999,PCTK1,5.585026652029182
16038120,MRCKB,5.318758762624413
9929127,MAP3K15,5.0
11427553,PRKR,5.443697499232713
42642645,EPHB4,7.920818753952375
126565,PRKR,6.920818753952375
11712649,PIK3CA(E542K),5.0
5287969,PRKCI,5.0
3038525,PKNB(Mtuberculosis),5.0
24779724,FRK,5.0
126565,DYRK1B,7.537602002101044
9809715,CAMK4,5.431798275933005
156414,MRCKA,5.0
9933475,MARK1,5.0
644241,p38-delta,5.0
11364421,DYRK1A,5.0
11712649,PIM2,5.0
11717001,MKK7,5.0
11427553,PKN1,6.236572006437063
11234052,PCTK2,5.0
24180719,PIM1,5.0
3062316,CIT,5.0
16722836,ABL1p,7.356547323513813
9926791,ABL1(F317L)p,5.0
5328940,CASK,6.080921907623926
5287969,AKT3,5.0
11717001,CSNK2A2,5.0
10138260,DDR1,5.0
11314340,MKK7,5.0
5287969,MAP3K2,5.214670164989233
11234052,NIM1,5.0
16038120,MET,6.769551078621726
10113978,ABL1(Q252H),6.275724130399211
11234052,PIK3CA(E542K),5.0
9809715,GSK3A,6.366531544420414
3038525,NLK,5.0
10127622,BRAF(V600E),5.0
176870,EPHA2,5.0
10427712,EGFR(L747E749del),5.886056647693163
3081361,CSNK2A2,5.0
11656518,PIK3CA(E545K),5.0
151194,MET,5.0
11984591,AAK1,6.3872161432802645
44150621,MKNK2,5.0
5328940,CAMK1,5.0
9884685,BRSK1,5.0
4908365,MST1,7.318758762624413
11984591,PFCDPK1(Pfalciparum),5.0
5328940,DMPK2,5.0
10127622,ERK2,5.0
6918454,JAK1(JH2domain-pseudokinase),5.0
16038120,CHEK1,7.356547323513813
11656518,BRAF(V600E),6.481486060122113
11656518,FGFR4,5.0
11234052,EGFR(L858RT790M),5.0
11984591,CDK9,5.0
5494449,EGFR(E746A750del),5.0
9933475,ACVR2A,5.0
11667893,MERTK,5.0
10461815,PRKG1,5.0
10113978,KIT(A829P),7.481486060122113
9809715,ABL1(T315I),7.180456064458132
11617559,GCN2(KinDom2S808G),5.0
25243800,AURKB,5.0
10461815,KIT(V559D-V654A),5.142667503568732
151194,PIM3,5.0
16722836,CLK4,5.698970004336019
5291,PIK4CB,5.0
11338033,FLT4,5.0
10184653,LIMK2,5.0
11427553,JAK1(JH1domain-catalytic),5.920818753952375
5287969,EPHB2,5.0
6918454,ABL1p,5.0
10184653,FLT3(D835Y),5.853871964321762
10074640,NEK11,5.0
11984591,PAK7,7.161150909262744
9884685,HPK1,5.0
51004351,MARK2,7.0
51004351,MINK,6.769551078621726
11364421,EPHA7,5.0
11712649,KIT,5.0
11984591,DMPK2,5.0
5291,KIT(V559D),7.823908740944319
16038120,PIK3C2G,5.0
11314340,PCTK3,5.113509274827518
5287969,ADCK3,5.0
5287969,EGFR(L861Q),5.920818753952375
11617559,PAK3,5.0
5329102,PRKD3,6.552841968657781
11234052,LKB1,5.0
3081361,JNK2,5.0
153999,JNK3,5.0
3081361,EPHA2,5.958607314841775
11717001,MST1,5.0
11409972,EGFR(G719S),6.2839966563652006
176155,CAMKK2,5.0
11314340,ABL2,5.0
42642645,ITK,7.161150909262744
5494449,PHKG1,5.657577319177793
5329102,MEK5,7.337242168318426
5287969,PRKD2,5.958607314841775
51004351,KIT(V559D-T670I),6.823908740944319
11485656,JAK1(JH2domain-pseudokinase),5.0
9933475,PIM3,5.0
24889392,MYO3B,5.0
11364421,MET(Y1235D),5.0
11656518,PDGFRA,5.958607314841775
11364421,ABL1(E255K),5.229147988357856
156414,CSNK1D,5.337242168318426
10138260,MLK3,5.769551078621726
5287969,FLT3(N841I),5.187086643357144
644241,ACVR1B,5.0
11409972,EPHA5,6.853871964321762
51004351,MET(M1250T),5.6777807052660805
176167,EGFR(E746A750del),5.0
9809715,CAMK2D,5.0
25243800,PIK3CB,6.920818753952375
447077,PIK3CA(H1047Y),5.0
176870,MKNK2,6.0
11617559,GRK7,5.0
25243800,IGF1R,5.0
3025986,ABL1,5.0
16038120,PIP5K1A,5.013228265733755
151194,ABL1(F317I)p,5.0
11364421,INSR,5.0
5291,FES,5.0
24180719,CDK4-cyclinD1,5.0
11626560,CSNK1G2,5.0
44150621,LATS2,6.275724130399211
176155,FLT3(D835Y),5.0
9915743,MTOR,5.0
151194,MARK4,5.0
9884685,MST1R,5.0
11667893,CSNK2A1,5.0
44259,PIK3CD,5.0
3062316,CSNK1G3,5.0
9929127,MET,5.0
11314340,PRKR,5.552841968657781
11712649,PLK4,6.3872161432802645
10427712,PKNB(Mtuberculosis),5.0
11364421,LCK,5.0
216239,ACVR1B,5.0
25127112,CSNK2A1,5.376750709602099
176870,NEK3,5.0
6918454,CDK2,5.0
11717001,NLK,5.0
17755052,MKNK1,5.0
176870,CDKL5,5.0
9809715,MLK3,6.154901959985743
11409972,ACVR1,5.0
6918454,BRAF(V600E),5.0
24180719,MAP4K4,5.0
11656518,ERN1,5.0
3038525,AURKA,5.0
176870,MAK,5.0
176870,CAMKK1,5.0
16722836,EGFR(L747T751del),5.42021640338319
11984591,IRAK3,7.958607314841775
44150621,MRCKB,5.0
11617559,FYN,5.0
3025986,PCTK3,7.356547323513813
44259,PRKR,6.443697499232713
9929127,ERK8,5.0
11338033,DYRK1B,6.537602002101044
11667893,CIT,6.522878745280337
24889392,PRKD3,5.0
11712649,KIT(L576P),5.0
51004351,EPHA3,5.0
42642645,PIK3CA(H1047L),5.0
6450551,AKT1,5.0
11712649,MYLK,5.0
126565,EPHB2,5.161150909262744
9926791,CDKL3,5.0
126565,ABL1(T315I)p,6.795880017344075
10184653,CSNK1D,5.0
216239,ERK5,5.0
44150621,PKN2,5.00436480540245
126565,CDC2L5,6.0
11364421,BMPR1B,5.0
5494449,p38-alpha,5.0
9809715,MAP4K5,6.4089353929735005
44150621,CSNK1A1,5.0
6450551,NIM1,5.0
25127112,PFCDPK1(Pfalciparum),5.0
44150621,CDK3,5.0
156414,CAMK1,5.0
11984591,HIPK3,5.494850021680094
11617559,JNK1,5.0
3025986,ABL2,5.0
6450551,FGR,5.744727494896694
11667893,DYRK1A,5.0
9915743,CDK9,5.0
5494449,LZK,6.744727494896694
11409972,PIK3CG,5.0
3038522,JAK2(JH1domain-catalytic),5.0
9915743,PIM2,5.0
9809715,FLT1,7.200659450546419
5291,HIPK3,5.0
10427712,DAPK1,5.0
9929127,HIPK1,5.0
24779724,CAMKK2,5.0
176155,CLK2,5.0
16007391,ABL1(F317I)p,5.337242168318426
16007391,MRCKA,5.0
51004351,MLK3,7.769551078621726
16007391,PKN1,5.0
10127622,IKK-epsilon,5.0
9926791,PRKD2,5.0
10074640,ICK,5.0
10138260,GAK,7.356547323513813
11234052,MKNK1,5.0
10427712,p38-gamma,5.0
208908,ACVR2B,5.0
11409972,LKB1,5.0
153999,LYN,5.0
25127112,AKT2,5.0
151194,DYRK2,5.0
9926791,PIP5K2B,5.0
3062316,PIP5K2B,5.0
10138260,CDK2,5.0
42642645,BRK,8.366531544420413
16725726,EGFR(T790M),5.0
176870,PIK3CA,5.0
176155,DMPK2,6.3979400086720375
25243800,ERK2,5.0
11617559,ABL1(M351T),5.0
3062316,MAPKAPK5,5.0
5291,AURKA,5.0
10127622,BRSK2,5.0
10427712,FGFR4,5.0
3038525,ABL1(E255K),5.0
9926054,EPHA1,5.0
10461815,MLCK,5.0
11656518,PKAC-alpha,5.0
44259,DDR2,7.376750709602099
11338033,LRRK2(G2019S),5.0
11984591,PRKD1,5.0
176155,FGFR2,5.0
176167,FGFR4,5.0
156422,PIP5K1C,5.0
25243800,EPHB4,5.0
11364421,p38-beta,5.0
42642645,PKAC-alpha,5.0
10184653,EPHA4,5.0
17755052,FES,5.0
11409972,PRKG2,5.0
3038522,BRAF(V600E),5.0
16007391,CSNK1G3,5.0
3081361,ABL1(T315I)p,7.698970004336019
11712649,FGR,6.657577319177793
208908,MTOR,5.0
5287969,NEK9,5.0
3038525,KIT(A829P),5.0
9929127,DMPK2,5.0
16038120,MAP4K3,7.187086643357144
3081361,KIT(L576P),6.853871964321762
24180719,FGFR4,5.0
176155,DRAK2,5.0
24889392,FLT3(D835H),8.431798275933005
16722836,PIK3CA(C420R),5.0
51004351,p38-delta,5.0
123631,PAK6,5.0
5494449,PKNB(Mtuberculosis),5.657577319177793
51004351,ERBB4,5.508638306165728
9915743,JAK3(JH1domain-catalytic),5.698970004336019
11712649,ABL1(H396P),6.292429823902063
5291,LRRK2(G2019S),5.0
16725726,ALK,5.0
11617559,MARK1,5.0
17755052,MLK3,5.0
9884685,LIMK1,5.0
153999,JAK1(JH2domain-pseudokinase),5.0
11427553,PIM1,5.0
9915743,DCAMKL1,5.0
176167,JNK1,5.0
11427553,BRSK1,5.721246399047171
9933475,PHKG2,5.0
5329102,IKK-beta,5.0
11712649,CDK8,5.0
9915743,CDKL1,5.0
126565,MKNK1,7.251811972993799
447077,MAP3K15,5.0
10184653,CDK4-cyclinD3,5.0
24779724,PKAC-alpha,5.0
9884685,LTK,5.0
11656518,PIK3CA(M1043I),5.0
16722836,EPHA2,5.356547323513813
24779724,MAP4K3,5.0
11712649,NEK1,5.0
10461815,PHKG2,5.619788758288394
3081361,PRKG1,5.0
44150621,MTOR,5.0
10461815,EPHA3,5.0
10138260,PDGFRA,8.958607314841775
25127112,DAPK2,7.013228265733755
5328940,CDKL1,5.0
9929127,EGFR(L858RT790M),5.0
11984591,BRAF(V600E),6.42021640338319
176155,MYO3A,5.0
156414,LATS2,5.0
10113978,MRCKA,5.0
11626560,PRKX,5.0
44259,CSF1R,7.920818753952375
9933475,EGFR(T790M),5.886056647693163
447077,CDC2L2,5.0
11712649,FLT1,6.0
9926054,EGFR(T790M),5.0
447077,CAMK1D,5.0
9929127,AXL,5.0
5328940,BLK,8.481486060122112
3081361,CSNK1G3,5.0
44259,EPHA5,7.022276394711152
153999,BLK,5.0
9915743,MYO3A,5.0
11409972,PHKG1,5.0
151194,KIT(V559D),7.769551078621726
9915743,MERTK,6.3979400086720375
10461815,EGFR(L747T751del),5.0
42642645,PRKCD,5.0
44150621,PAK1,5.0
5329102,PRP4,6.4089353929735005
644241,GCN2(KinDom2S808G),5.0
151194,PRKD2,5.0
176155,PIK3CA(E545A),5.0
3025986,PIK3C2B,5.0
176167,CDK4-cyclinD3,5.0
3062316,p38-alpha,7.568636235841013
44150621,PRKX,5.0
11984591,EGFR(L858RT790M),7.214670164989233
10113978,NEK1,5.0
176167,PIM1,6.698970004336019
216239,PRKD3,5.0
3038525,PDGFRA,5.055517327849832
6918454,KIT(D816V),5.0
176870,PFPK5(Pfalciparum),5.0
11984591,CSNK2A2,7.853871964321762
16725726,CDK4-cyclinD1,5.0
153999,KIT(V559D),5.0
16038120,CSNK2A2,5.017728766960432
5494449,NDR1,5.0
3062316,PDGFRB,9.200659450546418
5291,PIK3C2B,5.0
9809715,HIPK4,5.920818753952375
11409972,JAK1(JH2domain-pseudokinase),5.0
153999,AKT3,5.853871964321762
16722836,ERK2,5.0
9884685,MARK3,5.0
176155,p38-gamma,5.823908740944319
24779724,PDGFRA,5.0
151194,EGFR(L747T751del),5.0
24180719,ERBB3,5.0
216239,CASK,5.0
11409972,PRKD1,5.920818753952375
11409972,EPHB2,6.886056647693163
3038522,CAMK2D,5.0
16722836,CSNK1A1,5.0
151194,CSNK1D,5.0
10184653,PIK3CD,5.0
11485656,CSNK1A1,5.0
10113978,PCTK3,5.0
6450551,LOK,5.920818753952375
447077,NEK6,5.0
11984591,FGFR4,6.455931955649724
11984591,ERK8,6.1938200260161125
9926791,CDK3,5.0
156422,MET,5.0
6918454,MARK4,5.0
126565,ERK8,8.309803919971486
151194,CSNK1G2,5.0
644241,BRSK1,5.0
24779724,FAK,5.0
25243800,FLT4,6.619788758288394
5291,FGFR1,5.0
5329102,CASK,5.0
644241,ADCK3,5.0
447077,DCAMKL2,5.0
11485656,HUNK,5.0
176155,LTK,5.0
10127622,DCAMKL2,5.0
5494449,AMPK-alpha1,5.958607314841775
44259,CAMK2B,8.886056647693163
11234052,CDK5,5.0
10461815,JAK1(JH1domain-catalytic),5.0
3025986,PIK3CA(H1047L),5.0
10461815,EPHB3,5.0
16725726,MAPKAPK2,5.0
156422,MAP3K15,5.0
153999,PKN1,6.455931955649724
16007391,PIK3CA,5.0
10427712,PIK3CA(H1047Y),6.823908740944319
9884685,FLT3(D835Y),5.0
11314340,ABL1(T315I)p,5.0
11717001,GRK7,5.0
5329102,GSK3B,5.0
11712649,IRAK1,5.0
11314340,p38-alpha,5.0
11427553,LCK,5.920818753952375
10074640,KIT(D816V),5.886056647693163
5291,FGFR4,5.0
6918454,FAK,5.0
216239,MKNK1,6.638272163982407
24180719,LATS2,5.0
3062316,JAK1(JH1domain-catalytic),5.0
10461815,BTK,5.0
644241,NEK3,5.0
16038120,MAP3K3,6.494850021680094
11485656,CSNK1G3,5.0
9929127,KIT(D816V),5.0
44259,EGFR(L747S752del),6.522878745280337
11717001,INSR,5.0
5328940,HIPK3,5.494850021680094
17755052,MEK5,5.0
11314340,CASK,5.0
10138260,HPK1,7.823908740944319
447077,CDC2L1,5.0
11712649,DRAK2,8.09151498112135
24180719,PAK1,5.853871964321762
447077,CIT,5.0
11427553,EGFR,5.0
25243800,ABL1(F317L),5.0
10113978,CAMK1,5.6777807052660805
9933475,ABL1(T315I),6.958607314841775
51004351,AKT1,6.022276394711152
3025986,IKK-alpha,5.0
9933475,PAK6,5.0
16007391,EPHA1,5.0
5328940,AKT1,5.0
123631,MRCKB,5.0
156414,ERBB4,8.187086643357144
42642645,LRRK2,5.0
9926054,DMPK2,5.0
176155,CDC2L5,5.0
3038525,PCTK1,5.0
11409972,CAMK2A,5.0
151194,HIPK4,5.0
11717001,EGFR(L858R),5.0
11712649,EGFR(L747T751del),5.0
17755052,PFTAIRE2,5.0
11712649,KIT(D816H),5.0
16722836,MUSK,6.096910013008056
153999,PCTK2,5.0
10427712,BRK,5.301029995663981
11626560,PIK3C2B,5.0
11338033,ALK,5.0
10427712,MERTK,5.0
44150621,BMPR2,5.508638306165728
10184653,ERK2,5.0
11712649,AKT3,5.0
9809715,FLT3(K663Q),8.346787486224656
447077,DMPK,5.0
3038522,ERK2,5.0
16722836,CAMK2B,5.167491087293763
24180719,JAK1(JH2domain-pseudokinase),5.0
6918454,JNK3,5.0
447077,HCK,8.481486060122112
156414,PIK4CB,5.0
42642645,AURKC,7.920818753952375
24779724,CDK9,5.0
24779724,BIKE,5.0
3038525,CSNK1D,5.0
156422,PRKX,5.0
11485656,LATS1,5.6777807052660805
6918454,PHKG1,5.0
9884685,CAMK1G,5.0
11234052,DYRK1A,5.0
5329102,PLK3,5.0
11656518,ABL2,5.721246399047171
10461815,MST3,5.0
11712649,EPHA7,6.0
10184653,HIPK1,5.0
16007391,PIP5K2B,5.0
9809715,IRAK4,6.091514981121351
11314340,MYO3A,5.0
44259,IKK-beta,7.508638306165728
11617559,PRKCI,5.0
11338033,ARK5,5.0
10184653,MST2,5.0
176155,EGFR(L861Q),5.494850021680094
3081361,NEK2,5.0
11667893,MST2,5.0
17755052,EGFR(G719S),5.0
9933475,MYO3B,5.0
644241,DYRK2,5.0
216239,CSNK1A1,5.0
153999,EGFR(L747T751del),5.0
644241,LZK,5.0
10184653,MYLK4,5.0
11234052,PKN2,5.0
9884685,MLCK,5.0
3081361,KIT,6.585026652029182
11338033,MKK7,5.0
9884685,ABL2,5.0
3062316,MLK1,5.0
3081361,PLK3,5.0
3081361,LRRK2,5.0
3038522,EPHA3,5.0
6450551,PCTK1,5.275724130399211
10427712,MAP3K1,5.0
24180719,NLK,5.0
5494449,PAK2,5.2441251443275085
9926054,PKN1,5.0
24180719,MAP4K5,5.494850021680094
11617559,MST2,5.0
10113978,CSNK1E,5.0
3025986,ABL1(F317I)p,5.0
44259,IGF1R,6.6777807052660805
10184653,MST4,5.0
11314340,BRAF(V600E),5.0
123631,MELK,5.0
3025986,PLK3,5.0
10427712,PRKR,5.0
176870,PIK3CA(H1047L),5.0
17755052,CHEK1,5.0
4908365,FAK,5.431798275933005
24889392,PRKD1,5.0
16725726,GSK3A,5.2839966563652006
11984591,PRKCD,5.3872161432802645
11667893,CAMK1,5.0
123631,GSK3B,5.0
10427712,MYLK,5.0
447077,EPHA6,7.154901959985743
5494449,MEK3,5.0
10138260,PAK4,5.920818753952375
11364421,PIM2,5.0
5494449,PRKCE,5.0
5329102,EGFR(L861Q),5.0
5329102,ERBB4,5.0
11984591,CSNK1A1L,5.0
11234052,PIK3C2B,5.0
9915743,FLT1,5.0
156414,INSRR,5.0
5328940,FAK,6.2441251443275085
16007391,NEK1,5.0
9809715,PRKG1,7.853871964321762
156414,BLK,7.346787486224656
4908365,BRAF(V600E),5.0
25127112,MKK7,5.0
5291,GAK,6.0
216239,MAP4K3,5.0
6918454,PAK6,5.0
24889392,DDR2,5.958607314841775
216239,EPHA4,5.522878745280337
6450551,CDK5,5.0
6918454,KIT(D816H),5.0
3062316,PIK3CA(H1047Y),5.0
9915743,ABL1(H396P),5.0
11717001,FGFR4,5.0
11409972,FGFR4,5.853871964321762
9926054,CLK3,5.0
16038120,PIK3CA(H1047L),5.0
176155,GCN2(KinDom2S808G),5.0
447077,EPHA7,5.0
3081361,CSNK1A1,5.0
5494449,FLT1,7.0
5291,NEK7,5.0
24180719,MAP3K2,5.0
156422,DDR1,8.721246399047171
24180719,FLT3(R834Q),5.522878745280337
11234052,JNK3,5.0
9884685,JNK2,5.0
51004351,ACVR2B,5.0
5494449,ABL1(F317L),6.318758762624413
10074640,p38-alpha,5.0
10138260,MET(Y1235D),5.0
216239,PRKCD,5.0
9915743,ABL1,5.0
10113978,CDC2L1,5.6777807052660805
11617559,CSNK1A1L,5.0
3038522,MARK4,5.0
3038525,PRKCQ,5.0
9933475,MAK,5.0
5287969,MET,5.0
644241,NEK11,5.0
447077,NEK4,5.0
6918454,MKNK2,5.0
6450551,DYRK1A,5.0
16722836,PIM3,5.0
24180719,MERTK,5.0
16722836,PAK3,5.0
25127112,MET(M1250T),5.0
3062316,PIK3CA(E542K),5.0
11427553,MYLK2,7.2839966563652
10127622,MAP4K4,5.0
176155,CAMKK1,5.0
3038522,PIK3CA(Q546K),5.0
16725726,JNK2,5.0
9884685,AXL,5.0
9884685,AURKA,5.0
176155,MKNK1,5.0
208908,FLT3(K663Q),5.0
5328940,CSNK1E,6.958607314841775
10427712,MKK7,5.0
11656518,NEK2,5.0
6450551,CSNK1D,5.0
42642645,MAPKAPK2,5.0
10113978,ABL1(H396P)p,6.154901959985743
6918454,HIPK2,5.0
11427553,MST2,5.0
24180719,EPHB4,5.0
11984591,ERBB4,6.221848749616356
6450551,PRKG1,5.0
11667893,PDGFRB,8.040958607678906
3038522,ARK5,5.0
176870,BMPR2,5.0
151194,PKMYT1,5.0
123631,EPHA6,6.229147988357856
216239,PKNB(Mtuberculosis),5.0
3081361,EGFR(L861Q),7.958607314841775
17755052,AKT2,5.0
16038120,CSNK1G2,5.0
4908365,p38-gamma,5.0
10113978,ERN1,5.0
11409972,GRK1,5.0
9809715,MLK2,5.638272163982407
10184653,FAK,5.0
11364421,FLT1,5.0
25243800,HIPK1,6.522878745280337
11338033,LIMK1,5.0
24889392,MET(Y1235D),5.0
5291,LIMK1,5.0
10127622,PIM3,5.0
123631,MLCK,5.0
151194,CDKL2,5.0
44150621,p38-beta,5.0
11626560,MAP3K2,7.142667503568732
216239,MST2,5.0
9926054,GCN2(KinDom2S808G),5.0
153999,ACVR2B,5.0
9926054,MYLK4,6.154901959985743
176167,ACVRL1,5.0
10127622,MRCKA,5.0
5287969,MEK2,5.0
9929127,PIK3CB,5.0
176870,CSNK1A1L,5.0
644241,GSK3B,5.0
24779724,JNK2,5.0
5329102,p38-beta,5.0
11485656,NDR2,5.0
176167,FGFR1,5.3979400086720375
51004351,MET(Y1235D),6.251811972993799
126565,LKB1,7.244125144327507
176870,CSK,5.017728766960432
156422,CAMK1,5.0
151194,PIK3C2G,5.0
17755052,FGFR3(G697C),5.0
176870,MKK7,5.0
216239,PIK3CA(E545A),5.0
44150621,FGFR1,6.823908740944319
10074640,FGFR2,5.0
126565,CAMK1D,7.327902142064283
16007391,JNK2,5.0
16038120,DAPK1,5.744727494896694
123631,FER,5.0
5329102,BMPR2,6.2441251443275085
6450551,DCAMKL3,5.0
9926791,FGFR3(G697C),5.0
11338033,LOK,5.0
5329102,PIK3C2G,5.0
5291,CSNK2A2,5.0
16038120,JAK1(JH2domain-pseudokinase),6.522878745280337
123631,PHKG2,5.568636235841013
151194,LRRK2,5.0
176167,CAMKK1,5.0
176870,DYRK1A,5.0
10138260,FYN,5.585026652029182
11626560,ABL1(Y253F),7.130768280269024
3038522,HPK1,5.0
11626560,AAK1,5.638272163982407
156422,ABL1(F317L),5.886056647693163
16725726,CSNK1D,5.0
11427553,HPK1,7.200659450546419
176155,CSF1R,5.0
11427553,PHKG1,6.6777807052660805
11234052,EGFR(G719S),5.585026652029182
3081361,NEK4,5.0
11984591,ABL1p,6.468521082957745
3081361,ADCK4,5.769551078621726
16725726,MAP3K3,6.055517327849832
11626560,PIK3CA,5.0
11656518,CDKL2,5.0
5287969,AMPK-alpha1,5.0
3038522,INSR,5.0
5329102,ADCK4,5.0
216239,MRCKA,5.0
24180719,CLK4,5.0
9929127,MYLK2,5.0
6918454,LKB1,5.0
10138260,FLT3(K663Q),9.154901959985745
11364421,MAK,5.0
151194,FLT3(ITD),5.0
25243800,EIF2AK1,5.0
10113978,CDK3,5.0
176155,CAMK4,5.0
3038522,PAK4,5.0
11314340,FAK,5.0
24779724,HIPK3,5.0
11409972,CDK11,8.823908740944319
126565,FGR,7.2839966563652
10113978,PRKCD,5.0
4908365,AAK1,6.2839966563652006
11485656,ERN1,5.0
153999,CDK8,5.0
5329102,BLK,7.187086643357144
16722836,MST4,5.1249387366083
6450551,MST2,5.657577319177793
11338033,CAMK1D,5.0
3081361,EPHA4,5.795880017344075
176870,DYRK1B,5.0
44150621,AKT3,5.0
9926054,PRKX,5.0
24889392,PRKCE,5.0
156422,PAK4,5.0
24889392,BMPR1B,5.0
11617559,MKNK2,5.0
5287969,MLK1,5.2441251443275085
11626560,JAK3(JH1domain-catalytic),6.698970004336019
3038525,ABL1(F317L)p,5.0
16722836,NEK2,5.769551078621726
11338033,DCAMKL1,5.0
5494449,MYLK4,5.657577319177793
644241,ALK,5.0
11338033,FLT3(D835H),5.0
6450551,MAP3K1,5.0
10184653,MYO3A,5.0
24180719,MST1,5.0
126565,JAK1(JH2domain-pseudokinase),5.0
10074640,CAMKK1,5.0
123631,LATS2,5.0
10138260,PFCDPK1(Pfalciparum),5.0
24180719,MARK4,5.0
9926054,MLK3,5.0
208908,PIK3CA(E542K),5.0
5494449,PRKCI,5.0
9929127,CDC2L1,5.0
6918454,PIK3CA(C420R),5.0
51004351,HIPK2,5.508638306165728
24779724,FLT3(N841I),5.0
6450551,MKNK2,5.0
10184653,MKK7,5.0
9926054,PFTAIRE2,5.0
11656518,MEK6,5.0
156414,CSNK1E,6.376750709602099
11234052,PRKR,5.0
16007391,MEK4,5.0
644241,GSK3A,5.0
6450551,PDPK1,5.0
25127112,PRKD2,5.0
153999,FLT3(D835H),6.6777807052660805
11409972,PIK3CA(E545A),5.0
25127112,p38-alpha,5.0
11656518,EGFR,5.0
10127622,FLT4,5.0
44150621,CSNK1G2,5.0
11667893,CTK,5.0
6450551,MET(Y1235D),6.00436480540245
3038525,PIK3CA(C420R),5.0
10138260,DAPK1,6.568636235841013
9933475,EGFR(S752I759del),5.823908740944319
11626560,PIK3CB,5.0
208908,MET(M1250T),5.0
6450551,PIK3CA(M1043I),5.0
11234052,CHEK1,5.0
11717001,ABL1p,5.0
176167,HIPK3,5.0
11717001,PIM1,5.0
9926054,FLT3(ITD),5.0
6918454,DDR2,5.0
447077,ABL1(F317I),8.301029995663981
447077,KIT(L576P),8.431798275933005
11314340,CAMK2B,6.013228265733755
10138260,CDK3,5.0
11984591,CAMK1D,6.698970004336019
9809715,CSNK2A1,5.1249387366083
17755052,PLK1,5.0
9933475,PRKD2,5.0
6918454,FLT3(R834Q),5.0
10113978,NEK2,6.008773924307505
16007391,PIK3CA(E545A),5.0
5287969,FLT3(D835H),5.301029995663981
644241,PAK1,5.0
3062316,ERK8,5.0
176167,CDK11,5.0
42642645,MEK3,5.0
5287969,PIK3CA(E545A),5.0
6450551,PIK3CB,5.0
10138260,GSK3A,5.0
11485656,PRKG1,5.0
3038522,ABL1(F317I),5.0
3081361,DAPK2,5.0
11427553,DCAMKL2,5.0
11314340,KIT(D816H),5.366531544420414
447077,EGFR(L747T751del),5.958607314841775
44259,AAK1,8.920818753952375
3038525,NEK6,5.0
16725726,MKNK1,5.0
51004351,EPHA6,5.0
3062316,PIK3CA(I800L),5.0
17755052,CDK5,5.0
10184653,AKT3,5.0
9929127,DAPK3,5.0
10138260,BRAF,5.0
3038522,PRKCH,5.0
447077,PIP5K2B,5.0
216239,PIK3CA(H1047Y),5.0
11984591,PLK1,6.080921907623926
25127112,INSRR,5.0
11667893,JNK1,5.0
10138260,EPHB6,5.920818753952375
11314340,PIM2,6.657577319177793
3025986,BRAF(V600E),5.795880017344075
176155,KIT(D816V),5.0
16725726,AAK1,5.0
51004351,LTK,5.522878745280337
25243800,FYN,6.522878745280337
176155,EGFR(L747S752del),5.795880017344075
24779724,NEK6,5.0
16722836,PRKG2,5.795880017344075
176155,PCTK2,5.0
24779724,CSNK1G2,5.0
156414,MYO3B,5.0
176870,INSRR,5.0
3038522,MAP3K1,5.0
151194,CDC2L1,5.0
11427553,PIP5K2C,5.0
16038120,ICK,5.3979400086720375
5291,MLK2,5.0
644241,PRKG1,5.0
11364421,PRKCQ,5.0
11617559,DCAMKL2,5.0
3062316,EGFR(G719S),7.102372908709558
10427712,CSNK2A1,5.552841968657781
11409972,ACVR2A,5.0
10427712,FLT3(D835H),5.0
6918454,MARK3,5.0
10461815,CDKL5,5.0
123631,DLK,5.0
9884685,EPHA5,5.0
5287969,PCTK3,5.958607314841775
151194,EGFR(L747E749del),5.0
11626560,ADCK3,5.0
9929127,EGFR(S752I759del),5.0
24779724,LIMK1,5.0
9933475,ABL1(H396P),7.4089353929735005
10113978,AKT1,5.0
11984591,NEK1,6.769551078621726
16722836,DCAMKL1,6.721246399047171
208908,MKNK1,5.0
24180719,DYRK1B,5.0
25127112,GCN2(KinDom2S808G),5.0
11485656,PRP4,5.0
5287969,EPHB6,5.0
11409972,PDGFRA,7.568636235841013
3038522,PKAC-beta,5.0
9926791,CDK4-cyclinD1,5.0
156414,ALK,5.113509274827518
216239,PKN2,5.0
11364421,ERBB2,5.0
6918454,NEK2,5.0
6918454,PIK3CB,5.0
44150621,PIK3CA(M1043I),5.0
44150621,DDR2,5.0655015487564325
17755052,EGFR(G719C),5.0
10184653,PIK3C2G,5.0
9915743,CDKL3,5.0
10074640,MYLK,5.0
208908,GRK7,5.0
24889392,PRKCD,5.0
24180719,MEK4,6.721246399047171
644241,DYRK1A,5.0
24779724,MYO3A,5.0
216239,p38-delta,5.180456064458132
16722836,MAP3K1,5.0
3081361,CSF1R,5.920818753952375
10184653,ARK5,5.0
5287969,DDR2,5.0
5329102,KIT(V559D-V654A),9.67778070526608
16725726,EPHB4,5.0
11234052,PKAC-beta,5.0
156414,ABL1(F317L)p,7.040958607678906
25127112,NIM1,5.0
10113978,ACVRL1,5.0
5328940,EPHA4,7.744727494896694
10184653,CAMK1D,5.0
11656518,CAMK2A,5.0
11617559,ABL1(H396P)p,5.0
25127112,DLK,5.0
3038522,CAMK2B,5.0
51004351,MEK6,5.187086643357144
176167,ACVR1,5.0
24779724,PRKCH,5.0
9884685,CASK,5.0
447077,JAK3(JH1domain-catalytic),6.292429823902063
5329102,JNK2,5.619788758288394
10074640,EPHA1,5.0
9809715,EPHA2,5.537602002101044
24180719,PIM3,5.0
24779724,MTOR,5.0
9926791,BTK,5.0
3038522,FLT3(ITD),8.040958607678906
24779724,IRAK3,5.0
208908,MLK2,5.0
10184653,MAP3K3,5.0
176167,PIM2,6.060480747381382
11409972,CAMKK1,6.657577319177793
44150621,CSF1R,7.221848749616356
156414,MAP3K2,5.42021640338319
9884685,DDR2,5.0
156414,PIK3CA(Q546K),5.0
176870,PIM2,5.0
16007391,NEK3,5.0
6450551,CSNK1E,5.0
176167,PIK3CA(C420R),5.0
11626560,MYLK,5.0
11712649,FGFR4,5.0
5328940,ERBB3,9.113509274827518
17755052,ABL1(H396P)p,5.0
176870,JNK1,5.0
126565,ANKK1,7.494850021680094
156422,FGFR1,5.366531544420414
176155,EPHB4,5.0
11338033,PAK4,5.0
10184653,MKNK2,5.795880017344075
11712649,FLT3(ITD),5.0
123631,NEK7,5.0
11338033,JAK1(JH1domain-catalytic),5.0
153999,PLK2,5.0
10127622,MEK5,5.0
156422,MRCKA,5.026872146400302
11712649,IKK-alpha,5.0
24779724,PRKG1,5.0
16725726,MEK3,5.0
24180719,CAMKK2,5.0
6450551,OSR1,5.0
6450551,CSNK2A2,5.552841968657781
644241,ERBB3,5.0
44150621,ABL1(F317L)p,5.958607314841775
9926054,MEK1,5.0
44150621,CHEK1,5.920818753952375
11234052,FLT3,5.0
11626560,MTOR,5.0
208908,BIKE,5.0
5287969,ABL1(F317I)p,5.229147988357856
10127622,MINK,5.0
6918454,PIK3CA(E542K),5.0
10184653,KIT(L576P),5.0
9926054,PAK7,5.0
42642645,EPHA4,8.721246399047171
11667893,GSK3A,5.0
44259,HCK,7.698970004336019
10074640,PIP5K2B,5.0
176167,ASK1,5.0
4908365,AKT2,5.0
156422,ERK3,5.0
25127112,ABL1(Q252H),5.698970004336019
11427553,PHKG2,6.853871964321762
10427712,MYLK2,5.0
25243800,JAK1(JH2domain-pseudokinase),5.431798275933005
11712649,NEK6,5.0
16725726,GRK1,6.214670164989233
5328940,LTK,5.522878745280337
11617559,INSRR,5.0
9915743,ERK3,5.0
24889392,DCAMKL2,5.0
151194,IGF1R,5.0
11626560,NLK,5.0
156414,ERBB2,7.251811972993799
156414,AXL,5.2441251443275085
11617559,EGFR(L747T751del),5.0
10113978,LTK,5.167491087293763
11234052,PKMYT1,5.0
176870,EPHB4,5.657577319177793
11485656,EPHA2,5.0
11234052,MET(M1250T),5.0
9915743,ACVR2B,5.0
9926791,PIK3CG,5.0
176870,ACVR1B,5.0
6450551,CHEK1,5.0
44259,PIK3CA(E545K),5.0
11364421,LYN,5.0
11617559,BTK,5.0
11712649,GSK3B,5.0
51004351,FAK,5.0
9915743,PRKD2,5.958607314841775
9809715,EGFR(L747T751del),5.0
5287969,NIM1,5.0
10461815,MAPKAPK5,5.0
10427712,MAP4K5,5.0
10427712,PAK2,5.0
10113978,CSNK2A2,5.0
176870,ERBB4,6.638272163982407
11364421,CHEK2,5.113509274827518
11626560,PFTK1,5.0
44150621,CHEK2,5.0
176155,INSR,5.0
11656518,ERBB4,5.0
24180719,MAPKAPK2,5.0
11717001,MAP3K4,5.0
3038522,HIPK3,5.0
11338033,FLT3(N841I),5.0
16038120,JAK2(JH1domain-catalytic),7.795880017344075
153999,DRAK2,5.0
9809715,PRKR,5.0
11717001,HIPK3,5.0
25243800,PIK3CG,7.376750709602099
11409972,MEK5,7.130768280269024
11712649,CDK3,5.0
176870,NEK9,5.0
9926054,GRK4,5.0
24779724,MELK,5.0
9933475,DRAK2,5.0
9926054,PCTK1,6.050609993355088
3038522,BLK,5.0
176167,LZK,5.0
17755052,ACVR1B,5.0
10127622,BMX,5.0
11712649,EGFR(S752I759del),5.0
11984591,DRAK1,7.494850021680094
11409972,ABL1(E255K),7.1249387366083
16722836,CDC2L2,5.0
3038525,CLK1,5.0
9915743,NDR1,5.0
10184653,EPHA1,5.0
9926791,AURKB,5.0
44150621,FGFR4,5.366531544420414
176167,AURKB,5.0
3062316,FAK,5.0
11626560,AKT2,5.0
11717001,PIM2,5.0
126565,ABL1(H396P)p,6.060480747381382
5328940,PIM1,5.0
10138260,CDC2L1,5.0
25127112,PAK4,5.795880017344075
9926054,ABL1p,5.0
644241,EGFR(L747S752del),5.0
6918454,MYO3A,5.0
10127622,CASK,5.0
11984591,FES,6.698970004336019
24180719,PRKD3,5.0
11626560,CLK3,5.0
3081361,GRK4,5.0
5329102,EGFR(L747E749del),5.0
44259,FGFR2,7.0
151194,MST1R,5.0
17755052,FLT3(N841I),5.4089353929735005
44150621,EPHA1,5.0
156414,CAMK1G,5.0
25243800,MLK1,5.537602002101044
10127622,PKN2,5.0
17755052,PIK3CA(Q546K),8.769551078621726
10427712,PIK3CA(E542K),7.080921907623926
11667893,CSNK1A1L,5.0
16722836,p38-alpha,5.0
123631,EGFR(L858RT790M),6.853871964321762
123631,CLK4,5.0
3081361,KIT(V559D),6.744727494896694
16038120,BIKE,5.721246399047171
51004351,CLK3,5.443697499232713
11626560,PRKD1,6.00436480540245
24180719,CDK11,6.154901959985743
9926791,EGFR(L858RT790M),5.0
24779724,PRKR,5.0
11984591,KIT(V559D),8.244125144327509
5291,PDPK1,5.0
44259,CAMK2A,9.795880017344077
176155,CSNK1G1,5.0
9926054,ITK,5.0
9915743,FGR,5.721246399047171
11409972,MAP3K1,5.744727494896694
11234052,MAP3K2,5.0
24779724,MAP4K5,5.0
126565,PLK4,8.823908740944319
3038522,BRAF,5.0
11656518,CAMKK1,5.0
3081361,LYN,6.958607314841775
176155,MST1,5.0
3038525,ACVR2B,5.0
11717001,ACVR1B,5.619788758288394
11485656,BIKE,5.0
123631,ALK,5.0
16722836,FGR,7.086186147616283
156422,IGF1R,5.0
9884685,CAMKK1,5.0
3038522,ABL1(Q252H),5.0
176167,CLK2,6.366531544420414
10127622,HIPK2,5.0
11409972,EPHB3,5.0
11427553,NEK7,6.6777807052660805
11364421,PRKCI,5.0
3025986,EGFR(T790M),5.0
10138260,MKNK2,5.259637310505756
16038120,LRRK2,8.853871964321762
11984591,LRRK2,7.443697499232713
24889392,GAK,5.0
44150621,NEK7,5.251811972993799
16007391,HIPK4,7.013228265733755
3081361,EPHB3,5.0
11427553,CDK5,5.0
3025986,ASK2,5.0
11626560,EPHA5,6.0
11485656,FRK,6.3979400086720375
11409972,CSF1R,8.236572006437063
25127112,FLT3(N841I),5.0
208908,FGFR4,5.0
11712649,ABL1(T315I)p,5.552841968657781
11485656,PRKCE,5.0
5291,IRAK1,5.920818753952375
208908,PKAC-alpha,5.0
5494449,MRCKB,5.0
11617559,ASK2,5.0
644241,CSNK1A1L,5.0
176155,MAP3K3,5.0
11409972,BMPR2,5.0
11338033,NDR2,5.0
156422,PIM3,5.0
11234052,AKT2,5.0
644241,BRAF,5.769551078621726
42642645,ERK8,7.136677139879544
10427712,CDK11,5.0
11656518,p38-gamma,5.0
3038522,NEK11,5.0
25127112,ACVR1,5.0
11409972,ABL1(F317I)p,7.886056647693163
11314340,DMPK,7.036212172654444
9809715,CAMK2A,5.443697499232713
51004351,CSNK1G3,5.0
151194,EGFR(L861Q),5.0
10184653,ABL1(E255K),6.376750709602099
25243800,PIP5K2C,6.107905397309519
3038525,CLK4,5.0
24889392,MET,5.0
10127622,ABL2,5.0
24180719,PKN2,5.0
16722836,DLK,5.200659450546419
10127622,NEK11,5.0
10427712,FLT3(K663Q),5.0
11617559,EGFR(L858R),5.0
11409972,IKK-beta,6.958607314841775
11712649,MARK4,5.0
25127112,FLT3(R834Q),5.0
126565,MKNK2,8.853871964321762
9929127,CSNK1A1L,5.0
126565,INSRR,5.744727494896694
10184653,DAPK2,5.0
9926054,MAP3K1,5.0
3062316,PIK3CA(E545A),5.0
3081361,MARK3,5.0
51004351,FGFR2,5.619788758288394
156414,CDKL5,5.0
3062316,MET(M1250T),5.0
153999,MST3,5.0
10461815,PIP5K2C,5.0
5494449,FER,5.376750709602099
11338033,KIT(A829P),5.0
16722836,MEK2,5.508638306165728
11485656,ACVR2B,5.0
644241,CSNK2A1,5.0
176167,FLT4,5.42021640338319
16007391,CDK3,5.0
42642645,BIKE,5.0
10127622,DMPK2,5.0
5328940,AURKA,5.0
11717001,AMPK-alpha2,5.0
11409972,ASK2,5.096910013008056
6918454,IKK-alpha,5.0
17755052,HPK1,5.0
11338033,PIM3,5.0
11984591,MAK,5.0
25127112,ABL1(T315I)p,5.0
11234052,CDK3,5.0
11712649,PRKR,5.0
3025986,MAP4K4,5.0
11712649,PHKG2,5.0
3081361,MUSK,5.0
11656518,EGFR(L747E749del),5.0
25127112,PIK3CB,5.0
17755052,EPHA5,5.0
9933475,EGFR(L747S752del),6.0655015487564325
10113978,ABL1(Q252H)p,6.275724130399211
9929127,FGR,5.0
156422,PAK3,5.0
11626560,MLK1,5.0
3062316,MRCKA,5.698970004336019
3038525,PHKG1,5.0
9884685,FGFR1,5.0
11234052,NEK3,5.0
51004351,EPHA8,5.0
216239,FLT3(D835Y),7.086186147616283
11712649,BRAF,5.0
25243800,CAMKK1,5.0
11656518,HIPK1,5.0
9926791,DLK,5.0
9809715,JNK1,6.200659450546419
156414,PAK1,5.0
3081361,FLT3(ITD),5.744727494896694
10461815,NEK9,5.0
5494449,OSR1,5.0
126565,HIPK1,6.229147988357856
9926054,MYO3B,5.0
9915743,MRCKB,5.0
176870,FAK,5.0
10074640,BLK,6.823908740944319
25243800,ACVR1B,7.236572006437063
25243800,BMX,6.173925197299174
24180719,ABL1(F317I)p,5.301029995663981
5329102,FAK,6.356547323513813
11314340,FER,5.0
447077,AURKB,5.0
156414,EGFR(E746A750del),9.585026652029182
10127622,ABL1(F317L)p,5.0
156422,EGFR(L858RT790M),5.0
10461815,PRKCI,5.0
11617559,EPHB1,5.0
24889392,p38-alpha,5.0
11712649,AURKA,8.187086643357144
9884685,AKT2,5.0
11234052,PAK6,5.0
11984591,ERK2,5.0
9809715,PIM3,5.0
24180719,CSNK1D,5.0
6450551,PRKCI,5.0
9926791,AAK1,5.0
3038525,MYO3B,5.0
156422,MAP4K5,5.0
44259,CDC2L1,5.0
6450551,MAP4K5,6.259637310505756
6450551,PRKCE,5.0
10138260,CDK7,6.031517051446065
5328940,IRAK3,5.0
16722836,MLCK,5.013228265733755
9884685,MEK3,5.0
44150621,PCTK2,5.522878745280337
10461815,EPHA6,5.0
11717001,MAPKAPK5,5.0
24779724,ERN1,5.0
10138260,PIK4CB,5.0
24180719,p38-delta,5.0
11656518,ABL1(F317L),5.619788758288394
11667893,MTOR,5.0
4908365,ERBB2,5.0
25243800,MAPKAPK5,5.0
11667893,PKN1,5.0
11364421,MAP3K15,5.0
44259,CAMK1,7.568636235841013
11314340,EGFR(L861Q),5.0
644241,PIK3CA(Q546K),5.0
9915743,BRSK2,5.0
5328940,AMPK-alpha1,5.4089353929735005
176167,CAMK2G,5.0
11234052,DYRK1B,5.0
11314340,HIPK1,6.638272163982407
9933475,EGFR(L858RT790M),5.130768280269024
44259,AKT3,6.769551078621726
11409972,NEK7,5.0
9929127,PIP5K1C,5.0
10461815,ABL1(T315I)p,5.4089353929735005
9926054,ACVRL1,5.0
3038525,PIK3CA(E545A),5.0
5328940,DDR1,6.920818753952375
11717001,PLK2,5.0
16038120,BTK,7.638272163982407
176155,DAPK3,5.0
5329102,EIF2AK1,5.0
10074640,HUNK,5.0
153999,CDK2,5.0
11364421,FGFR3,5.0
156422,ABL1(F317L)p,5.0
644241,AKT2,5.0
123631,JNK2,5.769551078621726
11409972,MERTK,6.431798275933005
16038120,MET(Y1235D),6.744727494896694
10074640,FGFR1,5.0
11656518,IRAK3,5.0
16725726,EGFR(G719S),5.0
156422,CSNK1D,5.0
11364421,BRSK2,5.0
4908365,ACVR1B,8.0
9933475,ACVR1,5.468521082957745
11409972,DMPK2,5.0
3062316,PRKCQ,5.0
11617559,MST4,5.0
123631,PRKD3,5.0
5494449,PHKG2,5.356547323513813
9915743,MET(Y1235D),5.376750709602099
11667893,MAP3K4,5.0
10113978,PFTK1,5.0
11338033,FGFR2,5.0
11656518,FLT3(N841I),5.0
151194,NEK9,5.0
10427712,EGFR(L858RT790M),5.657577319177793
3062316,PLK3,5.0
3038525,EPHA1,5.327902142064283
10113978,DAPK2,5.0
11656518,MEK4,5.0
9926791,PDGFRA,5.0
11712649,ABL1(Q252H)p,5.886056647693163
17755052,HUNK,5.0
4908365,FLT1,7.275724130399211
5329102,AKT1,5.0
11364421,ABL1(F317I),5.0
11314340,BRSK1,5.0
156422,LIMK2,5.0
16725726,AURKB,5.0
10184653,LOK,5.366531544420414
10461815,ACVR1B,5.0
25243800,KIT(V559D-T670I),5.769551078621726
6450551,PDGFRB,9.244125144327509
10074640,LRRK2(G2019S),5.0
10184653,DDR1,5.0
3025986,EPHA8,5.0
11338033,CIT,5.0
9929127,PFTAIRE2,5.0
24180719,CSNK1A1,5.0
126565,CDK11,5.0
153999,MYLK,6.537602002101044
11338033,GRK4,5.0
153999,PIM2,5.769551078621726
10074640,DCAMKL2,5.0
42642645,KIT(A829P),8.494850021680094
42642645,CSNK2A2,5.552841968657781
3081361,MKK7,5.0
10113978,MET(Y1235D),5.6777807052660805
10138260,BRSK1,5.301029995663981
16038120,AMPK-alpha2,7.309803919971486
126565,MKK7,7.096910013008056
44259,PRP4,6.657577319177793
9929127,IRAK3,5.0
6918454,BMPR1A,5.0
4908365,LATS1,5.481486060122113
44259,PHKG2,9.853871964321762
9884685,ERBB2,5.0
11364421,DAPK2,6.031517051446065
6918454,LRRK2,5.0
9926054,PRKCE,5.0
5329102,LKB1,7.42021640338319
11984591,PLK4,8.3767507096021
16722836,MYO3B,5.0
5328940,INSR,5.0
10074640,FLT4,5.0
11364421,EGFR(L858R),5.886056647693163
6918454,AURKA,5.0
6918454,BMX,5.0
9926054,CSNK2A1,5.0
11338033,IKK-beta,5.0
151194,CSK,5.0
24779724,LRRK2,5.0
208908,EGFR(E746A750del),8.065501548756432
176155,CSNK2A1,5.0
216239,PRKD1,5.0
16038120,PRKR,5.0
176155,ABL1(F317L),5.0
6918454,CSF1R,5.0
11427553,EGFR(L858R),5.0
11338033,CDC2L1,8.075720713938118
5287969,MST4,5.0
10113978,BLK,5.585026652029182
5494449,PKAC-beta,5.0
6918454,PKMYT1,5.0
5494449,FLT3(D835H),7.853871964321762
10427712,HPK1,5.0
5494449,KIT(V559D-V654A),5.638272163982407
5329102,HIPK3,7.387216143280264
11712649,EPHB1,6.481486060122113
24180719,MEK1,6.259637310505756
9884685,ERBB3,5.0
6450551,ABL2,7.154901959985743
5494449,MRCKA,5.0
156422,ERBB3,5.0
9933475,MET,6.431798275933005
156414,CSNK1G3,5.0
126565,NIM1,5.744727494896694
24889392,ASK1,5.0
11667893,JAK2(JH1domain-catalytic),5.0
25243800,DAPK2,7.026872146400302
216239,MAP4K5,5.795880017344075
11409972,ERBB4,5.0
5494449,KIT(D816H),5.721246399047171
16038120,FLT3,7.823908740944319
11364421,CAMK2B,5.376750709602099
9809715,FGFR2,6.455931955649724
16722836,MET(M1250T),5.356547323513813
151194,HIPK2,5.0
3062316,BTK,8.853871964321762
176167,DMPK2,5.0
3081361,PHKG1,5.958607314841775
11234052,PKN1,5.0
42642645,PLK4,8.455931955649724
156414,LYN,6.091514981121351
25243800,AKT1,5.0
25243800,CSK,5.698970004336019
11667893,ACVR1B,5.0
9929127,CDK7,5.0
176155,MET(M1250T),5.0
123631,MEK4,5.0
5291,CLK4,5.6777807052660805
126565,CSNK1G3,5.0
9929127,MST2,5.0
9926054,AMPK-alpha2,5.0
156422,PKN2,5.0
6918454,PIM3,5.0
4908365,CIT,5.0
11364421,EGFR,5.657577319177793
11626560,CAMK1,5.0
5494449,CDK3,5.0
16722836,PAK1,5.508638306165728
10138260,BLK,6.1249387366083
4908365,CDK4-cyclinD3,5.0
6918454,CAMK1G,5.0
11409972,ABL1(M351T),7.468521082957745
9915743,MLK3,5.236572006437063
156422,MST1,5.0
9926054,CHEK1,5.0
9926791,CAMK2G,5.0
3062316,PIM2,5.0
11427553,BRAF,5.0
9929127,PRKD1,5.0
11364421,CLK4,5.0
11667893,FRK,7.00436480540245
9884685,ANKK1,5.0
11485656,ACVR2A,5.0
216239,ABL1(H396P)p,5.619788758288394
9915743,PFTK1,5.0
447077,MRCKB,5.958607314841775
25243800,AURKC,5.0
3038525,PIK3CG,5.0
3062316,KIT,9.09151498112135
9929127,NLK,5.0
156422,NDR1,5.0
5494449,LIMK1,5.585026652029182
16007391,KIT(D816V),5.337242168318426
16725726,PRKCD,7.267606240177032
10138260,PIP5K2B,6.585026652029182
176155,BRAF,6.1487416512809245
10138260,EPHA2,5.0
11984591,CAMK4,5.0
9809715,FLT3(ITD),9.154901959985745
447077,CAMK1G,5.0
5287969,PRKD3,6.769551078621726
10427712,ABL1(T315I),5.10790539730952
11717001,PIK3C2G,5.0
11338033,OSR1,5.0
156422,DMPK2,5.920818753952375
176167,MLK2,5.0
9884685,IKK-epsilon,5.0
25243800,PIK3CA(H1047Y),6.356547323513813
44259,PRKCQ,8.070581074285707
156414,CAMK2A,5.0
17755052,ABL1(F317I),5.0
10113978,PDPK1,5.0
16725726,CDK8,5.0
176155,ITK,5.0
5291,MET(Y1235D),5.0
9926054,PIK3C2B,5.0
44259,PRKD1,7.568636235841013
11409972,MET(Y1235D),6.130768280269024
11656518,ERK5,5.0
6450551,JNK2,5.0
9933475,CASK,5.0
10138260,PFTK1,5.958607314841775
11984591,EPHB3,5.0
10427712,LRRK2(G2019S),5.0
24889392,ACVR1B,5.0
17755052,PLK3,5.0
9926791,PIK3C2B,5.0
11409972,MLK1,5.0
3081361,ERK8,5.0
176155,IKK-epsilon,5.0
11485656,EGFR(L858RT790M),5.0
9884685,PIK3CA(H1047L),8.494850021680094
11314340,PFTK1,6.102372908709559
11338033,PIK3CA(C420R),5.0
9926054,AAK1,5.0
11717001,MAP4K3,5.0
10127622,MEK4,5.0
176167,FAK,5.0
11617559,LIMK1,5.0
11338033,CHEK2,5.0
126565,PKN1,8.275724130399212
9915743,KIT(V559D-T670I),5.0
11485656,CSNK1G1,5.0
9809715,NDR1,5.0
176870,MYLK4,5.0
447077,PIK3CA(Q546K),5.0
5287969,ACVR2A,5.508638306165728
11717001,DMPK2,5.0
11485656,FES,5.0
10461815,FLT3(ITD),7.236572006437063
44259,ERBB3,5.0
24180719,DCAMKL2,5.0
447077,BRAF,8.244125144327509
25243800,CDKL3,5.0
3038522,ABL1(F317L),5.0
3062316,CAMK2D,5.0
44259,JNK2,6.040958607678906
153999,BRK,5.0
156414,PIK3CA,5.0
10138260,JAK2(JH1domain-catalytic),5.795880017344075
11234052,MAP4K5,5.853871964321762
42642645,NEK7,5.0
5287969,DYRK2,5.0
10113978,ERK2,5.0
11234052,PRKG2,5.0
3062316,PRKCD,5.0
9884685,LOK,5.0
6918454,ABL2,5.0
10113978,EGFR(T790M),5.0
16722836,LATS2,5.096910013008056
11984591,LKB1,5.468521082957745
447077,GRK1,5.0
153999,KIT(A829P),5.3872161432802645
5494449,PCTK1,6.638272163982407
3025986,AMPK-alpha1,5.086186147616283
11626560,CSNK1G3,5.0
5291,EGFR(T790M),5.0
51004351,PRKD2,5.200659450546419
9915743,ABL1(E255K),5.0
42642645,MAP3K15,5.0
11485656,KIT(D816V),7.091514981121351
10113978,EGFR,5.0
16007391,EPHA8,5.0
24180719,BMPR2,5.0
11314340,KIT(V559D-V654A),5.0
10184653,MAP4K4,5.0
24889392,CDK7,5.0
11364421,DDR2,5.0
9884685,MYLK4,5.0
176167,FLT3(D835Y),7.397940008672037
151194,EPHA8,5.0
10427712,ABL1p,5.0
9926054,EPHA3,5.0
9926054,IKK-beta,6.886056647693163
9926791,MLK2,5.0
447077,ACVR2B,8.040958607678906
6450551,GRK1,5.0
11409972,CSNK1D,5.6020599913279625
4908365,MAP3K3,6.657577319177793
16038120,CHEK2,7.142667503568732
447077,CSNK1G2,5.0
9933475,FLT3(K663Q),5.638272163982407
10138260,PLK3,5.0
11667893,CDK2,5.0
25127112,PRKCI,5.0
25243800,JNK3,5.0
5291,NEK2,5.0
11314340,CAMK2D,6.568636235841013
5328940,CSNK1A1,6.552841968657781
11427553,ACVR2A,6.494850021680094
5329102,FLT3(D835H),8.366531544420413
11617559,LRRK2(G2019S),5.0
9929127,PLK4,5.0
3062316,MARK3,5.0
11984591,IGF1R,5.886056647693163
10461815,EGFR(T790M),5.0
9915743,PRKCD,5.0
5328940,PIK3CA,5.0
9933475,PRKX,5.0
3081361,CDKL2,5.0
11712649,PIK3CA(H1047Y),5.0
9926054,EGFR(L747E749del),5.0
44259,PIK3CA,5.0
16725726,LZK,5.0
42642645,MYLK,5.0
11626560,IKK-beta,5.259637310505756
25127112,FLT3(ITD),5.0
11234052,DRAK2,5.0
126565,HIPK2,6.431798275933005
9929127,PIK3CA,5.0
3062316,MAP3K1,5.0
3081361,DMPK2,5.657577319177793
16007391,ABL1(H396P),5.920818753952375
44259,FLT3(R834Q),9.657577319177792
16722836,FGFR4,5.698970004336019
10127622,ERBB2,5.0
3038522,MET,5.0
3038522,ACVR2B,5.0
10127622,DCAMKL1,5.0
3038525,PKAC-beta,5.0
3025986,DCAMKL2,6.0
153999,DLK,5.0
644241,AURKC,5.0
3038522,MAP3K3,5.0
6450551,EIF2AK1,5.0
11409972,MET(M1250T),7.031517051446065
3038522,PIP5K2B,5.0
6450551,ERBB4,5.0
25127112,CDC2L5,5.0
151194,LRRK2(G2019S),5.0
5287969,PIP5K2C,6.060480747381382
156422,PLK1,5.0
16725726,EPHB6,5.0
208908,DYRK1B,5.0
11364421,EGFR(L861Q),5.568636235841013
5328940,CDKL3,5.0
5328940,EPHB1,7.481486060122113
3038522,BTK,5.0
11338033,BRSK1,5.0
25243800,FLT3(D835Y),6.251811972993799
5494449,NEK4,5.0
3038522,JNK1,5.0
17755052,MEK4,5.0
3038525,MAP3K4,5.0
11667893,EGFR(S752I759del),5.0
11667893,CDKL3,5.0
10127622,MYLK2,5.0
10138260,INSR,5.920818753952375
24180719,PIP5K2C,5.0
11314340,CAMK1G,5.0
16722836,PRKX,5.0
17755052,FGR,5.0
3038525,EGFR(L858RT790M),5.0
5287969,PRKG1,5.0
644241,CDKL5,5.0
9933475,DCAMKL3,5.0
151194,DYRK1B,5.0
9884685,NEK9,5.0
10113978,DYRK2,5.0
5291,ASK1,5.0
10138260,CAMK4,5.568636235841013
176155,PIK3C2B,5.0
11712649,LIMK1,5.0
5329102,CDKL1,5.0
11364421,DAPK1,6.267606240177032
10074640,MLK3,5.0
44150621,MUSK,6.080921907623926
44259,CSNK1G1,5.455931955649724
11427553,CTK,5.522878745280337
44150621,MYLK2,7.036212172654444
11626560,LRRK2,5.0
11717001,EPHA2,5.0
11409972,MARK4,5.0
11314340,DAPK2,5.6020599913279625
156422,PFTAIRE2,5.0
156422,PIP5K1A,5.0
11712649,CAMK1D,5.0
9809715,KIT(L576P),8.568636235841012
42642645,DAPK1,5.0
11338033,CDK11,5.481486060122113
11427553,AURKC,7.229147988357856
5291,MET(M1250T),5.0
11617559,CLK2,5.0
11667893,PIM1,5.0
176155,FLT3(K663Q),5.0
11364421,JAK2(JH1domain-catalytic),5.0
11626560,ANKK1,6.107905397309519
216239,PRKG1,5.0
3081361,MRCKA,5.585026652029182
9915743,PRKCI,5.0
123631,PKN2,5.0
10461815,CSNK2A2,5.251811972993799
9915743,PHKG2,5.0
11984591,EGFR(G719S),5.0
10461815,EGFR(L747E749del),5.0
16007391,ERK1,5.0
153999,CSNK1D,5.0
5287969,EPHA5,5.455931955649724
44150621,CSNK1G1,5.0
10184653,DRAK2,5.0
11364421,ERK1,5.0
11984591,CLK3,5.721246399047171
16007391,CAMK2A,5.0
11234052,EGFR,5.0
11338033,BRSK2,5.0
6450551,EPHA2,5.0
11234052,INSRR,5.0
5328940,ERN1,5.0
5494449,ERK2,5.0
42642645,IRAK1,5.0
6450551,PCTK2,5.0
176870,EGFR(L861Q),8.920818753952375
123631,CSK,5.0
24180719,PLK2,5.0
3025986,EGFR(S752I759del),5.0
126565,CAMK2A,8.0
11667893,MRCKB,5.0
10074640,CDC2L5,5.0
216239,PKN1,5.0
10184653,PIK3CA(E542K),5.0
44150621,DRAK2,5.744727494896694
5328940,ABL1(F317I),9.200659450546418
11626560,NEK1,5.0
151194,OSR1,5.0
24889392,NEK7,5.0
5329102,PKN1,6.1487416512809245
123631,AKT2,5.0
208908,AKT3,5.0
42642645,ERBB3,5.823908740944319
9809715,DRAK2,6.173925197299174
9926791,CDK5,5.0
5328940,BRK,5.0
5494449,AURKA,8.4089353929735
25127112,ERBB4,5.0
9809715,LATS1,6.376750709602099
176870,MYLK2,6.013228265733755
11485656,NEK6,5.0
208908,CAMK2A,5.0
176155,PAK2,5.0
9929127,PKN2,5.0
11656518,EGFR(T790M),5.0
5329102,ABL1(M351T),6.920818753952375
44150621,MARK2,5.823908740944319
9933475,MKK7,5.0
10127622,MYLK,5.0
42642645,DDR1,9.69897000433602
17755052,CDKL2,5.0
3038522,PHKG2,5.0
11626560,CIT,5.0
9929127,EGFR,5.0
5329102,AMPK-alpha2,7.050609993355088
176167,PKMYT1,5.0
10074640,CSNK2A1,5.0
11626560,PLK3,5.0
42642645,KIT(D816V),8.017728766960431
10074640,DYRK1A,5.0
11364421,ERK4,5.0
16038120,PRP4,5.119186407719209
44259,MET(Y1235D),6.853871964321762
16038120,CAMK4,7.522878745280337
10461815,LZK,5.494850021680094
9933475,HCK,6.229147988357856
44259,BRSK1,7.585026652029182
126565,EGFR(G719C),5.920818753952375
11656518,NEK6,5.0
5328940,ABL1(Q252H)p,10.4089353929735
176870,DAPK3,5.221848749616356
3038525,NEK11,5.0
156422,MAP3K4,5.0
151194,PRKG1,5.0
11712649,BRSK2,5.0
11485656,ARK5,5.0
10113978,EPHA7,5.0
156414,ADCK3,5.823908740944319
11234052,MEK6,5.0
9809715,BMPR1A,5.0
11409972,ERK4,5.0
42642645,PFCDPK1(Pfalciparum),6.638272163982407
123631,CDK9,5.0
176870,CSNK1G3,5.0
11234052,ICK,5.0
5494449,PIK3CA(E542K),5.0
10113978,EGFR(L858RT790M),5.0
11364421,EPHA4,5.0
123631,ABL1(H396P),6.167491087293763
9929127,MYO3A,5.0
44150621,MST4,6.267606240177032
11427553,KIT(D816V),6.795880017344075
51004351,MEK1,5.0
5287969,ABL1(Q252H),5.508638306165728
10113978,BTK,5.0
11314340,CDC2L2,5.0
11717001,PFCDPK1(Pfalciparum),5.0
447077,MEK1,6.080921907623926
16038120,AURKB,6.823908740944319
176167,ANKK1,5.0
9809715,PRKCD,5.0
176870,p38-beta,5.0
11712649,MLK2,5.0
11984591,MET(Y1235D),6.119186407719209
156414,BRSK2,5.0
6450551,PRKD2,5.0
10138260,DAPK2,6.3979400086720375
11626560,LCK,7.522878745280337
17755052,CSF1R,5.0
3038525,CASK,5.0
11617559,NEK9,5.0
176155,MEK1,5.0
3025986,MELK,5.251811972993799
16725726,ERBB4,5.0
208908,ERK2,5.0
10074640,EPHA6,5.0
25243800,EGFR(L747E749del),6.013228265733755
10184653,CDK8,5.0
51004351,PKAC-beta,6.619788758288394
6918454,FGFR3(G697C),5.0
151194,MTOR,5.0
9926791,LKB1,5.0
11427553,ERK1,5.0
51004351,PDGFRB,6.958607314841775
24889392,PIP5K1C,5.0
25127112,CSNK1E,5.0
176870,PKMYT1,5.0
24180719,IKK-beta,5.0
3081361,OSR1,5.0
153999,MYO3A,5.0
176167,CSNK1G2,5.0
11364421,CDC2L2,5.0
9926791,PIK3CA(Q546K),5.0
3025986,ERK1,5.0
9809715,PIK4CB,5.0
11617559,KIT(V559D-T670I),5.0
24889392,CDKL5,5.0
24889392,MST1,5.0
216239,BIKE,5.0
9933475,PCTK2,5.0
11234052,CAMK4,5.0
9915743,CLK2,5.0
51004351,EGFR(L747T751del),5.721246399047171
10184653,ASK2,5.0
16722836,MARK4,6.013228265733755
11712649,DCAMKL2,5.0
24779724,MKNK2,5.0
9929127,PRKX,5.0
5291,p38-alpha,5.0
44150621,MRCKA,5.0
10113978,KIT(D816V),6.301029995663981
11717001,ABL1(T315I)p,5.0
9929127,DRAK2,5.0
126565,KIT(V559D-V654A),6.42021640338319
3081361,CDC2L2,5.0
16038120,PHKG2,7.886056647693163
16038120,PIP5K2C,5.638272163982407
10138260,CSNK1G3,6.2441251443275085
9926791,IKK-alpha,5.0
176155,PLK4,5.0
24779724,BLK,5.0
11427553,GAK,6.585026652029182
6918454,PIK3CA(M1043I),5.0
5494449,CDC2L5,5.0
11717001,CIT,5.455931955649724
176870,IRAK4,5.0
16038120,PRKG2,6.619788758288394
9933475,FYN,5.920818753952375
644241,MLK3,5.0
9915743,MKK7,6.275724130399211
10184653,ABL2,5.0
3025986,MRCKA,5.0
16007391,ABL1,5.823908740944319
153999,MKK7,5.0
9926054,PIP5K1A,5.0
9926054,KIT(V559D-V654A),5.0
44150621,IKK-beta,5.0
10127622,MEK2,6.275724130399211
16725726,FYN,5.0
5329102,CAMK1,6.013228265733755
10138260,DYRK2,5.886056647693163
9929127,ABL1(Q252H)p,5.0
11617559,ABL1(E255K),5.0
11984591,DYRK1B,5.0
208908,PRKCD,5.0
10184653,DYRK1B,5.552841968657781
10184653,MARK2,5.0
24180719,PCTK1,5.0
9926054,MELK,5.0
11427553,FLT3(N841I),7.886056647693163
5328940,CSNK1G2,5.0
11364421,GCN2(KinDom2S808G),5.0
11485656,LRRK2(G2019S),5.0
11984591,CSNK1E,5.0
3038525,NEK9,5.0
24889392,ABL1(F317I),5.0
5329102,ERK4,5.0
24889392,CLK3,5.0
176155,FLT3(R834Q),5.0
4908365,NEK1,5.0
3025986,MINK,5.0
11626560,LIMK2,6.161150909262744
24779724,CLK2,5.0
9915743,INSR,5.522878745280337
16725726,KIT,5.0
16007391,FER,5.0
5329102,ACVR2A,5.0
11626560,CSK,5.0
216239,CDKL2,6.886056647693163
16722836,ERBB2,5.0
6918454,ABL1,5.0
44259,EGFR(G719C),5.958607314841775
24180719,JAK1(JH1domain-catalytic),5.0
5328940,PCTK3,5.0
11656518,FGFR1,5.327902142064283
17755052,PIK4CB,5.0
9915743,EGFR(T790M),8.823908740944319
16007391,NEK2,5.0
9884685,LATS1,5.0
51004351,LOK,6.229147988357856
5291,DAPK2,5.0
16007391,PCTK2,5.0
6918454,PRP4,5.0
44259,PIK3CA(Q546K),5.0
6918454,CSNK1A1L,5.0
3081361,PRKCI,5.0
123631,CDC2L5,5.0
11338033,LATS2,5.0
156422,EPHB2,6.356547323513813
3081361,ERK1,5.0
3062316,FLT1,5.301029995663981
10074640,EGFR(G719C),5.0
3038522,DYRK1A,5.0
10127622,MKK7,5.0
9929127,PIK3CA(M1043I),5.0
11234052,ERBB2,5.0
16007391,FLT3(ITD),6.853871964321762
3062316,PIP5K1A,5.0
11656518,FGFR3(G697C),5.0
3081361,BRK,6.795880017344075
11667893,PFPK5(Pfalciparum),5.0
3038525,ERBB2,5.0
11485656,KIT(A829P),7.769551078621726
123631,DMPK,5.161150909262744
16725726,p38-gamma,5.0
24889392,CDK8,5.0
5287969,JNK3,5.259637310505756
5287969,NLK,5.0
10113978,EGFR(L747T751del),5.0
9929127,ACVR1B,5.0
25243800,FGFR1,6.2441251443275085
16007391,CLK1,5.0
176167,PIK3CA(M1043I),5.0
3025986,DDR2,5.0
9884685,MARK1,5.0
5494449,MAP4K2,5.585026652029182
447077,CLK3,5.0
3081361,BLK,7.180456064458132
11984591,PRKX,5.0
25127112,PIK3C2B,5.0
16725726,LATS1,5.0
16007391,LYN,5.795880017344075
11314340,PRKD2,5.0
9884685,ERBB4,5.0
11667893,NEK7,5.0
11427553,FGFR3(G697C),6.552841968657781
3081361,BIKE,5.0
9915743,MRCKA,5.0
11717001,PHKG2,5.0
11667893,KIT(V559D-V654A),7.638272163982407
16038120,MAP4K5,6.721246399047171
5291,EPHA6,5.0
11485656,PIK3CB,5.0
10461815,FLT1,5.0
11717001,PKN1,5.0
6450551,CSNK1G3,5.0
42642645,MYLK2,5.638272163982407
447077,CDKL5,5.0
9926791,PAK2,5.0
9926054,EGFR,5.0
3081361,AMPK-alpha1,5.522878745280337
3038522,MEK4,5.0
6450551,EPHB6,6.443697499232713
3081361,MAP4K3,5.823908740944319
10427712,JAK3(JH1domain-catalytic),5.0
9933475,CLK1,5.0
9809715,BRSK2,5.0
5291,ASK2,5.0
11712649,BRSK1,5.0
11984591,CLK1,5.920818753952375
5287969,CTK,5.0
11617559,FES,5.0
17755052,EPHB3,5.0
10184653,BRAF(V600E),5.0
216239,EGFR(E746A750del),5.0
156422,CDC2L1,5.0
16725726,MARK2,6.142667503568732
11314340,EPHA1,5.0
11338033,AAK1,5.0
216239,PIM1,5.0
10138260,NLK,5.0
644241,CLK2,5.0
3062316,FLT3,5.318758762624413
5494449,PIM3,5.0
11617559,AMPK-alpha2,5.0
11485656,EGFR(E746A750del),5.0
10074640,PRKD1,5.0
10138260,MERTK,7.180456064458132
11712649,ABL1,5.958607314841775
11338033,PAK3,5.0
9809715,ERK3,5.0
11409972,PKAC-beta,6.585026652029182
9926054,PLK4,5.0
9926791,EGFR,5.0
4908365,GSK3A,6.42021640338319
3038522,ASK1,5.0
9933475,IKK-alpha,5.0
153999,PIP5K1A,6.161150909262744
9915743,IKK-beta,5.0
11712649,DDR1,5.376750709602099
176870,PKN2,5.0
11427553,AXL,6.744727494896694
11617559,AKT1,5.0
9884685,ADCK4,5.0
10184653,ITK,5.0
9933475,ERK4,5.0
11617559,CLK1,5.0
176870,FLT3(N841I),6.301029995663981
208908,MAPKAPK2,5.0
11338033,PRKCQ,5.0
11338033,CAMK2D,5.0
151194,ANKK1,5.0
10427712,MRCKA,5.0
9915743,LTK,5.0
11427553,MEK5,6.920818753952375
10427712,ASK2,5.0
5329102,ACVR2B,5.0
10127622,CHEK1,5.0
16038120,ASK2,5.744727494896694
9929127,MARK1,5.0
17755052,ERK4,5.0
126565,MAP4K5,7.366531544420414
44150621,CAMK4,5.0
5328940,ABL1(Q252H),10.065501548756432
9933475,GAK,5.769551078621726
9915743,PRKG2,5.0
5329102,MET(M1250T),5.920818753952375
11656518,PLK4,5.0
11712649,LRRK2(G2019S),5.0
24180719,ABL1p,5.638272163982407
126565,EGFR(L858R),6.0655015487564325
11617559,PFTAIRE2,5.0
9915743,CSNK2A2,5.0
24889392,HIPK4,6.494850021680094
44259,MRCKA,7.244125144327507
11656518,CAMKK2,5.0
5287969,GSK3A,5.886056647693163
3038525,CAMK2G,5.0
4908365,ARK5,5.638272163982407
9809715,CDK3,5.0
11427553,EPHA3,6.091514981121351
208908,JNK2,5.0
123631,CSNK1G3,5.0
11617559,PIK3C2G,5.0
25243800,EPHA7,5.0
9884685,PIK3CA(E545A),8.823908740944319
156422,PIM2,5.0
51004351,PCTK3,5.0
4908365,EPHB4,5.568636235841013
3062316,ABL1(F317L),10.494850021680094
11626560,MKNK1,5.0
176155,EGFR(L858R),5.721246399047171
151194,ABL2,5.0
6918454,FLT1,5.0
10138260,DDR2,5.00436480540245
25243800,HIPK2,6.455931955649724
5287969,DRAK1,5.3872161432802645
11314340,MRCKB,7.022276394711152
10113978,HCK,5.2441251443275085
9884685,PIP5K1C,5.0
5291,MARK1,5.0
9926791,PIM1,5.0
5291,PRKD1,5.0
5329102,CDKL5,5.0
16725726,PRKG1,6.6777807052660805
153999,LKB1,5.229147988357856
9926054,NEK2,5.0
126565,JNK1,7.958607314841775
24180719,AURKC,5.6020599913279625
11485656,HCK,5.0
644241,EGFR(L861Q),5.0
644241,BRK,5.0
10074640,MKK7,5.0
10138260,PRKD3,5.568636235841013
3062316,DDR1,9.161150909262744
16038120,CDKL2,5.0
11667893,MYLK,5.0
10074640,CIT,5.0
9933475,PRKCE,5.0
216239,CLK2,5.0
123631,LOK,6.327902142064283
25243800,GRK4,5.0
176155,PFTAIRE2,5.0
11717001,FLT3(ITD),5.0
5494449,PIK4CB,5.0
10184653,EGFR(E746A750del),9.958607314841776
16722836,LATS1,5.0
42642645,MKK7,5.0
644241,MYLK,5.0
151194,NEK1,5.0
11427553,ABL1(Q252H)p,7.657577319177794
123631,MEK5,6.221848749616356
11984591,AURKA,6.795880017344075
156414,INSR,5.0
11234052,BIKE,5.0
25127112,BRAF(V600E),5.376750709602099
10461815,FLT3(K663Q),6.568636235841013
9915743,NIM1,5.0
176155,PIK3CA(E542K),5.0
11667893,EPHA6,6.309803919971486
123631,PIK3C2G,5.0
4908365,CDK11,5.0
5329102,KIT(D816H),6.958607314841775
24779724,INSRR,5.0
11717001,PRKCQ,5.0
9884685,PIP5K2C,6.2076083105017466
153999,GAK,5.958607314841775
11364421,OSR1,5.0
447077,MARK2,5.00436480540245
24180719,ABL1(T315I),5.0
9929127,LRRK2(G2019S),5.0
11984591,NEK7,7.958607314841775
10113978,PIK3C2B,5.0
17755052,PRKCQ,5.0
153999,BIKE,6.366531544420414
5291,ABL1(T315I),5.0
16038120,PKN1,6.468521082957745
25243800,EGFR(L861Q),5.853871964321762
11712649,NEK11,5.0
644241,GAK,5.0
4908365,EPHB6,5.958607314841775
156422,IRAK4,5.0
3038522,ABL1(T315I),5.0
17755052,ABL1,5.0
11338033,ICK,8.080921907623926
9933475,EGFR(L861Q),6.920818753952375
9926791,MYLK4,5.0
44259,PFTK1,6.795880017344075
176870,CAMK1G,5.0
5287969,CDC2L2,5.0
5291,BRAF,5.0
216239,PRKG2,5.0
3062316,BRSK2,5.0
6450551,CDC2L1,5.0
3081361,MYO3A,5.0
9884685,PAK1,5.0
3038522,IGF1R,5.0
11234052,MEK5,5.508638306165728
16038120,EGFR(E746A750del),7.091514981121351
9809715,NDR2,5.0
123631,LIMK1,5.0
11617559,PIK3CA(E542K),5.0
11364421,MTOR,5.0
24180719,MET,5.0
208908,ERN1,5.0
10138260,ERK1,5.0
3025986,PRKX,5.0
10113978,ABL1(H396P),6.42021640338319
5291,p38-gamma,5.0
9926791,EPHA6,5.0
11364421,MUSK,5.0
3025986,AAK1,5.0
16038120,HCK,6.3872161432802645
44259,PRKCH,8.318758762624412
176167,MAP3K15,5.0
3081361,ERK4,5.0
10184653,IRAK1,6.619788758288394
16007391,MAPKAPK2,5.0
5494449,PLK4,8.036212172654444
3081361,EPHB4,6.2839966563652006
5328940,EPHB2,8.075720713938118
3038522,PIK3CA(H1047L),5.0
176870,GCN2(KinDom2S808G),5.356547323513813
151194,EIF2AK1,5.0
11667893,ABL2,5.346787486224656
11984591,CAMKK1,5.0
11364421,ABL1(Q252H),5.0
644241,PIK3CA(E542K),5.0
126565,LRRK2,8.443697499232712
11234052,KIT(V559D),7.455931955649724
11717001,FES,5.0
644241,CDK3,5.0
11656518,PRKG2,5.0
11984591,MAP3K1,5.0
25127112,NEK5,5.0
123631,ABL1(F317I),5.0
11314340,CSNK1G3,6.040958607678906
644241,ICK,5.0
9933475,MEK6,5.0
11617559,PRKD3,5.0
16722836,KIT(A829P),7.337242168318426
176167,GSK3A,5.0
156422,ACVR2A,5.0
11984591,CASK,5.0
11409972,EGFR(L747T751del),6.275724130399211
4908365,FER,6.920818753952375
11717001,LOK,5.886056647693163
11364421,PFCDPK1(Pfalciparum),5.0
208908,EGFR,8.619788758288394
9929127,DCAMKL2,5.0
16725726,MLK3,5.0
5287969,PFTK1,6.958607314841775
644241,PFPK5(Pfalciparum),5.0
11617559,CHEK2,5.0
16725726,EGFR(L858RT790M),5.0
5328940,EGFR(T790M),6.468521082957745
153999,CAMKK2,5.619788758288394
5494449,CDKL2,7.309803919971486
16722836,PKN2,5.0
176870,PAK2,5.0
5329102,FLT1,8.744727494896694
24180719,BMPR1B,5.508638306165728
16007391,EGFR(E746A750del),5.0
10427712,DDR1,5.0
11656518,PLK3,5.0
126565,EPHA4,5.769551078621726
9809715,MYO3A,5.0
11667893,FLT3(N841I),5.958607314841775
5494449,PAK4,5.366531544420414
9809715,PAK3,6.6777807052660805
123631,CDK5,5.0
4908365,ICK,5.0
9929127,ERN1,5.0
156414,CSNK1G2,5.0
10127622,AKT2,5.0
25127112,IKK-epsilon,5.920818753952375
11626560,CDC2L2,6.376750709602099
11234052,ASK1,5.0
216239,PCTK3,5.0
3081361,ACVR1,6.823908740944319
9926791,CSNK1A1,5.0
9915743,ABL1(H396P)p,5.0
5328940,NEK7,5.0
11717001,ERK3,5.0
9809715,EGFR(G719C),5.0
11617559,EGFR(G719C),5.0
11364421,MAST1,5.0
6918454,EGFR(T790M),5.0
44259,EGFR(L747E749del),7.017728766960432
10461815,DCAMKL3,5.346787486224656
11656518,PKMYT1,5.0
10113978,ARK5,5.0
208908,NEK2,5.0
126565,EPHA3,6.795880017344075
11656518,p38-beta,5.0
5494449,JNK3,5.552841968657781
44150621,MAP4K3,6.251811972993799
156414,ERBB3,6.6777807052660805
176870,FLT3(D835Y),6.886056647693163
24889392,JAK1(JH2domain-pseudokinase),5.0
123631,NDR2,5.0
644241,PFTK1,5.0
11626560,PCTK1,5.0
5291,CSNK1D,5.0
42642645,PHKG2,5.0
9929127,BMPR2,5.0
156422,PHKG2,5.0
24180719,MAP3K4,5.0
24889392,CHEK1,5.0
5329102,PDGFRB,10.1249387366083
24180719,PIK3CA(H1047Y),5.0
25127112,MRCKA,5.0
208908,PAK2,5.0
9929127,PIK3CD,5.0
447077,CSNK1G1,5.0
3038525,ICK,5.0
11234052,ARK5,5.0
123631,PIM1,5.0
11712649,PRKD3,5.0
3062316,ABL1(F317I)p,10.387216143280265
10461815,p38-beta,5.0
16722836,CSNK1G2,5.0
11717001,CDK4-cyclinD1,5.0
10184653,CAMK2B,5.0
5494449,BLK,5.657577319177793
9915743,FER,6.292429823902063
216239,MAST1,5.0
10184653,CDK11,5.0
10184653,ABL1(F317L),6.236572006437063
447077,ASK2,5.0
42642645,EGFR(L861Q),7.0655015487564325
9915743,FGFR4,5.0
16722836,AKT2,5.0
9933475,LRRK2(G2019S),5.0
11717001,LKB1,5.0
9915743,AKT1,5.0
10127622,MEK3,5.0
11656518,JAK3(JH1domain-catalytic),5.0
156414,LIMK1,5.0
176155,PCTK3,5.0
11712649,IRAK3,5.853871964321762
25243800,PRP4,5.0
44259,MEK2,7.552841968657781
11656518,HIPK4,6.251811972993799
9926791,ERK4,5.0
11338033,IRAK4,5.0
11667893,PCTK1,5.0
24779724,NEK5,5.0
10461815,ABL1(F317I)p,5.0
176167,NLK,5.0
6918454,ABL1(F317L)p,5.0
151194,p38-delta,5.0
216239,PRKD2,5.0
11712649,JNK3,5.0
126565,MST1R,5.086186147616283
9809715,AKT2,5.0
10074640,EGFR(S752I759del),5.0
42642645,MAP4K2,5.698970004336019
10127622,BRK,5.0
24889392,IRAK4,5.0
11485656,CSF1R,8.468521082957745
9926054,NEK11,5.0
5328940,MARK2,5.0
5287969,CDK4-cyclinD3,8.481486060122112
11626560,DAPK3,5.0
11409972,ABL1(Y253F),8.0
123631,HCK,5.356547323513813
11667893,LRRK2(G2019S),5.0
156414,AAK1,5.0
3038525,FLT3(K663Q),5.0
11712649,CAMKK2,5.0
11712649,LKB1,5.0
10074640,MYO3A,5.0
25127112,PRKR,5.0
176167,EPHA8,5.0
42642645,FLT3(K663Q),9.086186147616283
151194,FLT4,6.481486060122113
17755052,MAP3K3,5.0
24779724,CDK5,5.0
10113978,PIK3CA(I800L),5.0
17755052,LZK,5.0
44150621,ABL1(F317I),5.0
9915743,DMPK,5.0
447077,ADCK3,6.040958607678906
3062316,BRK,8.10790539730952
16007391,IRAK1,5.0
11485656,MAP3K2,5.0
3062316,ARK5,5.0
44150621,CDKL1,5.0
216239,PIK3CG,5.0
24180719,IKK-epsilon,5.0
11234052,CAMK1,5.0
3038525,CDK2,5.0
10184653,MEK5,5.886056647693163
9884685,CDKL5,5.0
123631,ABL2,5.795880017344075
44259,CDKL1,6.481486060122113
11717001,OSR1,5.0
3038525,FRK,5.0
11409972,CLK3,5.259637310505756
176167,PFTAIRE2,5.309803919971486
10074640,MAP4K5,5.0
10184653,BMX,5.0
208908,BMPR2,5.0
5291,CLK2,5.0
10074640,EPHB6,5.0
11234052,ABL1(H396P)p,6.1938200260161125
3062316,PKMYT1,6.886056647693163
156422,HIPK3,5.0
44259,MTOR,5.0
5287969,CSNK1D,5.0
16725726,PDGFRB,5.4089353929735005
11626560,PKAC-alpha,5.0
6450551,NEK5,5.0
24889392,BIKE,5.0
9884685,BTK,5.0
5329102,FLT4,7.301029995663981
3025986,KIT(D816V),5.0
24180719,DYRK2,5.568636235841013
24779724,CSNK1A1L,5.0
11667893,ABL1(T315I),5.0
9915743,LIMK1,5.0
153999,MEK3,5.0
10427712,PIM1,5.0
10127622,PRKCQ,5.0
44150621,PRKG2,5.0
11656518,MERTK,5.0
10461815,FLT3(R834Q),5.337242168318426
3062316,ABL1(H396P),10.602059991327964
10113978,EPHB2,5.0
153999,ALK,5.0
24180719,PDPK1,5.0
5494449,MYO3A,5.0
17755052,CDK8,5.0
44259,p38-gamma,7.376750709602099
3038522,MYO3B,5.0
42642645,ERK1,5.0
9926791,ACVR1B,5.0
10461815,FER,5.0
10184653,JNK3,5.698970004336019
176167,MAP4K2,5.0
3062316,MKK7,5.0
10427712,EGFR(L747T751del),5.823908740944319
9926054,BRSK1,5.0
151194,ERBB4,5.0
151194,JAK3(JH1domain-catalytic),5.0
11485656,DYRK1B,5.0
16725726,CLK3,5.0
644241,MAP3K2,5.0
24180719,MLK1,5.0
3025986,HIPK3,5.698970004336019
11234052,MYLK2,5.0
5287969,CDK5,6.958607314841775
10074640,NEK4,5.0
3025986,GRK7,5.0
4908365,OSR1,5.0
11234052,PLK3,5.0
11984591,PIK3CA,5.0
126565,CSF1R,6.958607314841775
11712649,MST4,5.0
123631,EPHA4,5.0
11485656,ABL1(T315I)p,5.0
25127112,MAP4K2,5.698970004336019
3038522,DDR1,5.853871964321762
10461815,PCTK2,6.055517327849832
123631,CDC2L1,5.0
10138260,CTK,5.2076083105017466
9915743,CLK3,5.0
44150621,PRKG1,5.0
9926054,FLT3(N841I),5.0
25127112,LIMK1,5.0
51004351,BLK,6.301029995663981
16038120,ERK8,6.6777807052660805
156422,CIT,5.6777807052660805
16725726,PCTK2,5.0
5329102,GCN2(KinDom2S808G),6.744727494896694
11984591,LTK,6.096910013008056
24180719,ERK1,5.0
10074640,MAP3K2,5.0
16038120,MLK2,5.958607314841775
5328940,PRKCH,5.0
25243800,LIMK1,5.0
11717001,ITK,5.0
153999,FRK,5.0
9884685,MST4,5.0
9884685,HUNK,5.0
17755052,EPHA6,5.0
156414,CAMK2D,5.0
4908365,EGFR(L861Q),5.017728766960432
3081361,PIK3CA(M1043I),5.0
3038525,PRKCE,5.0
10427712,AMPK-alpha2,5.0
6918454,EPHB4,5.0
5287969,MAP4K3,5.346787486224656
5329102,CDK9,5.0
9915743,NEK7,5.0
16725726,ICK,5.0
5287969,ERK5,6.2076083105017466
44150621,PIK3CD,5.0
3038522,ERK3,5.0
156422,ERBB4,5.0
123631,NDR1,5.0
10461815,LOK,6.537602002101044
216239,GCN2(KinDom2S808G),5.0
11314340,PIK3CA(E542K),5.0
9933475,DYRK1A,5.0
10138260,ADCK4,5.0
9926791,CAMK1D,5.795880017344075
10461815,BIKE,7.327902142064283
5329102,PIK3CA(E545A),5.0
11364421,EGFR(T790M),6.443697499232713
25127112,PRKCE,6.275724130399211
208908,MAP3K1,5.0
3038525,CDC2L1,5.0
3062316,PIK3CD,5.0
126565,PAK3,7.455931955649724
11409972,NEK3,5.0
11712649,CLK1,5.0
11338033,EPHB3,5.0
9926054,MST3,5.0
5328940,CDKL2,5.0
3025986,BRK,5.0
6918454,HCK,5.0
44259,PIP5K2B,7.113509274827519
10113978,LIMK2,6.4089353929735005
4908365,ADCK4,5.0
156414,GCN2(KinDom2S808G),5.0
6450551,PKMYT1,5.0
10127622,PRP4,5.0
11667893,LTK,5.0
25243800,ABL1,6.823908740944319
9926054,PHKG1,5.0
3038525,DYRK1B,5.0
11314340,MAPKAPK5,5.0
6450551,IRAK3,5.0
123631,IKK-alpha,5.0
11717001,EPHB3,5.0
3062316,MRCKB,5.6777807052660805
25243800,ACVR2A,7.744727494896694
4908365,JAK3(JH1domain-catalytic),7.744727494896694
24180719,PIK3CA(M1043I),5.0
3062316,DMPK2,5.920818753952375
17755052,IKK-epsilon,5.0
17755052,PRKD3,5.0
6918454,NEK3,5.0
156422,EPHB6,5.0
176167,NEK11,5.0
5291,KIT(D816H),6.251811972993799
24889392,PHKG2,5.0
10127622,GRK4,5.0
11409972,MEK2,5.0
16007391,ERN1,5.0
176167,PIP5K2B,5.0
10427712,CSNK1A1,6.080921907623926
44150621,ASK2,5.0
156422,PKNB(Mtuberculosis),5.0
126565,NEK4,5.0
11712649,PRKD1,5.0
5328940,MELK,5.0
10461815,NEK7,5.0
644241,DDR1,8.958607314841775
151194,PLK2,5.0
3062316,PRKG1,5.0
9929127,MERTK,5.0
10138260,ERBB3,5.0
11984591,MYLK,5.187086643357144
24180719,CDK4-cyclinD3,5.0
11617559,PIK3CA(Q546K),5.0
5494449,MELK,6.619788758288394
9809715,FLT3(R834Q),7.769551078621726
11338033,EGFR(T790M),5.0
6918454,ACVR1,5.0
6450551,MAPKAPK5,5.0
9929127,MUSK,5.0
9933475,ITK,5.0
10427712,NDR1,5.0
153999,ABL1(E255K),5.0
44259,MLK2,7.2839966563652
44259,ABL1(T315I)p,8.537602002101044
10184653,ERK1,5.0
10427712,FLT3(N841I),5.0
24889392,MKNK1,5.0
6918454,JNK1,5.0
156422,JAK3(JH1domain-catalytic),5.0
16038120,OSR1,7.318758762624413
5494449,CSNK2A1,5.0
24779724,ABL1(Q252H)p,5.0
176167,LKB1,5.0
11485656,ABL1(F317I)p,5.0
156422,MARK2,5.0
44150621,PFPK5(Pfalciparum),5.0
10461815,MST4,5.42021640338319
24889392,FLT3(D835Y),8.148741651280925
16722836,PLK4,7.017728766960432
51004351,NDR1,5.0
9929127,CSNK1G3,5.0
11712649,CDC2L5,5.0
6450551,PIK3CG,5.0
10138260,PRKCI,5.0
5287969,CHEK2,5.0
9809715,ABL1(H396P)p,7.309803919971486
10138260,ABL1(Y253F),6.236572006437063
153999,IRAK1,5.0
11314340,CDK5,5.0
3038525,FLT4,5.0
156422,CSF1R,5.091514981121351
11667893,NEK1,5.0
208908,PLK3,5.0
9926791,ANKK1,5.0
5329102,JNK1,5.0
3038522,MYO3A,5.0
123631,PRKCE,5.0
11234052,FLT3(K663Q),5.0
176155,FYN,5.0
42642645,MEK1,7.920818753952375
123631,EGFR(L858R),9.0268721464003
11717001,MLK1,5.0
16725726,CTK,5.0
16722836,GAK,8.958607314841775
11656518,NEK11,5.0
11712649,FRK,5.0
9933475,JNK2,5.0
25127112,IKK-alpha,5.0
24180719,OSR1,5.4089353929735005
9926054,CDK9,5.721246399047171
216239,PIK3CA(I800L),5.0
5328940,AAK1,5.638272163982407
6450551,MLCK,5.769551078621726
11626560,PDGFRB,5.0
11667893,LCK,6.443697499232713
10074640,ERN1,5.0
176870,LOK,7.721246399047171
6918454,CLK4,5.0
11234052,AAK1,5.0
11717001,BRSK1,5.0
24180719,p38-alpha,5.0
3038525,MARK4,5.0
176155,MEK6,5.0
11338033,DCAMKL2,5.585026652029182
3062316,ABL1(M351T),10.795880017344077
9884685,CSNK2A1,5.267606240177032
153999,MYLK4,5.0
3025986,EPHB1,5.0
176870,p38-alpha,5.0
16722836,DAPK3,8.920818753952375
16722836,ACVR2B,5.0
5287969,ABL1,5.468521082957745
11717001,PIK3CA(Q546K),5.0
3062316,MAST1,5.0
10113978,CDK7,5.0
10113978,DRAK1,5.0
44150621,KIT(A829P),7.346787486224656
10127622,DDR1,5.0
16038120,PRKCD,5.455931955649724
11984591,PRKG1,5.0
644241,CASK,5.0
6918454,PRKCI,5.0
156422,CDKL1,5.0
5287969,PDGFRA,5.229147988357856
3081361,CSNK1G1,5.0
5329102,MAP3K4,5.318758762624413
156414,DDR2,5.0
11626560,CDK9,5.0
9915743,MAP3K1,5.0
10427712,LYN,5.0
176155,AURKB,5.0
10461815,FLT3(D835Y),7.017728766960432
153999,EPHB2,5.0
24889392,PIK3CA,5.0
208908,PIK3CG,5.0
10184653,PRKCI,5.0
5494449,MARK1,5.309803919971486
25127112,ABL1(M351T),5.2076083105017466
11667893,MAK,5.0
176155,BTK,5.0
156414,CDKL1,5.0
10461815,MAK,6.050609993355088
10113978,ACVR1B,5.0
10461815,CDK11,5.0
11485656,MELK,5.0
9926791,DAPK2,5.0
24180719,FLT1,5.721246399047171
176155,KIT(L576P),5.0
11314340,JAK1(JH1domain-catalytic),5.0
9933475,ACVR2B,5.0
3025986,HPK1,5.0
5329102,PFCDPK1(Pfalciparum),5.886056647693163
16038120,EPHA3,5.3979400086720375
44150621,MKK7,5.0
11617559,PKMYT1,5.0
24779724,GRK4,5.0
10184653,NDR1,5.0
153999,AURKA,5.0
11656518,ARK5,5.0
151194,BRSK2,5.0
3062316,PFTAIRE2,5.0
208908,LOK,5.356547323513813
16007391,BMPR1A,5.0
11626560,MAK,5.0
42642645,NDR1,5.0
11617559,MAP4K4,5.0
156422,LATS2,5.0
644241,NDR1,5.0
16007391,CDKL1,5.0
176155,ERK5,5.0
3025986,MKK7,5.0
11234052,ABL1(F317I)p,5.0
10427712,PIK3CA(H1047L),6.522878745280337
3025986,ACVRL1,5.0
3081361,PRP4,5.0
6918454,EPHA5,5.0
3038525,HUNK,5.0
153999,HIPK4,5.0
156422,MST1R,5.0
10127622,MAP3K2,5.0
3038525,EGFR(G719S),5.0
9884685,CLK4,5.0
151194,MEK1,5.0
9884685,PIK3CB,8.769551078621726
3062316,HPK1,6.008773924307505
9915743,INSRR,5.337242168318426
3025986,PRKG2,5.0
11984591,DYRK1A,6.585026652029182
9926791,JNK1,5.0
16007391,PIK3CA(E542K),5.0
11314340,MEK2,5.0
11667893,CLK4,5.0
11667893,BMPR1B,5.0
9926054,JAK1(JH2domain-pseudokinase),5.0
447077,ERK5,5.0
5291,PHKG1,5.0
11656518,PIK3CA(H1047Y),5.0
11984591,BRK,6.443697499232713
151194,MYLK,5.0
11234052,EPHA5,5.0
16725726,PDPK1,5.0
11667893,MAP3K2,5.161150909262744
10127622,EPHA3,5.0
16725726,ABL1(F317L),5.0
10427712,PKMYT1,5.0
176167,ERK8,7.119186407719209
5494449,EIF2AK1,5.0
11626560,PIK3CA(M1043I),5.0
11409972,AURKA,5.0
16038120,NEK1,5.0
5494449,ABL1(H396P),8.481486060122112
11409972,CDK8,8.853871964321762
9933475,PFPK5(Pfalciparum),5.0
10074640,MAP3K15,5.0
9929127,PDPK1,5.0
5291,PIK3CA(Q546K),5.0
10461815,CLK3,5.443697499232713
11427553,MST1,6.251811972993799
11617559,MST3,5.0
9926054,GSK3A,5.0
9884685,ABL1(H396P)p,5.0
11717001,AURKB,5.0
11984591,OSR1,5.508638306165728
9926791,MYLK,5.0
447077,PIK3CA(E542K),5.0
10127622,EGFR(T790M),5.657577319177793
17755052,MYO3A,5.0
10138260,EPHB1,5.366531544420414
9915743,MKNK2,5.0
25127112,EPHA6,5.0
9926791,IKK-epsilon,5.0
16725726,GRK7,6.42021640338319
4908365,ERK4,5.0
11667893,PRKD2,5.0
44259,MET(M1250T),6.886056647693163
25243800,MET,5.0
44259,ABL1(Y253F),7.638272163982407
151194,PIK3CA(E545K),5.0
9915743,ADCK4,5.0
447077,CDKL2,5.0
51004351,MYO3A,5.0
16722836,PIK3CA(M1043I),5.0
11984591,IKK-epsilon,7.886056647693163
5287969,MERTK,5.167491087293763
176870,EPHA8,6.026872146400302
176155,ACVR2A,5.0
10461815,ACVR2B,5.0
24180719,MLK3,5.0
42642645,MERTK,9.568636235841012
11364421,PKAC-alpha,5.0
208908,DYRK2,5.0
5328940,MLK3,5.568636235841013
24889392,MRCKB,5.0
208908,EGFR(L747E749del),8.657577319177793
24779724,CDK4-cyclinD3,5.0
11626560,CAMKK1,5.0
5494449,MET(M1250T),6.318758762624413
11984591,MKK7,5.0
3038525,CSNK1G1,5.0
16725726,PIK3CA(E545A),5.0
16722836,MEK6,5.0
17755052,ABL1(H396P),5.0
5329102,BRAF(V600E),5.0
11984591,DYRK2,6.327902142064283
9884685,MAP4K5,5.0
156414,ABL1(F317I)p,6.0
216239,DYRK2,5.0
11626560,DYRK1B,5.0
10127622,CAMK1,5.0
10184653,ADCK4,5.0
10427712,ACVR2B,5.0
24889392,MEK1,5.0
10138260,PIK3CA(E542K),5.0
9926791,PRKX,5.0
5494449,JAK1(JH2domain-pseudokinase),5.0
16007391,EPHB4,5.0
153999,PRP4,5.795880017344075
151194,CSF1R,7.346787486224656
176155,DCAMKL2,5.0
9809715,ACVR2B,5.0
11409972,FLT4,6.920818753952375
5291,MRCKB,5.0
3038525,EGFR(S752I759del),5.0
9926791,CSNK1G2,5.0
10138260,PIK3CA(E545K),5.0
11485656,CIT,5.0
123631,FGFR3,5.0
11485656,DMPK2,5.080921907623926
10427712,DRAK2,5.0
11626560,ERK5,6.292429823902063
24779724,DMPK2,5.0
11364421,FRK,5.0
16725726,KIT(V559D-T670I),6.0
11656518,PHKG1,5.0
3038525,PAK7,5.0
16038120,CLK1,7.920818753952375
11485656,IGF1R,5.0
4908365,PHKG2,5.769551078621726
51004351,PIM3,6.251811972993799
156414,FGFR2,5.0
3025986,CDK8,5.920818753952375
11626560,MEK6,5.0
25127112,MYLK2,5.0
126565,LCK,6.366531544420414
10138260,ABL1(T315I),6.657577319177793
24779724,EGFR,5.0
5329102,PIK3CA(E545K),5.0
6918454,FLT4,5.0
151194,PIP5K2C,5.0
9884685,CDK5,5.0
156422,PIK3CA(Q546K),5.0
4908365,INSR,6.481486060122113
11364421,FGFR4,5.0
16007391,PRKD3,5.0
25243800,CDK8,5.200659450546419
11409972,CDC2L2,5.958607314841775
16725726,MARK1,5.0
11667893,ERBB3,5.0
11485656,MAP4K2,5.0
11712649,MEK1,5.0
16725726,DYRK2,5.0
176155,CAMK1,5.0
16725726,PFTK1,5.0
11485656,AURKB,6.4089353929735005
208908,PIK3CA(I800L),5.0
11617559,ERK5,5.0
153999,CDKL5,5.3872161432802645
42642645,PDPK1,5.0
24180719,MYLK,5.0
10138260,AURKC,6.091514981121351
6918454,FLT3(D835Y),5.0
11314340,PIK3CA(M1043I),5.0
153999,PHKG1,5.431798275933005
10074640,HPK1,5.0
3081361,LTK,6.259637310505756
176167,HCK,5.0
24779724,MLK3,5.0
17755052,PAK1,5.0
25127112,MEK3,6.327902142064283
11485656,MYLK2,5.552841968657781
176167,CAMK1G,5.0
126565,GSK3B,5.886056647693163
10138260,FLT3(D835Y),8.214670164989233
11485656,BRAF,5.0
16722836,MYLK,6.2839966563652006
156422,CDC2L2,5.0
5291,FLT4,5.0
3081361,FER,5.0
10113978,PKNB(Mtuberculosis),5.0
24180719,ERK5,5.0
9884685,GSK3A,5.0
16722836,MRCKB,5.0
5494449,MST1R,5.886056647693163
11427553,FLT4,5.886056647693163
9915743,KIT(L576P),5.0
208908,MINK,5.0
10461815,ERK4,5.0
11656518,CDK7,5.0
10074640,CDK5,5.0
16007391,MYO3A,5.0
3081361,EGFR(L747T751del),8.050609993355087
11338033,JAK3(JH1domain-catalytic),5.0
5291,CAMKK2,5.0
25243800,ABL1(M351T),7.221848749616356
3062316,MLK3,5.0
11717001,PRP4,5.0
5287969,p38-beta,5.0
10184653,p38-gamma,5.0
5494449,PIP5K2B,6.853871964321762
17755052,DDR2,5.0
11409972,EPHA4,6.3979400086720375
9926791,PHKG1,5.0
16007391,ABL1p,5.259637310505756
10184653,MST1R,5.0
51004351,PIK3CA(H1047L),5.958607314841775
5494449,MINK,5.958607314841775
176167,BRSK2,5.0
5494449,HPK1,7.142667503568732
11617559,HUNK,5.0
24779724,ABL1(M351T),5.0
644241,KIT(V559D-T670I),6.823908740944319
6918454,EPHA8,5.0
9933475,NDR1,5.0
9884685,BRK,5.0
153999,GRK4,6.229147988357856
11427553,ITK,6.619788758288394
11364421,PFPK5(Pfalciparum),5.0
3025986,DYRK2,5.769551078621726
126565,CSNK2A2,6.013228265733755
9933475,EPHA6,7.443697499232713
9933475,BIKE,5.0
44259,CDC2L2,5.0
44259,CDK7,7.346787486224656
6918454,MEK5,5.0
11717001,CDK4-cyclinD3,5.0
10138260,DYRK1B,5.585026652029182
10461815,LIMK1,5.0
3025986,BMPR1B,5.0
16722836,PKAC-alpha,5.0
11338033,MAP3K15,5.0
3062316,ABL1,10.537602002101044
176870,MLCK,5.0
9926791,MST1,5.0
11656518,DAPK2,5.0
17755052,MAP3K2,5.0
126565,MYO3B,6.113509274827519
176870,DCAMKL2,5.0
126565,KIT(D816H),7.958607314841775
16725726,ABL1(M351T),5.0
9933475,HUNK,5.0
11617559,KIT(D816H),5.0
156414,PAK7,5.0
9926791,PRKG2,5.0
9933475,ALK,5.638272163982407
44259,MKNK1,6.769551078621726
9915743,CASK,5.0
6450551,EGFR,5.0
10461815,FLT3(D835H),6.853871964321762
16722836,IRAK4,5.920818753952375
10127622,ICK,5.0
6450551,MLK3,5.0
16722836,FLT3(N841I),7.698970004336019
25243800,MAP3K1,5.6020599913279625
24889392,EPHA6,5.040958607678906
11984591,PKN2,5.585026652029182
5329102,DRAK1,9.0
156414,CLK1,5.0
11234052,MLCK,5.0
176870,MEK6,5.0
644241,PIK3CB,5.0
25243800,MAP4K4,5.886056647693163
51004351,MEK4,5.318758762624413
11364421,HCK,5.0
176167,CSNK1A1L,5.0
3081361,PIK3CA(E542K),5.0
11338033,BIKE,5.0
9926791,PFCDPK1(Pfalciparum),5.0
3025986,FGFR1,5.0
3081361,ABL1(H396P),8.008773924307505
151194,KIT(A829P),5.0
16038120,ERBB3,5.0
153999,ARK5,5.744727494896694
5494449,MAP4K3,6.537602002101044
10427712,FGFR3(G697C),5.0
44150621,FLT3(K663Q),8.958607314841775
25243800,PRKX,5.0
5287969,CAMK2G,5.585026652029182
44150621,DCAMKL2,5.0
11485656,MYLK4,5.0
9809715,MET(M1250T),6.468521082957745
24889392,PDGFRB,8.113509274827518
3038525,AKT3,5.0
216239,MAP3K4,5.0
176155,CSNK1A1,7.1249387366083
3038522,MEK1,5.0
24180719,CLK2,5.585026652029182
10074640,DRAK1,5.0
5287969,PKMYT1,5.0
3081361,BMPR2,5.0
176870,AURKB,5.853871964321762
44259,ADCK3,5.0
4908365,ABL1p,6.4089353929735005
9926054,CDK5,5.0
16007391,EGFR(G719C),6.920818753952375
126565,PAK4,7.619788758288394
3081361,FGR,6.568636235841013
25127112,PIK3CA(C420R),5.0
6450551,ERK2,5.0
4908365,CDC2L5,5.0
9809715,MYO3B,5.568636235841013
11314340,PAK1,5.823908740944319
11409972,IGF1R,5.0
11617559,HIPK3,5.0
9926054,MEK6,5.0
10127622,PLK3,5.0
11656518,FGFR3,5.0
11234052,PFTAIRE2,5.0
10113978,EPHA2,5.0
11314340,ICK,6.259637310505756
3038522,EPHA8,5.0
16722836,CHEK1,5.42021640338319
42642645,PFTK1,7.508638306165728
123631,JAK3(JH1domain-catalytic),5.0
5494449,MAP3K1,5.0
216239,ICK,5.0
9926054,MAP3K15,5.0
10074640,KIT(V559D-V654A),8.327902142064282
9929127,LOK,5.0
644241,PIK3CA(H1047Y),5.0
51004351,IKK-beta,5.200659450546419
176870,MEK1,5.0
9884685,MAST1,5.0
153999,AKT2,5.060480747381382
44150621,OSR1,5.0
10138260,PIM2,5.0
447077,PRKCH,5.0
10074640,PKAC-beta,5.0
44259,MAP3K3,5.552841968657781
44259,LATS2,7.769551078621726
3062316,GRK7,5.0
3038525,PRKCH,5.0
9884685,PIK3CA(E542K),8.853871964321762
11656518,ANKK1,5.0
24779724,CDK2,5.0
123631,PIK3CG,5.0
9915743,ABL1(M351T),5.0
11485656,MAP4K5,6.040958607678906
153999,MAP4K5,5.0
151194,CSNK1G3,5.0
24779724,NDR1,5.0
11626560,LOK,7.356547323513813
9926054,EPHB4,5.0
4908365,NEK9,5.0
16038120,GSK3B,5.0
151194,FLT3(D835H),5.0
9926054,MTOR,5.0
9933475,PIK3C2G,5.0
16038120,MEK3,6.769551078621726
10113978,CAMK2B,5.0
11338033,BMPR1B,5.0
16722836,CLK2,5.638272163982407
24779724,BRK,5.0
11427553,CSNK2A1,5.920818753952375
9933475,AURKA,5.0
16725726,FRK,5.0
3025986,MET,5.0
126565,PRKG2,7.602059991327962
176167,ERK5,5.0
123631,ERK5,5.0
123631,EGFR(T790M),7.397940008672037
3025986,FAK,5.0
16007391,CLK2,5.0
11485656,BRSK1,5.0
6918454,MST3,5.0
156414,MYLK2,5.0
10427712,ABL1(H396P),5.275724130399211
16725726,LATS2,6.853871964321762
9809715,MERTK,8.070581074285707
10138260,CDK9,5.0
9915743,EGFR(L747S752del),9.031517051446064
44150621,ABL1(Q252H),7.1249387366083
42642645,ACVR2A,5.0
9926054,PKN2,5.0
16007391,CAMKK1,5.0
6450551,EGFR(L858RT790M),5.0
25243800,DMPK,6.853871964321762
24779724,DCAMKL3,5.0
11364421,JNK1,5.0
9929127,FGFR1,5.0
44150621,HIPK4,5.0
5291,PRKG2,5.0
16722836,PIK3C2G,5.0
156422,PRKD1,5.0
153999,CSNK1G1,5.0
6918454,PLK2,5.0
11617559,ICK,5.0
10127622,MLCK,5.0
16007391,MEK1,5.721246399047171
24779724,JAK1(JH1domain-catalytic),5.0
10074640,EGFR(E746A750del),5.0
10113978,CIT,5.0
644241,FLT3(ITD),5.0
10184653,CSNK1G2,5.0
10138260,CSNK2A1,5.721246399047171
126565,CDK2,7.698970004336019
9933475,CAMK2B,5.0
10427712,GRK4,5.2076083105017466
3038522,PIK3CA(M1043I),5.0
9926054,EPHB6,5.0
10184653,PKAC-alpha,5.0
3062316,MAP3K4,6.508638306165728
3038522,GRK7,5.0
5328940,PRKD1,5.0
3081361,ASK1,5.0
644241,CDK4-cyclinD3,5.0
51004351,CDK8,5.0
11338033,CAMK1G,5.0
176155,CDK3,5.0
151194,IRAK4,5.0
11427553,CLK3,5.2076083105017466
5291,PRKCQ,5.0
11409972,CSK,5.638272163982407
3038522,BRSK2,5.0
5328940,DCAMKL1,5.0
9884685,CSNK1D,5.0
24779724,PLK3,5.0
51004351,PIK3CB,5.0
10074640,CSNK1G2,5.0
25127112,MARK3,5.0
44259,EPHB2,5.6777807052660805
3038522,PAK6,5.0
447077,MRCKA,5.886056647693163
11667893,MAP4K3,5.0
10184653,CAMK2D,5.0
123631,AMPK-alpha1,5.0
16007391,MRCKB,5.0
44259,ABL1(Q252H),7.67778070526608
25243800,PFTK1,5.0
4908365,MARK1,5.376750709602099
3038525,IKK-beta,5.0
4908365,KIT(V559D-V654A),8.221848749616356
176155,IKK-alpha,5.0
44259,PIP5K1C,5.568636235841013
10184653,FER,5.0
176155,ABL1(Q252H),5.0
9884685,CDKL1,5.0
3081361,LOK,7.091514981121351
24889392,ABL1p,5.0
151194,BRK,5.619788758288394
16722836,ABL1,6.744727494896694
24889392,MAP3K4,5.0
16725726,AXL,5.0
3038522,MAP3K15,5.0
17755052,CDC2L1,5.0
5329102,CLK3,5.0
9929127,AKT1,5.0
216239,MET,5.0
24779724,CAMKK1,5.0
5291,LTK,5.0
11667893,IKK-beta,5.0
11667893,MUSK,5.0
11617559,CAMK4,5.0
44259,PRKG1,7.494850021680094
10427712,MINK,5.0
5328940,MST2,6.431798275933005
176167,ACVR1B,5.0
156422,MAP3K2,5.0
11617559,BRSK2,5.0
153999,EPHA1,5.0
11409972,PAK6,5.0
11656518,CLK4,5.0
11656518,PFPK5(Pfalciparum),5.0
3062316,GAK,8.585026652029182
6450551,NEK11,5.0
16007391,MAP4K4,5.0
17755052,BMX,5.0
126565,PFTAIRE2,5.886056647693163
16038120,MUSK,6.585026652029182
3025986,CAMK2D,5.0
44259,MAP4K5,7.744727494896694
10074640,MAP4K2,5.0
123631,ERK8,5.0
25243800,PRKCQ,5.0
24180719,KIT(D816V),5.508638306165728
9926054,BMPR2,5.0
11626560,p38-alpha,5.0
16038120,PRKCH,5.0
5287969,ABL1(E255K),5.795880017344075
16038120,NEK9,6.096910013008056
44150621,PIK3CA(I800L),5.0
10074640,PAK4,5.0
11234052,LOK,6.657577319177793
11617559,PAK1,5.0
11667893,CSNK2A2,5.0
44150621,ACVR2A,5.0
11712649,CDK11,5.0
9915743,PIK3CA(M1043I),5.0
5287969,BRAF,5.0
11485656,ERK2,5.0
16038120,PKAC-alpha,5.3979400086720375
11712649,HIPK3,5.0
176870,ABL1(Y253F),7.119186407719209
9926791,MUSK,5.0
24180719,CAMK2A,5.0
10138260,FLT3,9.267606240177033
3025986,ERK3,6.301029995663981
16007391,CDC2L1,5.920818753952375
644241,MINK,5.0
9933475,MEK1,5.0
3062316,DCAMKL3,5.0
208908,PHKG1,5.0
16722836,LRRK2(G2019S),6.0
11409972,PIM3,5.0
6450551,IRAK4,5.0
9933475,CDC2L1,5.0
11984591,FLT3(D835Y),9.431798275933003
153999,EGFR(E746A750del),5.292429823902063
6918454,AKT1,5.0
5328940,PRKCI,5.0
153999,PRKG1,5.0
11427553,BMPR2,6.431798275933005
42642645,PRKD2,5.0
151194,GRK4,5.0
9809715,MKNK2,5.0
208908,PIK3CA(Q546K),5.0
176167,PRKCI,5.0
5328940,BRAF,5.0
10127622,FGFR4,5.0
5291,EGFR(E746A750del),5.0
11409972,PIP5K2C,5.0
16722836,ABL1(Q252H),6.958607314841775
156414,EPHA1,5.6020599913279625
6450551,MEK5,6.853871964321762
3038525,JAK1(JH2domain-pseudokinase),5.0
11427553,CAMK2G,5.0
16007391,PIK3CA(M1043I),5.0
10127622,PFTAIRE2,5.0
11617559,INSR,5.0
6918454,ACVR2B,5.0
24889392,EGFR(L747E749del),5.0
10138260,MAP3K15,5.920818753952375
16725726,NIM1,5.0
10427712,PIP5K2B,5.10790539730952
9929127,DYRK1A,5.6777807052660805
11364421,CSK,5.0
11314340,DDR2,5.0
16725726,GAK,5.0
24779724,PIK3CA(E542K),5.0
11338033,PRKG1,5.0
9884685,IRAK4,5.0
11427553,PAK3,6.337242168318426
11626560,FLT3(D835H),6.301029995663981
9809715,GRK7,5.920818753952375
11338033,JNK2,5.0
11667893,PRKR,5.0
5291,PRKCI,5.0
9933475,HIPK4,5.0
156414,FER,5.0
11667893,EGFR(L747T751del),5.585026652029182
4908365,GAK,6.060480747381382
10138260,ICK,5.920818753952375
44150621,PLK4,5.0
42642645,MARK3,5.0
16722836,EPHB6,6.522878745280337
156414,MAP4K3,5.0
156422,BMPR1A,5.0
11626560,PHKG2,5.0
42642645,CAMKK1,6.259637310505756
16725726,PIK3CA(C420R),5.0
11409972,ASK1,5.0
9926054,PIK3CG,5.0
123631,EGFR,9.0
10427712,MAP3K3,5.0
16725726,MYLK,5.0
10074640,PRKG2,5.0
9884685,PKMYT1,5.0
5291,IRAK4,5.0
11717001,ERK5,5.0
10074640,PIM3,6.142667503568732
5494449,CAMK4,5.0
11712649,HIPK1,5.0
11338033,MAP3K1,5.0
10427712,CLK4,6.886056647693163
9809715,MEK3,5.6777807052660805
9926791,LRRK2,5.886056647693163
11314340,EPHB3,5.0
5291,LCK,7.397940008672037
51004351,CSNK1D,5.0
11234052,CDKL3,5.0
16007391,PIP5K1A,5.0
11338033,ACVR1,5.0
10184653,HIPK2,5.0
25243800,ABL1(H396P)p,7.236572006437063
9926791,MTOR,5.0
24180719,MAP3K1,5.0
3062316,NLK,6.585026652029182
10427712,JAK1(JH2domain-pseudokinase),6.161150909262744
10113978,DMPK,5.0
208908,FLT3(ITD),5.0
11712649,PRKCD,5.0
156414,KIT(V559D-T670I),5.721246399047171
16007391,CDK8,5.0
216239,PLK3,5.0
11314340,LKB1,5.0
11984591,BMPR2,5.0
11626560,ABL1(E255K),6.769551078621726
151194,PKNB(Mtuberculosis),5.0
5328940,IRAK4,6.443697499232713
176155,MARK4,5.0
123631,PKNB(Mtuberculosis),5.0
447077,MYO3A,5.0
24889392,CDK4-cyclinD3,5.0
10127622,CDK3,5.0
16007391,PDGFRA,7.42021640338319
9809715,INSR,7.619788758288394
176870,PHKG2,5.0
216239,ACVRL1,5.0
11984591,NEK11,6.769551078621726
10461815,GRK7,7.214670164989233
3038522,p38-alpha,5.0
5329102,MAPKAPK5,5.0
51004351,MEK5,5.0
153999,PRKG2,5.508638306165728
5291,MTOR,5.0
9915743,PIP5K1C,5.0
6918454,BRSK2,5.0
10184653,PIK3CA(H1047L),5.0
11338033,PLK3,5.0
3081361,ICK,5.0
3038525,KIT(V559D-V654A),5.0
16038120,CSNK1A1L,5.2839966563652006
24889392,PIK3CA(E545A),5.0
16038120,EPHA6,6.920818753952375
156414,EPHB2,5.568636235841013
3038525,MAPKAPK5,5.0
42642645,ERK3,5.0
156414,MST4,5.0
11314340,CDK11,5.886056647693163
3062316,IRAK3,5.0
3038522,EGFR(E746A750del),6.481486060122113
156414,CLK2,5.0
9933475,EPHA2,5.0
16038120,NEK3,5.055517327849832
10184653,MINK,5.0
151194,EPHA2,5.0
153999,PIK3CA(E545K),5.0
156422,MKNK1,5.200659450546419
5494449,CDK8,5.0
151194,JNK1,5.0
153999,MRCKA,5.0
9929127,EPHB1,5.0
10074640,BMPR2,5.0
24889392,LTK,5.0
25243800,BRAF(V600E),5.795880017344075
447077,EPHA3,8.119186407719209
5329102,JAK3(JH1domain-catalytic),5.920818753952375
216239,PRKR,5.0
16725726,ACVR1,5.0
11338033,NDR1,5.0
3062316,JNK3,5.0
11409972,MLK3,5.3979400086720375
4908365,p38-delta,5.0
10127622,HUNK,5.0
151194,MLK3,5.0
151194,NDR2,5.0
9926054,LZK,5.0
10427712,PIP5K1A,5.744727494896694
10427712,EGFR,5.292429823902063
3025986,PAK4,5.0
11234052,KIT(V559D-V654A),7.920818753952375
11234052,FGFR2,6.958607314841775
11314340,PRKCD,7.568636235841013
9933475,PIK3CA(H1047L),5.0
11364421,NEK3,6.142667503568732
11717001,PIK3CA(M1043I),5.0
24779724,ERK8,5.0
6450551,IKK-beta,5.0
11626560,DRAK2,5.0
17755052,DMPK2,5.0
156422,CSNK1A1,5.0
3062316,NEK3,5.0
11427553,PIK3CA(E545K),5.0
44259,PIM3,9.292429823902063
25243800,PIM3,5.522878745280337
9926791,MYO3B,5.0
5494449,MAP4K4,5.619788758288394
4908365,EPHB3,5.0
3081361,ABL1(Q252H),7.744727494896694
9884685,EPHA2,5.0
126565,ADCK3,5.0
11314340,ABL1,5.0
10138260,EPHA8,5.0
5287969,KIT,5.0
11234052,IKK-epsilon,5.0
25243800,EGFR(S752I759del),5.337242168318426
51004351,ABL1(E255K),5.0
11626560,EPHA7,6.327902142064283
24180719,BLK,5.958607314841775
126565,GCN2(KinDom2S808G),8.387216143280265
11712649,ANKK1,5.0
151194,ASK2,5.0
126565,ERK3,5.0
6450551,CHEK2,5.0
176870,MAP4K2,5.0
151194,PIM2,5.0
11314340,MAP3K3,5.0
9929127,EPHA4,5.0
11427553,LKB1,6.619788758288394
216239,ABL1p,5.853871964321762
11314340,CAMK4,6.1487416512809245
16007391,FGFR3,5.0
447077,EGFR(G719S),6.200659450546419
9915743,HIPK2,5.0
10461815,DCAMKL2,6.00436480540245
11427553,NEK6,6.920818753952375
208908,CAMK1D,5.0
5328940,PIP5K1A,5.481486060122113
11984591,CDKL1,5.6777807052660805
10113978,IGF1R,5.0
11626560,JAK1(JH2domain-pseudokinase),5.0
44259,ABL1(H396P)p,7.443697499232713
9933475,MST3,5.0
3038525,p38-alpha,8.55284196865778
153999,CSNK1E,5.0
11717001,DRAK2,5.0
9933475,BRSK2,5.0
11338033,ERBB2,5.0
11427553,ANKK1,7.086186147616283
11485656,MAP3K15,5.0
3062316,EPHA2,9.070581074285707
5494449,EGFR(L747E749del),5.0
156422,PIK4CB,5.0
3038522,ERK1,5.0
6918454,EGFR(S752I759del),5.0
447077,PDGFRA,8.2518119729938
6450551,PAK1,5.0
156414,FGFR1,5.0
6450551,CDK4-cyclinD3,5.0
11667893,FGFR2,5.0
24779724,MEK1,5.0
9884685,FLT3(N841I),5.0
10074640,BRK,5.0
11314340,DAPK1,5.795880017344075
3081361,p38-beta,5.0
10074640,CLK2,5.0
9926054,FES,5.0
24889392,PIK3CD,5.0
5287969,CSK,5.0
11617559,PLK4,5.0
11364421,CDK4-cyclinD3,5.721246399047171
51004351,MST4,5.0
42642645,DAPK2,5.0
5328940,FGFR4,5.0
176167,CAMK2B,5.0
9809715,PIK3C2B,5.0
644241,PRKCD,5.0
10184653,LATS2,5.0
6450551,ACVR1B,5.0
5494449,MEK2,5.698970004336019
24889392,PIP5K2C,5.0
11656518,BRSK1,5.0
11717001,PKNB(Mtuberculosis),5.0
10113978,ERK8,5.0
11712649,DYRK1A,5.0
11626560,FLT3(ITD),6.136677139879544
153999,CDK9,5.0
24779724,PAK4,5.0
216239,HCK,5.070581074285707
156422,ABL1(M351T),5.0
5291,CSNK1G3,5.0
3038525,CAMK1D,5.0
3038525,KIT,5.0
126565,CAMK2B,7.229147988357856
42642645,FLT3(D835H),8.853871964321762
11427553,INSR,6.3979400086720375
10074640,ABL1,8.67778070526608
16725726,CSNK1A1L,5.0
5287969,MEK6,5.0
5291,PIP5K2B,5.0
151194,ERK1,5.0
9915743,FLT3(N841I),5.1938200260161125
6450551,CLK3,5.0
11617559,LTK,5.0
42642645,MARK4,5.0
156422,FLT3(R834Q),5.0
208908,MST4,5.0
9926054,FGR,5.0
11656518,MYO3B,5.0
447077,BMPR1B,8.397940008672037
11626560,BTK,5.10790539730952
9933475,CSNK1A1,5.0
126565,MINK,8.443697499232712
176167,NEK4,5.0
24180719,NEK9,5.0
5287969,ABL1(T315I)p,5.0
24889392,PIK3CA(I800L),5.0
11314340,CIT,7.886056647693163
51004351,CDC2L2,5.0
123631,LRRK2,5.0
5291,ANKK1,5.0
644241,PCTK3,5.0
208908,PKNB(Mtuberculosis),5.0
11485656,MAP4K4,5.0
11485656,CDK7,5.537602002101044
176167,MLK1,5.0
11667893,JNK2,5.0
11626560,FLT3(K663Q),6.045757490560675
44150621,ERBB3,5.0
25127112,DDR1,5.0
5494449,ASK1,5.0
11338033,ACVR1B,5.0
6918454,MUSK,5.0
11364421,p38-gamma,5.0
151194,JNK3,5.0
17755052,ACVR1,5.0
3025986,ABL1(F317L)p,5.0
176167,GAK,5.0
153999,AMPK-alpha1,5.0
11409972,PAK4,5.0
51004351,PIP5K2B,6.568636235841013
5291,CDK4-cyclinD3,5.0
51004351,EPHA1,5.0
176167,CAMK2A,5.0
208908,MAP3K2,5.0
216239,HUNK,5.0
5328940,PKN1,5.537602002101044
9915743,PIM3,5.0
9926054,ABL2,5.0
25127112,EGFR(T790M),5.0
25127112,MST1R,5.0
11234052,CDC2L2,5.0
24180719,HIPK3,5.013228265733755
176155,ACVRL1,5.0
3025986,MLK2,5.0
176870,NEK11,5.0
11667893,NDR1,5.0
5291,AURKB,5.0
51004351,MAPKAPK2,5.0
11667893,EPHA7,5.0
11409972,PIK3CA(E545K),5.0
151194,PCTK3,5.0
5329102,CSNK1G1,6.031517051446065
11364421,MARK4,5.0
24180719,BIKE,5.0
156422,PAK1,5.0
11984591,ASK2,5.0
11712649,MEK5,5.0
10138260,IKK-epsilon,6.318758762624413
10461815,JAK2(JH1domain-catalytic),6.366531544420414
3025986,MERTK,5.0
11717001,PIK3CA(I800L),5.0
10113978,FGFR1,6.00436480540245
644241,CDK8,5.0
5328940,AURKC,5.0
51004351,PIK3CA(I800L),5.0
10184653,PKN2,5.0
11485656,MAP3K3,5.0
6918454,LIMK1,5.0
16725726,PIK3CA,5.0
24779724,MYLK4,5.0
11314340,LZK,5.0
3025986,EGFR(L747E749del),5.0
10074640,PIK3CA(I800L),5.0
151194,CLK2,5.0
176870,MARK2,5.0
24180719,PIM2,5.0
5329102,CDC2L5,5.0
11984591,DAPK2,7.207608310501746
10461815,ABL1(H396P),5.0
176155,ACVR2B,5.0
11427553,PIK3CA(H1047Y),5.0
176870,BMPR1A,5.0
11485656,EPHA1,5.0
447077,CSNK1A1,5.0
156414,PLK1,5.0
5328940,CSNK2A2,5.0
11485656,CAMK2G,5.0
11717001,MYLK2,5.0
11712649,PIK3C2G,5.0
11667893,NEK6,5.0
11617559,KIT,5.0
16722836,DYRK1A,5.0
44150621,PDPK1,5.0
126565,AURKA,7.795880017344075
11485656,ABL1(H396P)p,5.0
11626560,ACVR2A,5.0
10113978,NEK11,5.0
16038120,LKB1,5.0
3062316,MARK2,5.0
51004351,AKT2,6.107905397309519
11314340,MARK2,5.0
11409972,CLK2,5.744727494896694
10138260,LRRK2,7.142667503568732
16038120,EPHB1,6.468521082957745
4908365,GRK4,5.657577319177793
24180719,MAST1,5.0
9933475,MST2,5.0
10127622,HPK1,5.0
4908365,PFPK5(Pfalciparum),5.0
176870,DLK,5.0
10184653,HPK1,5.0
176167,GRK7,5.886056647693163
16725726,FER,5.0
5328940,FLT3(D835H),6.0
11617559,PDPK1,5.0
16725726,ABL1,5.0
208908,CAMKK2,5.0
11712649,PIK3CA(H1047L),5.0
11712649,MAST1,5.0
6450551,MAP3K2,5.0
10127622,BMPR2,5.0
447077,ABL1(H396P)p,8.853871964321762
11984591,AURKB,6.958607314841775
24779724,PFPK5(Pfalciparum),5.0
11364421,NIM1,6.113509274827519
11409972,ALK,5.853871964321762
644241,LRRK2,5.0
44259,BLK,7.823908740944319
11656518,ABL1(Q252H)p,5.130768280269024
3025986,PKAC-beta,5.0
11314340,BMPR2,5.0
644241,HIPK1,5.0
5287969,HIPK4,5.698970004336019
44259,EGFR(G719S),5.958607314841775
644241,MLCK,5.0
9809715,EGFR(L747S752del),5.0
3062316,AURKC,5.0
44259,PIM1,8.494850021680094
11427553,AURKB,7.055517327849832
51004351,ERN1,5.638272163982407
9884685,CAMK2B,5.0
44259,MEK5,8.537602002101044
10127622,CLK2,5.0
16722836,EPHB4,5.6777807052660805
11409972,EIF2AK1,5.0
10184653,CDK7,5.0
156414,NEK7,5.0
6450551,FRK,5.0
25243800,EGFR(L747T751del),6.113509274827519
447077,CLK1,5.0
17755052,AURKB,5.0
10113978,JNK3,5.721246399047171
644241,DCAMKL1,5.0
17755052,PIK3CA(E545K),8.920818753952375
42642645,PKMYT1,5.0
151194,PRKD1,5.0
24180719,MST2,5.0
16725726,MET,5.0
11712649,PKN2,5.0
3025986,CDK2,7.161150909262744
123631,ADCK4,5.0
24779724,CDK7,5.0
3038525,EGFR(G719C),5.0
24889392,p38-gamma,5.0
5328940,CSNK1G1,5.0
10461815,EPHB6,5.537602002101044
11485656,DCAMKL1,5.0
644241,NEK5,5.0
42642645,CSK,6.920818753952375
16722836,DMPK2,5.0
11314340,PAK7,6.173925197299174
11626560,AURKB,7.119186407719209
9929127,EPHA7,5.0
11338033,MST3,5.0
3062316,EPHB2,9.4089353929735
3038522,PIK3C2G,5.0
4908365,PFTK1,5.0
10461815,ERBB2,5.0
16038120,PIK3CA,5.0
3081361,MARK2,5.0
17755052,IGF1R,5.0
16007391,NEK11,5.0
11409972,CSNK1G1,6.0
208908,CDC2L1,5.0
16725726,MST1R,5.0
11364421,EGFR(L858RT790M),6.619788758288394
3081361,ABL1(F317L),7.1249387366083
16725726,IRAK3,5.0
11617559,CIT,5.0
10113978,CLK2,5.0
5328940,MET,5.657577319177793
44150621,KIT(V559D-V654A),8.508638306165727
156422,CDK9,5.0
3081361,CSNK1G2,5.0
11656518,EGFR(L747T751del),5.0
25243800,CSNK2A2,6.026872146400302
11984591,ABL1(F317I)p,5.0
10461815,IKK-beta,5.0
123631,DDR2,5.0
11485656,IKK-beta,5.0
51004351,PIK3C2B,5.0
51004351,HIPK1,5.0
153999,NEK9,5.0
11364421,ABL1(H396P)p,5.585026652029182
9915743,PRP4,5.0
5291,IGF1R,5.0
51004351,KIT(D816H),7.795880017344075
42642645,LOK,9.275724130399212
10138260,EGFR(L861Q),5.0
10461815,ABL1(M351T),5.769551078621726
25243800,CDK4-cyclinD3,5.0655015487564325
10138260,FGFR3(G697C),6.42021640338319
44259,MEK1,7.67778070526608
10184653,PDPK1,5.0
156414,MKK7,6.958607314841775
11712649,CDK7,5.0
16722836,MAP4K3,5.744727494896694
5291,NEK5,5.0
16038120,CDK7,6.721246399047171
5494449,IRAK4,5.431798275933005
3081361,PIK3CG,5.0
11427553,MTOR,5.0
16722836,PAK2,5.221848749616356
10461815,CAMK2G,5.698970004336019
156414,NEK4,5.0
11485656,PIP5K2C,5.0
176870,LCK,6.6020599913279625
176155,PRKCQ,5.0
24180719,PKAC-beta,5.0
11338033,PAK7,5.0
9926791,PIP5K2C,5.0
16007391,AURKB,8.337242168318426
10113978,BMPR2,5.0
11364421,PIK3CA(M1043I),5.0
44259,EIF2AK1,5.0
24779724,PHKG1,5.0
5328940,KIT(V559D-T670I),5.0
10461815,ABL1(Q252H)p,5.031517051446065
9809715,PFCDPK1(Pfalciparum),5.920818753952375
176167,AKT2,5.0
44150621,PAK3,6.113509274827519
17755052,PIK3CA(H1047Y),8.387216143280265
10113978,FLT3,5.958607314841775
9915743,JNK1,5.481486060122113
151194,GAK,5.0
25127112,AMPK-alpha1,5.0
9915743,NEK9,5.0
11667893,ALK,5.0
10138260,PFPK5(Pfalciparum),5.0
42642645,PDGFRB,9.017728766960431
11427553,EPHA2,5.823908740944319
9915743,ABL1(F317I)p,5.0
176870,MYO3B,5.0
11427553,ABL1(F317L)p,7.026872146400302
6918454,ERK8,5.0
25127112,PKNB(Mtuberculosis),5.376750709602099
25243800,MST1,5.0
216239,PHKG1,5.0
42642645,MRCKB,6.481486060122113
10138260,NEK6,6.221848749616356
153999,PAK6,5.0
11617559,AURKC,5.0
6450551,HUNK,5.823908740944319
10427712,DAPK2,5.0
3038525,ABL1(T315I)p,5.0
11712649,AKT1,5.0
153999,PRKD3,5.0
24889392,FRK,5.744727494896694
24779724,PIK4CB,5.0
176167,AAK1,5.568636235841013
11626560,GSK3A,5.0
5329102,MUSK,6.309803919971486
24779724,BMPR1B,5.0
11984591,CSNK2A1,7.1938200260161125
10074640,PIK3CA,5.0
644241,HIPK2,5.0
10127622,CDK11,5.0
44259,ABL1(T315I),8.075720713938118
176870,PRKCD,5.0
176155,CSNK1D,7.431798275933005
208908,MARK1,5.0
10074640,ABL1(H396P),7.958607314841775
11364421,FLT3(R834Q),5.0
16038120,MAPKAPK5,5.0
16722836,EPHA4,5.3979400086720375
24779724,EPHB3,5.0
6450551,EGFR(L747T751del),5.0
11984591,ERK5,5.0
11717001,PIK3CG,5.0
10127622,AURKB,5.0
11667893,PAK6,5.0
9884685,EGFR(G719C),5.0
11712649,CDK2,5.0
44259,FLT1,6.823908740944319
176167,CDK3,5.958607314841775
11314340,ERK1,5.0
10113978,MLK1,6.537602002101044
5328940,CHEK1,5.522878745280337
51004351,IRAK1,5.0
156422,GRK7,5.0
10138260,DAPK3,6.769551078621726
151194,EGFR(G719S),5.0
16038120,PLK4,9.031517051446064
216239,EPHA5,5.455931955649724
176870,ABL1(F317I)p,5.958607314841775
11234052,GSK3B,5.0
11667893,PIP5K2C,5.0
5291,MST4,5.0
5329102,CDK8,5.0
11712649,ERK3,5.0
9926054,EPHA6,5.0
3038522,PRKG1,5.0
123631,CDKL5,5.0
126565,PIK3CA,5.309803919971486
5291,BMX,5.0
24180719,FLT3(N841I),5.4089353929735005
4908365,FGFR4,5.0
10127622,EGFR(L747E749del),5.522878745280337
5328940,GSK3B,5.0
126565,CDKL3,6.366531544420414
5328940,PIK3CA(M1043I),5.0
11427553,ERK5,5.568636235841013
151194,PAK7,5.0
9929127,p38-gamma,5.0
42642645,CAMK2B,5.0
16038120,ERBB2,6.267606240177032
123631,PRKX,5.0
447077,ABL1p,9.236572006437065
9884685,AMPK-alpha2,5.0
10427712,CDK4-cyclinD1,5.0
44150621,MEK4,5.0
44150621,IKK-alpha,5.744727494896694
156414,LCK,6.494850021680094
10127622,MAP3K3,5.0
3038525,EGFR(L861Q),5.0
10138260,PAK6,5.0
176167,CAMK1D,5.0
176870,FYN,5.0
447077,MET(M1250T),5.958607314841775
51004351,CSNK1G1,5.0
9926054,AURKA,5.0
11364421,FGFR1,5.0
10138260,PIK3CA(M1043I),5.0
11338033,EGFR(E746A750del),5.0
156414,MET(M1250T),5.769551078621726
3062316,DYRK2,5.0
24889392,DCAMKL3,5.0
5328940,CAMK4,5.0
9884685,MYLK,5.823908740944319
42642645,MRCKA,6.180456064458132
11314340,NEK3,5.0
10113978,CDKL1,5.0
16038120,PIK3CA(H1047Y),5.0
51004351,LATS1,5.958607314841775
11617559,NEK1,5.0
25127112,EPHA1,5.0
216239,ABL1(T315I),6.229147988357856
5494449,CAMK2D,5.0
3038522,DYRK1B,5.0
9809715,FLT3(D835Y),9.3767507096021
6450551,PLK3,5.0
11712649,GCN2(KinDom2S808G),5.0
10074640,ERK2,5.0
6918454,MST1,5.0
25243800,PIK3CA,6.823908740944319
9929127,JAK1(JH1domain-catalytic),5.0
10113978,CAMK2D,5.0
11485656,EGFR(G719C),5.187086643357144
3062316,MKNK2,5.0
447077,PRKCQ,5.0
11409972,PLK2,5.0
25243800,MET(Y1235D),5.0
156422,AURKA,5.0
9809715,DCAMKL1,6.267606240177032
42642645,ABL1,8.2518119729938
44259,ABL1(M351T),7.2839966563652
3025986,ICK,6.823908740944319
10138260,JAK1(JH2domain-pseudokinase),7.013228265733755
11485656,PRKR,5.0
44150621,BMPR1A,5.0
9915743,MEK6,5.0
25127112,ABL1p,5.0
176167,CSNK2A1,5.0
3038525,HPK1,5.0
151194,CLK3,5.0
17755052,MET(Y1235D),5.0
11717001,MEK5,5.292429823902063
3062316,MST2,5.0
176167,EPHA3,5.0
25243800,IRAK4,5.366531544420414
5328940,FLT3(ITD),5.537602002101044
10138260,NEK11,5.0
11338033,PKAC-alpha,5.0
176167,ABL1(H396P),5.0
51004351,GSK3A,5.6020599913279625
44259,CASK,7.721246399047171
10127622,DRAK2,5.0
5291,CAMKK1,5.0
5494449,LIMK2,5.585026652029182
5328940,p38-alpha,5.0
11338033,MERTK,5.0
123631,PAK1,5.0
156414,LTK,5.292429823902063
9933475,CDK3,5.0
11364421,INSRR,5.0
3038525,CDC2L5,5.0
11717001,MLK2,5.0
11338033,PIK3C2G,5.0
9915743,AXL,6.721246399047171
11234052,ACVRL1,5.0
11409972,ICK,5.6020599913279625
44150621,PLK2,6.2441251443275085
10074640,MAP4K3,5.0
3081361,p38-gamma,5.0
11984591,BLK,7.602059991327962
123631,CIT,5.886056647693163
10427712,PKN2,5.0
11427553,PAK1,5.6777807052660805
17755052,FLT3(D835Y),6.1487416512809245
3038525,MET,5.0
11984591,MYO3B,5.0
42642645,LZK,7.795880017344075
3038522,EPHA7,5.0
10074640,KIT(V559D-T670I),5.0
11427553,MARK2,6.356547323513813
11617559,NEK2,5.0
16725726,PRKCE,8.275724130399212
176870,KIT(V559D-V654A),5.0
5291,HUNK,5.0
16007391,PIP5K1C,5.0
44150621,IRAK4,6.886056647693163
9929127,PAK2,5.0
208908,NDR2,5.0
25243800,ABL1(Q252H)p,7.1249387366083
126565,MUSK,5.3872161432802645
156422,PIP5K2B,5.0
11626560,MKK7,5.0
208908,CDK11,5.0
10074640,DDR1,8.060480747381382
5494449,BTK,5.356547323513813
11656518,PFTK1,5.0
3025986,GSK3A,7.552841968657781
3038522,PIK3CB,5.0
216239,ABL1(Y253F),6.180456064458132
126565,NLK,6.113509274827519
176870,BTK,5.0
24180719,PIK3C2G,5.0
10113978,KIT,8.55284196865778
11717001,MAP3K2,5.0
11656518,PLK1,5.0
11485656,PAK6,5.0
11656518,LIMK1,5.0
5287969,CDK9,8.193820026016112
6450551,MRCKB,5.318758762624413
11409972,CSNK1A1L,5.0
176155,CDK5,5.0
11485656,ABL1(F317L),5.0
11626560,BLK,6.958607314841775
16038120,CDKL5,5.0
44259,CAMK2D,9.494850021680094
11427553,PIK3CA(E545A),5.0
9926791,MAP3K3,5.0
11409972,FAK,5.0
9915743,NEK2,6.6020599913279625
9933475,PIK3CA(E545K),5.0
9884685,PKN2,5.0
44150621,MST1,6.698970004336019
24889392,MEK3,5.0
16725726,p38-alpha,5.0
208908,EPHB6,5.0
216239,BRSK2,5.0
10127622,PKAC-alpha,5.0
11712649,PDPK1,5.0
216239,LIMK1,5.795880017344075
447077,CAMK1,5.0
51004351,CAMKK2,7.136677139879544
3062316,PIK3CB,5.0
5328940,PIK3CB,5.0
16722836,IGF1R,5.657577319177793
44259,AMPK-alpha2,7.920818753952375
25243800,CDKL2,5.0
16725726,PAK7,8.050609993355087
25127112,IKK-beta,5.638272163982407
176870,PRKG2,5.0
9915743,ERK4,5.0
10074640,ABL1(H396P)p,6.853871964321762
17755052,GSK3B,5.0
10113978,AKT2,5.0
9809715,CSNK1A1L,5.0
11667893,p38-alpha,5.0
9933475,EPHA5,5.0
24779724,MRCKB,5.0
11338033,MST1,5.0
9929127,GCN2(KinDom2S808G),5.0
9884685,EPHA6,5.0
51004351,FLT3,7.958607314841775
6450551,MEK2,5.585026652029182
44259,DRAK2,7.67778070526608
10461815,NLK,5.0
10184653,ABL1,5.886056647693163
17755052,PIM2,5.0
16007391,LTK,5.494850021680094
16725726,BMPR2,5.0
10113978,PRKCH,5.0
176870,FGFR3,5.0
9926791,PRP4,5.0
5291,PRKX,5.0
9929127,CAMK4,5.0
16725726,BIKE,5.0
44259,MYO3A,6.301029995663981
3038525,ABL1(Y253F),5.0
9926054,CHEK2,5.0
16038120,PRKCQ,5.823908740944319
156414,FRK,5.468521082957745
11656518,MYLK,5.0
6918454,BRSK1,5.0
176870,BRAF,5.0
123631,PLK2,5.0
11617559,CSNK1A1,5.0
25243800,IRAK1,5.431798275933005
10138260,LIMK1,5.0
10184653,CTK,5.0
24889392,CLK4,5.0
10461815,CDK9,5.744727494896694
9915743,LATS1,5.0
176167,ERK4,5.0
9926791,AKT1,5.0
9926054,PDPK1,5.0
17755052,PLK2,5.0
16725726,EPHB2,5.0
11338033,ASK1,5.0
11409972,DMPK,5.0
6918454,ABL1(F317I),5.0
5494449,CDK5,5.0
644241,MAK,5.0
3025986,CDK5,6.130768280269024
5494449,FAK,5.0
176167,IRAK3,5.0
16038120,MST3,5.537602002101044
11427553,CDK2,5.0
156414,ERK3,5.769551078621726
11717001,PKMYT1,5.0
16038120,KIT(D816H),6.853871964321762
156414,MERTK,5.0
9809715,ANKK1,5.0
4908365,LRRK2(G2019S),6.431798275933005
11626560,JAK1(JH1domain-catalytic),6.481486060122113
176870,CDK7,5.0
176870,MELK,5.0
10127622,ABL1(Q252H),5.0
24180719,ABL1(F317L)p,5.2441251443275085
4908365,BMPR2,6.508638306165728
42642645,PRKR,5.0
5329102,PRKX,5.0
3062316,MARK1,5.0
11338033,BMX,5.0
9926791,NEK6,5.0
16725726,ADCK4,5.0
447077,FLT4,6.130768280269024
11626560,DCAMKL1,6.481486060122113
11427553,PIM3,5.0
11364421,BRAF,5.0
9884685,MEK2,5.0
123631,PAK4,5.0
10427712,JAK2(JH1domain-catalytic),5.0
4908365,DYRK1A,5.0
153999,PRKCI,5.853871964321762
11717001,FAK,5.0
151194,CSNK2A2,5.0
3025986,CAMK2G,5.0
24889392,EGFR(S752I759del),5.0
5287969,CSNK1G3,5.0
9809715,MARK3,6.113509274827519
11364421,MYO3A,5.200659450546419
3038522,EGFR(L747T751del),6.327902142064283
16722836,NEK9,6.823908740944319
9809715,CSNK1G1,5.0
10113978,MAP4K2,5.568636235841013
10113978,PIK3CA(Q546K),5.0
3038525,FLT3(R834Q),5.0
11314340,ABL1(H396P)p,5.0
25127112,DYRK1A,6.040958607678906
5291,EGFR(L861Q),5.0
11984591,PIM1,5.0
208908,MRCKA,5.0
11338033,FLT3(R834Q),5.0
156422,PKN1,5.0
10074640,HCK,6.161150909262744
11717001,KIT(D816V),5.0
11485656,EPHB6,7.481486060122113
3081361,JNK1,5.0
3038522,PIP5K1A,5.0
151194,CDKL3,5.0
11656518,NDR2,5.0
126565,CDC2L2,5.0
10461815,CHEK2,5.0
126565,DYRK1A,7.698970004336019
216239,AMPK-alpha1,5.0
44150621,FLT3,9.193820026016112
9809715,DAPK3,5.6777807052660805
51004351,CSNK1E,5.0
9929127,CAMK1G,5.0
6450551,PIK3CA(I800L),5.0
11626560,MET(Y1235D),8.823908740944319
10113978,DDR1,7.244125144327507
10461815,PIP5K2B,5.795880017344075
3062316,MTOR,5.0
11427553,PIK3CA(M1043I),5.0
5328940,MAPKAPK2,5.0
24180719,PIK3CG,5.0
24180719,PKNB(Mtuberculosis),5.0
176167,p38-gamma,5.0
11712649,GRK7,5.0
16725726,PFTAIRE2,5.0
11667893,CDC2L1,5.0
11409972,MLCK,5.0
16007391,NDR2,5.0
44259,DCAMKL1,6.958607314841775
11712649,FER,5.356547323513813
153999,CSNK1A1L,5.0
11656518,PRKX,5.0
6450551,HIPK2,5.0
216239,FLT1,7.508638306165728
10127622,FLT3(D835Y),5.0
126565,PDPK1,8.468521082957745
10427712,PFTK1,5.0
3038525,NEK4,5.0
156414,PRKCD,5.0
11712649,ITK,5.0
3038525,PIK4CB,5.0
10074640,EGFR(L861Q),5.327902142064283
644241,CAMKK2,5.0
5287969,ABL1(M351T),5.721246399047171
3038525,LATS1,5.0
16722836,INSRR,5.795880017344075
11427553,NEK11,5.0
11984591,p38-beta,5.0
44150621,AKT2,5.0
10074640,AAK1,5.0
11667893,PKNB(Mtuberculosis),5.0
5291,GSK3B,5.0
11314340,BRAF,5.0
9884685,CSF1R,5.0
5329102,PAK3,7.795880017344075
5329102,DDR1,5.698970004336019
9926054,CAMK2D,5.0
9884685,EPHB1,5.0
11667893,PIK3CA(M1043I),5.0
153999,FGFR3(G697C),5.0
208908,NEK11,5.0
11427553,MEK4,6.6020599913279625
3038525,PLK2,5.0
11338033,AMPK-alpha2,5.0
5328940,ERK3,5.0
3038522,DRAK1,5.0
9926054,FLT3(K663Q),5.0
9933475,FLT3(ITD),5.0
3038522,HIPK1,5.0
156422,LRRK2,5.0
16038120,LYN,6.552841968657781
24889392,EPHA5,5.0
151194,MLK1,5.0
216239,CAMK1,5.0
11485656,CSNK2A1,5.0
17755052,DAPK3,5.744727494896694
156422,PIK3CB,5.0
25127112,MEK5,5.0
9933475,PIP5K2C,5.0
16038120,IKK-epsilon,5.958607314841775
9929127,FES,5.0
10427712,HCK,5.0
3038522,MTOR,5.0
24889392,JNK2,5.0
151194,IKK-beta,5.0
176870,MST3,5.0
10461815,DMPK2,5.0
11234052,CDK9,5.0
153999,MAST1,5.0
4908365,BTK,7.113509274827519
17755052,LOK,5.0
16725726,EGFR(L747E749del),5.0
25243800,MST2,5.585026652029182
3038522,PRKCE,5.0
9915743,MLK2,5.337242168318426
5329102,PIK3CB,5.0
153999,MINK,6.508638306165728
11314340,CLK4,9.275724130399212
5329102,ANKK1,6.508638306165728
51004351,ERK5,5.0
9929127,ABL1(M351T),5.0
16038120,PRKCE,5.698970004336019
11712649,ABL1(F317I),5.0
151194,MAPKAPK2,5.0
156414,KIT,5.10790539730952
9915743,DCAMKL2,5.0
11712649,BMPR1A,5.0
10184653,CAMKK1,5.0
11314340,ANKK1,5.0
5291,HIPK2,5.0
44150621,CDK9,5.0
5329102,EPHB1,6.318758762624413
126565,PIM1,6.698970004336019
11717001,NEK5,5.0
17755052,PIK3C2G,6.522878745280337
11626560,IKK-alpha,5.0
44150621,CSK,5.0
44150621,MLK2,5.0
3025986,FGFR4,5.0
11656518,PRKCD,5.0
5291,PRKD2,5.0
10184653,PKMYT1,5.0
11617559,MAP3K3,5.0
25127112,CAMK2A,7.337242168318426
9926791,PIK3CA(I800L),5.0
123631,AMPK-alpha2,5.0
10184653,BRK,5.0
10074640,ACVR1,5.0
11667893,CSNK1E,5.0
9884685,ERN1,5.0
11984591,CDKL3,5.0
176870,MAP3K15,5.0
9929127,LATS1,5.0
126565,FLT3(D835Y),9.244125144327509
176155,PDPK1,5.0
11364421,PIP5K2C,6.958607314841775
6450551,LYN,5.0
16722836,AMPK-alpha1,5.619788758288394
208908,LTK,5.0
17755052,IKK-beta,5.0
3038525,ERK5,5.0
123631,GAK,7.886056647693163
5287969,MYLK2,5.0
6450551,PIK3CA(E545A),5.0
5329102,ABL1(F317I)p,6.050609993355088
16722836,CDK9,5.055517327849832
156422,CSNK1A1L,5.0
5287969,ALK,6.173925197299174
42642645,NEK3,5.0
24889392,MAP4K3,5.0
151194,INSRR,5.0
11712649,ABL1(Q252H),6.200659450546419
42642645,CLK2,5.0
10427712,BMPR1B,5.0
3038522,MST2,5.0
9884685,FLT3(R834Q),5.0
9926054,MEK2,5.0
11485656,AURKA,5.795880017344075
9809715,CSNK1E,6.638272163982407
6450551,CDK9,5.0
153999,JAK1(JH1domain-catalytic),5.0
11984591,CTK,5.0
10074640,DAPK1,5.0
3038522,MLCK,5.0
644241,IKK-beta,5.0
9933475,NEK4,5.0
9884685,p38-delta,5.0
10113978,MEK1,5.0
3025986,ERK4,5.3872161432802645
3038525,LRRK2(G2019S),5.0
10427712,IRAK1,5.0
5287969,CSNK1G2,5.0
3038522,LKB1,5.0
11667893,NEK3,5.0
447077,GSK3B,5.0
10427712,MAP3K15,5.0
9926054,MYO3A,5.0
51004351,BIKE,6.657577319177793
644241,ACVR1,5.0
17755052,ABL1(E255K),5.0
11234052,p38-gamma,5.0
16038120,PAK6,5.455931955649724
10074640,PCTK1,5.0
11485656,FGFR2,5.0
153999,PCTK3,5.0
10427712,DMPK,5.0
176870,ABL1,6.481486060122113
16038120,DRAK1,5.537602002101044
216239,KIT(V559D),7.795880017344075
42642645,NEK4,5.0
9809715,ERBB4,5.0
44259,LATS1,7.376750709602099
9915743,MET,5.3979400086720375
3081361,ERN1,5.0
5291,EGFR,5.0
123631,FAK,5.0
24779724,MST2,5.0
11656518,GRK4,5.0
216239,HIPK4,8.481486060122112
11338033,DRAK2,5.0
9933475,MYLK2,5.0
153999,p38-alpha,5.0
44259,PAK2,8.508638306165727
10127622,p38-beta,5.0
3038525,MAP4K5,5.0
126565,ERK2,5.0
11712649,LATS1,5.0
9884685,EGFR(S752I759del),5.0
3038522,NEK1,5.0
9915743,FLT4,5.0
11626560,NDR2,5.0
11656518,HCK,5.920818753952375
6450551,PAK7,5.0
11656518,CSNK2A1,5.0
24889392,MET(M1250T),5.0
24889392,PKAC-alpha,5.0
17755052,CHEK2,5.0
3025986,CLK3,5.0
9915743,MAST1,5.259637310505756
5287969,FGFR3(G697C),5.0
5328940,EGFR(L747E749del),7.537602002101044
3038522,MYLK4,5.0
5291,PIK3CA(H1047L),5.0
9929127,PKN1,5.0
5329102,EGFR(G719S),5.0
216239,FER,5.0
11617559,AXL,5.0
156414,MAPKAPK5,5.0
11667893,CAMK2G,5.0
153999,CHEK2,5.431798275933005
3038522,CSNK1G3,5.0
6450551,ALK,5.0
11314340,EGFR(L747T751del),5.0
11364421,PHKG1,5.0
9926791,ITK,5.0
156414,MYO3A,5.0
4908365,DAPK1,5.301029995663981
5328940,CDK5,5.0
9933475,MST4,5.346787486224656
11626560,EPHB3,5.0
6450551,LRRK2(G2019S),6.00436480540245
11234052,MAP3K4,5.0
16725726,MST1,5.0
11409972,NEK9,5.744727494896694
10184653,CSF1R,5.0
9926054,LYN,5.0
51004351,GAK,6.42021640338319
123631,PIK3CA(M1043I),5.0
16038120,MAST1,5.481486060122113
5287969,MYO3A,5.0
11364421,IKK-epsilon,5.0
10427712,NEK2,5.0
176167,CSNK1A1,5.0
156414,OSR1,5.0
4908365,PIK3CA,5.0
176155,PRKG2,5.0
123631,ITK,5.0
9884685,DMPK2,5.0
3025986,AXL,5.0
11667893,CDKL2,5.0
10138260,EGFR(L747S752del),5.0
11717001,ERBB3,5.638272163982407
9884685,BMX,5.0
24889392,GSK3A,5.0
25127112,PIM3,5.0
9926791,CSNK1G3,5.0
5291,FRK,5.823908740944319
11364421,MINK,5.795880017344075
11656518,HIPK3,5.0
9926791,GRK1,5.0
11717001,FLT3(N841I),5.0
5494449,p38-gamma,5.0
447077,CDK4-cyclinD1,5.0
10427712,FRK,5.0
11717001,CDC2L2,5.0
11338033,GRK7,5.0
9884685,PRKR,5.0
44150621,CDK5,5.0
44259,EPHA6,6.537602002101044
44150621,EPHB2,5.0
10113978,CSNK1A1,5.0
9926054,EGFR(L858RT790M),5.0
9915743,MAK,5.0
16722836,CDK3,5.0
25127112,PRP4,5.0
11656518,FER,5.0655015487564325
44259,PRKCD,8.823908740944319
42642645,ABL1(E255K),6.823908740944319
9933475,ABL2,6.136677139879544
11656518,HIPK2,5.0
25243800,PKAC-beta,5.0
5494449,PIP5K1C,5.0
151194,PIM1,5.0
44259,ERK2,5.136677139879544
123631,IRAK1,7.161150909262744
11712649,AMPK-alpha1,5.0
24889392,BRAF(V600E),5.0
9933475,NEK3,5.0
151194,NEK3,5.0
5291,HPK1,5.0
216239,AKT3,5.0
4908365,DLK,6.481486060122113
24180719,PIK3CA(E542K),5.0
44259,PRKD3,7.744727494896694
25243800,CDC2L1,5.0
11314340,CLK1,8.853871964321762
10113978,PFPK5(Pfalciparum),5.0
10127622,HCK,5.0
11717001,PRKD1,5.0
44150621,DYRK2,5.221848749616356
16038120,ABL1,6.698970004336019
11338033,BRK,5.0
10127622,FYN,5.0
10427712,PIK3CA,7.229147988357856
11427553,CLK2,7.031517051446065
5329102,DMPK2,5.0
5287969,MEK5,6.744727494896694
5328940,GRK1,5.0
11485656,DCAMKL3,5.0
447077,CDK8,5.0
24889392,MAK,5.0
4908365,BRSK1,5.0
10127622,MST4,5.0
9884685,BMPR1B,5.0
176870,CDK8,5.0
16722836,FAK,7.376750709602099
11667893,MAPKAPK5,5.0
153999,PRKD1,5.0
9884685,MELK,5.0
42642645,CHEK2,7.244125144327507
5328940,EPHB6,5.522878745280337
156422,CDK3,5.0
11314340,CSNK1A1,5.6777807052660805
11617559,PDGFRB,5.0
11364421,CSNK1D,5.823908740944319
3081361,CSNK2A1,5.0
10461815,MERTK,5.886056647693163
3038522,PIP5K1C,5.0
176870,MLK2,5.0
447077,MAP4K5,6.638272163982407
11984591,GAK,6.6020599913279625
16007391,MELK,5.0
25243800,INSRR,5.0
208908,MST1,5.0
3062316,EPHB1,9.346787486224656
24889392,PIK3CA(H1047Y),5.0
153999,PIK3CA(I800L),5.0
11626560,CDK7,6.481486060122113
24889392,DAPK3,5.0
10427712,LCK,5.455931955649724
3025986,NEK5,5.0
10427712,AKT3,5.0
126565,PRKD1,7.853871964321762
24889392,ABL1(H396P),5.0
5494449,CSNK1G3,5.0
11314340,CAMK1D,5.619788758288394
51004351,BMX,5.0
10427712,MYO3A,5.0
9915743,IRAK3,5.0
5291,ARK5,5.0
16722836,MAP3K2,6.236572006437063
9926791,JAK3(JH1domain-catalytic),9.795880017344077
156422,PAK7,5.0
10184653,ABL1(F317I),5.537602002101044
10427712,MET(M1250T),5.0
9933475,EPHB1,5.0
10461815,ADCK4,5.0
10184653,MAPKAPK5,5.0
9809715,LIMK1,5.0
126565,EPHB1,5.2839966563652006
16725726,EPHB1,5.0
126565,DAPK3,7.086186147616283
176155,PFCDPK1(Pfalciparum),6.070581074285707
5494449,PRKX,5.0
24779724,PRKG2,5.0
3038522,CDK7,5.508638306165728
447077,MEK4,6.481486060122113
6918454,CAMK2D,5.0
44150621,JNK1,5.0
11234052,MAP3K3,5.0
11485656,CDKL1,5.0
10461815,JNK3,5.0
11717001,AURKA,5.0
9929127,CDKL3,5.0
11712649,ERBB3,5.0
447077,LATS1,5.0
24180719,MELK,5.0
3081361,PFCDPK1(Pfalciparum),5.0
16038120,AKT1,5.0
123631,CDK8,5.0
10113978,MEK5,6.318758762624413
151194,PKAC-beta,5.0
24779724,ICK,5.0
16038120,PIK3CA(M1043I),5.0
11409972,EPHB4,5.0
9809715,PIK3CA,5.0
4908365,MAP4K3,6.6777807052660805
5291,JAK2(JH1domain-catalytic),5.0
176155,CHEK1,5.0
5329102,LIMK2,5.0
208908,NEK3,5.0
5329102,MKK7,5.0
16007391,ERK8,5.0
24779724,PAK2,5.0
123631,MYO3A,5.0
10074640,IGF1R,5.0
10427712,CDK7,5.0
10138260,EGFR(S752I759del),5.0
5494449,PRKG1,5.0
5287969,FGFR3,5.0
9809715,PIK3CA(M1043I),5.0
10461815,PLK4,6.3872161432802645
11712649,EIF2AK1,5.0
10074640,ERK4,5.0
11314340,PAK2,5.823908740944319
51004351,ERK8,5.0
51004351,KIT(A829P),7.366531544420414
10113978,PKN1,5.0
3062316,KIT(V559D),9.167491087293763
51004351,CAMK1,5.698970004336019
3038525,CLK2,5.0
5291,MARK4,5.0
10074640,PRKCI,5.0
11626560,MARK4,5.0
156422,ABL1(H396P),5.481486060122113
11314340,ALK,5.0
3038525,LCK,5.337242168318426
5287969,ABL1p,5.823908740944319
16007391,CDK4-cyclinD1,5.0
11984591,PRKG2,5.443697499232713
208908,ASK2,5.0
42642645,MAPKAPK5,5.0
644241,EPHB4,6.136677139879544
11617559,KIT(V559D),5.0
216239,DCAMKL1,5.0
11617559,EGFR(G719S),5.0
25127112,FGFR2,5.0
126565,IGF1R,5.376750709602099
11717001,NDR1,5.0
17755052,PIP5K2C,5.0
126565,CAMK4,5.522878745280337
5328940,FGFR1,5.0
176167,p38-delta,5.0
11364421,MEK1,5.0
25127112,OSR1,5.568636235841013
5291,LATS1,5.0
5291,CHEK2,5.0
3062316,PRKX,5.0
25127112,LKB1,5.0
208908,IKK-alpha,5.0
44259,ABL1(F317L)p,7.337242168318426
176167,p38-beta,5.0
9926791,CSF1R,5.0
44150621,GSK3A,5.0
9915743,BMPR1A,5.0
11656518,PAK7,5.0
123631,EPHB3,5.0
9933475,MEK4,5.0
16007391,MAP4K2,5.0
10427712,JNK1,5.0
16038120,CSNK1A1,5.0
9915743,PIK3CA(H1047Y),5.0
51004351,p38-beta,5.0
11626560,PLK4,7.221848749616356
3038522,DAPK3,5.0
3038525,ACVR1,5.0
9809715,LZK,6.853871964321762
11717001,FGR,5.0
44259,ERN1,7.67778070526608
6918454,EGFR(G719S),5.0
16007391,IKK-alpha,5.0
11234052,CAMK2A,5.0
176167,CLK1,6.292429823902063
5287969,PKNB(Mtuberculosis),5.0
3038525,JNK3,5.0
10184653,GRK7,5.0
11485656,CAMK2A,5.0
16725726,MAST1,5.0
176155,JNK2,6.886056647693163
11338033,PIK3CA(H1047L),5.0
3081361,ABL1(H396P)p,7.853871964321762
24180719,ADCK3,5.0
644241,CDC2L2,5.0
5329102,CHEK1,6.522878745280337
3038522,CDKL1,5.0
3038522,PIK3CA(E542K),5.0
5494449,PLK1,5.0
123631,CDKL1,5.0
17755052,CSNK1G3,5.0
10461815,BRAF,5.0
6450551,FES,5.0
10461815,DMPK,5.0
44150621,BTK,5.0
9929127,CAMK2D,5.0
11667893,NDR2,5.0
10074640,CAMK2D,5.0
11427553,EPHB6,6.886056647693163
9926791,CSNK1A1L,5.0
644241,MST2,5.0
10184653,ABL1p,6.2441251443275085
16038120,ABL1(Q252H),7.4089353929735005
51004351,PLK4,7.180456064458132
24180719,ABL2,5.568636235841013
16007391,PIK3C2B,5.0
11626560,DYRK1A,5.0
156414,MET(Y1235D),6.080921907623926
11338033,PRKCI,5.0
9933475,LCK,7.173925197299174
10127622,CDK5,5.0
10127622,NEK4,5.0
11717001,MARK4,5.0
3038522,ACVR2A,5.0
153999,PKAC-alpha,5.267606240177032
9915743,BRK,5.0
11364421,LTK,5.920818753952375
123631,ARK5,5.0
176155,p38-beta,7.154901959985743
16722836,GRK7,5.585026652029182
25243800,LTK,5.853871964321762
9926054,ABL1(F317I),5.0
9809715,GRK1,6.0
126565,FGFR3(G697C),6.136677139879544
10184653,ICK,5.0
5291,PFTK1,5.0
44150621,ANKK1,7.102372908709558
11234052,MAP4K3,5.0
11314340,LATS2,6.2076083105017466
9915743,PLK1,5.0
9929127,PRKG1,5.0
51004351,DCAMKL2,5.0
11314340,CDKL1,5.0
216239,AURKA,5.0
9926054,CDK3,5.0
6450551,LATS2,5.0
10113978,PLK3,5.0
24180719,BRSK1,5.0
11712649,NEK9,5.0
25243800,PFPK5(Pfalciparum),5.0
10113978,CDK9,5.0
11717001,LIMK2,5.0
3025986,ERBB3,5.0
3038525,NDR2,5.0
9933475,MAP3K15,5.0
10138260,EPHA1,5.0
51004351,JAK1(JH2domain-pseudokinase),5.0
9884685,JAK1(JH1domain-catalytic),5.0
176155,DAPK2,5.0
156414,MAP3K15,5.0
10184653,EGFR(L747E749del),9.853871964321762
11667893,EGFR(G719C),5.638272163982407
176155,EPHA1,5.0
6918454,EGFR(E746A750del),5.0
25127112,MARK1,5.0
10127622,DAPK3,5.0
24889392,EGFR(L747S752del),5.0
10184653,PRKR,5.0
42642645,DCAMKL3,5.0
9809715,MAST1,5.337242168318426
11314340,NIM1,5.0
447077,FYN,8.309803919971486
176167,JAK1(JH2domain-pseudokinase),5.0
644241,MLK2,5.0
10184653,KIT(V559D),5.0
3062316,NIM1,5.0
3025986,DYRK1B,6.698970004336019
644241,PAK6,5.0
11626560,MAP3K4,5.0
4908365,MARK4,5.275724130399211
9884685,ABL1(F317I)p,5.0
16007391,ACVR1B,5.0
4908365,KIT(L576P),8.638272163982407
9933475,PRKCH,5.0
9926791,EPHA3,5.0
9933475,CSF1R,7.886056647693163
3062316,CSK,9.0
3038525,DMPK,5.0
156422,MAP4K4,7.045757490560675
11338033,EPHA8,5.0
3025986,CDK11,6.022276394711152
3062316,FGFR4,5.0
11626560,NEK5,5.0
9926791,DYRK1A,5.0
5328940,PKN2,5.494850021680094
10138260,KIT,9.167491087293763
10184653,LIMK1,5.0
24779724,ERK5,5.0
156422,NEK2,5.0
126565,FLT3,8.070581074285707
11717001,CSNK1A1,5.0
24180719,PRKD1,5.0
10427712,PCTK3,5.0
176870,EPHA4,5.0
11409972,EGFR(T790M),5.6777807052660805
11626560,CSNK2A2,5.0
16722836,PCTK1,5.508638306165728
10184653,GSK3A,5.0
11656518,NEK9,5.0
5328940,INSRR,5.0
3038522,FLT3(R834Q),6.3872161432802645
42642645,CASK,5.0
11984591,LRRK2(G2019S),7.568636235841013
644241,JAK1(JH1domain-catalytic),5.0
10074640,PRKD3,5.0
10074640,PIK3CA(E545K),5.0
10427712,MST3,5.0
9884685,CDKL2,5.0
10184653,PRKCE,5.0
10127622,CDKL5,5.0
3062316,MAP4K5,7.346787486224656
9915743,HPK1,7.031517051446065
11667893,DAPK1,5.0
9926791,CLK1,5.0
44259,BRK,5.638272163982407
11234052,ERK1,5.0
10138260,PLK2,5.0
9926791,CASK,5.0
11712649,INSRR,5.0
11667893,MEK2,5.0
11712649,MYLK2,5.0
11338033,PKAC-beta,5.0
216239,ADCK3,5.0
9884685,INSR,5.0
11485656,ABL2,5.0
9926791,ADCK3,5.0
16038120,MAK,5.0
9926791,ABL1(F317L),5.0
4908365,EPHB2,5.481486060122113
10461815,CDK5,5.0
3062316,ERK1,5.0
176155,NEK5,5.0
208908,DDR2,5.0
5291,MELK,5.721246399047171
44150621,ACVRL1,5.0
208908,PRKG1,5.0
24779724,DLK,5.0
644241,CSNK1E,5.0
44259,CDK5,7.075720713938118
11409972,JNK3,6.119186407719209
11626560,CSNK2A1,5.0
11338033,HPK1,5.0
42642645,LATS1,5.0
11656518,MST3,5.0
10074640,MAP3K4,5.0
11984591,PDPK1,6.920818753952375
176155,CDK7,5.0
5329102,AXL,8.045757490560675
11409972,PRKX,5.356547323513813
126565,MARK4,6.920818753952375
126565,PIK3CA(E545A),5.251811972993799
11717001,FGFR1,5.0
6450551,DAPK2,5.0
153999,IGF1R,5.0
644241,PRKCQ,5.0
176155,MARK1,5.0
216239,DRAK1,5.0
16725726,PAK3,5.0
216239,LATS1,5.0
9929127,CTK,5.0
11717001,MEK4,5.0
10138260,CAMK1D,6.013228265733755
3081361,EGFR(T790M),7.0
51004351,PKNB(Mtuberculosis),5.0
24779724,CDC2L1,5.0
11485656,FGFR4,5.0
9926054,PIM1,5.0
11984591,MAST1,5.0
176870,EPHB6,5.769551078621726
44150621,IKK-epsilon,6.318758762624413
9926054,IRAK3,5.0
17755052,AXL,5.0
16038120,EPHA8,5.0
10138260,PRKCD,5.0
10113978,CAMK4,5.0
6450551,FER,5.0
9809715,MAK,5.0
10461815,MAP4K4,6.552841968657781
11234052,IRAK4,5.0
24180719,PAK4,5.0
5291,CAMK2G,5.0
16725726,FGFR2,5.0
6450551,LZK,5.0
11485656,BMX,5.0
9933475,CLK3,5.0
24779724,EGFR(T790M),5.0
5329102,BTK,5.6777807052660805
16038120,MYO3A,7.173925197299174
9926054,OSR1,5.0
447077,MYLK,5.0
24889392,PDGFRA,7.958607314841775
11656518,PIP5K2B,5.0
5329102,ABL1(F317L)p,6.431798275933005
10184653,FLT3(ITD),5.0
24889392,FLT3(K663Q),8.657577319177793
11409972,FLT3,9.102372908709558
126565,IKK-beta,7.920818753952375
24889392,MRCKA,5.0
3025986,MEK1,5.0
9884685,PKN1,5.0
447077,GRK4,5.0
24779724,BMPR2,5.0
25127112,EPHA5,5.0
6450551,MAP4K3,5.920818753952375
11717001,MST1R,5.0
4908365,MLK1,5.0
11667893,KIT(D816H),6.744727494896694
24180719,EPHA6,5.0
51004351,MYLK4,6.1938200260161125
11717001,DAPK1,5.0
216239,GRK4,5.0
11656518,FLT3(D835H),5.0
9884685,CSNK2A2,5.537602002101044
10138260,ERK5,5.0
10113978,KIT(V559D-T670I),8.187086643357144
3025986,EPHA3,5.0
9809715,MUSK,6.229147988357856
11984591,PIK3CA(I800L),5.0
11617559,DDR2,5.0
11234052,EPHA3,5.0
151194,CSNK2A1,5.0
17755052,HCK,5.0
16722836,KIT(V559D),7.236572006437063
11717001,KIT,5.0
447077,EPHB3,6.468521082957745
3081361,HCK,6.443697499232713
11409972,EPHA7,5.958607314841775
5328940,ABL1(F317L)p,10.537602002101044
208908,EGFR(T790M),6.0655015487564325
11656518,DMPK,5.0
3081361,NEK7,5.0
151194,PRKCI,5.0
44259,GRK7,9.065501548756432
156422,ITK,5.0
44150621,DCAMKL1,5.0
11626560,LIMK1,6.080921907623926
6450551,PIK3CA(H1047Y),5.0
16725726,MYO3B,5.0
11364421,HIPK4,5.698970004336019
5287969,CLK3,5.795880017344075
11364421,PRKG2,5.0
3038522,EPHA1,5.0
9915743,KIT(A829P),5.0
11984591,EPHA7,7.4089353929735005
9884685,CDK9,5.0
5329102,PIK3CD,5.0
3062316,EGFR(L858RT790M),5.657577319177793
9926054,PAK1,5.0
16007391,MLK3,5.0
16038120,KIT(V559D),7.091514981121351
9809715,BMPR1B,5.0
16007391,PAK3,5.0
11409972,PIP5K1A,5.0
3062316,ABL1(F317L)p,10.721246399047171
3081361,CHEK1,5.0
10184653,NEK4,5.0
10461815,PIP5K1C,5.0
11656518,KIT(L576P),7.080921907623926
10184653,EPHB2,5.0
11656518,AURKC,5.0
153999,EPHA6,5.0
4908365,IRAK1,6.657577319177793
208908,MEK4,5.0
5287969,ASK2,5.0
151194,EPHB4,5.0
11338033,ERK1,5.0
123631,CTK,5.0
9809715,MEK2,7.376750709602099
10427712,FLT3(R834Q),5.0
10127622,NEK3,5.0
11409972,DAPK1,5.0
11626560,CDK4-cyclinD3,5.0
11427553,ERK8,5.958607314841775
16007391,BMPR2,5.0
16038120,MYO3B,7.091514981121351
11984591,MYLK2,5.0
9929127,ABL1,5.0
11617559,CAMKK1,5.0
4908365,PKMYT1,5.0
176167,MAP4K4,5.0
10113978,DRAK2,5.0
3062316,PLK2,5.0
10138260,CDK4-cyclinD3,5.1487416512809245
9884685,LRRK2,5.0
10138260,MRCKA,5.0
11717001,PFTAIRE2,5.0
151194,EPHA3,5.0
3062316,FRK,9.508638306165729
3081361,ANKK1,5.0
42642645,MLK2,6.275724130399211
9926054,AKT1,5.0
3062316,NEK9,5.0
10127622,MST3,5.0
25243800,JNK1,5.0
10138260,NEK3,5.0
16725726,CSK,5.0
11338033,PRKCE,5.0
44259,EGFR(T790M),9.113509274827518
9926791,PRKD1,5.0
208908,MELK,5.0
5291,CDK7,5.0
11364421,KIT(V559D-T670I),5.0
11338033,PIK3CA(E545K),5.0
11712649,CDKL3,5.0
3025986,MUSK,5.0
11314340,FGFR3(G697C),5.0
16725726,EGFR(E746A750del),5.0
3025986,INSRR,5.0
16725726,FLT3(ITD),5.0
3062316,NEK2,5.187086643357144
24889392,IKK-beta,5.0
644241,LKB1,5.0
3038522,CHEK1,5.0
3062316,DCAMKL2,5.0
16725726,PKN2,5.508638306165728
216239,HPK1,5.318758762624413
3025986,CLK1,6.3872161432802645
123631,MAK,5.0
11314340,HIPK4,6.119186407719209
44259,PFCDPK1(Pfalciparum),9.602059991327964
25243800,GSK3A,5.0
42642645,FLT3(N841I),8.823908740944319
11427553,NEK9,6.2839966563652006
24779724,KIT(D816H),5.0
208908,AMPK-alpha1,5.0
3038525,CAMK2B,5.0
11667893,HPK1,5.0
16722836,BTK,6.070581074285707
9884685,CSNK1A1,5.0
10074640,IKK-beta,5.0
208908,PRKCH,5.0
16038120,FLT3(D835H),8.309803919971486
16725726,ABL1(F317I),5.0
4908365,EPHA4,5.113509274827518
9884685,CDK3,5.0
11234052,MAP4K4,6.229147988357856
25243800,ERBB4,5.0
25243800,MAP3K4,5.0
5494449,DLK,6.721246399047171
11234052,KIT(D816V),5.3979400086720375
11338033,PFTK1,7.795880017344075
447077,EPHB1,8.356547323513812
11409972,CAMKK2,6.657577319177793
11717001,MYO3A,5.0
11364421,LATS1,5.0
11656518,INSR,5.0
17755052,FLT3(D835H),5.769551078621726
156422,MKNK2,5.795880017344075
11656518,FLT4,5.698970004336019
176167,DYRK1A,6.795880017344075
9929127,KIT,5.0
123631,EPHA5,5.823908740944319
11485656,ANKK1,5.0
11984591,CAMK2B,5.0
11409972,EPHB6,5.0
5287969,EGFR,5.431798275933005
176870,MAP3K3,5.638272163982407
51004351,PFTAIRE2,5.0
3025986,CAMKK1,5.0
9926791,PCTK3,5.0
6450551,MST3,5.0
11717001,MET,5.0
10127622,IRAK1,5.0
11712649,PIP5K2C,5.0
11656518,MINK,5.0
10138260,PCTK3,5.494850021680094
44259,MAP4K2,8.05551732784983
10113978,FYN,5.568636235841013
16007391,MST1R,5.0
5291,KIT(L576P),7.853871964321762
10461815,FGFR3,5.2839966563652006
126565,ABL1(F317I)p,5.309803919971486
10427712,LTK,5.0
644241,EPHA5,5.721246399047171
10427712,CSNK1G1,5.2441251443275085
216239,EGFR(G719S),5.0
5291,CSNK1E,5.0
176155,NEK11,5.0
3081361,MKNK2,5.769551078621726
10113978,AURKC,6.1249387366083
16038120,PKAC-beta,5.3872161432802645
11409972,DLK,5.6020599913279625
5329102,EPHA8,5.0
11234052,ABL1(F317I),5.0
17755052,DAPK2,5.0
11626560,PIP5K2C,5.0
644241,PKAC-beta,5.0
3062316,MARK4,5.0
176155,MAP4K2,5.0
10461815,GRK4,6.376750709602099
10461815,CDK4-cyclinD3,6.42021640338319
5287969,LATS1,5.0
208908,PAK4,5.0
5328940,GRK4,5.309803919971486
9915743,AKT3,5.0
17755052,NEK7,5.0
16038120,CDK11,5.0
4908365,CTK,5.0
9809715,BLK,6.42021640338319
16725726,ABL1(F317I)p,5.0
16007391,PKNB(Mtuberculosis),5.0
51004351,NEK3,5.0
16722836,PRKD3,5.017728766960432
11427553,FYN,6.180456064458132
42642645,LYN,8.040958607678906
5291,BMPR2,5.0
216239,IRAK3,5.0
10427712,ERK5,5.0
5494449,CDK2,5.0
3038522,HIPK2,5.0
3038522,ICK,5.0
5287969,PIK3CD,5.0
176167,FLT3(ITD),7.142667503568732
6918454,NEK11,5.0
11338033,CDKL3,5.0
51004351,AKT3,5.356547323513813
3081361,EPHA5,6.619788758288394
4908365,MAP3K2,7.0655015487564325
11984591,CDKL5,5.0
16038120,ABL1(H396P)p,6.795880017344075
24889392,ITK,5.0
11667893,FES,5.0
644241,JNK2,5.236572006437063
10138260,MEK2,6.920818753952375
10113978,DYRK1A,5.0
644241,PIK3C2B,5.0
176155,CDKL2,5.0
151194,AURKA,5.0
3062316,MEK5,8.481486060122112
11617559,CDC2L1,5.0
123631,DAPK2,5.0
4908365,PIK3CG,5.0
17755052,ACVR2A,5.0
176155,AKT2,5.0
176167,NEK5,5.0
11656518,KIT(D816V),5.2076083105017466
11626560,EGFR(S752I759del),5.0
44150621,PRP4,6.251811972993799
176870,PIK3C2B,5.0
11485656,BRSK2,5.0
153999,PAK2,5.0
44150621,EPHB1,5.0
42642645,NIM1,5.0
153999,LTK,5.0
11717001,BMPR2,5.0
11626560,IGF1R,6.107905397309519
3025986,ERK2,5.0
447077,DRAK1,5.0
10138260,ABL1p,6.2076083105017466
9809715,PCTK3,6.292429823902063
11314340,MEK3,5.920818753952375
153999,ERN1,5.0
153999,CSNK1G2,5.0
9809715,PAK2,5.481486060122113
9933475,HIPK1,5.0
44150621,CDC2L5,5.0
10127622,ABL1,5.0
11712649,JNK1,5.0
3038522,JAK1(JH1domain-catalytic),5.0
24180719,BRAF,6.481486060122113
6918454,HPK1,5.0
6450551,AAK1,5.920818753952375
9884685,KIT(V559D),5.0
11667893,GRK7,5.0
153999,PIK3CB,5.0
10113978,PRP4,5.0
10184653,ACVR1B,5.0
3062316,PRKCH,5.0
44259,OSR1,6.356547323513813
3062316,ABL1(T315I)p,6.920818753952375
216239,CHEK2,5.0
9933475,ERK5,5.0
9929127,CHEK2,5.0
25127112,PCTK2,5.0
42642645,FES,6.958607314841775
11617559,EGFR(L747S752del),5.0
10127622,BMPR1B,5.0
24889392,BLK,5.0
11234052,JAK3(JH1domain-catalytic),5.0
176870,HIPK1,5.0
176870,EGFR(G719S),9.2839966563652
153999,MAP3K2,6.1487416512809245
5287969,CDK11,7.244125144327507
9884685,MARK2,5.0
11617559,DMPK,5.0
10127622,CAMK2D,5.0
11234052,ABL1(T315I)p,6.346787486224656
44150621,GRK7,5.886056647693163
3038522,CDKL3,5.0
51004351,NEK6,5.0
4908365,PRKD2,6.494850021680094
11717001,ACVR2B,5.0
11314340,KIT,5.0
5328940,AKT2,5.0
16725726,ERBB2,5.0
126565,LZK,6.468521082957745
44150621,MARK3,5.468521082957745
3025986,ABL1p,5.0
216239,IKK-epsilon,5.0
3062316,EPHB4,9.468521082957745
5287969,CAMKK2,6.366531544420414
176155,EPHA2,5.0
11485656,CAMK1D,5.0
11485656,MET,5.886056647693163
9926054,PIK3CA(E545K),5.0
216239,CLK1,5.1249387366083
11617559,PIM1,5.0
17755052,PKAC-beta,5.0
10074640,MARK3,5.0
5287969,JAK1(JH2domain-pseudokinase),5.0
6450551,MEK6,5.0
9809715,KIT(V559D),8.200659450546418
156414,MAK,5.0
10074640,MET,5.0
16007391,GRK1,5.0
10113978,ACVR2A,5.0
11314340,PRKG2,7.721246399047171
156422,PIK3CA(M1043I),5.0
16725726,MAP3K2,6.468521082957745
24779724,PFTK1,5.0
24889392,EGFR(E746A750del),5.0
10427712,MYO3B,5.0
44259,GRK1,9.013228265733757
151194,MAP3K2,5.0
44259,ERBB2,6.721246399047171
126565,MARK3,7.309803919971486
4908365,CSNK1G1,5.0
9884685,DYRK1A,5.0
4908365,MAPKAPK5,5.0
3081361,PLK2,5.0
11364421,DAPK3,6.886056647693163
5329102,FLT3(R834Q),7.958607314841775
11626560,JAK2(JH1domain-catalytic),6.537602002101044
3038522,HUNK,5.0
11984591,CIT,6.356547323513813
11717001,JAK1(JH2domain-pseudokinase),5.10790539730952
176870,EGFR(L858R),9.013228265733757
51004351,MKK7,5.0
51004351,AURKC,6.769551078621726
11712649,CSNK1A1,5.0
11712649,ABL1(F317L)p,5.0
11656518,CAMK2D,5.0
44150621,PIK3CA(C420R),5.0
10138260,CAMKK1,6.070581074285707
25243800,PIK3C2B,6.657577319177793
24889392,PIK3CG,5.0
5291,MERTK,5.0
11427553,DRAK2,8.318758762624412
11667893,PRP4,5.0
9933475,MARK4,5.0
153999,AMPK-alpha2,5.0
123631,CDC2L2,5.0
51004351,PDPK1,6.721246399047171
25127112,ASK2,5.0
16722836,JNK3,6.698970004336019
44259,PDGFRA,8.0
126565,CSNK1G2,5.0
208908,DAPK2,5.0
151194,DAPK3,5.0
4908365,PRKG2,5.0
5287969,LIMK1,5.0
24180719,ASK2,5.0
11234052,PIM3,5.0
3038522,IRAK1,5.568636235841013
11485656,BMPR1B,6.1487416512809245
11338033,MAP4K4,5.0
10074640,FLT3(D835Y),5.0
151194,FYN,5.0
44259,MAP3K15,8.602059991327963
24779724,HIPK2,5.0
11409972,PKNB(Mtuberculosis),5.0
9884685,FGFR3(G697C),5.0
151194,FGFR4,5.0
16007391,GSK3A,5.0
4908365,PIP5K1C,5.0
5494449,HUNK,5.008773924307505
3081361,ERBB3,6.795880017344075
16038120,PLK3,6.6777807052660805
25243800,BMPR1B,8.67778070526608
11717001,EGFR(L861Q),5.0
16007391,ABL1(Q252H)p,5.167491087293763
6450551,DYRK2,5.0
11234052,FRK,5.0
11338033,IGF1R,5.0
11984591,ABL2,6.142667503568732
11712649,NEK2,5.0
25243800,CDK4-cyclinD1,5.136677139879544
644241,PRKX,5.0
10113978,CDK5,5.0
16725726,OSR1,5.0
11656518,PHKG2,5.0
51004351,DYRK1B,6.481486060122113
9809715,MAP3K1,5.0
9929127,DMPK,5.0
9809715,p38-alpha,5.0
447077,MEK6,5.3872161432802645
5329102,PRKCE,5.0
16038120,MARK3,7.920818753952375
4908365,JAK2(JH1domain-catalytic),8.00436480540245
208908,OSR1,5.0
11667893,BRK,6.0
25243800,EGFR(L747S752del),5.619788758288394
216239,LTK,5.0
16722836,DAPK2,7.537602002101044
126565,ICK,7.4089353929735005
11427553,PIK3CA(I800L),5.0
4908365,ASK1,5.0
10461815,p38-alpha,5.0
3062316,DRAK1,5.0
5329102,MAPKAPK2,5.0
10461815,ERK1,5.0
51004351,BTK,5.0
9929127,DLK,5.0
25243800,PIK3CA(E545A),6.638272163982407
644241,CLK1,5.6777807052660805
3062316,EGFR(G719C),6.769551078621726
3038525,MAP3K1,5.0
44150621,AMPK-alpha1,6.2839966563652006
3062316,CDKL1,5.0
11409972,PIK3CA(E542K),5.0
644241,IRAK3,5.0
16725726,PLK3,5.0
11712649,CHEK2,5.0
5291,PIK3CA(E542K),5.0
6918454,ANKK1,5.0
11667893,ERK8,5.0
3038525,MEK4,5.0
447077,PIK3CA(E545K),5.0
25127112,DMPK,5.455931955649724
10113978,OSR1,5.0
176167,IKK-beta,5.0
10074640,HIPK1,5.0
16038120,PRKG1,6.366531544420414
4908365,PIK3CA(E545A),5.0
11364421,MELK,5.0
17755052,ERK2,5.0
6450551,MRCKA,5.0
5291,ACVR1B,5.0
11717001,BRAF(V600E),9.744727494896694
3062316,PIK4CB,5.0
9915743,MELK,5.795880017344075
11314340,EPHB1,5.0
11667893,EPHA8,5.0
11427553,AKT1,5.0
25127112,KIT(D816H),5.200659450546419
156422,CSNK1E,5.0
11364421,p38-alpha,5.0
10184653,CDC2L1,5.0
11234052,NLK,5.0
9809715,CDC2L5,5.0
6918454,DAPK2,5.0
3038525,DRAK1,5.0
11712649,CDK5,5.0
11234052,NEK11,5.0
151194,MKNK2,5.0
6450551,FGFR1,6.42021640338319
9929127,PIK3CG,5.0
208908,ERK4,5.0
11409972,LZK,6.130768280269024
3081361,FAK,5.0
5291,AKT3,5.0
9884685,PIP5K2B,5.0
16007391,GRK4,5.0
11984591,GSK3B,6.920818753952375
16722836,PRP4,6.4089353929735005
9926054,PIK3CA(E545A),5.0
176167,CHEK2,5.0
5328940,DDR2,6.853871964321762
9926054,PRKCQ,5.0
151194,MARK2,5.0
5328940,PDPK1,5.0
9884685,PRKX,5.0
11485656,PIK3CA(E545A),5.0
9929127,KIT(V559D-V654A),5.0
10184653,CLK1,5.0
11338033,PIK3CD,5.0
126565,INSR,5.958607314841775
16007391,MARK2,5.0
10074640,JAK2(JH1domain-catalytic),5.0
25127112,PIK3CA(M1043I),5.0
3081361,DAPK3,5.0
176167,PKAC-alpha,6.481486060122113
153999,ERK8,7.055517327849832
51004351,PIK3CG,5.0
10113978,PLK4,6.537602002101044
156422,EPHA5,5.853871964321762
24889392,MLCK,6.3872161432802645
4908365,ABL1(Y253F),6.455931955649724
156414,ITK,5.251811972993799
5291,MEK2,5.0
10184653,MEK6,5.0
9809715,FGFR3,7.031517051446065
42642645,EPHB3,7.070581074285707
42642645,PIK3CA(E545A),5.0
9926791,PIK3CA(E542K),5.0
5494449,PIK3CA(I800L),5.0
9926791,NEK11,5.0
126565,PKNB(Mtuberculosis),7.259637310505756
9933475,MAST1,5.0
151194,ABL1(T315I),5.0
3062316,MEK2,5.853871964321762
3038522,ERBB2,5.0
10427712,ACVR1,5.0
17755052,PHKG1,5.0
176870,ABL1(H396P)p,7.236572006437063
11338033,PKN2,5.0
9929127,MAST1,5.0
25243800,IKK-beta,5.0
10184653,CDKL3,5.0
126565,ACVR2B,5.42021640338319
4908365,DYRK1B,5.0
9926791,EPHA1,5.0
644241,LRRK2(G2019S),5.0
176155,PKAC-beta,5.0
10113978,FES,5.853871964321762
3038525,INSRR,5.0
3062316,ABL1(F317I),10.0
3062316,NEK1,5.0
5329102,HUNK,6.301029995663981
5494449,EGFR(G719S),5.0
10138260,MAP3K4,5.0
5291,EPHB2,5.0
5287969,ACVR1B,5.0
6918454,EPHA3,5.0
5328940,CIT,5.619788758288394
156422,CAMKK1,5.0
447077,PKN1,5.0
447077,AURKC,5.292429823902063
9809715,PRKX,5.0
5287969,ERK1,5.0
10127622,LATS1,5.0
16038120,CAMK2A,6.008773924307505
156414,MINK,5.6777807052660805
9926791,MAP4K2,5.318758762624413
11364421,EPHA2,5.0
11234052,ADCK4,5.0
25127112,MAP3K2,7.387216143280264
3081361,JAK1(JH2domain-pseudokinase),5.0
16722836,LYN,6.301029995663981
24180719,PRKCD,5.0
11338033,PRKD3,5.0
11984591,AMPK-alpha1,6.522878745280337
9884685,CDC2L2,5.0
11712649,EGFR(T790M),5.0
5329102,GRK7,6.744727494896694
208908,LIMK2,5.0
9926054,EPHB1,5.0
24779724,CDKL3,5.0
24779724,MEK2,5.0
11712649,MTOR,5.0
176870,MAPKAPK2,5.0
16725726,ABL1(Y253F),5.0
5328940,MAP3K2,7.522878745280337
11626560,MAP3K1,5.958607314841775
9933475,CDK7,5.0
51004351,MAST1,6.721246399047171
644241,MAPKAPK2,5.0
644241,ABL1(M351T),7.823908740944319
11617559,EGFR(E746A750del),5.0
4908365,CDK4-cyclinD1,5.301029995663981
156414,NEK3,5.0
5494449,PIK3CA(C420R),5.0
11712649,FES,5.0
208908,PRKCQ,5.0
44150621,DMPK2,5.0
11409972,MLK2,5.0
5291,PIM2,5.0
9926054,ARK5,5.0
51004351,LRRK2,6.2441251443275085
5494449,PIP5K1A,6.886056647693163
44259,MAP4K3,8.086186147616283
6450551,PRKG2,5.0
11984591,MARK2,6.552841968657781
3025986,NIM1,5.0
10184653,KIT,5.0
5287969,MST1R,5.0
24779724,BRSK2,5.0
6918454,FES,5.0
10184653,FES,5.0
44259,EPHA2,5.920818753952375
10427712,CHEK2,5.0
24889392,ARK5,5.0
10127622,PIP5K1C,5.0
9929127,DDR1,5.0
11234052,CLK3,5.0
11656518,EGFR(G719S),5.0
3081361,EGFR(L858R),8.060480747381382
10461815,CIT,5.0
16007391,FLT1,6.958607314841775
11656518,MST4,5.0
10138260,FLT3(ITD),8.744727494896694
3062316,PIK3CA(H1047L),5.0
16722836,MEK5,6.443697499232713
16725726,PCTK3,5.0
16725726,PAK4,7.744727494896694
9926054,CDKL5,5.0
216239,PIK3C2G,5.0
16725726,FGFR3,5.0
153999,IKK-beta,5.0
3038525,ABL1p,5.0
3025986,PLK4,5.0
51004351,FLT3(R834Q),7.920818753952375
9809715,MAPKAPK2,5.0
5329102,CAMK2G,6.161150909262744
9809715,DYRK2,5.0
3081361,DCAMKL1,5.0
10184653,EPHB3,5.0
153999,MEK6,5.4089353929735005
6918454,FLT3(D835H),5.0
5328940,FGFR2,5.0
44259,ACVR1B,6.167491087293763
5291,PIK3CA(E545A),5.0
11338033,JAK1(JH2domain-pseudokinase),5.0
16725726,MAP4K5,5.0
156422,ERK5,5.0
16038120,ADCK4,7.036212172654444
11338033,PIK3CA,5.0
123631,CAMK2G,5.0
11234052,PIK3CB,5.0
24779724,PIM1,5.0
9933475,JAK2(JH1domain-catalytic),5.0
176870,NEK2,5.0
156414,JNK2,5.958607314841775
10427712,CAMK2A,5.0
24779724,HPK1,5.0
3081361,PIK4CB,5.0
208908,ABL1(Q252H)p,5.0
9926791,FLT3,5.0
5287969,HIPK1,5.167491087293763
11234052,PDGFRB,7.301029995663981
10184653,PLK1,5.0
11338033,IRAK3,5.0
25127112,MAP4K3,5.0
216239,ABL1(F317I)p,5.309803919971486
5291,MAP4K2,5.0
5328940,CDK4-cyclinD3,5.0
11712649,EPHA5,5.853871964321762
5291,p38-delta,5.0
644241,NEK6,5.0
176870,CSNK1D,5.455931955649724
24889392,CLK1,5.0
176870,KIT(D816V),5.795880017344075
24889392,IGF1R,5.0
16007391,FLT3,8.086186147616283
9933475,PIK4CB,5.0
25243800,PRKCH,6.091514981121351
16007391,EGFR(T790M),5.823908740944319
156414,DCAMKL2,5.0
156422,MET(M1250T),5.0
9926791,BLK,5.0
10113978,BMPR1B,6.0
10127622,EPHA6,5.0
9926054,MKNK1,5.0
123631,AKT3,5.0
51004351,AXL,6.2076083105017466
447077,PRKCI,5.0
4908365,PRKR,5.0
153999,CDC2L1,5.0
11617559,FLT3(D835H),5.0
10461815,IRAK3,6.214670164989233
11409972,CTK,5.886056647693163
11234052,DAPK1,5.0
126565,DLK,6.075720713938118
11338033,BTK,5.0
42642645,EPHA8,8.744727494896694
5287969,JNK2,5.0
176155,JAK3(JH1domain-catalytic),5.0
644241,MAP4K2,5.0
44150621,NEK3,5.0
156422,PDGFRB,5.958607314841775
5328940,JAK3(JH1domain-catalytic),5.920818753952375
11409972,ABL1(T315I),8.55284196865778
5494449,LATS2,5.187086643357144
11712649,DYRK1B,5.0
16725726,PDGFRA,5.0
5328940,DCAMKL2,5.0
176870,MINK,5.886056647693163
6918454,ABL1(Q252H),5.0
153999,CDK4-cyclinD1,6.552841968657781
11409972,ABL1p,7.886056647693163
123631,MUSK,5.0
11984591,AURKC,7.387216143280264
11656518,ERK2,5.0
10184653,EPHA2,5.0
9926791,FYN,5.958607314841775
10074640,CDKL2,5.0
24889392,PRKCH,5.0
11485656,FGR,5.0
44259,KIT(L576P),7.657577319177794
176870,CDC2L5,5.0
3038522,DLK,5.0
447077,CSNK1D,5.0
16038120,DAPK3,5.657577319177793
176155,LKB1,5.0
10074640,PRKCD,5.0
11314340,CSNK2A2,5.42021640338319
11717001,MELK,5.0
644241,MAP3K3,5.0
11712649,EGFR(L747S752del),5.1938200260161125
25243800,BMPR1A,7.1938200260161125
24889392,CSNK1E,5.0
447077,PHKG1,5.0
16038120,CSNK1D,5.0
11427553,MRCKB,5.0
9926791,CSNK1G1,5.0
44259,IKK-alpha,8.236572006437063
51004351,FLT1,6.346787486224656
9926791,DAPK1,5.0
11427553,CDKL2,5.853871964321762
16725726,DLK,5.0
644241,BLK,6.301029995663981
9926054,p38-delta,5.0
44150621,NEK4,5.568636235841013
11717001,CSNK1G1,5.0
24180719,PAK7,5.0
10461815,EGFR(S752I759del),5.0
208908,BRAF,5.0
10427712,NEK4,5.0
153999,CSK,5.0
11656518,MAP3K1,5.0
6450551,FAK,5.0
644241,HPK1,6.050609993355088
11717001,DLK,5.0
9915743,DDR2,5.0
24180719,CDKL1,5.0
25127112,PIK3CA(E545A),5.0
11338033,EPHB2,5.0
5328940,LIMK1,5.0
5291,ERK1,5.0
10461815,MST1,5.0
123631,PLK4,5.0
10427712,PIK3CA(Q546K),7.0655015487564325
11717001,GRK1,5.0
9933475,MARK3,5.0
5494449,JAK3(JH1domain-catalytic),6.200659450546419
176870,CAMK2B,5.0
5328940,ABL1p,10.244125144327509
5329102,ABL1p,6.823908740944319
11338033,PRKCH,5.0
11626560,ERBB3,5.0
10127622,CDKL1,5.0
16007391,FLT4,5.537602002101044
4908365,PAK6,5.251811972993799
16725726,ANKK1,5.0
447077,ABL1(F317L)p,8.602059991327963
16725726,EGFR(L747T751del),5.0
44150621,PIM2,5.0
11667893,MST1,5.0
176870,MKNK1,6.161150909262744
10138260,FLT3(D835H),8.200659450546418
11485656,FAK,5.0
44259,PAK6,9.244125144327509
24180719,CASK,5.0
25127112,AKT1,5.0
9915743,MARK3,5.0
10184653,FGFR4,5.0
42642645,MYLK4,5.0
11338033,FLT3(D835Y),5.0
3081361,KIT(D816V),6.537602002101044
16007391,PLK1,5.0
11485656,NEK3,5.0
25243800,NEK1,5.0
17755052,BRSK1,5.0
3038525,CAMKK2,5.0
16038120,IKK-beta,5.0
11485656,CDK5,5.0
10461815,PKMYT1,5.0
11314340,LRRK2,5.721246399047171
9926054,AKT3,5.0
11712649,ERK1,5.0
3038525,p38-delta,5.0
11667893,KIT(L576P),8.886056647693163
24180719,MAK,5.0
447077,CDK4-cyclinD3,5.0
44259,NEK5,6.091514981121351
176155,PFPK5(Pfalciparum),5.0
10113978,PFTAIRE2,5.0
44150621,BRAF,5.0
16038120,ABL1(F317L)p,7.721246399047171
10427712,MAP3K4,5.0
11427553,MYLK,6.130768280269024
10113978,PKAC-alpha,5.0
11667893,ABL1(F317L)p,5.113509274827518
216239,MAP4K2,5.0
11712649,KIT(V559D-T670I),5.0
176155,MKNK2,5.0
5329102,MAP3K1,5.0
176167,PLK2,5.0
11485656,MEK6,5.0
11626560,PDGFRA,5.0
9929127,DAPK1,5.0
25127112,CAMK1,6.327902142064283
3038525,DAPK2,5.0
5328940,CDC2L1,5.0
11717001,ASK2,5.0
16722836,HIPK3,5.886056647693163
153999,PRKR,5.0
11364421,CDKL2,5.0
153999,MTOR,5.0
156414,EPHA2,5.0
16038120,CLK2,7.086186147616283
5328940,CSNK2A1,5.0
9929127,CDC2L5,5.0
11485656,GRK4,5.0
3038525,AXL,5.0
16007391,PIK3CA(H1047L),5.0
10127622,PIP5K1A,5.0
5328940,CDK2,5.0
10138260,NIM1,5.958607314841775
25243800,MYO3B,5.6777807052660805
9915743,FLT3(K663Q),5.309803919971486
123631,CSNK1A1,5.0
11427553,CDK3,5.0
153999,PIP5K1C,6.292429823902063
10074640,PIK3CB,5.0
151194,CHEK1,5.0
42642645,PIK3C2G,5.0
5328940,BMPR2,6.236572006437063
51004351,PRKCI,5.0
9884685,DLK,5.0
3038525,ASK2,5.0
11656518,GAK,5.0
16725726,NLK,5.468521082957745
10113978,ASK2,5.0
153999,HIPK1,6.638272163982407
9915743,PLK2,5.0
16722836,NEK5,6.2441251443275085
151194,EGFR(S752I759del),5.0
644241,MYO3B,5.0
5329102,ERN1,6.221848749616356
10461815,MEK3,5.0
151194,ERN1,5.0
16007391,ICK,5.0
9929127,PRKG2,5.0
42642645,OSR1,5.0
11427553,CDK4-cyclinD3,6.136677139879544
16722836,ACVR2A,5.0
153999,PIK3CA(E542K),5.0
11314340,IKK-alpha,5.0
5328940,AURKB,5.0
644241,PLK2,5.0
5328940,EGFR(E746A750del),7.744727494896694
3081361,DRAK2,5.0
156414,BRAF,5.0
10113978,MLK2,5.6777807052660805
9884685,KIT(D816V),5.0
16038120,MEK4,6.823908740944319
24779724,MST4,5.0
11427553,CDK11,5.0
44259,MAP4K4,7.619788758288394
10127622,CDC2L5,5.0
126565,CLK2,7.356547323513813
17755052,CIT,5.0
11338033,CDK4-cyclinD1,7.698970004336019
16725726,CSNK1A1,5.0
3062316,MAP4K2,5.886056647693163
5291,CDC2L5,5.0
51004351,GSK3B,5.744727494896694
11485656,JAK2(JH1domain-catalytic),5.0
51004351,ERBB2,5.0
6450551,IGF1R,5.0
123631,BMPR2,5.0
5287969,CSNK1G1,5.920818753952375
11485656,PFTAIRE2,5.0
11617559,ABL1(F317I)p,5.0
151194,ACVR1,5.0
3025986,MLK3,5.0
16007391,PRP4,5.0
11717001,PIK4CB,5.0
5494449,EGFR(T790M),5.0
16007391,MST1,5.0
10127622,EGFR(G719C),5.376750709602099
11712649,MEK3,5.0
9929127,ERK1,5.0
42642645,MLCK,5.522878745280337
11338033,ERK5,7.376750709602099
3038522,DCAMKL3,5.0
4908365,IRAK4,6.0655015487564325
10113978,MYLK2,5.698970004336019
3038525,PIM3,5.0
11626560,NIM1,5.337242168318426
51004351,ABL1(Y253F),5.0
10127622,CSF1R,5.0
4908365,p38-alpha,5.0
9915743,GSK3A,5.0
176870,CDC2L2,5.0
10461815,MAP3K15,5.0
11617559,EPHB4,5.0
176155,CDK2,5.0
11626560,PKN2,5.0
4908365,PAK1,5.0
5287969,LCK,5.0
176155,JNK1,5.958607314841775
16722836,LIMK2,5.102372908709558
10074640,EPHA7,5.0
176167,LIMK1,5.0
11338033,MET(M1250T),5.0
11617559,PRKD1,5.0
25243800,BRK,6.0
9929127,PIK3CA(E545K),5.0
44259,MAPKAPK2,6.055517327849832
4908365,MKNK1,5.0
176870,ABL1(Q252H),6.638272163982407
5329102,EPHA3,5.6777807052660805
9929127,MST1,5.0
16725726,KIT(D816V),6.886056647693163
24180719,FGFR2,5.508638306165728
11234052,BRAF,5.0
5291,PRKCE,5.0
176155,PIK3CA(C420R),5.0
9926791,MARK1,5.0
9926791,KIT(A829P),5.0
5328940,PLK4,5.0
9929127,PFPK5(Pfalciparum),5.0
51004351,EPHB2,5.0
16007391,PAK7,5.0
5291,BTK,5.0
16038120,CDC2L1,5.0
11409972,CDK5,6.259637310505756
16722836,FLT4,5.698970004336019
16722836,FLT3(ITD),7.795880017344075
9809715,MYLK,6.537602002101044
11409972,CSNK1G3,7.013228265733755
156414,KIT(A829P),6.154901959985743
9929127,CSK,5.0
10427712,PIK3CA(C420R),7.008773924307505
11712649,ERK5,5.0
24180719,PHKG2,5.0
10461815,ABL1,5.585026652029182
208908,FGFR2,5.0
5291,MAP3K15,5.0
11656518,MEK5,5.721246399047171
156422,HIPK1,5.0
51004351,MLCK,5.638272163982407
42642645,NDR2,5.0
5329102,PIP5K1C,5.0
3038525,ABL1(Q252H),5.0
6918454,MAP4K3,5.0
9915743,ACVR1,5.0
25127112,PRKD3,5.0
9933475,ERK1,5.0
10461815,ERK3,5.0
176167,CSNK1G1,5.0
16722836,NEK1,5.468521082957745
25127112,CAMKK2,5.0
10127622,DDR2,5.0
44259,MAPKAPK5,6.568636235841013
11717001,PKN2,5.0
5291,BLK,6.2839966563652006
176870,ASK1,5.0
9915743,GRK4,5.0
10461815,CTK,5.0
126565,ITK,6.537602002101044
123631,PFCDPK1(Pfalciparum),5.0
11427553,DYRK1B,6.026872146400302
176870,EGFR(G719C),9.070581074285707
176155,MAPKAPK5,5.0
11485656,MARK4,5.0
4908365,CSNK1D,5.0
11427553,LOK,7.886056647693163
153999,BMPR2,5.0
11656518,FGFR2,5.0
156422,PIK3CD,5.0
16722836,PLK3,5.795880017344075
9929127,PRP4,5.0
3025986,PIK3CD,5.0
11427553,PIK3CG,5.0
5329102,PKAC-alpha,5.0
25243800,GCN2(KinDom2S808G),5.0
5328940,BRAF(V600E),5.0
11234052,PIP5K1A,5.0
216239,MYO3A,5.0
24889392,JNK3,5.0
10184653,ABL1(Q252H)p,6.42021640338319
11427553,HIPK1,6.366531544420414
5328940,MINK,8.494850021680094
10113978,EGFR(G719S),5.0
644241,ASK1,5.0
11314340,NEK11,5.0
16007391,EPHA6,5.0
447077,CDK7,5.0
9929127,CSNK2A1,5.0
5329102,PIK3CA(C420R),5.0
11717001,DRAK1,5.0
10113978,MAP4K4,5.657577319177793
24889392,NEK4,5.0
3081361,PCTK2,5.0
176155,PRKCD,5.0
153999,HUNK,5.0
6450551,LRRK2,6.036212172654444
11717001,IRAK4,5.0
11656518,CDKL3,5.0
3081361,CTK,5.0
51004351,CIT,5.0
9926791,BIKE,5.1487416512809245
176167,PRKD1,5.0
5291,JAK3(JH1domain-catalytic),5.0
3062316,FLT3(ITD),5.00436480540245
10074640,KIT(A829P),7.920818753952375
11409972,DCAMKL3,5.0
9809715,MAP3K3,7.468521082957745
153999,CIT,5.853871964321762
10113978,LZK,5.0
24779724,LYN,5.0
176870,FGFR2,5.0
11427553,PCTK2,5.721246399047171
5329102,CDKL2,5.958607314841775
25127112,PLK4,6.698970004336019
11234052,PLK2,5.0
11409972,PLK1,5.0
10461815,PAK1,5.537602002101044
9884685,EPHB6,5.0
9809715,PDPK1,5.552841968657781
44259,JAK3(JH1domain-catalytic),7.920818753952375
10427712,BRSK2,5.920818753952375
9926054,PKAC-beta,5.0
42642645,JNK1,5.2441251443275085
176155,PKN2,5.0
11314340,EIF2AK1,5.0
3038525,IRAK1,5.0
447077,AXL,5.0
10461815,BRSK2,5.0
176155,KIT(V559D-T670I),5.0
3081361,KIT(V559D-V654A),6.251811972993799
176870,PCTK1,5.0
11427553,ACVR1,6.853871964321762
10138260,PRKCQ,5.142667503568732
25127112,PCTK1,5.0
3038525,FLT1,5.0
9884685,PKAC-beta,5.0
11626560,LRRK2(G2019S),5.0
5329102,IKK-epsilon,6.2076083105017466
156422,EPHB4,5.0
16725726,DAPK2,5.0
25127112,PAK3,5.0
9809715,FLT4,7.022276394711152
9933475,IGF1R,5.0
9884685,CSK,5.0
5291,DAPK1,5.0
9933475,PAK3,5.0
4908365,MRCKB,5.0
16725726,PRKR,5.698970004336019
156422,CDK4-cyclinD1,5.0
11617559,MTOR,5.0
10138260,PKMYT1,5.0
208908,MEK3,5.0
25127112,PDGFRA,5.0
123631,ABL1p,6.318758762624413
11712649,ACVR2A,5.0
11984591,CSNK1G1,5.0
24779724,PIK3C2G,5.0
123631,EGFR(L747E749del),9.244125144327509
11338033,EGFR(L747E749del),5.0
176155,EPHB2,5.0
9884685,MAP4K2,5.0
156422,EGFR(T790M),5.619788758288394
10427712,CDK4-cyclinD3,5.0
10138260,CASK,5.0
176870,IKK-epsilon,5.0
126565,PIK3CA(M1043I),5.958607314841775
176155,MRCKA,5.2076083105017466
11717001,MERTK,5.0
6918454,ASK1,5.0
176155,MYLK2,5.0
24180719,EGFR(T790M),5.0
25243800,EPHA8,6.6020599913279625
44259,CDK4-cyclinD3,7.698970004336019
42642645,EPHA1,8.207608310501746
16725726,PIP5K2C,5.0
11427553,MERTK,6.1249387366083
9926791,FLT3(N841I),5.0
10461815,AMPK-alpha2,6.113509274827519
176870,EPHB3,5.0
11364421,GRK7,6.070581074285707
216239,MAPKAPK5,5.0
3038525,MARK2,5.0
25127112,KIT(V559D),5.0
11409972,KIT(D816V),6.443697499232713
16038120,IRAK3,6.795880017344075
24889392,HIPK2,5.0
3062316,HCK,9.455931955649724
3081361,MKNK1,6.443697499232713
10127622,ALK,5.0
16722836,ERK4,5.0
11314340,MRCKA,6.42021640338319
10138260,ALK,6.309803919971486
9926791,DYRK2,5.0
4908365,MARK3,5.2076083105017466
11364421,ANKK1,5.0
16007391,MYLK2,5.0
25127112,DCAMKL2,6.119186407719209
4908365,MYO3B,5.0
447077,ACVR1,6.795880017344075
24779724,MET,9.721246399047171
176167,ABL1(Q252H),5.0
5287969,DCAMKL2,5.0
44259,MRCKB,7.376750709602099
11485656,NLK,5.0
11656518,MRCKB,5.0
216239,ASK1,5.0
11364421,NEK4,5.0
11338033,AURKC,5.0
16722836,BRSK1,5.0
176155,ANKK1,5.0
176155,CIT,6.376750709602099
5291,MYO3A,5.0
9809715,JAK3(JH1domain-catalytic),8.086186147616283
10461815,CAMK1G,5.0
16722836,CAMK1D,6.337242168318426
10461815,ABL1(Q252H),5.0
447077,LCK,8.958607314841775
9884685,CSNK1E,5.0
16038120,EGFR(G719S),5.795880017344075
3081361,MELK,5.0
24779724,MUSK,5.0
216239,HIPK3,6.356547323513813
153999,ABL1(F317L),5.0
25243800,PIM1,5.823908740944319
644241,ABL1(F317L)p,7.853871964321762
9929127,MEK1,5.0
24180719,PCTK2,5.0
6450551,NEK3,5.0
5494449,DAPK2,5.0
3038522,MKK7,5.0
644241,IKK-alpha,5.0
3025986,CLK4,6.096910013008056
16038120,DYRK1A,5.537602002101044
16007391,MAST1,5.0
3038522,ALK,5.0
24180719,ABL1(H396P),6.292429823902063
16038120,ITK,7.468521082957745
10113978,NEK7,5.0
126565,CDK4-cyclinD1,7.522878745280337
11409972,EGFR(L747E749del),6.657577319177793
10184653,PIP5K2B,5.0
16038120,PIK3CA(Q546K),5.0
44150621,PIK4CB,5.0
51004351,ABL1(F317I)p,5.0
10127622,MST2,5.0
10184653,MYLK,5.0
11338033,CSK,5.0
9915743,PAK6,5.1249387366083
3062316,PRKD3,5.0
644241,PRKCH,5.0
5291,PLK3,5.0
10074640,FLT3(R834Q),5.0
11234052,NEK2,5.0
16725726,PIP5K1A,5.0
11314340,PLK1,5.0
176167,PLK4,5.0
5328940,EGFR(S752I759del),6.958607314841775
17755052,CAMK2B,5.0
208908,CDK8,5.0
9933475,ABL1(T315I)p,7.698970004336019
9929127,FLT3(R834Q),5.0
5287969,KIT(V559D-T670I),5.0
3038525,PFPK5(Pfalciparum),5.0
3062316,ERN1,5.0
11427553,FGFR2,6.070581074285707
9809715,NEK3,5.0
11314340,LATS1,5.958607314841775
3062316,FGFR3(G697C),5.0
5287969,PRP4,5.0
11617559,PHKG2,5.0
11314340,CDK2,5.0
3062316,PRP4,5.0
9915743,EPHB6,5.552841968657781
126565,MRCKA,5.036212172654444
176870,IKK-beta,5.0
156414,CSF1R,5.0
16722836,MST2,5.0
151194,MAP3K4,5.0
11409972,ABL1(Q252H)p,7.508638306165728
5328940,FER,6.443697499232713
3062316,ABL1(Y253F),10.236572006437065
11364421,MLCK,5.0
3038525,PRKG2,5.0
3038522,MYLK,5.0
11485656,DAPK3,5.0
11626560,MAP3K15,5.552841968657781
44150621,ERK8,5.0
9929127,CDKL2,5.0
24180719,LCK,5.744727494896694
4908365,PDGFRB,7.552841968657781
51004351,LZK,5.552841968657781
11314340,CSNK1D,6.6777807052660805
9915743,MAP3K15,5.0
24180719,PLK4,5.455931955649724
9926791,CSNK2A1,5.0
16038120,ASK1,5.0
156414,PFCDPK1(Pfalciparum),5.0
5329102,EGFR(S752I759del),5.0
10138260,HCK,5.657577319177793
5291,FLT3(D835H),5.0
208908,MAP4K3,5.0
16038120,PFPK5(Pfalciparum),5.0
10184653,KIT(A829P),5.0
25127112,MST4,5.508638306165728
11338033,MARK2,5.0
153999,ERBB2,5.0
3025986,PDGFRA,5.0
9809715,EPHA3,5.0655015487564325
9933475,CDKL1,5.0
11717001,HIPK4,5.0
24779724,BMPR1A,5.0
5287969,MARK2,5.0
176155,CAMK2G,5.0
11234052,PRP4,5.0
4908365,PIK4CB,5.0
5328940,p38-delta,5.0
9926054,HIPK2,5.0
11617559,MAPKAPK2,5.0
3025986,FLT3(K663Q),5.0
176155,PRKD2,5.0
3038525,CHEK1,5.0
10184653,HIPK3,5.0
9884685,EPHA1,5.0
151194,MARK1,5.0
6450551,CDKL3,5.0
44259,MLCK,6.853871964321762
3038522,PLK1,5.0
11626560,PIK3CA(H1047L),5.0
11984591,ERBB2,5.0
5291,ERK5,5.0
5287969,KIT(A829P),5.055517327849832
17755052,NEK9,5.0
176155,BRK,5.4089353929735005
11656518,MST2,5.0
11314340,MST4,5.0
5329102,ERK5,5.00436480540245
176870,DCAMKL1,5.0
16007391,MKNK1,5.0
3081361,CDKL1,5.0
11717001,KIT(V559D),5.0
24180719,EGFR(S752I759del),5.0
10138260,MAP3K2,7.136677139879544
25127112,MEK6,5.0
11656518,CLK2,5.0
16725726,HCK,5.0
216239,NDR1,5.0
10074640,HIPK3,5.0
153999,AAK1,6.045757490560675
9926054,MST2,5.0
51004351,DYRK2,5.0
25243800,PIK3C2G,6.823908740944319
6918454,NEK5,5.0
10127622,MAPKAPK2,5.0
9915743,CSF1R,6.173925197299174
11314340,FGFR4,5.0
11984591,ACVR2A,5.0
5328940,ARK5,5.229147988357856
9809715,DCAMKL2,5.0
4908365,AKT3,5.0
151194,ACVR2B,5.0
5291,DAPK3,5.0
5328940,CDC2L2,5.0
44259,FLT3(D835Y),8.602059991327963
176155,CDK9,5.0
44259,PAK1,9.244125144327509
11626560,FLT4,5.0
6918454,PIM2,5.0
208908,MAP3K4,5.0
644241,EGFR(S752I759del),5.0
216239,ERK2,5.0
5291,PIK3CA(C420R),5.0
11314340,DCAMKL2,5.0
16722836,AURKA,5.356547323513813
216239,MARK1,5.0
9933475,DRAK1,5.0
24779724,FGFR3(G697C),5.0
11234052,BRSK2,5.0
17755052,LATS1,5.0
25127112,EGFR,5.0
25243800,LRRK2(G2019S),5.769551078621726
3038525,ACVR2A,5.0
447077,FLT3(N841I),6.107905397309519
11364421,AURKC,5.0
447077,FGR,8.619788758288394
11717001,MET(Y1235D),5.0
5291,PAK4,5.0
10184653,GSK3B,5.0
176870,DRAK1,5.200659450546419
3038522,ERK4,5.0
176167,MAK,5.0
216239,CTK,5.0
4908365,CAMK2G,5.0
5329102,HCK,6.055517327849832
10138260,MST1R,5.0
176870,FRK,5.698970004336019
5287969,EPHB3,5.0
123631,PIK3CA(H1047L),5.0
11427553,EGFR(G719C),5.568636235841013
5329102,MLK3,5.886056647693163
9926791,FLT3(R834Q),5.0
156422,MEK4,5.0
10127622,ERBB3,5.0
16038120,EPHA7,6.698970004336019
51004351,MST1R,5.0
11234052,LATS1,5.0
11338033,GSK3B,7.958607314841775
24779724,AKT1,5.0
11234052,NDR1,5.0
11409972,ERN1,5.221848749616356
17755052,MKNK2,5.0
9926791,ADCK4,5.0
5328940,BIKE,6.455931955649724
16722836,ACVR1B,5.173925197299174
10074640,AMPK-alpha2,5.0
153999,FGFR3,5.0
5494449,MAP4K5,7.080921907623926
5291,CSNK1A1L,5.0
24180719,AXL,5.0
16007391,DAPK2,5.0
10127622,IKK-alpha,5.0
3062316,MLK2,5.0
6450551,CAMK1D,5.0
5291,FLT3(R834Q),5.0
4908365,FLT4,6.154901959985743
11427553,FER,5.958607314841775
17755052,p38-beta,5.0
5329102,MLCK,7.638272163982407
9926054,LIMK1,5.0
11364421,PKN2,5.0
3038525,EPHA2,5.0
24779724,PIM2,5.0
3062316,CAMK1G,5.0
11626560,MAP4K3,7.1249387366083
10461815,EPHB4,5.0
9926054,FLT1,5.0
16038120,PLK1,7.698970004336019
126565,CDC2L1,5.0
3038522,MUSK,5.0
126565,KIT(L576P),7.397940008672037
24779724,p38-delta,5.0
5328940,MUSK,5.0
447077,CAMKK1,5.0
16007391,EPHB6,7.301029995663981
16722836,ICK,5.721246399047171
126565,MAP3K15,8.468521082957745
9933475,NEK6,5.0
24180719,FGFR3(G697C),5.0
6918454,EPHA1,5.0
156414,GRK1,5.0
11667893,LIMK1,5.0
156422,EPHB1,5.309803919971486
10461815,PAK7,5.585026652029182
156422,MEK3,5.0
11712649,EGFR(G719C),5.0
153999,EGFR(L747E749del),5.0
123631,EPHA3,5.259637310505756
44259,EPHB6,6.6777807052660805
11617559,EPHB2,5.0
11626560,CDC2L1,6.119186407719209
11656518,ABL1(Q252H),6.356547323513813
153999,p38-gamma,5.0
156422,CHEK1,5.0
11984591,CDK4-cyclinD3,5.0
156414,PLK3,5.0
9926791,PCTK2,5.0
123631,BRSK1,5.0
447077,HIPK1,5.0
447077,MYLK4,5.0
10184653,JAK1(JH2domain-pseudokinase),5.0
11667893,AKT1,5.0
10427712,MET,5.0
24180719,ABL1(Q252H)p,5.3979400086720375
17755052,FGFR1,5.0
447077,ACVR1B,7.017728766960432
153999,MYLK2,5.0
126565,EPHA7,6.585026652029182
16007391,NEK5,5.0
24779724,EPHB1,5.0
9809715,AAK1,7.200659450546419
11712649,PIK3CA(Q546K),5.0
10138260,EGFR(L858R),5.0
16725726,MAP3K1,5.0
44150621,DRAK1,6.080921907623926
10427712,CSK,5.0
5287969,p38-gamma,5.0
156422,HIPK4,5.0
16007391,BMX,5.0
11427553,GSK3A,5.0
11656518,LTK,5.0
176167,CDC2L1,5.0
176167,EGFR(T790M),5.0
3038525,MET(Y1235D),5.0
11617559,ITK,5.0
447077,BRAF(V600E),8.356547323513812
16725726,PIK3CD,5.0
5291,PCTK2,5.0
9809715,BRAF(V600E),5.0
156422,HCK,5.0
9933475,CDK2,5.0
5494449,LCK,7.214670164989233
10113978,MEK4,6.229147988357856
10074640,JNK2,5.0
9926791,HUNK,5.0
176167,INSR,5.0
24779724,PIK3CB,5.0
176167,PIK3C2B,5.0
156422,KIT,6.769551078621726
11617559,NLK,5.0
5291,MYLK2,5.0
6918454,DMPK2,5.0
4908365,MST4,5.920818753952375
11338033,CSNK1D,5.0
156422,MKK7,5.0
11364421,ABL1(T315I)p,5.0
3038525,FLT3(D835H),5.0
11409972,HIPK1,6.769551078621726
51004351,ACVR2A,5.0
3062316,KIT(A829P),9.18045606445813
11656518,GSK3B,5.0
6918454,MAP4K5,5.0
11656518,PCTK2,5.0
126565,HUNK,6.2441251443275085
3081361,IKK-alpha,5.0
24779724,NDR2,5.0
3038525,DYRK2,5.0
10127622,HIPK3,5.0
11712649,JAK1(JH1domain-catalytic),5.0
11364421,PDPK1,5.0
176155,PIK3CA(I800L),5.0
153999,DMPK2,5.0
17755052,CDKL5,5.0
11712649,ABL1(T315I),5.795880017344075
10074640,CDKL1,5.0
9915743,LCK,6.920818753952375
25127112,ERBB2,5.0
156422,LIMK1,5.0
10074640,PCTK2,5.0
16725726,CSF1R,5.0
9929127,EPHA8,5.0
44259,PDPK1,8.769551078621726
11984591,ACVR1B,5.958607314841775
17755052,MLK2,5.0
5329102,EGFR(G719C),5.167491087293763
25127112,KIT(L576P),5.0
9915743,EPHA3,5.0
24779724,ARK5,5.0
644241,DAPK2,5.0
25127112,HIPK3,5.920818753952375
11656518,ABL1p,5.443697499232713
9929127,KIT(D816H),5.0
16725726,CSNK2A2,5.0
3038525,EPHB4,5.0
11338033,JNK3,5.0
5494449,KIT(V559D-T670I),6.366531544420414
25243800,ABL1(F317I),5.0
11485656,CHEK1,5.0
24180719,CTK,5.0
11717001,FER,5.0
16007391,DYRK1B,5.0
3062316,MET,5.0
9933475,PRKD1,5.0
11338033,EGFR(S752I759del),5.0
9926054,PKNB(Mtuberculosis),5.619788758288394
10184653,CHEK1,5.0
216239,BRAF,6.267606240177032
11364421,DCAMKL1,5.229147988357856
6450551,MKNK1,5.0
11626560,NEK9,6.102372908709559
3081361,CSK,5.6020599913279625
9926054,ERBB3,5.0
16722836,PRKG1,5.42021640338319
11717001,BMX,5.0
11409972,MEK3,5.657577319177793
42642645,MYO3A,5.552841968657781
11485656,PLK4,5.638272163982407
10461815,DLK,6.173925197299174
176167,EGFR(G719S),5.0
11667893,MYLK4,5.0
151194,EPHA4,5.0
11617559,MLK3,5.0
10138260,MINK,7.161150909262744
151194,MST4,5.0
208908,FLT3(R834Q),5.0
10138260,JNK2,5.481486060122113
123631,NEK9,5.0
24889392,EPHA1,5.0
10184653,CSNK1G1,5.0
9933475,AMPK-alpha2,5.0
9929127,MTOR,5.0
25127112,CDKL2,5.0
3081361,CLK3,5.0
5329102,DYRK1B,5.638272163982407
176155,HIPK2,5.0
447077,PIP5K1A,5.0
3038525,MLK2,5.0
5494449,MAP3K15,5.0
151194,JNK2,5.0
11234052,FGFR3,6.795880017344075
42642645,PRKCH,5.0
11712649,MAPKAPK5,5.0
4908365,MAST1,5.0
11409972,MINK,8.10790539730952
5328940,EGFR,7.455931955649724
25243800,PAK2,5.494850021680094
3038525,IRAK4,5.0
10138260,CSNK1E,6.468521082957745
16725726,p38-delta,5.0
3025986,PIK3CA(C420R),5.0
3081361,ACVR1B,5.0
176155,EPHB6,5.508638306165728
11364421,IRAK4,5.6777807052660805
5291,EPHB1,5.0
10138260,BRSK2,5.3872161432802645
6918454,MYLK,5.0
11338033,NLK,5.0
4908365,ABL1(F317L),5.6020599913279625
11712649,PAK7,5.0
151194,PIK3CA,5.0
51004351,ABL2,5.0
3038525,BRAF,5.0
17755052,MET,5.0
10113978,NEK6,5.0
24889392,CAMKK2,5.0
25127112,ERK4,5.0
3038522,NEK2,5.0
11485656,EPHB2,5.853871964321762
24779724,CHEK2,5.0
24180719,MAPKAPK5,5.0
11409972,IRAK3,5.0
16725726,NEK1,5.0
5287969,PDGFRB,5.0
44259,AURKA,7.769551078621726
447077,PIK3CA(E545A),5.0
10184653,MARK4,5.0
17755052,BRK,5.0
16038120,AAK1,6.327902142064283
10074640,PDGFRA,7.602059991327962
24889392,PIK3C2B,5.0
216239,EIF2AK1,5.0
126565,BMPR1B,7.244125144327507
10074640,MEK3,5.0
11314340,JAK3(JH1domain-catalytic),5.823908740944319
24779724,PIK3CA(I800L),5.0
11409972,PIK4CB,5.0
6450551,AURKC,8.886056647693163
3025986,MLCK,5.769551078621726
11427553,EGFR(S752I759del),5.0
9929127,ERBB2,5.0
24180719,ABL1,6.337242168318426
447077,CLK2,5.0
10461815,MELK,5.0
11314340,ABL1(Q252H),5.0
126565,ASK1,7.154901959985743
5329102,EPHB2,5.0
10184653,CDK4-cyclinD1,5.0
208908,FGFR3,5.0
9926791,EGFR(L858R),5.0
44259,DLK,5.823908740944319
11338033,p38-gamma,5.0
9915743,EGFR(L861Q),9.431798275933003
16007391,PIP5K2C,5.0
5329102,EPHA1,5.0
51004351,PCTK2,5.0
5494449,DMPK2,5.0
9884685,MAP3K1,5.0
216239,p38-alpha,6.431798275933005
4908365,FGFR1,5.455931955649724
11485656,PKN1,5.0
11338033,KIT,5.0
11338033,MAK,7.013228265733755
11364421,CSNK2A2,5.0
9933475,EPHB2,5.0
10074640,EGFR(T790M),5.0
11427553,FES,6.1249387366083
153999,FAK,5.0
6918454,PRKR,5.0
156422,ERK2,5.0
11667893,PRKCQ,5.0
447077,PRP4,5.0
11626560,ASK2,5.0
11617559,PIK3CA(C420R),5.0
5291,AKT2,5.0
3025986,MAP3K2,5.0
9884685,ABL1(H396P),5.0
16038120,FAK,8.958607314841775
126565,LATS1,7.522878745280337
123631,IKK-epsilon,5.0
176870,LRRK2,5.537602002101044
9915743,PRKCE,5.0
5291,EGFR(L747S752del),5.0
10138260,IRAK1,7.585026652029182
5291,PRKG1,5.0
156422,KIT(D816H),5.0
3038522,CSNK1A1,5.0
51004351,CSK,5.060480747381382
10461815,ANKK1,5.0
208908,MEK2,5.0
17755052,HIPK3,6.221848749616356
9926054,p38-gamma,5.0
9809715,ALK,7.508638306165728
11984591,ASK1,5.0
42642645,EGFR(G719C),6.920818753952375
25127112,GRK7,6.267606240177032
11656518,EPHA2,5.537602002101044
11364421,GSK3A,5.0
153999,IKK-alpha,5.0
3038522,PIK3CA,5.0
10138260,AKT1,5.0
5287969,MEK3,5.920818753952375
5291,MRCKA,5.0
11314340,PRKD1,5.0
24889392,BRK,5.0
11626560,DMPK2,5.0
11364421,MEK6,5.0
9926791,PIK3CA(E545K),5.0
11485656,EGFR(L747T751del),5.0
10184653,PDGFRA,5.0
16038120,EPHB4,6.1249387366083
16725726,EPHA2,5.0
208908,IKK-beta,5.0
9915743,CLK1,5.0
3038522,PIK3CA(E545A),5.0
11626560,ERBB2,5.0
11667893,MEK1,5.0
10427712,MYLK4,5.0
216239,CDC2L5,5.0
123631,DRAK2,5.42021640338319
176870,ABL1(E255K),7.200659450546419
4908365,MEK1,6.698970004336019
10461815,CAMK2D,5.537602002101044
11364421,ERN1,5.0
10074640,GRK7,5.0
11314340,CDK8,5.455931955649724
11656518,DRAK1,5.0
11667893,CDK8,5.0
208908,PIP5K1A,5.0
151194,ADCK3,5.0
24779724,ABL1(F317L)p,5.0
3062316,IKK-beta,5.0
123631,BRAF,5.0
24779724,AKT2,5.0
153999,CDK11,5.0
3038525,MARK3,5.0
10184653,BTK,5.0
24779724,DAPK3,5.0
3081361,PIK3C2G,5.0
3038522,NIM1,5.0
25127112,MET,5.0
11617559,CAMK2G,5.0
176870,CDK2,5.0
16007391,JAK3(JH1domain-catalytic),5.0
3038522,MRCKA,5.0
3038525,AMPK-alpha2,5.0
24180719,ICK,5.0
9926054,NIM1,5.0
11234052,INSR,5.0
10127622,PHKG1,5.0
11485656,CDC2L1,5.886056647693163
153999,p38-beta,5.0
156414,DCAMKL3,5.0
123631,ERK4,5.508638306165728
3062316,CAMK4,5.0
5494449,NIM1,5.0
11314340,IKK-epsilon,5.0
3038525,MST4,5.0
4908365,MEK4,5.468521082957745
216239,MAP3K15,5.0
16725726,PRKD1,5.455931955649724
10184653,ADCK3,5.0
42642645,NEK6,5.0
10427712,PIK3CA(M1043I),6.522878745280337
216239,CDK2,5.060480747381382
126565,MET,6.537602002101044
25127112,ACVR2A,5.0
25127112,MAPKAPK2,5.0
9926054,CDKL3,5.0
6918454,ABL1(M351T),5.0
9915743,p38-delta,5.0
123631,AKT1,5.0
9933475,p38-alpha,5.0
3025986,CLK2,5.958607314841775
11617559,NIM1,5.0
123631,ABL1(F317I)p,5.327902142064283
44259,CLK3,6.040958607678906
3038522,PKN2,5.0
10461815,AKT1,5.0
176155,CSNK1A1L,5.769551078621726
156414,LRRK2(G2019S),5.958607314841775
44150621,CAMK2A,5.0
9926791,MAP3K2,5.0
9926054,NEK1,5.0
51004351,HUNK,6.619788758288394
5494449,PRKCD,5.0
151194,EGFR(G719C),5.0
16722836,HIPK1,6.0655015487564325
3038522,CDC2L1,5.0
11712649,GRK4,5.0
9929127,MAP3K2,5.0
11338033,FLT3(ITD),5.0
16007391,PIM2,5.0
16725726,PAK2,6.568636235841013
24180719,p38-beta,5.0
6918454,LOK,5.0
9929127,FGFR2,5.0
9929127,MLK1,5.0
3025986,PFTAIRE2,6.130768280269024
11338033,MAST1,5.0
25243800,CSNK1A1L,5.698970004336019
11717001,CDK5,5.0
11656518,CSNK1D,5.0
11234052,PAK2,5.0
5328940,DCAMKL3,5.267606240177032
11717001,CSK,5.0
11409972,NEK4,6.337242168318426
9929127,ERK5,5.0
11314340,PIK3CA(E545K),5.0
4908365,PIK3CA(Q546K),5.0
11656518,CDK4-cyclinD1,5.0
11485656,ABL1(Q252H)p,5.0
51004351,LKB1,6.455931955649724
3038522,EPHB2,5.0
11984591,INSRR,5.337242168318426
3062316,PKNB(Mtuberculosis),5.0
11984591,MLK2,8.42021640338319
153999,PRKCD,8.443697499232712
44150621,ABL1p,7.267606240177032
156422,KIT(V559D-T670I),6.585026652029182
16722836,FGFR1,6.552841968657781
6450551,CAMK2D,5.0
11427553,ABL1(M351T),7.721246399047171
11667893,PRKCI,5.0
24180719,CDKL2,5.0
16007391,DAPK1,5.0
5328940,KIT(D816V),7.136677139879544
16038120,EGFR(L747S752del),6.958607314841775
44150621,BMX,5.0
11717001,PIK3CB,5.0
44259,LCK,7.522878745280337
208908,LCK,5.0
11338033,CDK5,6.154901959985743
151194,ACVRL1,5.0
10113978,MKK7,5.0
5328940,FGR,8.200659450546418
151194,CDKL1,5.0
216239,MST1R,5.0
11984591,FLT1,7.795880017344075
151194,p38-beta,5.0
208908,MYLK,5.0
208908,LRRK2,5.0
11667893,DYRK1B,5.0
11485656,DYRK2,5.0
216239,ABL1(Q252H),6.886056647693163
51004351,ABL1(F317I),5.0
11626560,HPK1,7.4089353929735005
5291,LATS2,5.0
11338033,MET(Y1235D),5.0
25127112,DAPK1,7.142667503568732
5328940,MAP4K3,8.292429823902063
10461815,PHKG1,5.721246399047171
11984591,MLK1,8.366531544420413
6918454,HIPK4,5.0
16007391,CDK7,5.2076083105017466
3038525,PIP5K2C,5.0
156422,PLK3,5.0
10127622,LZK,5.0
447077,JAK2(JH1domain-catalytic),7.0
11656518,MKNK2,5.0
11427553,LIMK1,5.0
156422,MARK3,5.0
151194,MKK7,5.0
9926791,PKAC-alpha,5.0
10461815,FLT4,5.853871964321762
176155,BIKE,5.0
10461815,MYO3A,5.0
17755052,PKAC-alpha,5.0
176870,MST1R,5.0
216239,DAPK1,5.0
10427712,NEK6,5.0
9884685,CAMKK2,5.0
11717001,PAK2,5.0
5494449,CSNK2A2,5.0
11409972,DAPK2,5.0
11656518,DRAK2,5.0
3038525,FGFR1,5.0
156414,PKN1,5.0
11409972,MAK,6.0
10113978,LCK,5.920818753952375
11364421,CSNK1A1,5.508638306165728
9884685,EPHA8,5.0
11984591,NIM1,6.180456064458132
11409972,FES,6.443697499232713
11485656,PIK3C2B,5.0
9884685,PRKG2,5.0
16725726,INSRR,5.0
9915743,BTK,6.795880017344075
3081361,MAPKAPK2,5.0
644241,ERK2,5.0
10427712,ERBB4,5.6777807052660805
176167,CDC2L5,5.0
156422,PIK3CA(E545K),5.0
156414,EGFR(L747S752del),9.585026652029182
6450551,BMPR1A,5.0
11667893,EPHA2,5.0
11427553,PDPK1,6.187086643357144
10074640,KIT(D816H),5.823908740944319
156414,MEK3,5.0
10113978,AKT3,5.0
17755052,IRAK3,5.769551078621726
6450551,DYRK1B,5.0
5328940,FRK,8.853871964321762
176167,EPHB1,5.0
25127112,EGFR(L858R),5.0
10461815,PDGFRB,5.721246399047171
5329102,MYLK4,7.823908740944319
11712649,MST1R,5.0
17755052,NEK11,5.0
10113978,PRKG2,5.0
151194,LIMK2,5.0
17755052,PRKD1,5.0
6450551,KIT(V559D-T670I),8.853871964321762
5291,PCTK3,5.0
4908365,EGFR(L747E749del),5.167491087293763
11314340,CSK,5.0
9933475,PRKG2,5.0
123631,MARK1,5.0
153999,GRK1,6.096910013008056
151194,PFCDPK1(Pfalciparum),5.0
5291,PAK2,5.0
9884685,BRAF,5.537602002101044
9926054,PKMYT1,5.0
51004351,CSNK1A1,5.0
644241,DCAMKL3,5.0
16038120,CAMK2G,6.107905397309519
3062316,LCK,9.69897000433602
11314340,PRP4,5.337242168318426
9926791,MAP4K3,5.0
10184653,JNK2,5.6777807052660805
10074640,CAMK2G,5.0
11364421,DRAK2,5.0
9933475,LOK,7.638272163982407
24779724,CTK,5.0
11717001,CAMK2D,5.0
4908365,FES,5.958607314841775
3038525,PIK3CA(E545K),5.0
10427712,CAMKK1,5.0
126565,BRSK2,7.795880017344075
3038525,MEK1,5.0
10461815,PIK3CA(H1047L),5.0
16007391,MAP3K1,5.0
9915743,CDK11,5.0
216239,ASK2,5.0
3062316,GRK1,5.0
216239,KIT(D816H),6.366531544420414
25243800,MRCKA,5.0
176870,DYRK2,5.886056647693163
176167,OSR1,5.0
11712649,MUSK,5.0
11234052,MRCKB,5.0
9929127,NEK5,5.0
16725726,MTOR,5.0
11617559,ADCK4,5.0
11234052,NEK5,5.0
151194,LATS1,5.0
16007391,MARK3,5.0
11364421,BRK,5.0
3025986,MAP3K3,5.0
9933475,FGR,5.958607314841775
16038120,EPHB3,5.721246399047171
11617559,ABL1(F317L),5.0
24779724,BMX,5.0
16007391,CDC2L5,5.958607314841775
5328940,CDK3,5.0
11717001,MYLK4,5.0
16007391,PRKCD,5.0
10113978,ABL1(F317I)p,5.0
9915743,EGFR(L858RT790M),7.568636235841013
6918454,GRK4,5.0
5287969,MYO3B,5.0
3038525,EIF2AK1,5.0
176167,PRKR,5.0
447077,NEK11,5.522878745280337
11656518,CDKL1,5.0
24889392,KIT(A829P),8.443697499232712
208908,MARK3,5.0
10138260,EPHB3,5.0
11984591,MAP4K4,5.0
9929127,BMX,5.0
42642645,ABL1p,7.251811972993799
11626560,BRK,5.0
3025986,PCTK1,8.148741651280925
11485656,AURKC,7.1487416512809245
9915743,ANKK1,5.0
16722836,IKK-epsilon,6.443697499232713
6918454,PIP5K1C,5.0
25127112,EPHB6,5.508638306165728
6450551,DRAK2,5.0
24180719,p38-gamma,5.0
16725726,FGFR1,5.0
24180719,JNK2,5.0
9809715,ERN1,5.698970004336019
11427553,ASK1,5.0
11314340,KIT(V559D-T670I),5.0
10138260,PIK3CA(I800L),5.0
5329102,CDK3,5.0
25127112,MUSK,5.0
11717001,ERBB2,5.0
9926791,BRSK1,5.0
156414,DYRK1B,5.0
42642645,JAK1(JH2domain-pseudokinase),5.0
11314340,MEK1,5.0
11712649,PLK2,5.0
3025986,CTK,5.0
11626560,CDKL3,5.0
5494449,ABL1(E255K),8.522878745280337
24889392,ABL1(T315I)p,5.0
9926054,CLK4,5.0
151194,MAP4K5,5.0
6918454,MLCK,5.0
208908,CDK3,5.0
11712649,PIK4CB,5.0
447077,PRKR,5.0
11485656,CAMK1,5.0
11712649,EGFR(L858RT790M),5.0
9933475,MAP4K4,5.698970004336019
42642645,PIP5K1C,5.0
123631,ABL1(Q252H)p,6.638272163982407
16038120,FLT4,6.769551078621726
11712649,FLT3(R834Q),5.0
24889392,PHKG1,5.0
17755052,CTK,5.0
3062316,ACVRL1,6.337242168318426
16007391,BRAF,5.0
176155,PIK3CA(H1047Y),5.0
3025986,EGFR(L858RT790M),5.0
10113978,NEK9,5.0
25127112,BRK,5.0
447077,MAP4K3,6.4089353929735005
17755052,DCAMKL2,5.0
16725726,DMPK2,5.0
42642645,LATS2,5.0
25243800,CSNK1A1,6.443697499232713
42642645,MET(M1250T),9.0
5329102,FLT3,9.387216143280265
16722836,AKT3,5.0
11667893,PCTK2,5.0
11656518,NEK5,5.494850021680094
25127112,MYO3B,5.0
10138260,PCTK2,5.0
3038525,PIK3CA(H1047L),5.0
11656518,CAMK2B,5.0
3081361,HUNK,5.3872161432802645
11717001,PRKG1,5.0
10138260,MRCKB,5.0
11338033,PHKG2,5.0
11984591,ACVRL1,5.0
10427712,EPHA2,5.0
44150621,FLT3(R834Q),8.1249387366083
11427553,MINK,7.602059991327962
3081361,ABL1(E255K),7.886056647693163
208908,JNK1,5.0
16725726,CASK,5.0
11314340,CSF1R,5.0
9809715,CAMK1,5.229147988357856
5287969,EPHA2,5.6020599913279625
11667893,KIT(V559D),8.494850021680094
24180719,DDR1,5.619788758288394
3038522,CSNK2A1,5.0
3081361,CLK1,5.0
11485656,CAMKK1,5.0
11667893,CHEK2,5.0
151194,LZK,5.0
126565,CDK3,6.376750709602099
5328940,MKNK1,5.0
156422,FRK,5.920818753952375
3081361,PIK3CA(H1047L),5.0
156422,PRKG2,5.0
3062316,EPHA6,5.6777807052660805
10138260,MST2,7.187086643357144
11338033,ADCK4,5.0
176167,PIK3CA(E542K),5.0
6918454,ASK2,5.0
11234052,MST2,5.0
24779724,ABL1(F317I)p,5.0
9809715,PKN1,6.130768280269024
5287969,FLT3,5.0
126565,MAK,5.769551078621726
11338033,NEK4,5.0
216239,PCTK1,5.0
10074640,ASK1,5.0
10074640,MLK2,5.0
4908365,FGFR3(G697C),5.795880017344075
16722836,GCN2(KinDom2S808G),7.0
11427553,CDK9,5.0
11617559,PCTK2,5.0
44150621,AAK1,6.769551078621726
5291,ABL1(H396P),8.229147988357855
3038522,LRRK2(G2019S),5.0
9926054,HIPK1,5.0
3038522,CHEK2,5.0
156422,ABL1(Y253F),5.070581074285707
5328940,PAK6,5.0
4908365,JAK1(JH2domain-pseudokinase),6.853871964321762
176167,BRK,5.0
151194,PAK6,5.0
176167,LATS1,5.0
4908365,MAP4K5,6.443697499232713
25127112,GAK,7.00436480540245
11314340,OSR1,5.0
10113978,MINK,5.0
11626560,MARK2,5.0
44259,AMPK-alpha1,8.431798275933005
16007391,EPHA4,5.0
10127622,CLK1,5.0
5291,MYLK4,5.0
153999,CDK7,5.769551078621726
156422,BLK,6.167491087293763
5287969,EPHA1,5.638272163982407
11626560,FLT3(D835Y),6.6777807052660805
10138260,PKN2,5.42021640338319
10184653,PAK3,5.0
10427712,ABL1(F317L)p,5.075720713938119
176155,ABL1(F317L)p,5.0
11656518,MEK1,5.0
11717001,DMPK,5.0
11626560,MAST1,5.0
11717001,PAK4,5.0
10113978,CLK4,5.0
126565,CDK8,5.096910013008056
9929127,MAP3K4,5.0
11364421,PIK3CA(H1047Y),5.0
123631,PRKCH,5.0
176155,MERTK,5.0
5291,NLK,5.0
3038525,CAMK2D,5.0
208908,ABL1(T315I),5.0
9809715,CLK1,8.05551732784983
11427553,LZK,6.301029995663981
11717001,JNK3,5.6020599913279625
24779724,PIK3CA(Q546K),5.0
24779724,GAK,5.0
11617559,ERK2,5.0
123631,BRSK2,5.0
11427553,PRKCQ,5.0
25127112,EPHA4,5.0
16038120,LATS2,5.698970004336019
176155,PIP5K2B,5.0
11667893,ABL1(H396P)p,5.0
156422,MAP3K3,5.0
151194,EPHB2,5.0
176155,GRK1,5.0
3081361,EPHB2,6.356547323513813
11656518,CLK3,5.0
44150621,ACVR1B,5.0
176167,MRCKB,5.0
10113978,NDR1,5.0
447077,ABL1,8.823908740944319
9884685,CLK1,5.4089353929735005
5291,PKN1,5.0
11427553,CAMK2A,5.3979400086720375
447077,FLT3(K663Q),6.886056647693163
156422,MAP3K1,5.0
11656518,ABL1(Y253F),5.568636235841013
10113978,MET(M1250T),5.468521082957745
44150621,FRK,5.638272163982407
11717001,NEK9,5.0
3038522,EGFR(T790M),5.0
11234052,MLK2,5.0
10138260,DLK,6.251811972993799
11364421,PKN1,5.0
5329102,MELK,6.455931955649724
3081361,HIPK1,5.0
10074640,ANKK1,5.0
24779724,GSK3A,5.0
176155,EPHA8,5.0
6450551,KIT(V559D-V654A),8.455931955649724
24779724,FLT3(R834Q),5.0
4908365,CAMK1G,5.2076083105017466
11338033,ERK4,5.0
216239,GSK3B,5.0
3081361,DCAMKL3,5.0
3038522,PCTK1,5.221848749616356
24889392,EGFR(L858R),5.0
3038525,ASK1,5.0
9915743,FGFR2,5.0
16007391,PIK3CG,5.0
447077,IGF1R,5.0
11427553,NLK,5.0
11485656,LCK,5.0
24779724,FLT3(D835H),5.0
10461815,ACVR2A,5.0
5329102,ABL1(T315I),6.823908740944319
176167,FLT3,6.481486060122113
9809715,MTOR,5.0
3038522,PIK3CD,5.0
24889392,INSR,5.0
3025986,EPHA6,5.0
5287969,PIK3CA(E542K),5.0
11656518,CIT,7.060480747381382
123631,PFTAIRE2,5.0
11314340,EPHA4,5.0
11667893,CSK,5.0
3038522,GAK,5.431798275933005
5329102,INSRR,6.366531544420414
151194,PRKD3,5.0
9915743,EPHB3,5.0
644241,PRKR,5.0
9933475,MELK,5.0
25243800,CAMK2B,5.0
208908,FLT3,5.0
3038522,PAK7,5.0
9933475,MAP4K5,7.0
11667893,EPHA1,5.0
126565,GSK3A,5.638272163982407
17755052,ABL1p,5.0
51004351,CAMK2A,7.698970004336019
25127112,LYN,5.0
9926054,CDKL2,5.0
9926054,FLT3(D835Y),5.0
3081361,MAP3K4,5.522878745280337
10127622,PRKD3,5.0
216239,FAK,5.0
16038120,PIM2,5.0
151194,CDK4-cyclinD1,5.0
5329102,AMPK-alpha1,7.721246399047171
25127112,ABL1,5.431798275933005
156422,AKT3,5.0
10461815,AKT2,5.0
51004351,GCN2(KinDom2S808G),7.4089353929735005
11667893,DCAMKL2,5.0
16007391,LCK,6.42021640338319
9884685,GRK7,5.0
5329102,PKMYT1,5.0
447077,NDR2,5.0
5291,EGFR(L858RT790M),5.0
156414,GAK,7.0
16038120,PIK3CG,5.0
44150621,MKNK1,5.0
11626560,BRSK2,5.0
5287969,FGFR2,5.0
24889392,FLT3(N841I),8.387216143280265
5494449,AXL,6.6777807052660805
11234052,ERK3,5.0
10461815,IRAK1,5.795880017344075
176870,DMPK,5.537602002101044
3025986,PLK2,5.0
11984591,PCTK1,5.0
9926054,MYLK2,5.0
10427712,LIMK1,5.0
447077,p38-beta,7.013228265733755
156422,PIM1,5.0
3025986,CSNK2A2,5.0
11234052,PIM1,5.0
5287969,BRSK1,5.0
156422,ANKK1,6.0
6450551,CDC2L2,5.0
24779724,CAMK1D,5.0
151194,MAP4K4,5.0
16722836,GRK1,5.0
42642645,CDKL2,6.619788758288394
156414,CIT,5.886056647693163
156414,FLT1,5.1249387366083
176155,NEK2,5.0
11617559,ACVR2A,5.0
24889392,CDK4-cyclinD1,5.0
11338033,ABL2,5.0
16722836,ABL1(E255K),7.397940008672037
3062316,HUNK,5.0
5328940,PKAC-beta,5.0
9915743,NEK11,5.0
5329102,MLK1,5.468521082957745
5329102,MEK3,5.769551078621726
10184653,ABL1(F317L)p,6.638272163982407
24889392,PIK3CA(E542K),5.0
10184653,FGR,5.0
5291,MAP4K3,5.0
11314340,DYRK1A,8.67778070526608
11712649,CSNK1E,5.0
11712649,CAMK2G,5.0
6450551,MYLK4,5.0
5328940,DRAK2,5.0
126565,PIP5K1C,5.0
11338033,LTK,5.0
126565,FGFR2,6.180456064458132
156422,ADCK4,5.0
11626560,ABL1(H396P)p,7.060480747381382
3062316,AKT2,5.0
11984591,ERBB3,5.0
44259,MYLK2,7.214670164989233
11617559,BRSK1,5.0
3025986,AKT3,5.0
16725726,IGF1R,5.0
3025986,BRSK2,5.251811972993799
44150621,PFTK1,5.0
10074640,BMX,5.0
11427553,MEK3,6.823908740944319
25243800,PKN2,5.0
11656518,MAP4K5,6.080921907623926
11485656,PLK1,5.0
3038525,MAP4K4,5.0
3038525,GAK,5.0
176155,LRRK2,5.0
11427553,FLT3(D835H),7.886056647693163
153999,ABL1(Q252H)p,5.0
44150621,LATS1,5.769551078621726
11667893,EPHB4,5.0
5291,ABL1(Q252H)p,7.036212172654444
156414,IRAK1,6.346787486224656
5291,PLK4,5.10790539730952
10427712,CDKL1,5.0
10427712,MST2,5.0
9926054,ABL1(Q252H)p,5.0
4908365,ALK,6.075720713938118
6450551,CAMK2A,5.0
4908365,DDR1,8.0268721464003
9933475,NEK9,5.0
5329102,ERBB2,5.0
156414,JAK1(JH2domain-pseudokinase),5.0
10184653,PRKG1,5.0
10138260,PIM1,5.0
153999,PFTK1,5.0
644241,PAK2,5.0
11626560,PIP5K2B,5.0
44259,JAK1(JH2domain-pseudokinase),5.0
5494449,NEK2,5.0
9884685,ABL1(T315I)p,5.0
5287969,EPHA6,5.0
9809715,MAP3K4,5.0
11314340,FLT4,5.0
9884685,MST2,5.0
5329102,MKNK1,5.4089353929735005
9926791,JNK3,5.0
11626560,PAK3,5.0
11364421,MAPKAPK2,5.0
123631,GRK7,5.0
25243800,MLK2,5.0
10184653,JNK1,5.0
10184653,GCN2(KinDom2S808G),5.0
9915743,MYO3B,5.0
11984591,ABL1(Q252H),6.200659450546419
5328940,ABL1(H396P)p,10.244125144327509
42642645,MAP4K5,8.397940008672037
42642645,PRKG1,5.0
4908365,MINK,7.091514981121351
16725726,PIK3CA(H1047Y),5.0
42642645,CLK4,6.070581074285707
5287969,PIK3CB,5.0
5329102,FRK,6.275724130399211
123631,EGFR(S752I759del),9.008773924307503
10461815,GRK1,5.958607314841775
11338033,CHEK1,5.0
25243800,PRKD3,5.0
16038120,HIPK1,5.356547323513813
3038522,CSNK1A1L,5.0
3025986,INSR,5.0
156414,HIPK3,5.0
16722836,EGFR(S752I759del),5.0
11314340,ADCK4,5.0
24180719,CSK,5.657577319177793
126565,FGFR3,6.236572006437063
10184653,GRK1,5.0
447077,PIK3C2G,5.0
3038525,MERTK,5.0
11667893,PRKX,5.0
51004351,AURKB,7.207608310501746
3081361,JAK3(JH1domain-catalytic),5.0
6450551,ABL1,7.075720713938118
16007391,CDKL5,5.0
447077,CDK3,5.0
10074640,HIPK4,5.0
156422,PAK2,5.0
3038522,ERN1,5.0
11984591,DCAMKL2,5.0
11626560,PDPK1,5.0
6918454,GRK1,5.0
25243800,PRKR,5.657577319177793
9933475,CDK4-cyclinD1,5.0
5329102,DCAMKL1,6.431798275933005
11717001,EPHA6,5.0
10427712,MKNK2,6.142667503568732
156414,MLCK,5.0
6918454,MST2,5.0
24889392,MARK1,5.0
16725726,ASK2,5.0
17755052,MAP4K4,5.0
9809715,PAK1,5.0
16007391,HIPK2,5.431798275933005
11626560,MST4,5.552841968657781
9926054,CDK8,5.0
176155,HIPK4,5.0
11617559,CSK,5.0
9926791,MAP3K15,5.0
44150621,CLK1,5.167491087293763
3081361,DYRK2,5.0
24889392,ERN1,5.0
11234052,MET,5.0
9926791,NEK1,5.0
9884685,ABL1(F317I),5.0
10113978,GSK3B,5.0
42642645,CSNK1G1,5.0
9933475,ERK8,5.0
5287969,KIT(D816V),5.337242168318426
11234052,MYLK,5.0
208908,PIK3C2B,6.173925197299174
3081361,LKB1,5.0
11485656,MEK1,5.0
10127622,ARK5,5.0
11409972,AAK1,5.0
10427712,PIP5K2C,6.275724130399211
11667893,PIK3C2G,5.0
16725726,FES,5.0
5287969,PHKG2,5.537602002101044
11427553,GRK4,7.1487416512809245
153999,FGR,5.0
44150621,PIK3C2B,5.0
5328940,NEK2,5.795880017344075
447077,MERTK,5.0
16038120,MAP4K2,6.721246399047171
11364421,PIK3CG,5.0
5287969,GRK7,6.008773924307505
9926791,PIM3,5.0
11617559,LYN,5.0
153999,ACVRL1,5.0
644241,AMPK-alpha2,5.0
9933475,KIT(V559D),9.568636235841012
11314340,ACVR2B,5.0
644241,PIM3,5.0
176870,JAK3(JH1domain-catalytic),6.154901959985743
176155,EGFR(S752I759del),5.698970004336019
5329102,CSK,5.0
11234052,AURKA,5.0
9809715,EGFR(L858R),5.0
11667893,LYN,6.795880017344075
42642645,CLK1,6.259637310505756
11234052,CLK4,5.0
4908365,CAMK2A,5.0
42642645,CDK8,6.886056647693163
11656518,IKK-beta,5.0
11314340,JNK2,5.0
24180719,IRAK1,5.0
11234052,CSNK2A1,5.0
42642645,EGFR(S752I759del),5.958607314841775
176870,ABL1(M351T),7.180456064458132
24779724,HCK,5.0
9933475,PDPK1,5.0
151194,PDPK1,5.0
4908365,EIF2AK1,5.0
24180719,EPHA1,5.0
16722836,MKNK2,6.42021640338319
9929127,MRCKB,5.0
16725726,KIT(V559D-V654A),5.455931955649724
10127622,PIP5K2C,5.0
176155,CTK,5.0
126565,PAK1,7.522878745280337
3062316,DMPK,5.886056647693163
25127112,ERK8,5.0
176155,EPHA7,5.0
447077,ABL1(Q252H),8.886056647693163
208908,DCAMKL1,5.0
25127112,BIKE,6.6777807052660805
11364421,KIT,5.0
3038522,ABL1(F317I)p,5.0
5494449,BRSK2,5.0
24180719,PRKCE,5.0
51004351,MAP4K5,5.958607314841775
10138260,AMPK-alpha1,7.0
9809715,PKAC-beta,5.0
9926054,CSNK1D,5.0
176870,NEK4,5.0
5494449,CAMK1,5.154901959985743
5328940,MKNK2,5.0
3038525,DCAMKL2,5.0
44150621,CAMKK2,5.0
9929127,PIK3CA(H1047Y),5.0
17755052,PDPK1,5.0
10427712,PLK3,5.0
11314340,MARK4,5.0
9929127,EGFR(L861Q),5.0
9915743,PHKG1,5.0
11234052,DCAMKL1,5.0
10074640,MERTK,5.0
11617559,DAPK3,5.0
10184653,EPHA8,5.0
5287969,CLK2,5.657577319177793
17755052,NDR2,5.0
11626560,DCAMKL2,6.431798275933005
9926791,PIM2,5.0
10074640,PLK2,5.0
9884685,KIT(V559D-T670I),5.0
9915743,CSNK1G3,5.10790539730952
126565,ACVR2A,5.6020599913279625
42642645,DLK,7.657577319177794
44259,EPHB1,6.619788758288394
3038522,MINK,5.0
25127112,PCTK3,5.0
5328940,ADCK3,5.0
11712649,MKK7,5.0
151194,PLK3,5.0
3038525,PRKD2,5.0
16725726,INSR,5.0
156422,AURKB,5.0
9933475,GRK1,5.0
10427712,MAP4K3,5.0
10184653,PIK3CA(E545K),5.0
25243800,KIT(A829P),5.795880017344075
16007391,MLK1,5.0
11234052,NEK4,5.0
9884685,PHKG1,5.0
9884685,DRAK2,5.0
10461815,PKAC-alpha,5.0
176167,NEK7,5.0
9933475,NEK5,5.0
9933475,AMPK-alpha1,5.0
3081361,MAP3K15,5.0
9929127,MEK3,5.0
216239,PIP5K2C,5.0
10138260,CHEK1,5.920818753952375
176155,FGFR3(G697C),5.0
6918454,MAP4K4,5.0
9933475,AURKC,5.6777807052660805
10427712,BTK,5.0
9929127,JAK2(JH1domain-catalytic),5.0
156422,EPHA3,6.055517327849832
10074640,CLK4,5.0
16038120,PKN2,6.167491087293763
156422,ADCK3,5.0
10427712,JNK3,5.0
16725726,MEK1,5.0
11984591,PHKG2,6.026872146400302
11984591,CAMK2G,6.036212172654444
9915743,MKNK1,5.0
153999,ANKK1,5.0
5494449,PIK3CA(Q546K),5.0
6918454,IRAK3,5.0
3038525,PRKG1,5.0
25243800,EPHB1,5.721246399047171
9929127,NEK1,5.0
123631,ACVR1,5.0
24889392,CLK2,5.0
11712649,CASK,5.0
3081361,PIP5K2B,5.0
6450551,FYN,5.0
176167,MST3,5.0
10184653,MYO3B,5.0
10113978,CHEK1,5.0
10461815,PRKD3,5.0
153999,DMPK,6.552841968657781
6450551,AKT2,5.0
9933475,DAPK1,5.0
176870,MEK3,5.0
11427553,PCTK1,6.080921907623926
9926791,BRK,5.0
11409972,FLT3(D835Y),7.958607314841775
51004351,PFTK1,5.0
5287969,ABL1(Q252H)p,5.920818753952375
644241,PIK3CA(H1047L),5.0
3025986,KIT,5.0
11717001,ABL1(T315I),5.0
25243800,MAP3K15,5.0
156414,PFTAIRE2,5.0
9809715,ADCK4,5.0
9915743,AURKC,5.0
17755052,GRK7,5.0
176155,CDK11,5.0
10427712,ABL1(M351T),5.0
216239,CAMK1D,5.0
11485656,MAST1,5.0
10427712,BRAF(V600E),5.698970004336019
208908,ANKK1,5.0
17755052,DAPK1,5.3979400086720375
3081361,ABL1p,7.795880017344075
16007391,INSRR,5.0
10113978,ABL1(Y253F),6.318758762624413
5287969,IKK-epsilon,5.508638306165728
51004351,CASK,5.0
10138260,PIK3C2G,5.0
3025986,PIK3CA(E545K),5.0
10074640,JNK3,5.0
9926054,CDK4-cyclinD1,5.0
644241,HCK,6.4089353929735005
9926791,PKN2,5.920818753952375
10074640,PRKCE,5.0
5291,KIT(D816V),6.008773924307505
11626560,ABL1,7.10790539730952
24779724,PRKX,5.0
644241,FGFR3,5.0
11485656,PIM3,5.0
126565,PIK3CA(E542K),5.229147988357856
16725726,PRKX,8.142667503568731
9915743,DRAK2,5.958607314841775
11712649,BMPR2,5.0
25127112,p38-delta,5.0
151194,PFTAIRE2,5.0
11667893,PIK3CA(C420R),5.0
10113978,ABL1(T315I)p,5.6777807052660805
176870,MAP3K4,5.0
3025986,EPHA1,5.0
25127112,MYO3A,5.0
447077,PRKD3,5.0
17755052,EPHA4,5.0
11364421,ERK2,5.0
126565,MYLK4,7.537602002101044
24779724,ACVR1B,5.0
25243800,ASK2,5.0
5291,HCK,5.0
11485656,PKMYT1,5.0
447077,NEK3,5.0
11409972,JNK1,6.337242168318426
24889392,NEK6,5.0
24180719,ACVR2A,5.0
6918454,ERK4,5.0
25243800,CSNK1D,6.494850021680094
5494449,CSNK1A1L,5.0
126565,FLT1,6.920818753952375
11485656,PRKD1,5.0
176167,MAST1,5.0
25243800,NEK6,5.0
9933475,AKT2,5.0
11485656,ABL1(F317I),5.0
11409972,FLT3(R834Q),9.130768280269024
5291,MKNK2,5.0
5287969,EGFR(L747S752del),5.657577319177793
10461815,PFTAIRE2,6.292429823902063
9915743,PAK1,6.6777807052660805
151194,PHKG1,5.0
16007391,MLCK,5.0
11717001,DYRK1A,5.0
176167,ARK5,5.0
16722836,MINK,5.050609993355088
208908,AURKC,5.0
17755052,EGFR(L747E749del),5.0
11617559,KIT(A829P),5.0
4908365,DMPK2,5.0
11984591,FGFR3(G697C),7.173925197299174
16007391,CASK,5.0
11656518,AMPK-alpha1,5.346787486224656
42642645,BRAF,5.455931955649724
10113978,MAP4K3,5.795880017344075
5291,EPHA4,5.0
3038525,MRCKB,5.0
11656518,EGFR(L858RT790M),5.0
11712649,PCTK1,5.0
11626560,EGFR(T790M),5.0
24889392,MST2,5.0
11338033,p38-beta,5.0
24180719,CDK3,5.0
16722836,CAMK1,5.795880017344075
11667893,DMPK,5.0
644241,EIF2AK1,5.0
11712649,MAP4K4,5.0
25127112,AURKB,5.0
9929127,CSNK1G2,5.0
25127112,GSK3A,5.0
9926791,BMPR2,5.0
16722836,PRKCE,5.091514981121351
11617559,FGFR3,5.0
11626560,CHEK1,5.0
10184653,PIK3CA(M1043I),5.0
10138260,PRKD2,5.431798275933005
176870,NEK5,5.0
10113978,AURKA,5.1487416512809245
3081361,PFTAIRE2,5.0
5329102,CAMK1G,6.356547323513813
11314340,NEK5,5.0
9933475,MET(Y1235D),6.251811972993799
9809715,GAK,5.0
16038120,FLT3(N841I),7.958607314841775
11485656,ABL1(E255K),5.0
151194,ALK,5.0
126565,LOK,8.244125144327509
123631,NEK6,5.0
11626560,CDK5,5.0
447077,MARK1,5.0
24779724,NEK7,5.0
11667893,CDK7,5.0
9926054,MARK1,5.0
6918454,CSK,5.0
25127112,PIM1,5.0
9929127,MAP3K3,5.0
10138260,MKNK1,5.292429823902063
3025986,FGFR3(G697C),5.0
10127622,MELK,5.0
9926791,ABL1(H396P),5.346787486224656
6918454,p38-delta,5.0
123631,JAK1(JH2domain-pseudokinase),5.0
9926054,DCAMKL2,5.0
25127112,FLT1,5.0
11717001,DAPK2,5.0
11617559,MAP3K4,5.0
10113978,MAPKAPK2,5.0
3038525,PAK1,5.0
3038525,EGFR,5.0
126565,JAK3(JH1domain-catalytic),8.638272163982407
51004351,BMPR2,5.0
16007391,EGFR(L747T751del),5.455931955649724
6450551,FGFR3(G697C),6.6777807052660805
16722836,BMPR1A,5.0
10113978,CDK8,5.0
9809715,AURKC,6.721246399047171
9933475,MEK3,5.0
176167,PRKCE,8.050609993355087
176155,GSK3A,5.0
10127622,CAMKK1,5.0
25243800,FLT3(R834Q),5.017728766960432
5329102,EGFR(T790M),5.619788758288394
24180719,KIT(L576P),6.3979400086720375
9926791,MST2,5.0
11984591,PIK3CD,5.376750709602099
11984591,PIM3,5.0
5291,MEK6,5.0
10127622,AXL,5.0
10138260,ABL1(F317L),5.481486060122113
11984591,PDGFRB,8.481486060122112
24889392,ADCK4,5.0
11338033,PFPK5(Pfalciparum),5.0
11427553,ACVRL1,5.0
3038522,JAK1(JH2domain-pseudokinase),5.0
216239,MKK7,5.0
11364421,NEK11,5.0
11626560,CHEK2,5.0
10074640,GRK1,5.0
24779724,CAMK2G,5.0
4908365,GRK7,6.086186147616283
3038522,PAK2,5.0
5329102,CDC2L1,5.0
5329102,MAP4K4,6.853871964321762
176870,BLK,6.721246399047171
11364421,CTK,5.0
16007391,HCK,5.4089353929735005
44259,EPHA3,7.568636235841013
10427712,MST1,5.0
9929127,EGFR(L747E749del),5.0
10138260,PDGFRB,9.537602002101044
3038522,MAP4K3,5.0
24889392,AURKC,5.0
16038120,MST4,6.292429823902063
9926054,LRRK2(G2019S),5.0
151194,LCK,5.0
176870,KIT(L576P),5.455931955649724
11984591,MAP4K5,5.0
11984591,HIPK1,6.086186147616283
10074640,PRKG1,5.0
16038120,HIPK2,5.356547323513813
9884685,EPHB2,5.0
123631,PIK3CB,5.0
5328940,EIF2AK1,6.200659450546419
11667893,FLT3(R834Q),5.42021640338319
5287969,LIMK2,5.0
153999,EIF2AK1,5.0
25243800,CDK11,5.6020599913279625
10461815,PDPK1,5.0
10113978,JAK1(JH2domain-pseudokinase),5.0
3025986,IKK-beta,5.0
3025986,PIP5K1A,5.0
42642645,PKN2,5.0
9809715,MST1R,5.0
16007391,PLK3,5.0
11338033,PIM1,5.0
16038120,PRKX,5.236572006437063
447077,NEK2,6.958607314841775
11626560,PHKG1,5.0
9933475,FLT3,5.0
11717001,CTK,5.0
16722836,CDC2L1,5.0
4908365,KIT(V559D),8.113509274827518
216239,NEK5,5.0
11667893,CSNK1G2,5.0
153999,DDR2,5.0
11712649,LYN,5.853871964321762
644241,EPHA2,6.638272163982407
9926791,EGFR(L747E749del),5.0
44150621,KIT(D816V),5.853871964321762
11409972,KIT(V559D),8.301029995663981
3081361,GAK,7.0655015487564325
11485656,ABL1(F317L)p,5.0
6450551,NEK9,5.0
11427553,PRKCH,5.0
11314340,MST3,5.0
11485656,DYRK1A,5.0
10427712,BLK,5.0
25243800,EGFR(G719S),5.522878745280337
10184653,PDGFRB,5.0
156414,MKNK2,5.744727494896694
126565,ASK2,6.769551078621726
16007391,PCTK3,5.0
16007391,BRAF(V600E),5.0
16725726,JNK1,5.0
3038522,MARK1,5.0
11409972,LOK,9.036212172654444
9809715,EPHB2,5.0
151194,BIKE,5.0
208908,PKN1,5.0
44150621,INSR,5.0
156414,ABL1(T315I),6.161150909262744
9926054,ABL1(T315I),5.0
10461815,HIPK4,5.886056647693163
10074640,MST4,5.0
11409972,CDK4-cyclinD3,6.200659450546419
176167,PIK3CA(H1047L),5.0
11656518,ABL1(H396P)p,5.251811972993799
156414,FYN,5.275724130399211
44150621,MAP3K1,5.0
11314340,ERBB4,5.0
5291,MST2,5.0
151194,PIK3CB,5.0
5329102,FES,6.017728766960432
11314340,PIP5K1C,5.0
6918454,MTOR,5.0
9929127,BLK,5.0
9926791,NEK2,5.0
16007391,AKT1,5.0
3038525,MINK,5.0
10461815,ACVR1,5.0
156414,NDR1,5.0
3025986,PAK6,5.0
11717001,JAK1(JH1domain-catalytic),5.0
176155,PIK3CD,5.0
208908,ABL1(M351T),5.0
4908365,MET(Y1235D),5.267606240177032
3062316,PHKG1,5.0
11984591,FLT3(N841I),8.823908740944319
16007391,NEK4,5.0
5494449,PDGFRA,5.795880017344075
9933475,PIK3CA,5.0
9915743,ERN1,5.0
5328940,MYLK4,5.0
11667893,FAK,5.0
11984591,ACVR2B,5.0
11338033,KIT(V559D-V654A),5.0
16038120,NEK7,5.638272163982407
11656518,FLT3(D835Y),5.0
11427553,PDGFRA,6.886056647693163
10074640,FLT1,5.0
11314340,PKAC-beta,7.045757490560675
17755052,MAP3K15,5.0
11409972,KIT(A829P),8.356547323513812
6918454,PRKCD,5.0
9915743,ERK8,5.0
16722836,DYRK2,5.0
10138260,ERBB4,5.0
151194,JAK2(JH1domain-catalytic),5.0
25127112,CSNK1A1,5.744727494896694
11712649,DRAK1,6.721246399047171
447077,PIK3CG,5.0
44150621,BRAF(V600E),5.0
126565,PRKD3,8.050609993355087
208908,EGFR(L858R),8.55284196865778
16725726,CAMK1,5.0
9933475,p38-beta,5.0
176870,MAP4K5,5.0
11338033,CDK4-cyclinD3,7.920818753952375
10184653,DCAMKL1,5.0
3038525,ERBB4,5.0
9809715,p38-delta,5.0
3025986,MAK,5.638272163982407
153999,ABL2,5.0
3081361,ITK,5.0
5287969,PAK1,5.0
9926054,ERBB2,5.0
11626560,INSRR,6.221848749616356
5494449,MEK6,5.585026652029182
9884685,ITK,5.0
9926791,PRKCE,5.0
10427712,PAK1,5.0
11667893,ABL1(E255K),5.0
208908,CAMK2D,5.0
3081361,PLK4,6.2076083105017466
9926791,LATS2,5.0
3038522,MAP3K2,5.0
16725726,MYO3A,5.0
24889392,LOK,5.6777807052660805
156414,p38-gamma,5.0
5494449,ERK5,5.167491087293763
24889392,JAK3(JH1domain-catalytic),5.0
11626560,ABL1p,6.958607314841775
3025986,GAK,5.744727494896694
11656518,ACVR2B,5.0
151194,CAMK2B,5.0
11617559,ACVR1,5.0
5291,BMPR1A,5.0
24779724,FES,5.0
11234052,ACVR1B,5.0
9809715,HIPK3,6.070581074285707
10113978,MLCK,5.0
44259,LTK,7.431798275933005
44150621,GCN2(KinDom2S808G),6.6020599913279625
11485656,PAK1,5.0
10113978,EPHB1,5.0
10184653,EPHA7,5.0
10074640,AKT2,5.0
5329102,LIMK1,5.0
3081361,CDK4-cyclinD1,5.0
5328940,MEK4,5.585026652029182
216239,PDPK1,5.0
151194,CAMK1D,5.0
6450551,MARK2,5.0
5329102,CIT,5.4089353929735005
9809715,CDK2,5.853871964321762
9933475,KIT(V559D-V654A),9.508638306165729
6918454,CHEK1,5.0
11717001,IRAK1,5.0
156414,PCTK3,5.0
5494449,PFTAIRE2,5.0
11667893,ABL1(F317I)p,5.0
3062316,BIKE,5.0
11656518,JAK2(JH1domain-catalytic),5.0
11234052,CDKL2,5.0
5328940,MLCK,5.0
42642645,PCTK2,6.769551078621726
10184653,PIK4CB,5.0
16722836,PKMYT1,5.0
11667893,MINK,5.0
10074640,JAK3(JH1domain-catalytic),5.0
156422,PAK6,5.0
11626560,MLK3,5.0
176167,NIM1,5.0
9933475,BMPR1B,5.0
3038525,PCTK3,5.0
5291,CAMK4,5.0
208908,HUNK,5.0
11617559,ABL1(H396P),5.0
11427553,MELK,6.6777807052660805
16725726,MET(Y1235D),5.0
11409972,PIK3CA,5.0
3062316,EGFR(L747E749del),6.958607314841775
16007391,PDGFRB,7.387216143280264
5329102,ASK2,5.0
44259,EGFR(E746A750del),6.920818753952375
11338033,PKNB(Mtuberculosis),5.0
16038120,DRAK2,5.1487416512809245
208908,ACVR1,5.0
11984591,ITK,6.3979400086720375
16725726,LTK,5.0
42642645,MEK4,5.0
4908365,DRAK1,6.568636235841013
11984591,MLK3,7.958607314841775
9809715,ACVR1,6.221848749616356
10113978,GRK7,5.0
11984591,PAK6,6.508638306165728
6450551,EGFR(E746A750del),5.0
9884685,PAK7,5.0
25127112,NEK4,5.0
6450551,NEK4,5.0
176167,CDK8,5.0
5287969,NEK5,5.0
16007391,CDKL2,5.920818753952375
5494449,IKK-beta,5.0
25243800,PIK3CA(H1047L),6.42021640338319
16722836,EPHA3,5.1487416512809245
3081361,MAK,5.0
44150621,PIK3CA(E545K),5.0
11717001,CDK11,5.0
5329102,PKN2,5.886056647693163
3038522,CAMK2G,5.0
4908365,PDPK1,5.4089353929735005
11712649,PIK3CD,5.0
16007391,PKAC-beta,5.0
11717001,EPHA5,5.0
42642645,PHKG1,5.0
5291,ACVR1,5.0
44259,FLT4,7.552841968657781
9926791,PHKG2,5.0
10127622,PIK3CA(I800L),5.0
16038120,MARK2,7.356547323513813
44259,PCTK1,7.619788758288394
151194,EPHB1,5.0
42642645,EGFR(L747T751del),6.795880017344075
11667893,DAPK3,5.0
3038522,EPHB4,5.0
11427553,CDKL1,5.0
176155,JAK1(JH2domain-pseudokinase),5.0
10127622,PHKG2,5.0
11667893,ACVR1,5.0
126565,EPHB4,5.161150909262744
24779724,GSK3B,5.0
11984591,FAK,6.6020599913279625
9933475,EGFR(G719S),7.075720713938118
9809715,PIK3CA(E545K),5.0
9933475,ACVR1B,5.823908740944319
5328940,PIK3CA(I800L),5.0
25127112,DRAK2,5.455931955649724
5291,GRK7,5.0
3025986,ACVR2A,5.0
24889392,NIM1,5.0
11717001,ABL1(Y253F),5.0
6450551,PIP5K1A,5.0
156422,JAK1(JH2domain-pseudokinase),5.0
9809715,MARK4,5.698970004336019
11617559,MET,5.0
11409972,ABL1(F317I),8.721246399047171
10427712,MST1R,5.0
11338033,INSR,5.0
44150621,PAK7,5.0
9929127,DRAK1,5.0
25243800,LYN,6.251811972993799
156422,LRRK2(G2019S),5.0
11338033,PRKG2,5.0
11984591,ABL1(E255K),6.657577319177793
16722836,PFCDPK1(Pfalciparum),5.920818753952375
3062316,p38-gamma,5.0
9915743,CHEK2,6.070581074285707
9929127,CSNK1A1,5.0
9809715,PIK3CA(H1047L),5.0
11656518,ABL1(F317I),5.10790539730952
10184653,PFTK1,5.0
153999,INSR,5.0
153999,CDKL2,5.0
11364421,PAK2,5.0
9884685,FGR,5.0
11712649,CDC2L1,5.0
44150621,ABL1(F317L),5.823908740944319
10113978,PIK3CA,5.0
176870,PLK1,5.0
25243800,ICK,5.0
16007391,ERBB2,5.366531544420414
208908,CAMK1,5.0
3038522,HIPK4,5.619788758288394
3038522,EPHB3,5.0
16038120,JNK3,7.173925197299174
44150621,PIK3CA(H1047L),5.0
216239,DDR1,8.823908740944319
3038525,AURKB,5.0
3081361,MEK2,5.958607314841775
10138260,EGFR(L747T751del),5.0
156422,NEK11,5.0
9926791,ABL1,5.0
9884685,LZK,5.0
153999,ACVR1,5.0
6450551,IRAK1,5.508638306165728
9884685,CDK4-cyclinD3,5.0
16007391,NIM1,5.0
3081361,AAK1,5.0
3081361,ABL1(Y253F),8.045757490560675
5291,NEK1,5.0
11712649,ERN1,5.0
126565,PIK3CA(C420R),5.309803919971486
9926054,BMX,5.0
11314340,LCK,5.0
11234052,HCK,5.568636235841013
151194,ABL1(Q252H)p,5.0
9884685,PCTK3,5.0
156414,ICK,5.0
156422,PRKCD,5.0
11485656,AAK1,5.0
42642645,MUSK,7.886056647693163
9926791,MKNK2,5.795880017344075
3038522,HCK,5.0
5329102,NEK3,5.0
44259,MAST1,6.823908740944319
3062316,INSRR,5.0
9926791,HIPK4,5.0
11234052,PRKX,5.0
9933475,IRAK4,5.0
11626560,GAK,5.0
24779724,LOK,5.0
11626560,CAMK4,5.0
156422,JNK3,6.958607314841775
51004351,ITK,5.0
644241,PKN2,5.0
3025986,MARK2,5.0
11984591,IRAK1,8.013228265733755
5287969,EGFR(T790M),5.795880017344075
11364421,JAK3(JH1domain-catalytic),5.0
176155,PLK3,5.0
11667893,MET(M1250T),5.0
10113978,MARK3,5.3979400086720375
11364421,LIMK1,5.0
4908365,BLK,7.958607314841775
51004351,JNK1,5.356547323513813
216239,KIT(V559D-T670I),7.744727494896694
126565,CHEK1,8.55284196865778
11364421,FYN,5.0
11364421,KIT(D816V),5.0
24889392,NDR2,5.0
11409972,ERK8,7.026872146400302
24889392,BTK,5.0
10113978,PRKX,5.0
11409972,PRKCD,5.0
3081361,PRKD3,5.0
24180719,PRKG1,5.0
3062316,PAK1,5.0
25243800,DMPK2,5.0
9809715,GCN2(KinDom2S808G),5.698970004336019
9926054,NEK7,5.0
3025986,EGFR(L747T751del),5.0
156414,NIM1,5.0
10427712,IKK-beta,5.0
16722836,CDKL5,5.136677139879544
208908,BLK,5.0
5328940,MAK,5.0
11485656,PAK2,5.0
176870,HPK1,5.0
44259,EGFR(L861Q),6.221848749616356
644241,MARK1,5.0
11314340,AKT3,6.744727494896694
11409972,FLT3(K663Q),9.292429823902063
16725726,PKAC-alpha,7.721246399047171
16007391,AURKC,8.356547323513812
126565,NEK1,5.6020599913279625
24779724,LIMK2,5.0
3038522,FGFR1,5.0
11717001,JNK1,5.0
11234052,BRAF(V600E),5.0
11712649,BMPR1B,5.0
10138260,ABL1(Q252H),6.060480747381382
11984591,KIT,8.167491087293763
153999,LATS1,5.585026652029182
9926054,PIK3CA(H1047L),5.0
3038525,BMPR2,5.0
126565,MAP4K3,6.958607314841775
5329102,ABL1(F317L),6.136677139879544
25243800,BTK,5.494850021680094
126565,NEK3,5.0
17755052,EGFR(L747S752del),5.0
156414,HIPK4,5.958607314841775
24779724,MKNK1,5.0
25127112,EIF2AK1,5.0
9809715,PIM2,5.0
156414,NEK11,5.0
10127622,ERK1,5.0
11667893,CSNK1G1,5.0
11717001,LATS1,5.0
16038120,MEK1,6.259637310505756
176167,PIP5K2C,5.0
6918454,MRCKB,5.0
10461815,ABL1(H396P)p,5.045757490560675
9926791,GRK7,5.366531544420414
11626560,CDK3,5.0
11234052,LZK,5.0
44259,MST3,6.920818753952375
24889392,LZK,5.0
9926054,PRKG2,5.0
9929127,EGFR(E746A750del),5.0
9915743,PKAC-alpha,5.0
10184653,FGFR3(G697C),5.0
16725726,AKT2,8.67778070526608
3038525,MST1,5.0
3038522,CAMK1D,5.0
5329102,DCAMKL3,6.958607314841775
176155,BRAF(V600E),6.275724130399211
9926054,MLCK,5.0
176870,FLT3(ITD),6.086186147616283
25243800,PLK4,7.154901959985743
156422,EGFR(S752I759del),5.119186407719209
11626560,CSNK1A1L,5.0
51004351,CDKL1,5.0
16725726,EGFR,5.0
10138260,NEK4,5.0
17755052,NLK,5.0
3025986,EGFR(G719C),5.0
3025986,HCK,5.0
5291,FLT3,5.0
447077,KIT(V559D-V654A),7.167491087293763
9809715,EPHB1,6.259637310505756
10127622,JNK1,5.0
9933475,ARK5,5.0
6450551,PFTK1,5.0
216239,CAMK2D,5.0
11314340,NEK7,5.0
176870,AKT3,5.0
25243800,JNK2,5.0
3025986,AURKA,5.130768280269024
11234052,MARK4,5.0
11234052,MLK3,5.0
10138260,MAK,5.0
9929127,DCAMKL3,5.0
11617559,IGF1R,5.0
216239,BMPR2,5.0
42642645,PRKD1,5.0
10127622,KIT(D816H),5.0
11626560,FGR,6.173925197299174
16725726,JAK2(JH1domain-catalytic),5.0
5328940,FLT4,5.0
9933475,FLT3(R834Q),5.0
10427712,HUNK,5.0
9915743,PIK3C2B,5.0
10074640,NEK7,5.0
9915743,AMPK-alpha1,5.0
176155,MAP4K3,5.0
208908,MKNK2,5.0
16725726,CDK5,5.0
9915743,PRKCQ,5.0
16038120,PIK3CA(I800L),5.0
11656518,CHEK2,5.0
11656518,BIKE,5.0
11656518,ERK8,5.0
5328940,PFTK1,5.853871964321762
151194,EGFR(E746A750del),5.0
5494449,ICK,5.0
44150621,ABL1(H396P)p,7.221848749616356
9929127,NEK9,5.0
10427712,MARK3,5.0
10184653,EGFR(L858R),9.69897000433602
3025986,NEK11,5.0
16722836,JAK1(JH1domain-catalytic),7.744727494896694
208908,PCTK1,5.0
11656518,MRCKA,5.0
9926054,ASK1,5.0
42642645,ERBB2,6.236572006437063
11617559,IRAK4,5.0
3038522,FYN,5.0
9915743,p38-beta,5.0
16722836,GRK4,6.769551078621726
9884685,MYLK2,5.0
3062316,MYO3B,5.0
11485656,BMPR2,5.10790539730952
11364421,MARK3,5.0
447077,GRK7,5.0
5291,LOK,5.0
3038525,BMPR1B,5.0
10461815,DDR1,7.154901959985743
10113978,DDR2,7.008773924307505
6918454,IKK-beta,5.0
9915743,PIP5K1A,5.0
11984591,NLK,5.0
644241,KIT(L576P),7.657577319177794
5328940,EPHA5,7.568636235841013
3038522,FGFR3(G697C),5.0
3038522,DRAK2,5.0
3062316,IGF1R,5.0
3038522,MST1R,5.0
16007391,JNK3,5.0
25243800,NEK4,5.0
126565,PIK4CB,6.537602002101044
9884685,DCAMKL2,5.0
10461815,AAK1,6.494850021680094
11656518,NEK7,5.0
216239,PIK3CA(C420R),5.0
10138260,MYLK4,7.494850021680094
5287969,DYRK1B,7.075720713938118
42642645,DMPK2,6.744727494896694
11717001,EPHA3,5.0
11314340,AURKC,5.075720713938119
44259,NEK7,5.346787486224656
4908365,DRAK2,5.1249387366083
11364421,AKT1,5.0
156422,ACVR2B,5.0
6918454,MLK2,5.0
5287969,AURKB,5.0
16038120,PAK7,6.4089353929735005
16725726,MINK,5.0
176167,PFPK5(Pfalciparum),5.0
24779724,CIT,5.0
17755052,ABL1(F317I)p,5.0
11712649,PIM1,5.0
9884685,KIT(A829P),5.0
126565,PRKCI,5.744727494896694
11712649,CSNK1D,5.0
4908365,FLT3,7.769551078621726
10127622,LRRK2(G2019S),5.0
11427553,EPHA1,6.823908740944319
10138260,PIK3CA(H1047L),5.0
447077,HIPK3,5.0
17755052,KIT(V559D-V654A),5.0
10074640,DCAMKL1,5.0
11656518,CSNK1G1,5.0
11485656,MUSK,8.0
42642645,ABL1(H396P),8.0
3025986,p38-gamma,5.0
11427553,LRRK2,6.455931955649724
156414,ERK1,5.0
123631,GRK4,5.0
11617559,PKAC-alpha,5.0
10127622,EIF2AK1,5.0
126565,DAPK1,7.096910013008056
51004351,NEK4,5.0
10184653,PFCDPK1(Pfalciparum),5.0
11667893,PAK7,5.0
9933475,PHKG1,5.0
44150621,CDC2L1,5.0
4908365,ERK1,5.0
10113978,CSNK2A1,5.0
10461815,LCK,6.494850021680094
5494449,AAK1,6.537602002101044
3025986,p38-delta,5.0
3038522,EPHA5,5.0
10427712,CLK1,6.853871964321762
9926791,PIK3CA(M1043I),5.0
4908365,BMX,6.107905397309519
44259,CDK4-cyclinD1,7.301029995663981
51004351,IGF1R,5.0
5291,DYRK1B,5.0
11712649,MLK3,5.0
10427712,PKN1,5.0
176870,ASK2,5.0
11485656,FLT3(D835H),8.568636235841012
4908365,PLK3,5.0
16038120,NDR1,6.356547323513813
447077,PCTK1,5.0
10074640,CAMK1G,5.0
10127622,ITK,5.0
16038120,CDKL1,5.0
156414,AKT1,5.0
6918454,ADCK4,5.0
24889392,PKNB(Mtuberculosis),5.0
176167,JAK1(JH1domain-catalytic),5.0
11409972,PCTK3,7.267606240177032
44259,LIMK1,6.318758762624413
11984591,PIK3CG,5.0
9926054,EGFR(L747S752del),5.0
6918454,ERN1,5.0
44150621,CAMKK1,5.508638306165728
176155,BRSK1,5.0
9915743,IRAK4,5.0
5291,IKK-alpha,5.0
44259,EGFR(L858R),6.568636235841013
11234052,PFPK5(Pfalciparum),5.0
11409972,PIM1,5.0
3038525,LTK,5.0
10113978,DCAMKL1,5.0
24180719,KIT(V559D-V654A),5.318758762624413
10074640,BRAF(V600E),5.744727494896694
11626560,ITK,5.698970004336019
153999,CDC2L5,5.0
11364421,PRKD3,6.455931955649724
17755052,EGFR,5.0
644241,PFCDPK1(Pfalciparum),6.102372908709559
11984591,CAMKK2,5.0
10074640,MRCKB,5.0
11717001,CAMK1G,5.0
16725726,NEK4,5.0
153999,CAMK2B,5.0
3081361,HPK1,5.259637310505756
5291,FLT3(ITD),5.200659450546419
44259,PIK3CA(H1047L),6.3979400086720375
9915743,ABL1(T315I),5.0
5291,CDK4-cyclinD1,5.0
9929127,BRAF,5.0
9809715,PIK3CA(C420R),5.0
176870,PIP5K1A,5.0
11364421,PIM3,5.0
10074640,IKK-epsilon,5.0
11617559,MEK2,5.0
44259,FES,7.638272163982407
3038522,MYLK2,5.0
176155,ABL1,5.0
24889392,EPHB6,5.920818753952375
9926791,MYLK2,5.0
11314340,AURKA,5.0
17755052,ADCK3,5.0
3025986,MYLK2,6.008773924307505
176870,ERK2,5.0
6450551,CAMK4,5.0
9926791,CDKL1,5.0
123631,CAMK1,5.0
176167,DYRK1B,6.0
11984591,EGFR(S752I759del),6.346787486224656
153999,ABL1(Q252H),5.0
11626560,NEK7,5.2441251443275085
11314340,BMX,5.0
11656518,MKNK1,5.0
51004351,BRK,5.0
3081361,MET,5.2441251443275085
42642645,CAMK4,5.0
25243800,MUSK,5.0
11984591,FGFR1,7.356547323513813
5328940,EGFR(L858R),7.638272163982407
156414,BMPR1B,5.585026652029182
176155,EGFR(T790M),5.6020599913279625
16725726,MEK4,5.0
10074640,PAK6,5.0
51004351,PRKCH,6.537602002101044
44150621,NEK5,5.638272163982407
3025986,JAK1(JH1domain-catalytic),5.0
10113978,PIM2,5.0
10427712,ERK1,5.0
44150621,MAP3K4,5.259637310505756
11712649,MAP3K15,5.0
11364421,ACVR1B,5.0
51004351,MKNK1,5.0
16722836,PRKCH,5.0
9915743,ASK1,5.0
11427553,ERK3,5.259637310505756
11712649,PCTK2,5.0
25243800,CAMK1D,5.823908740944319
156422,LCK,5.920818753952375
10427712,GSK3B,5.0
42642645,PIP5K2C,7.552841968657781
176870,JAK2(JH1domain-catalytic),5.431798275933005
11427553,CHEK1,6.1487416512809245
10127622,KIT(D816V),5.0
10461815,PIK4CB,5.0
17755052,PAK7,5.0
11364421,CAMK4,5.0
9929127,PFCDPK1(Pfalciparum),5.0
156414,BTK,5.795880017344075
176870,PIK3CB,5.0
17755052,PRKCH,5.0
11984591,MEK2,6.136677139879544
51004351,MST1,7.397940008672037
10427712,MAPKAPK2,5.0
644241,CSNK1G3,5.0
5287969,CDK8,6.920818753952375
3038525,JNK1,5.0
24889392,PLK2,5.0
25243800,LOK,7.113509274827519
176870,PIK3C2G,5.0
9926054,PIP5K1C,5.0
9915743,CTK,5.0
3038522,CSNK1G2,5.0
10427712,NIM1,5.0
11617559,PRKCD,5.0
16725726,MST2,5.0
10184653,EPHB1,5.0
11656518,CDK2,5.0
16725726,CAMK2B,5.0
11364421,FLT4,5.0
51004351,CDK7,5.0
11364421,MKK7,5.0
208908,FRK,5.0
10184653,ACVR2A,5.0
11617559,MARK4,5.0
11314340,CDK4-cyclinD1,5.0
176870,CSF1R,5.0
10184653,PIK3CA(I800L),5.0
11667893,CAMKK2,5.0
123631,BRK,5.0
6918454,HIPK1,5.0
24889392,JAK1(JH1domain-catalytic),5.0
6918454,CDC2L5,5.0
24889392,KIT(L576P),8.200659450546418
176870,CSNK1A1,5.0
644241,ABL1(T315I)p,5.0
11667893,ITK,5.0
16722836,CAMK2D,6.229147988357856
216239,JAK1(JH1domain-catalytic),5.0
11617559,EPHA7,5.0
5494449,MLCK,7.823908740944319
9926054,CSNK1A1,5.0
9915743,GSK3B,5.0
11717001,PAK6,5.0
5494449,DYRK1A,5.0
9884685,ACVRL1,5.0
153999,PDPK1,6.154901959985743
3038525,EPHA3,5.0
5291,NEK4,5.0
9929127,ANKK1,5.0
42642645,PIK3CA(Q546K),5.0
153999,AURKB,5.0
10127622,CAMK1G,5.0
9926054,BIKE,5.0
11656518,PCTK3,5.0
126565,CSK,6.585026652029182
11656518,AAK1,5.0
151194,CSNK1E,5.0
5291,PFTAIRE2,5.0
11427553,MLK2,5.823908740944319
151194,LIMK1,5.0
11485656,FLT1,8.1249387366083
11667893,BTK,5.0
126565,KIT(V559D),7.119186407719209
11712649,ERK4,5.0
25243800,ABL1p,7.161150909262744
11984591,NEK5,7.886056647693163
11712649,ACVR2B,5.0
644241,KIT,7.537602002101044
10427712,MAK,5.0
51004351,CSNK1G2,5.0
10113978,ABL1(M351T),6.251811972993799
11717001,EGFR(L858RT790M),5.0
44150621,PIK3CA(E545A),5.0
11717001,MEK1,5.0
5328940,CDKL5,5.0
16725726,ERK3,5.0
42642645,ERK4,5.0
176870,CAMK2D,5.1938200260161125
25243800,CSNK2A1,5.920818753952375
11712649,GRK1,5.0
42642645,CSNK2A1,5.0
3038525,KIT(D816V),5.0
216239,MEK5,6.721246399047171
16038120,AKT3,5.0
208908,PIK3CA(H1047L),5.0
123631,AAK1,5.0
9926054,PDGFRB,5.0
25127112,MAP3K4,5.0
11427553,p38-gamma,5.0
16722836,DRAK1,6.214670164989233
123631,PFTK1,5.0
10074640,EGFR(L858R),5.0
16725726,BMPR1B,5.0
9929127,FGFR3,5.0
25127112,GRK1,6.136677139879544
644241,MARK3,5.0
9929127,GRK7,5.0
9929127,MAP3K1,5.0
6450551,AXL,6.376750709602099
3081361,BTK,5.769551078621726
3038525,CTK,5.0
151194,CDKL5,5.0
176167,LOK,5.0
176870,NDR1,5.0
126565,DAPK2,7.200659450546419
17755052,DLK,5.0
151194,CAMK1G,5.0
6918454,PIK3CA(H1047Y),5.0
151194,PFPK5(Pfalciparum),5.0
6918454,PAK7,5.0
10138260,FGR,6.4089353929735005
10113978,MST3,5.0
6450551,MINK,6.251811972993799
9926054,IRAK4,5.0
24180719,LIMK1,5.619788758288394
9884685,IRAK1,5.0
156414,FLT3(D835H),5.920818753952375
123631,EIF2AK1,5.0
10074640,PFPK5(Pfalciparum),5.0
126565,EGFR(T790M),7.795880017344075
24779724,NEK3,5.0
11338033,EPHB4,5.0
11667893,PAK3,5.0
16007391,MEK5,8.55284196865778
44259,FLT3,8.537602002101044
10127622,EPHA2,5.0
44150621,PAK4,5.0
10113978,PIK3CA(C420R),5.0
11234052,KIT(V559D-T670I),7.769551078621726
156414,PKN2,5.0
9933475,EGFR(G719C),6.823908740944319
3038522,LATS1,5.0
176870,PFTAIRE2,5.0
24779724,JAK1(JH2domain-pseudokinase),5.0
5291,ABL1(H396P)p,7.187086643357144
11617559,ERBB3,5.0
5287969,LATS2,5.0
10127622,CDK8,5.0
42642645,PKAC-beta,5.0
6918454,DRAK1,5.0
11617559,p38-gamma,5.0
10074640,ABL1(Q252H),8.221848749616356
11409972,PCTK1,6.376750709602099
11314340,PIK3CA,5.0
5494449,NDR2,5.161150909262744
3081361,EPHA3,5.698970004336019
11984591,EPHA2,6.853871964321762
151194,NEK7,5.0
11364421,LOK,5.309803919971486
25127112,PIK3CA(E545K),5.0
126565,PLK2,6.481486060122113
24889392,ALK,5.0
153999,PRKCH,5.744727494896694
11364421,GRK4,5.0
447077,PFTK1,5.0
5287969,MEK1,5.0
4908365,CDC2L1,5.0
10074640,PKMYT1,5.0
6450551,CDKL2,6.275724130399211
5328940,HUNK,5.301029995663981
9926054,MARK3,5.0
11717001,MUSK,5.0
11717001,MEK3,5.0
644241,PKNB(Mtuberculosis),5.0
25127112,CDK7,5.481486060122113
16038120,PIK3CA(E545A),5.0
216239,CLK4,5.0
11717001,FLT3(R834Q),5.0
123631,MAST1,5.0
11314340,IRAK4,5.6020599913279625
11626560,ERK8,5.0
42642645,PIK3CB,5.0
11617559,ABL1(Q252H),5.0
11984591,ADCK4,7.1938200260161125
16007391,EPHB2,5.0
25127112,BRSK1,5.0
156414,MEK1,5.744727494896694
208908,EGFR(G719S),8.67778070526608
5287969,CDK3,6.3872161432802645
10138260,FLT3(R834Q),7.356547323513813
11427553,PIK3CA(Q546K),5.0
176870,CLK2,5.0
10113978,PRKG1,5.0
3081361,MAPKAPK5,5.0
5287969,EGFR(E746A750del),5.920818753952375
11656518,PFCDPK1(Pfalciparum),5.0
16725726,MET(M1250T),5.0
126565,PKMYT1,5.0
17755052,PRKCI,5.0
11717001,LYN,5.0
9809715,CDK11,5.0
24180719,HIPK1,5.259637310505756
11984591,MET(M1250T),6.638272163982407
126565,ERN1,8.244125144327509
3038522,GCN2(KinDom2S808G),5.0
11338033,ABL1(F317L),5.0
5329102,CTK,5.113509274827518
44259,ALK,7.494850021680094
11712649,ABL2,5.481486060122113
11656518,EGFR(S752I759del),5.0
25243800,NEK5,5.0
10461815,GSK3A,5.0
16722836,ABL1(F317L),6.346787486224656
208908,PIK4CB,6.026872146400302
44259,NEK11,5.508638306165728
153999,PRKD2,6.050609993355088
11485656,PHKG2,5.0
10127622,NDR1,5.0
4908365,MRCKA,5.0
11427553,FGFR4,5.638272163982407
10113978,CDC2L2,5.886056647693163
6918454,PKN1,5.0
24889392,PAK6,5.0
644241,EPHB1,5.886056647693163
9915743,EGFR(E746A750del),8.638272163982407
9809715,AMPK-alpha2,7.075720713938118
9809715,JNK2,5.0
3081361,PKAC-alpha,5.0
5494449,AKT2,5.0
10113978,NEK4,5.0
44150621,LTK,5.0
11617559,MRCKB,5.0
5287969,PFTAIRE2,6.481486060122113
25127112,PIK3CD,5.0
216239,ABL2,5.537602002101044
11409972,PDPK1,5.0
9915743,OSR1,5.0
156414,p38-alpha,5.0
9809715,ABL1(F317I)p,5.585026652029182
16722836,CDK4-cyclinD1,5.301029995663981
176870,DCAMKL3,5.0
156414,ABL1(T315I)p,7.161150909262744
153999,CSNK1G3,5.0
3025986,PFPK5(Pfalciparum),5.0
11427553,DCAMKL3,7.0655015487564325
44150621,GRK1,5.657577319177793
208908,JAK2(JH1domain-catalytic),5.0
3038522,MLK3,5.0
11656518,FES,5.0
126565,PIK3CA(H1047Y),6.187086643357144
24889392,PKN1,5.0
24889392,ABL1,5.0
5494449,CAMK1D,5.309803919971486
10113978,HIPK3,5.0
126565,CAMKK1,7.638272163982407
216239,CDK4-cyclinD3,5.0
9809715,GSK3B,7.080921907623926
11626560,EPHA1,6.853871964321762
216239,ABL1(Q252H)p,5.259637310505756
11364421,NEK7,5.214670164989233
176155,ERK3,5.0
11485656,IKK-epsilon,5.0
153999,MYO3B,5.0
447077,BMPR2,5.0
11656518,MAP3K3,5.0
10138260,MARK4,5.698970004336019
11338033,PLK2,5.0
11427553,EGFR(L747E749del),5.0
25243800,ACVR2B,8.119186407719209
126565,MARK1,7.080921907623926
123631,MAP3K15,5.0
11626560,CDKL5,5.0
3038525,ABL1(F317L),5.0
11626560,MEK5,5.0
5494449,ERK3,5.0
6450551,EPHB3,5.0
3038525,EGFR(L747E749del),5.0
25127112,PIM2,5.0
11717001,ERK2,5.0
10184653,BRSK2,5.0
11485656,PFPK5(Pfalciparum),5.0
644241,PLK3,5.0
11656518,MET(Y1235D),5.853871964321762
644241,ACVR2A,5.0
44150621,NEK11,5.0
24779724,PLK2,5.0
126565,MARK2,7.853871964321762
16038120,ARK5,7.886056647693163
6450551,CAMK1,5.0
16038120,MAP4K4,6.013228265733755
11617559,NEK6,5.0
10113978,MUSK,5.0
9915743,MARK2,5.0
156422,MLK3,5.0
11364421,CDK7,5.455931955649724
176155,EPHA5,5.0
153999,CAMK1,5.0
176167,BMPR1B,5.0
11234052,PIK4CB,5.0
5287969,MARK3,5.0
11667893,MYO3B,5.0
11314340,CAMK1,5.0
9933475,FAK,5.0
10427712,ERK3,5.0
3081361,AKT3,5.0
24180719,MRCKB,5.0
176870,ABL1(T315I)p,7.229147988357856
9915743,PKN2,5.0
10127622,FLT3(R834Q),5.0
123631,MEK3,5.0
44150621,PIK3CA,5.0
24180719,MARK2,5.0
51004351,EGFR(L747S752del),5.769551078621726
16038120,NEK5,5.0
11712649,ABL1(F317I)p,5.0
123631,HIPK3,5.0
44259,MKNK2,7.769551078621726
11485656,JAK3(JH1domain-catalytic),5.0
11427553,IRAK3,6.619788758288394
25127112,BRAF,5.657577319177793
44150621,EPHA3,5.0
151194,ASK1,5.0
17755052,BRAF,5.0
17755052,ABL1(Q252H),5.0
10184653,NEK5,5.0
3081361,EGFR,8.022276394711152
10074640,CSNK1E,5.0
6450551,ERK1,5.0
4908365,NEK6,5.0
5328940,PDGFRB,6.698970004336019
10113978,ABL1(E255K),6.096910013008056
24779724,ABL1(T315I)p,5.0
208908,MYLK4,5.0
10461815,FGFR2,5.2839966563652006
11364421,MAP3K2,5.0
3062316,GRK4,5.0
16007391,MET,5.0
11364421,LRRK2(G2019S),5.0
6450551,BRK,5.0
5328940,CAMKK2,6.107905397309519
151194,PAK3,5.0
5287969,INSRR,5.0
216239,KIT(D816V),6.508638306165728
24779724,PIK3CA(E545A),5.0
6918454,AAK1,5.0
25243800,AKT2,5.0
216239,DRAK2,5.0
6918454,ABL1(T315I),5.0
11617559,EPHA2,5.0
5328940,HCK,8.468521082957745
51004351,FES,5.0
44150621,FGFR2,6.3872161432802645
151194,FLT3,5.0
9915743,PIK3CA(C420R),5.0
5329102,CAMK2B,5.853871964321762
11234052,CSNK1E,5.0
11984591,PKAC-alpha,6.221848749616356
11717001,PIP5K1C,5.0
11338033,ABL1,5.0
11338033,IRAK1,5.0
16007391,EPHA7,5.0
11984591,MST1R,6.327902142064283
11626560,EPHA3,6.154901959985743
11717001,PIP5K1A,5.0
11984591,EGFR(T790M),7.142667503568732
151194,FES,5.0
11984591,MAP3K15,5.0
151194,ITK,5.0
25127112,INSR,5.0
126565,PIK3C2G,6.638272163982407
153999,PAK4,5.0
11617559,FGFR1,5.0
5494449,PRP4,5.6020599913279625
24889392,CDKL1,5.0
6450551,JAK2(JH1domain-catalytic),5.481486060122113
11485656,MST4,5.080921907623926
6450551,FGFR3,6.6777807052660805
644241,CTK,5.0
9809715,HCK,5.275724130399211
3038522,ERK5,5.0
5291,BMPR1B,5.0
44150621,p38-gamma,5.0
25127112,CSNK1D,5.0
644241,PCTK2,5.0
9915743,HIPK1,5.0
5287969,LKB1,5.0
5329102,AKT2,5.568636235841013
6450551,BTK,5.0
11314340,JNK3,5.0
5494449,ASK2,5.0
5328940,PIK3CA(C420R),5.0
3062316,JAK1(JH2domain-pseudokinase),5.0
11984591,HPK1,5.853871964321762
11626560,MAP3K3,6.958607314841775
208908,CHEK1,5.0
151194,EPHB6,5.0
10138260,IRAK3,5.721246399047171
3062316,MERTK,5.0
10113978,ERK1,5.0
447077,MYO3B,5.0
9933475,DMPK,5.0
123631,DMPK2,5.0
11656518,EGFR(L747S752del),5.0
176870,CDK5,5.0
17755052,MARK3,5.0
216239,JNK1,5.0
156414,CDK11,5.0
10074640,CSNK1A1L,5.0
176167,ABL1(E255K),5.0
5287969,MAP3K1,5.0
10127622,EGFR(S752I759del),5.301029995663981
6450551,PIM3,5.0
176155,MRCKB,5.568636235841013
9915743,MET(M1250T),5.173925197299174
3025986,MAP4K2,5.0
156414,AURKA,5.0
10184653,ERK4,5.0
3038522,ABL1(F317L)p,5.0
16007391,FGFR4,5.0
4908365,EGFR,5.0
10461815,PCTK1,5.958607314841775
5291,PIP5K1C,5.0
447077,PHKG2,5.0
9809715,ABL1(F317L),5.638272163982407
3038522,DDR2,6.920818753952375
25243800,LATS2,5.3979400086720375
51004351,DDR2,5.0
10427712,CDKL3,5.0
3038525,PIK3CD,5.0
4908365,PAK3,6.431798275933005
6450551,HPK1,6.481486060122113
9933475,NIM1,5.0
42642645,MET,8.853871964321762
4908365,EPHA3,5.795880017344075
42642645,AKT2,5.0
42642645,MST1,5.958607314841775
24889392,ABL1(Q252H),5.0
9915743,MLK1,5.267606240177032
16722836,PCTK2,6.455931955649724
5287969,ERN1,5.0
3062316,CHEK2,5.0
51004351,CDC2L5,5.0
153999,BMX,5.0
5287969,EGFR(G719S),5.3979400086720375
123631,EPHA7,5.0
176155,ABL1(F317I),5.0
10184653,MEK1,5.0
24180719,EIF2AK1,5.0
11656518,PIP5K2C,5.0
44150621,NEK9,5.040958607678906
156422,p38-alpha,9.346787486224656
216239,EGFR(S752I759del),5.0
9915743,ABL1(Y253F),5.0
644241,MST1,5.0
447077,CSNK2A1,5.0
44150621,EPHA8,5.0
9926054,ABL1(M351T),5.0
11338033,EGFR(L747T751del),5.0
11314340,CLK3,6.795880017344075
11717001,CSF1R,5.0
11234052,MAP3K1,5.0
6918454,AMPK-alpha2,5.0
11234052,PLK1,5.0
24889392,MEK2,5.0
176167,ADCK4,5.0
216239,PIP5K1C,5.0
11984591,ADCK3,5.958607314841775
17755052,MARK2,5.0
25127112,NEK6,5.0
11667893,CLK2,5.0
9884685,DMPK,5.0
10138260,CAMK1,5.481486060122113
6450551,PFPK5(Pfalciparum),5.0
156414,PIK3CA(E545A),5.0
153999,MET,5.0
216239,LATS2,5.0
156422,BMX,5.0
25127112,CDKL5,5.0
11667893,EGFR(L858R),5.1487416512809245
9809715,MKNK1,5.0
5494449,BRK,5.0
5291,ERK4,5.0
126565,MYLK,7.886056647693163
3062316,ACVR1B,6.481486060122113
10184653,AURKA,5.0
16725726,PIK3CA(M1043I),5.0
11712649,DYRK2,5.0
11314340,ERK2,5.0
5329102,EPHA2,5.0
11984591,DDR1,8.031517051446064
11234052,MAK,5.0
3038525,JAK2(JH1domain-catalytic),5.0
42642645,MEK6,5.0
6450551,ACVR2A,5.0
11364421,LZK,5.0
176155,PRKCH,5.0
16722836,ACVRL1,5.619788758288394
216239,MRCKB,5.0
3062316,ERBB4,7.259637310505756
151194,MAST1,5.0
25243800,MAST1,5.0
4908365,BRAF,5.0
447077,NEK7,5.0
9933475,LTK,5.366531544420414
6450551,PIM2,5.0
3062316,CAMK1,5.0
24779724,PKMYT1,5.0
11667893,PIK3CA(E545K),5.0
16007391,PRKD2,5.0
11667893,PFCDPK1(Pfalciparum),5.0
447077,ABL1(T315I)p,6.318758762624413
11717001,CASK,5.0
11485656,ACVRL1,5.0
126565,EPHB6,7.008773924307505
44259,ACVR1,6.327902142064283
9926054,MAST1,5.0
5328940,KIT(V559D),6.366531544420414
11409972,CAMK1D,5.356547323513813
9884685,PCTK1,5.0
9926791,p38-alpha,5.0
5328940,MST1R,5.200659450546419
16038120,EIF2AK1,5.0
6450551,DCAMKL1,5.0
216239,MAK,5.0
11656518,PIK3CA,5.0
9809715,PAK7,5.886056647693163
10127622,FRK,5.0
3081361,PAK3,5.0
216239,ARK5,5.0
3038525,AAK1,5.0
10138260,AAK1,7.180456064458132
123631,p38-alpha,5.0
24779724,DDR1,5.0
4908365,MAPKAPK2,5.0
176870,EGFR,9.173925197299171
5291,EGFR(L747T751del),5.0
16725726,FGFR4,5.0
25243800,MYLK2,5.0
156422,ABL1(H396P)p,5.0
44150621,ABL2,5.0
11712649,ERK2,5.0
3062316,CSNK1A1,5.0
176155,NDR1,5.0
11656518,IKK-alpha,5.0
11234052,DAPK2,5.0
5291,CSNK1G1,5.0
11717001,PAK1,5.0
216239,CAMK4,5.0
11427553,DYRK2,6.4089353929735005
156422,PIK3CA(H1047Y),5.0
16725726,ADCK3,5.0
11717001,LCK,5.0
5329102,NEK9,5.0
5291,ICK,5.0
9915743,PLK3,5.0
10184653,FRK,5.853871964321762
5287969,CAMK2B,5.327902142064283
11617559,PAK4,5.0
9915743,NEK6,5.0
3025986,NEK3,5.0
176167,DDR2,5.0
11667893,PKAC-alpha,5.0
176167,MAPKAPK2,5.0
6918454,GSK3B,5.0
10127622,JAK3(JH1domain-catalytic),5.0
3062316,AURKB,5.0
447077,ABL1(M351T),9.2839966563652
11409972,ARK5,5.0
11409972,PRKR,5.958607314841775
10074640,MEK4,5.0
24180719,ERK4,5.0
176155,MINK,5.0
44150621,EGFR(T790M),5.853871964321762
25127112,AKT3,5.0
11617559,EPHB3,5.0
11667893,PIK3CB,5.0
3038522,IRAK4,5.0
44150621,KIT,8.1249387366083
10184653,PLK3,5.0
11712649,CTK,5.0
6450551,PIK3C2G,5.0
153999,FER,5.0
16725726,EPHA8,5.0
11667893,MARK2,5.0
151194,EGFR,5.0
208908,CAMK2B,5.0
156414,JAK3(JH1domain-catalytic),6.200659450546419
9884685,AKT3,5.0
17755052,ABL1(F317L),5.0
5494449,CDC2L2,6.585026652029182
11338033,MLCK,5.0
42642645,IKK-beta,5.0
5329102,BIKE,8.259637310505756
447077,ALK,5.0
24779724,MRCKA,5.0
176870,EGFR(L747T751del),9.455931955649724
10113978,HIPK2,5.0
9915743,BMPR2,5.0
44150621,AURKB,6.552841968657781
9926791,LOK,5.0
9915743,DAPK2,5.0
11364421,CDK8,5.0
3062316,PIK3CA(M1043I),5.0
10113978,p38-alpha,5.0
153999,ABL1(H396P)p,5.0
11984591,PDGFRA,7.221848749616356
9926054,CSNK1G3,5.0
11234052,PRKD2,5.0
16722836,PIK3CA(I800L),5.0
10074640,PCTK3,5.0
6450551,CSNK1A1,5.0
644241,NEK4,5.0
10074640,LOK,5.0
11364421,ABL1(F317L),5.0
11712649,PDGFRB,5.0
16038120,MYLK,6.657577319177793
24889392,FER,5.0
5329102,PIM2,5.0
10074640,LIMK1,5.0
176870,ADCK3,5.721246399047171
24779724,DCAMKL2,5.0
11717001,IRAK3,5.0
6918454,EIF2AK1,5.0
25127112,HIPK1,5.920818753952375
3062316,PRKCE,5.0
9926054,MEK4,5.0
17755052,MYO3B,5.0
11427553,EGFR(L747S752del),5.0
25127112,ERK5,5.0
6918454,MST4,5.0
17755052,FYN,5.0
176155,PIK3CA(E545K),5.0
151194,HIPK3,5.0
156414,CDK3,5.0
447077,PIK3CD,5.0
9884685,PFTK1,5.0
16038120,LZK,7.244125144327507
644241,ERN1,5.0
156422,CSNK2A1,5.0
9884685,PIM1,5.0
4908365,PRP4,5.060480747381382
9929127,PLK2,5.0
9933475,JNK3,5.0
10461815,PIK3CG,5.0
11234052,MAST1,5.0
11409972,NIM1,5.0
153999,GSK3A,5.0
208908,BTK,5.0
11409972,PRKCI,5.0
126565,PIP5K2B,7.744727494896694
126565,DDR2,6.3979400086720375
16007391,BMPR1B,5.0
208908,INSRR,5.0
10074640,JNK1,5.0
9933475,KIT,9.42021640338319
3025986,BLK,5.0
156414,MAP4K5,5.585026652029182
11485656,PIK3CD,5.0
644241,OSR1,5.0
11364421,PKNB(Mtuberculosis),5.0
176870,AKT1,5.0
42642645,PIK3CA,5.0
9929127,AKT2,5.0
9809715,AURKB,6.376750709602099
3025986,CAMK1,5.0
11717001,EPHA4,5.0
3062316,ABL1(Q252H),10.431798275933003
3038522,ABL1(Y253F),5.0
11314340,PFPK5(Pfalciparum),5.0
24889392,ICK,5.0
9926054,ACVR1,5.0
156422,GRK4,5.0
156414,DRAK1,5.0
16722836,PIK3CD,5.0
3062316,DCAMKL1,5.0
24180719,IGF1R,5.0
123631,MKK7,5.0
153999,MARK2,5.0
10127622,MAP3K15,5.0
11338033,KIT(V559D),5.0
123631,KIT(V559D-T670I),5.0
16725726,MAP4K4,5.0
10427712,CAMK2G,5.0
9933475,MLK1,5.0
123631,BMPR1A,5.0
25243800,OSR1,5.0
24779724,BRAF,5.0
9809715,AKT3,5.0
16725726,MLK1,5.0
9926054,JNK3,5.0
16038120,FLT3(R834Q),7.468521082957745
176167,ABL1,5.0
6918454,FLT3(N841I),5.0
11338033,PKN1,5.0
24180719,DAPK2,5.0
10127622,NEK7,5.0
11409972,EGFR(G719C),6.657577319177793
11617559,CDC2L2,5.0
25127112,PIP5K1A,5.0
11656518,ABL1(M351T),5.698970004336019
42642645,LCK,8.221848749616356
11984591,EPHA5,6.0655015487564325
11338033,FLT3,5.0
216239,FES,5.0
644241,EGFR(G719S),5.0
11717001,DCAMKL3,5.0
176155,ERBB3,5.0
151194,BRAF(V600E),5.0
644241,CSNK1G1,5.0
24889392,PIP5K1A,5.0
447077,PRKG1,5.0
5291,CDKL1,5.0
9926054,BLK,5.0
447077,MARK3,6.130768280269024
10113978,KIT(D816H),6.0
11485656,PDGFRA,8.3767507096021
176155,NIM1,5.0
9929127,CDKL5,5.0
9809715,ERK1,5.0
42642645,DRAK1,5.0
16007391,ASK2,5.0
10427712,CDK8,5.0
11314340,BMPR1A,5.0
24779724,ABL1(Q252H),5.0
6450551,EPHA8,5.0
11617559,CDK9,5.0
6918454,DLK,5.0
24180719,KIT(D816H),5.0
644241,DYRK1B,5.0
11427553,PAK4,5.823908740944319
11667893,PFTK1,5.0
44259,GAK,7.769551078621726
5494449,CAMK2G,5.0
9809715,BRSK1,5.0
6918454,MAP3K1,5.0
9809715,LRRK2(G2019S),7.431798275933005
11427553,HUNK,6.337242168318426
11485656,DLK,5.0
151194,CSNK1A1,5.0
208908,PIP5K2C,5.0
3062316,NEK4,5.0
11656518,ASK2,5.0
10074640,PRKR,5.0
25243800,GSK3B,5.0
11656518,PRKD1,5.0
11656518,NLK,5.0
44150621,HIPK2,6.301029995663981
16007391,FLT3(K663Q),8.4089353929735
126565,CDK5,6.3872161432802645
176155,PRKD1,5.0
11427553,MYO3B,5.221848749616356
9809715,LATS2,6.42021640338319
11234052,ABL1,5.958607314841775
10184653,LTK,5.0
3081361,EIF2AK1,5.0
3038525,PAK3,5.0
3038525,CHEK2,5.0
10113978,PAK3,5.0
5291,PRKCD,5.0
16722836,AXL,6.795880017344075
176870,MYLK,5.0
151194,AURKC,5.0
10427712,HIPK1,5.0
11314340,AKT2,5.537602002101044
126565,BMX,6.698970004336019
10461815,PIP5K1A,6.552841968657781
11314340,PLK3,5.0
153999,PIK3CA(H1047Y),5.0
6450551,MAP4K4,6.455931955649724
644241,MRCKA,5.0
17755052,CSNK1E,5.920818753952375
156414,MTOR,5.0
9926791,ERK5,5.0
10461815,PRP4,5.585026652029182
10074640,ACVR2B,5.0
9926791,EGFR(L861Q),5.0
447077,LATS2,5.0
24180719,CSNK2A1,5.0
11712649,CSF1R,5.0
9809715,EGFR(S752I759del),5.0
644241,LCK,7.327902142064283
216239,PFCDPK1(Pfalciparum),6.657577319177793
9884685,CSNK1A1L,5.0
24180719,CAMK2G,5.0
42642645,AKT1,5.0
24779724,MYLK2,5.0
42642645,AXL,10.031517051446064
44150621,MAP3K3,5.0
44259,MST1R,6.3979400086720375
24180719,FLT3(D835H),5.214670164989233
10113978,LYN,5.958607314841775
3081361,GSK3A,5.0
123631,PLK3,5.0
151194,FER,5.0
11485656,CTK,5.0
11626560,DDR2,5.0
176167,CAMK2D,5.552841968657781
208908,DAPK1,5.0
16722836,EGFR,5.468521082957745
208908,PRKR,5.0
6918454,ALK,5.0
9915743,CSNK1E,6.537602002101044
5287969,PDPK1,5.0
3038525,LKB1,5.0
176167,FLT3(D835H),7.309803919971486
11626560,BRAF,5.0
9933475,CIT,5.0
24779724,ALK,5.0
176167,ABL1(T315I)p,5.0
10184653,PIK3CA(E545A),5.0
11364421,PFTK1,5.0
17755052,MINK,5.0
9929127,MYO3B,5.0
9929127,CDK9,5.0
156414,PCTK2,5.0
9929127,KIT(L576P),5.0
11712649,CDKL1,5.0
5291,KIT,7.886056647693163
153999,LRRK2,5.0
9926054,FRK,5.0
9933475,PAK7,5.0
156422,EPHA6,5.698970004336019
153999,DAPK1,6.013228265733755
153999,AKT1,5.0
5328940,MYO3A,5.2076083105017466
6918454,EGFR(L858RT790M),5.0
24180719,PLK1,5.0
156414,EPHB1,5.823908740944319
5291,FGFR2,5.0
644241,EPHA7,5.0
9809715,p38-beta,5.0
11364421,ASK1,5.0
24889392,CDKL3,5.0
176870,MYO3A,5.0
42642645,ABL1(Q252H),8.397940008672037
151194,ABL1(M351T),5.0
16722836,BRK,5.920818753952375
24180719,IRAK3,5.0
644241,ABL1p,7.886056647693163
11485656,NEK1,5.0
16722836,ABL1(F317I)p,6.251811972993799
17755052,CSNK1G1,5.0
6450551,EPHA5,5.0
25127112,PIK3CA(E542K),5.0
153999,PLK1,5.0
44150621,ARK5,6.619788758288394
9915743,GCN2(KinDom2S808G),7.017728766960432
16722836,MYLK4,6.886056647693163
9915743,ABL1(F317L),5.0
11656518,CAMK1D,5.0
9915743,EGFR(G719S),9.040958607678906
10138260,ITK,6.721246399047171
216239,CSF1R,7.552841968657781
11364421,CDKL3,5.0
11314340,MST1,5.0
42642645,BRSK2,5.0
9884685,CDK4-cyclinD1,5.0
3081361,AKT1,5.0
6918454,p38-gamma,5.0
5291,MAP3K1,5.0
3025986,MAP4K3,5.0
51004351,MRCKA,5.0
11617559,PFTK1,5.0
3038522,PRKD3,5.0
3062316,BMPR1A,5.154901959985743
11364421,ADCK4,5.0
9929127,ABL1(H396P)p,5.0
11617559,DAPK2,5.0
5494449,KIT(A829P),6.42021640338319
16007391,MET(Y1235D),5.2441251443275085
11712649,MAP3K4,5.0
11626560,LYN,6.026872146400302
176870,CLK3,5.0
11338033,MARK4,5.0
4908365,PIK3CA(E542K),5.0
9884685,PAK6,5.0
10184653,BMPR2,5.0
156414,MARK3,5.0
11427553,DLK,7.173925197299174
153999,MKNK1,5.1487416512809245
10138260,ASK2,5.0
156414,DMPK2,5.0
16007391,CAMK4,5.0
10074640,ABL1(F317I)p,7.10790539730952
156422,GRK1,5.0
11626560,KIT(D816V),5.431798275933005
151194,PIK3CA(M1043I),5.0
44259,HPK1,8.366531544420413
9809715,EPHA1,5.920818753952375
9809715,LOK,7.060480747381382
9926054,ADCK3,5.0
11338033,MUSK,5.0
644241,LTK,5.0
11409972,AURKB,5.356547323513813
6450551,DMPK,5.0
11656518,MAPKAPK2,5.0
3038522,CAMK1G,5.0
25127112,PRKG1,5.0
9884685,FLT1,5.0
5287969,AKT1,5.0
123631,ABL1(T315I),5.0
156414,MEK4,5.0
9933475,DLK,5.0
10113978,PCTK2,5.0
16007391,p38-beta,5.0
11409972,BRSK1,5.0
16722836,EPHB1,5.769551078621726
5329102,MLK2,5.0
10127622,ABL1(M351T),5.0
10461815,CSK,5.0
16038120,EGFR(G719C),5.698970004336019
6450551,DAPK3,5.0
123631,CASK,5.0
156422,AKT2,5.0
10127622,PIK3CD,5.0
11617559,GRK4,5.0
216239,JAK1(JH2domain-pseudokinase),5.0
123631,PIK3CA(E545A),5.0
10427712,MRCKB,5.0
11338033,BMPR2,5.0
11717001,ABL1(F317I),5.0
10113978,ABL1(F317I),5.0
5329102,MARK1,5.920818753952375
24180719,DMPK,5.0
151194,DCAMKL1,5.0
126565,MST1,8.522878745280337
11427553,JNK1,6.236572006437063
5328940,PAK4,5.0
25127112,CIT,5.0
6450551,ABL1p,7.443697499232713
3062316,FYN,9.102372908709558
5287969,MAK,7.552841968657781
24180719,LZK,5.0
153999,PIK3CA(Q546K),5.0
11485656,ERK1,5.0
5494449,FLT3(R834Q),6.886056647693163
25127112,CAMK2D,7.045757490560675
44259,CDK3,7.522878745280337
11427553,EPHB1,5.6020599913279625
11617559,KIT(V559D-V654A),5.0
11427553,MLCK,8.366531544420413
44259,EGFR,6.431798275933005
176167,CDKL3,5.0
16038120,FLT3(ITD),8.065501548756432
44150621,CDKL3,5.0
11485656,CDC2L5,7.42021640338319
9926791,EPHA4,5.0
9884685,CDK11,5.0
5328940,PIM2,5.0
11617559,ABL2,5.0
9929127,PKAC-alpha,5.0
153999,PRKCQ,8.602059991327963
153999,JAK3(JH1domain-catalytic),5.920818753952375
16722836,ANKK1,5.366531544420414
11626560,PFPK5(Pfalciparum),5.0
5291,PIK3CG,5.0
3025986,EPHA5,5.0
11626560,LZK,6.638272163982407
5329102,AURKA,5.769551078621726
216239,EGFR(G719C),5.0
44259,JAK1(JH1domain-catalytic),8.214670164989233
10138260,PIK3C2B,5.0
11314340,DLK,5.0
156422,CSNK2A2,5.0
24779724,GRK1,5.0
5494449,MARK2,5.853871964321762
11364421,CAMK1,5.0
5329102,PRKD2,6.42021640338319
11234052,DDR2,5.0
5329102,ICK,6.327902142064283
644241,NDR2,5.0
3025986,GSK3B,7.431798275933005
5494449,MARK3,5.6020599913279625
16038120,CAMK1G,5.522878745280337
11485656,KIT,8.698970004336019
11626560,PIP5K1A,5.494850021680094
42642645,HIPK1,6.376750709602099
16725726,PRKG2,8.508638306165727
156414,MAPKAPK2,5.0
5287969,ABL1(H396P),5.920818753952375
16722836,PIK3CA(E542K),5.0
176155,PRKCE,5.0
153999,NEK1,5.0
176155,CDK4-cyclinD3,5.0
11984591,PFTAIRE2,5.0
3038522,EGFR,6.3872161432802645
10127622,MTOR,5.0
9926054,FER,5.0
447077,PLK2,5.0
156414,DDR1,6.3979400086720375
11364421,CAMK2G,5.920818753952375
42642645,PIK3CA(E542K),5.0
16007391,CAMK2D,5.0
11427553,PRKG1,5.6020599913279625
3081361,GRK1,5.0
24779724,PIK3C2B,5.0
24180719,CHEK1,5.0
9884685,EPHA3,5.0
25243800,PIK4CB,6.026872146400302
10184653,CHEK2,5.0
11485656,PIK4CB,5.0
25127112,FRK,5.0
11656518,ADCK3,5.0
156422,JNK1,5.040958607678906
11626560,MST3,5.0
51004351,PFPK5(Pfalciparum),5.0
9809715,MEK1,8.0
9933475,BRSK1,5.0
11409972,MARK1,5.0
123631,ERK3,5.795880017344075
5494449,ABL1(H396P)p,8.508638306165727
5494449,EGFR(L747T751del),5.0
44259,JNK1,6.657577319177793
9933475,AAK1,5.0
126565,ARK5,8.431798275933005
216239,MLK1,5.0
11338033,MYO3B,5.0
10184653,CAMK1G,5.0
9915743,EPHA5,5.0
16725726,ACVR2A,5.0
11984591,PIK3CA(H1047L),5.0
176155,ERK2,5.0
6450551,JNK1,5.4089353929735005
644241,PHKG1,5.0
44150621,ICK,5.0
208908,ABL1(H396P)p,5.0
11617559,CSNK2A2,5.0
11712649,PKAC-alpha,5.0
11485656,CDK3,5.0
10427712,GSK3A,5.0
123631,PAK3,5.0
3038525,PIK3CA(M1043I),5.0
176155,MYO3B,5.0
11427553,MYLK4,6.769551078621726
5494449,CAMK1G,5.187086643357144
51004351,MLK1,7.823908740944319
5494449,ARK5,6.698970004336019
10427712,MLK1,5.0
11984591,BMPR1B,6.142667503568732
644241,CDK9,5.0
11717001,FGFR3,5.0
11427553,PIP5K1C,5.0
5291,CAMK2B,5.0
11717001,FYN,5.0
9884685,PIK3C2G,7.387216143280264
16038120,MLK3,6.376750709602099
3062316,PIK3CG,5.0
11717001,BLK,5.0
5329102,MST2,7.251811972993799
5494449,AKT3,5.0
11617559,CSNK1D,5.0
10427712,ABL1(E255K),5.0
3081361,EGFR(S752I759del),7.920818753952375
216239,DCAMKL3,5.0
44259,CTK,6.585026652029182
24779724,AXL,5.0
11984591,DMPK,5.0
644241,HIPK3,5.0
11984591,MAP3K2,7.026872146400302
16038120,MEK6,5.698970004336019
11338033,CSNK2A2,5.0
11617559,HIPK2,5.0
5494449,DYRK1B,5.0
5291,BRAF(V600E),5.481486060122113
10113978,ABL1(F317L),5.356547323513813
5329102,FGFR2,6.2441251443275085
9926791,LZK,5.0
3025986,MYLK,5.0
153999,PHKG2,5.0
24779724,JNK3,5.721246399047171
5329102,PIM3,5.619788758288394
5291,PAK3,5.0
11409972,DCAMKL2,5.0
9929127,EPHB6,5.0
5328940,IRAK1,6.221848749616356
3038522,CDK4-cyclinD1,5.0
3081361,ABL1(Q252H)p,7.795880017344075
156414,MAST1,5.0
644241,FLT3,5.0
10427712,LOK,5.0
11485656,ERK5,5.0
44259,INSRR,7.091514981121351
9933475,CSNK1G3,5.0
123631,p38-gamma,5.0
44150621,FLT4,6.236572006437063
151194,MAPKAPK5,5.0
11984591,HIPK4,5.552841968657781
11617559,CDKL5,5.0
6450551,DLK,5.769551078621726
6918454,LTK,5.0
11427553,NEK2,5.275724130399211
9926791,ALK,5.0
44259,MERTK,8.193820026016112
11314340,GSK3A,5.4089353929735005
6918454,PDGFRA,5.0
447077,ABL2,9.161150909262744
447077,BMPR1A,6.769551078621726
10461815,CDC2L2,5.0
176155,BMX,5.0
10113978,EPHA8,5.0
9926791,FGFR3,5.0
10127622,ERBB4,5.0
176870,MERTK,6.008773924307505
9933475,DAPK3,5.0
6918454,CDKL5,5.0
216239,EPHB3,5.0
3038525,DDR2,5.0
9929127,EGFR(G719C),5.0
44150621,PLK3,5.0
151194,FGR,5.0
6450551,MUSK,5.0
9884685,FLT3,5.6020599913279625
156414,MLK2,5.0
10113978,EGFR(E746A750del),5.0
4908365,DMPK,5.0
42642645,PAK1,5.0
151194,PIK4CB,5.0
11717001,PCTK2,5.0
11338033,DYRK2,5.267606240177032
5291,MKNK1,5.0
44150621,PIM3,5.0
11667893,MAP4K4,5.236572006437063
10184653,FGFR3,5.0
208908,MEK5,5.958607314841775
11485656,ERK4,5.0
44259,AURKB,7.721246399047171
5329102,CSNK1G2,6.958607314841775
5328940,DYRK1B,5.0
644241,CDKL2,5.0
208908,p38-delta,5.0
11364421,DYRK1B,5.0
11617559,MAP4K5,5.0
17755052,PKN2,5.0
10461815,PIK3CA(E542K),5.0
16722836,DMPK,6.0
9809715,MYLK2,5.3979400086720375
3038522,DMPK2,5.0
9926054,CDK2,5.0
208908,p38-alpha,5.0
10074640,AMPK-alpha1,5.0
9929127,ACVR2B,5.0
25243800,DAPK3,7.387216143280264
24180719,CDKL5,5.0
176870,FLT3(K663Q),5.886056647693163
5329102,PHKG1,8.259637310505756
9929127,BMPR1B,5.0
216239,CIT,5.2076083105017466
9884685,PAK2,5.0
5329102,MYO3B,5.346787486224656
51004351,DAPK2,6.050609993355088
11984591,BRSK2,5.0
123631,MET,5.0
9926791,CDK9,5.0
11717001,CHEK1,5.0
17755052,EPHB4,5.0
11617559,FLT1,5.0
11234052,LCK,5.958607314841775
17755052,MLCK,5.0
9933475,JAK1(JH1domain-catalytic),5.0
3062316,HIPK2,5.0
11656518,EPHB1,5.0
208908,ABL2,5.0
9926791,CAMK2D,5.568636235841013
11485656,HIPK2,5.0
447077,NEK9,5.0
153999,DCAMKL1,5.0
151194,DDR2,5.0
25127112,PRKG2,6.161150909262744
9884685,ACVR2B,5.0
156422,MAPKAPK5,5.0
208908,EPHA8,5.0
44150621,MEK2,6.455931955649724
11364421,MRCKA,5.0
16038120,MEK5,6.698970004336019
447077,CSF1R,9.173925197299171
5328940,IKK-epsilon,7.275724130399211
11364421,ICK,5.0
10184653,BMPR1A,5.0
6450551,PIP5K2C,5.0
176155,MST2,5.0
3025986,NEK2,5.0
25127112,EGFR(L747S752del),5.0
11984591,PRKCE,5.0
11656518,CSNK1G3,5.0
16725726,CLK1,5.0
11656518,KIT(V559D-T670I),6.619788758288394
11667893,BMPR2,5.0
10113978,ERK3,5.0
24889392,DYRK1B,5.0
9929127,PLK3,5.0
10127622,NEK6,5.0
16038120,KIT(V559D-T670I),6.886056647693163
11427553,CSNK1A1L,5.0
126565,PKN2,8.744727494896694
24889392,MST4,5.0
16038120,EGFR(L858RT790M),8.468521082957745
216239,MLK3,5.0
5291,GRK4,5.0
10074640,MYLK2,5.0
176167,HUNK,5.0
156414,PKMYT1,5.0
156414,FGR,5.552841968657781
11234052,ABL2,5.744727494896694
176167,CDK5,5.0
156422,MEK5,5.0
11427553,PRKD3,6.107905397309519
4908365,PLK4,7.508638306165728
11667893,PAK2,5.0
16725726,AKT3,8.522878745280337
126565,NEK11,5.0
11656518,MST1R,5.0
176155,CSNK1E,7.0
11617559,NEK7,5.0
10074640,BIKE,5.0
44259,FRK,7.346787486224656
25127112,BTK,5.0
644241,p38-alpha,6.337242168318426
9884685,DAPK1,5.619788758288394
3038522,PIK3CA(C420R),5.0
447077,CASK,5.0
9929127,LIMK2,5.0
10427712,CSNK2A2,5.823908740944319
3081361,FLT3(K663Q),6.721246399047171
11717001,AXL,5.0
16038120,BMPR2,5.4089353929735005
9926791,NLK,5.0
126565,p38-beta,5.0
10184653,EPHA3,5.0
208908,EGFR(L858RT790M),5.0
11427553,EIF2AK1,5.0
25127112,ASK1,5.0
10184653,PRP4,5.0
11234052,DCAMKL2,5.0
11409972,KIT(V559D-T670I),7.744727494896694
24779724,PIK3CA(C420R),5.0
10074640,MAPKAPK5,5.0
6918454,CAMK2A,5.468521082957745
10461815,BRK,5.0
153999,NEK6,5.0
11338033,PIK3C2B,5.0
44259,GSK3A,6.853871964321762
9926054,LRRK2,5.0
9926791,CAMK2A,5.455931955649724
153999,EGFR(G719S),5.0
9809715,IRAK3,5.275724130399211
10461815,KIT(D816H),5.3979400086720375
9884685,MRCKA,5.744727494896694
9926791,AXL,5.0
156414,LIMK2,5.0
11409972,LATS2,5.522878745280337
10113978,FLT1,7.853871964321762
11656518,MARK3,5.0
16725726,BTK,5.0
216239,MKNK2,6.886056647693163
9884685,NDR2,5.0
208908,CDC2L5,5.0
10461815,CASK,5.769551078621726
9933475,IKK-epsilon,5.0
16038120,KIT(A829P),6.657577319177793
42642645,NLK,6.769551078621726
176167,MEK5,5.0
644241,ABL1(Y253F),7.886056647693163
4908365,NEK11,5.0
11712649,MARK2,5.0
10427712,LATS2,5.744727494896694
4908365,PRKCI,5.0
6918454,LRRK2(G2019S),5.0
44259,EGFR(S752I759del),6.537602002101044
42642645,MST3,5.0
11409972,PLK3,5.091514981121351
9884685,ACVR1B,5.0
5328940,PIK3CD,5.0
9929127,PDGFRA,5.0
24779724,EPHA4,5.0
176167,CAMK1,5.0
5494449,IKK-alpha,5.0
42642645,ABL1(T315I),7.744727494896694
644241,PAK7,5.0
10461815,PIK3CB,5.0
44150621,ABL1(Q252H)p,7.236572006437063
5287969,MAP3K4,5.0
4908365,PIM1,5.638272163982407
216239,ERK1,5.0
17755052,ABL2,5.0
10427712,PRKD3,6.045757490560675
176870,LKB1,5.0
16725726,CDK2,5.0
16038120,FGFR3,7.022276394711152
9915743,CHEK1,5.2441251443275085
176870,MST2,5.0
9809715,NEK6,5.0
51004351,ACVR1,5.0
9933475,FGFR2,7.455931955649724
11617559,DYRK2,5.0
9933475,CDK8,5.0
11314340,BTK,5.0
16725726,NDR2,5.0
126565,EPHA1,6.42021640338319
216239,PLK2,5.0
10138260,DYRK1A,6.585026652029182
24180719,PDGFRB,6.698970004336019
9926054,FYN,5.0
153999,MAPKAPK2,5.0
176870,CAMK2A,5.0
10427712,KIT,5.0
11338033,GSK3A,7.638272163982407
3062316,BLK,9.67778070526608
10138260,CDKL3,5.0
176167,ERBB3,5.0
3081361,MARK4,5.0
3062316,JNK1,5.0
176167,INSRR,5.0
11626560,CDK2,5.0
3025986,MYO3A,5.0
9926054,MAP4K3,5.0
9926791,GCN2(KinDom2S808G),5.0
9926054,CSNK2A2,5.0
9926054,NEK4,5.0
151194,p38-alpha,5.0
9929127,CDKL1,5.0
24180719,MST4,5.0
24180719,LTK,5.0
176167,PRKCH,7.337242168318426
16038120,ERK3,5.0
16038120,CASK,6.036212172654444
176167,PAK4,5.0
123631,ERBB4,6.3872161432802645
10461815,MARK4,5.0
11314340,MYLK2,5.0
5287969,CLK4,5.0
10427712,CASK,5.0
10461815,CSNK1G1,5.0
44150621,FLT3(D835H),8.214670164989233
11656518,MAP3K15,5.0
24889392,PCTK1,5.0
16038120,ABL1(M351T),7.022276394711152
9809715,MLK1,6.657577319177793
176155,NEK1,5.0
176870,PIK3CA(H1047Y),5.0
44259,KIT(D816H),9.366531544420411
4908365,EPHA2,5.214670164989233
3038525,BRAF(V600E),5.0
126565,MYO3A,6.585026652029182
5287969,EPHB1,5.823908740944319
25127112,MAK,5.0
3038522,PAK3,5.0
11409972,PRKG1,5.0
9915743,CAMK2B,5.0
208908,MYO3B,5.0
176155,EPHA6,5.920818753952375
447077,p38-alpha,7.173925197299174
644241,EGFR(L747T751del),5.0
10113978,PAK1,5.0
126565,ERBB4,5.853871964321762
9809715,OSR1,5.886056647693163
176167,ABL1(F317I),5.0
24180719,DLK,5.0
17755052,ANKK1,5.0
5328940,IKK-alpha,5.0
11667893,ABL1(F317L),6.040958607678906
3062316,LKB1,5.0
9926054,CAMK4,5.0
17755052,LIMK2,5.0
153999,FLT3(D835Y),6.886056647693163
10127622,EPHA8,5.0
11617559,ANKK1,5.0
4908365,FYN,6.468521082957745
11314340,ABL1(F317I),5.0
16007391,BRSK2,5.0
3081361,ALK,5.6777807052660805
42642645,FLT1,8.42021640338319
16722836,FGFR3(G697C),6.119186407719209
17755052,DCAMKL1,5.0
42642645,ANKK1,5.823908740944319
25243800,CASK,5.795880017344075
153999,MST1,5.0
10427712,BIKE,6.1938200260161125
51004351,CLK1,6.455931955649724
11626560,MINK,5.356547323513813
11617559,DYRK1A,5.0
3038525,PRKX,5.0
3062316,BRSK1,5.0
3081361,ABL2,7.161150909262744
5328940,p38-gamma,5.0
16038120,DLK,7.376750709602099
16007391,DAPK3,5.0
11314340,BIKE,6.920818753952375
156414,FLT3,5.568636235841013
9926054,BRAF(V600E),5.0
208908,IKK-epsilon,5.0
11485656,CSNK1E,5.0
176870,HIPK4,6.017728766960432
10113978,DYRK1B,5.0
5291,AURKC,5.0
11364421,EGFR(S752I759del),5.275724130399211
153999,CDK3,5.0
10138260,ERK8,5.0
11427553,MET,6.769551078621726
9884685,MEK6,5.0
5329102,FGFR3,6.537602002101044
151194,KIT(D816V),5.0
11984591,DRAK2,8.036212172654444
9884685,PRKD3,5.0
16725726,PRKCH,8.619788758288394
42642645,EPHA3,9.0
156414,GRK4,5.0
10427712,FLT1,5.0
216239,MAP3K1,5.0
151194,HIPK1,5.0
9929127,MYLK,5.0
51004351,PLK1,5.0
11234052,ADCK3,5.0
44150621,LZK,6.769551078621726
11485656,PRKCH,5.0
216239,CAMKK1,5.0
153999,DYRK1A,6.6020599913279625
10127622,MET,5.0
25243800,MINK,6.744727494896694
10113978,ABL1(T315I),5.42021640338319
156422,MYLK,5.0
9933475,PKN1,5.0
5287969,PIM3,6.221848749616356
11427553,ABL2,6.6020599913279625
5494449,PIK3CA(H1047Y),5.0
123631,AURKC,5.0
156422,MLCK,5.0
25243800,PDPK1,5.0
176167,JAK3(JH1domain-catalytic),5.769551078621726
11314340,MAP3K15,5.0
9926791,EGFR(G719C),5.0
24779724,ABL1(H396P)p,5.0
9926791,GRK4,5.0
9809715,FES,5.920818753952375
156414,DYRK1A,5.823908740944319
24180719,ALK,5.0
24889392,MAST1,5.0
3025986,CSNK1G3,5.0
10074640,NEK6,5.0
17755052,MRCKB,5.0
9929127,NEK3,5.0
11409972,MST2,6.0655015487564325
11234052,FGFR3(G697C),6.823908740944319
10461815,ERBB3,5.0
9809715,CLK2,6.119186407719209
176167,ITK,5.0
216239,CSNK1D,5.0
156414,PAK6,5.0
156422,DRAK1,5.0
25243800,ABL1(E255K),7.251811972993799
3038525,ADCK3,5.0
11338033,ACVR2B,5.0
11338033,ABL1(H396P),5.0
4908365,DCAMKL3,5.0
6450551,DRAK1,5.0
11314340,AURKB,5.0
44259,ANKK1,6.568636235841013
11717001,PLK1,5.0
11617559,MEK6,5.0
24180719,MAP3K15,5.0
208908,CLK2,5.0
123631,PRKG2,5.0
42642645,MAP4K3,6.958607314841775
4908365,MTOR,5.0
11364421,ACVR2A,5.0
153999,MAK,5.0
25127112,ALK,5.823908740944319
10138260,MAST1,6.522878745280337
4908365,NEK7,5.0
11617559,PIK3CG,5.0
10184653,INSRR,5.0
16007391,p38-gamma,5.0
9915743,p38-alpha,5.0
11314340,MYLK4,5.823908740944319
3081361,PIP5K1C,5.0
10127622,DMPK,5.0
42642645,MELK,6.522878745280337
644241,AURKA,5.0
6450551,CDK3,5.0
3025986,HIPK4,5.0
25243800,CAMK4,5.0
11427553,IGF1R,6.036212172654444
5329102,EGFR(E746A750del),5.0
208908,KIT,5.0
123631,AXL,5.744727494896694
3038525,LOK,5.0
208908,EPHB2,5.0
16722836,ALK,6.187086643357144
16722836,NEK7,6.795880017344075
3081361,MEK1,5.744727494896694
6918454,PIM1,5.0
3062316,AMPK-alpha1,5.0
9926054,NDR2,5.0
17755052,p38-alpha,5.0
5291,DCAMKL2,5.0
16007391,ERBB4,6.327902142064283
208908,EGFR(S752I759del),8.3767507096021
9926791,BMX,5.0
10138260,PAK3,6.721246399047171
16725726,ABL1(F317L)p,5.0
176155,DYRK2,5.0
11717001,DCAMKL2,5.0
11409972,KIT(L576P),8.67778070526608
176155,CDK4-cyclinD1,5.0
208908,JAK3(JH1domain-catalytic),5.0
156414,PRKR,5.0
153999,NEK11,5.0
42642645,PAK4,5.0
156422,CAMK1D,5.0
123631,NEK3,5.0
11626560,EGFR,5.0
10074640,CHEK1,5.0
44150621,MELK,5.795880017344075
17755052,JNK3,6.251811972993799
25127112,FGFR3(G697C),5.0
10113978,PRKD1,5.0
5494449,NLK,5.0
11364421,CLK2,6.337242168318426
16007391,JAK1(JH1domain-catalytic),5.0
4908365,PIP5K2B,5.431798275933005
25127112,AURKA,5.0
11717001,GSK3A,5.0
24779724,ABL1(F317I),5.0
176870,HIPK3,5.0
216239,PLK1,5.0
11314340,FLT3(R834Q),5.744727494896694
11485656,CDK2,5.0
10427712,FGFR3,5.0
44259,PAK4,8.200659450546418
10113978,MELK,5.0
11234052,PIP5K1C,5.0
6450551,PCTK3,5.0
5494449,CDK11,5.0
10427712,EGFR(L861Q),5.721246399047171
176155,FES,5.0
11314340,EGFR(L858RT790M),5.0
11234052,JAK1(JH2domain-pseudokinase),5.0
11667893,MLCK,5.0
11667893,PIK3CA(H1047L),5.0
11667893,ACVR2B,5.0
156422,PIK3CG,5.0
9933475,DYRK2,5.0
5494449,EPHB1,5.721246399047171
11656518,AURKA,5.0
10184653,GRK4,5.0
42642645,KIT(L576P),8.568636235841012
9884685,MAPKAPK5,5.0
9933475,CSK,5.0
51004351,CTK,5.0
25127112,PIK3CA(H1047Y),5.0
10113978,PKAC-beta,5.0
11364421,MKNK1,5.0
176155,MLK3,5.0
151194,CAMKK2,5.0
16725726,HPK1,5.0
447077,PFTAIRE2,5.0
10113978,PIK3CD,5.0
3025986,KIT(L576P),5.0
3038525,ABL1(Q252H)p,5.0
151194,MARK3,5.0
3081361,p38-alpha,5.0
16007391,LIMK2,5.0
10427712,ACVR1B,5.0
11314340,MLK3,5.0
3038525,ABL1,5.0
11617559,CLK3,5.0
216239,PIK3CD,5.0
11338033,CSF1R,5.0
126565,PLK3,5.638272163982407
11984591,PAK2,6.468521082957745
447077,FES,6.167491087293763
9926791,PFTAIRE2,5.0
24180719,JNK1,5.0
208908,PRKCE,5.0
44150621,PDGFRB,8.42021640338319
176870,MST1,5.0
11485656,PIK3CA(M1043I),5.0
176167,CSF1R,5.0
11234052,EPHA4,5.0
5329102,IRAK3,6.026872146400302
10427712,CHEK1,5.0
16007391,CSNK1A1,5.0
156414,AMPK-alpha1,5.0
156414,PRKG2,5.0
11717001,MKNK2,5.0
153999,CSNK1A1,5.0
644241,PRKG2,5.0
24889392,KIT(D816V),6.823908740944319
5287969,MKK7,5.0
176155,LATS1,5.0
16725726,CAMK2G,5.0
24779724,HUNK,5.0
44150621,ABL1(M351T),7.318758762624413
151194,DMPK2,5.0
44259,BRAF,5.0
3081361,NLK,5.0
11667893,ANKK1,5.0
3081361,CSNK1D,5.0
16007391,PAK2,5.0
11656518,EPHA6,5.823908740944319
44150621,JAK1(JH1domain-catalytic),5.0
5291,MAK,5.0
10074640,PKN2,5.0
9933475,EPHA8,5.275724130399211
9915743,CDC2L1,5.0
3081361,EPHA8,7.040958607678906
16725726,MEK5,5.0
51004351,ABL1p,5.0
25243800,CAMK2G,5.0
11485656,KIT(V559D-T670I),8.42021640338319
24889392,NEK5,5.0
11626560,IKK-epsilon,6.1487416512809245
11712649,MEK2,5.0
24180719,PRP4,5.0
208908,MST2,5.0
10184653,PRKG2,5.0
9929127,LZK,5.0
10461815,CDKL2,5.619788758288394
3062316,ERK4,5.0
44259,CLK2,8.086186147616283
24889392,CIT,5.0
11617559,LATS2,5.0
6450551,LATS1,5.0
216239,EPHA3,5.721246399047171
5328940,PCTK1,5.619788758288394
644241,EPHB2,6.1938200260161125
123631,KIT(D816H),5.259637310505756
16722836,JAK1(JH2domain-pseudokinase),5.698970004336019
24779724,CSNK2A1,5.0
10138260,MYLK2,6.721246399047171
51004351,MARK1,6.769551078621726
123631,EGFR(L747T751del),9.2839966563652
16725726,MAP4K2,5.0
42642645,DCAMKL2,5.0
11338033,PIK3CA(Q546K),5.0
25243800,PIK3CA(C420R),6.698970004336019
11409972,CDKL2,9.2839966563652
10127622,ERK8,5.0
42642645,p38-beta,6.119186407719209
10127622,PLK4,5.0
25127112,PDGFRB,5.0
24180719,EPHA3,5.0
17755052,CSNK1A1L,5.0
9926791,DCAMKL3,7.920818753952375
10113978,MAP3K15,5.0
10138260,IGF1R,5.0
3038522,PRKR,5.0
24180719,NEK1,5.0
3081361,PIK3CA(H1047Y),5.0
447077,PKMYT1,7.356547323513813
3038522,PRKCI,5.0
11338033,ANKK1,5.0
5494449,DRAK1,5.045757490560675
11712649,FGFR2,5.769551078621726
5287969,PCTK2,6.318758762624413
10113978,PIK3CA(E545K),5.0
10461815,NEK11,5.0
216239,PIK3CA(H1047L),5.0
5287969,BTK,5.0
6450551,p38-gamma,5.0
6918454,CDK11,5.0
208908,HIPK4,5.0
11234052,AKT1,5.0
6918454,DAPK3,5.0
25127112,PAK1,5.0
11338033,MARK1,5.0
11485656,AKT2,5.0
123631,PIK3CA(Q546K),5.0
153999,MEK4,6.031517051446065
11712649,ACVR1,5.0
11717001,IGF1R,5.0
5287969,PKN1,5.455931955649724
9929127,MLK3,5.0
9926054,ANKK1,5.0
11409972,BLK,7.522878745280337
9926054,PHKG2,5.0
6450551,EPHB4,5.0
3025986,ACVR1B,5.0
644241,MAP3K15,5.0
10427712,CAMK1G,5.0
447077,FGFR3(G697C),7.337242168318426
3062316,FGR,9.30102999566398
3081361,HIPK4,5.0
9809715,PCTK2,7.031517051446065
208908,FLT3(D835Y),5.0
9933475,DCAMKL2,5.0
10127622,CSNK1D,5.0
3081361,PAK1,5.0
5494449,ERBB2,5.0
11712649,MARK1,5.0
9926054,CASK,5.0
176155,CDC2L2,5.0
11617559,MERTK,5.0
176155,DDR2,5.301029995663981
3081361,BRAF(V600E),5.0
10427712,PIK3C2G,8.494850021680094
44259,NEK1,6.0655015487564325
11626560,ABL1(T315I),7.920818753952375
11338033,ABL1(M351T),5.0
11338033,PIK4CB,5.0
5291,BIKE,5.0
24889392,MKK7,5.0
9926054,NDR1,5.0
9929127,AMPK-alpha2,5.0
16725726,CSNK1G1,5.0
9933475,CDC2L2,5.0
16722836,CSNK2A2,6.920818753952375
42642645,CAMK2G,5.0
4908365,PIK3C2G,5.0
9884685,PIK3CD,7.769551078621726
11984591,MEK1,6.494850021680094
42642645,MST1R,8.522878745280337
11364421,EGFR(L747T751del),5.318758762624413
6450551,BMPR1B,5.537602002101044
156422,FES,5.0
11234052,NEK6,5.0
11626560,PLK1,5.0
24889392,CAMKK1,5.0
11364421,PRKCH,5.0
10074640,LATS1,5.0
156422,EGFR(G719S),5.040958607678906
11314340,LTK,5.0
151194,FLT1,8.017728766960431
644241,ABL1(F317I)p,7.251811972993799
126565,ACVR1B,7.0655015487564325
216239,LKB1,5.0
25127112,MELK,5.657577319177793
51004351,EGFR(T790M),8.008773924307505
11338033,CDK7,8.55284196865778
24180719,MUSK,5.0
11485656,PDPK1,5.0
3038522,ABL1(H396P)p,5.0
3062316,AKT3,5.0
447077,CSNK1A1L,5.0
42642645,LRRK2(G2019S),5.0
126565,ERBB2,5.0
16007391,AMPK-alpha2,5.0
9926054,EGFR(E746A750del),5.0
10127622,JNK2,5.0
11667893,ERK2,5.0
11409972,HCK,6.055517327849832
5328940,PFTAIRE2,5.795880017344075
5494449,FLT3,8.187086643357144
16722836,FGFR2,6.327902142064283
3038522,EPHA2,5.0
151194,PDGFRA,7.017728766960432
24180719,NDR2,5.0
9884685,MAP3K2,5.0
11984591,INSR,5.958607314841775
5494449,NEK5,5.376750709602099
11712649,MYO3B,5.0
11656518,PRKD2,5.0
10074640,PFCDPK1(Pfalciparum),5.0
4908365,CAMK1D,5.180456064458132
644241,JAK1(JH2domain-pseudokinase),5.0
5287969,MRCKA,5.022276394711152
5328940,DYRK2,5.0
9929127,PIK3CA(H1047L),5.0
9809715,CLK3,5.0
5328940,PAK1,5.638272163982407
5328940,PIM3,5.0
11314340,JAK1(JH2domain-pseudokinase),5.0
6918454,CSNK1A1,5.0
10113978,CSF1R,8.102372908709558
176155,ASK2,5.0
16038120,PDPK1,5.0
16725726,MAP4K3,5.0
11656518,PAK1,5.0
44150621,JAK2(JH1domain-catalytic),6.886056647693163
208908,IGF1R,5.0
9933475,PIK3CA(C420R),5.0
9884685,ERK5,5.0
3038522,LIMK2,5.0
10074640,ALK,5.0
10461815,KIT(D816V),6.229147988357856
3025986,FLT3(R834Q),5.0
9926791,HCK,5.0
5329102,DRAK2,6.958607314841775
11712649,GSK3A,5.0
25243800,PFCDPK1(Pfalciparum),6.309803919971486
11409972,GRK4,5.0
11364421,PIP5K2B,5.0
44259,CHEK2,7.130768280269024
5328940,PIK3C2G,5.0
447077,CDKL3,5.0
9929127,FGFR3(G697C),5.0
176870,PKNB(Mtuberculosis),5.0
11617559,DMPK2,5.0
25243800,DCAMKL2,5.0
3081361,MLK2,5.0
11427553,p38-beta,5.853871964321762
11409972,NEK6,5.6020599913279625
16722836,EPHA5,5.0
10113978,EIF2AK1,5.0
156414,PRKD1,5.0
25243800,CDK9,5.0
9809715,CDK7,6.522878745280337
11234052,CSK,5.0
644241,ARK5,5.0
9884685,PFPK5(Pfalciparum),5.0
10427712,CDC2L2,5.0
24779724,ABL1(E255K),5.0
3062316,ADCK4,5.0
17755052,ABL1(T315I),5.0
156414,MRCKB,5.0
5329102,PAK4,5.638272163982407
10074640,CSNK2A2,5.0
10127622,PIK3CA(C420R),5.0
10074640,MYLK4,5.0
9926791,PIP5K1A,5.0
3038522,FAK,5.0
11712649,EPHA1,5.744727494896694
156414,EGFR(L747T751del),9.585026652029182
24889392,MST1R,5.0
9926054,MEK5,5.0
10461815,ABL1(T315I),5.42021640338319
3025986,CAMK1G,5.0
10461815,CDK7,6.886056647693163
11409972,PIM2,5.0
3038525,ERBB3,5.0
176155,MEK5,5.853871964321762
10138260,ERN1,5.721246399047171
11485656,EPHA4,5.0
156414,FLT4,5.0
16722836,CDK2,5.0
10127622,EGFR(L861Q),5.050609993355088
10138260,ASK1,5.0
25127112,JAK1(JH2domain-pseudokinase),5.0
176167,DAPK2,5.0
3025986,CDC2L1,7.008773924307505
10138260,DRAK2,6.494850021680094
11626560,PFCDPK1(Pfalciparum),5.0
44150621,MAP4K5,6.2076083105017466
10113978,EPHA4,5.0
9933475,CDKL2,5.0
10113978,KIT(V559D-V654A),7.522878745280337
44150621,MYO3B,5.0
3038522,CDC2L2,5.0
44259,BMX,6.769551078621726
5291,JAK1(JH1domain-catalytic),5.0
176155,PIK3CA(H1047L),5.0
5287969,OSR1,5.0
156414,MARK1,5.0
11364421,PIK3CA(E545A),5.0
25127112,PAK2,5.0
176167,GRK1,5.769551078621726
10074640,FGFR3(G697C),5.0
16725726,ASK1,5.0
24889392,CAMK1,5.0
44150621,MET(Y1235D),5.0
5329102,NEK2,5.853871964321762
24180719,PAK2,5.0
10113978,AAK1,5.537602002101044
3081361,PAK7,5.0
5328940,ABL1(T315I)p,8.443697499232712
11656518,ALK,5.0
44150621,MST1R,5.0
24779724,ASK1,5.0
5328940,PRKCQ,6.040958607678906
11485656,IRAK4,5.0
24180719,PIP5K1A,5.0
10127622,GRK1,5.0
6918454,PCTK2,5.0
16007391,BRK,5.0
9933475,PFTK1,5.0
24889392,MYLK2,5.0
5287969,MAP3K3,5.00436480540245
5329102,GRK4,6.853871964321762
123631,PIK3CA(H1047Y),5.0
208908,PDGFRA,5.0
3062316,CAMKK2,5.0
11667893,CSNK1D,5.0
16038120,DYRK2,5.0
153999,MAP3K3,6.769551078621726
447077,ANKK1,5.0
44259,CDKL2,6.292429823902063
11617559,PIK3CD,5.0
10427712,CAMK1D,5.0
11427553,PIK4CB,5.0
9933475,PIK3CA(I800L),5.0
10461815,MAP3K2,5.2839966563652006
10127622,CDK9,5.0
3038525,DCAMKL1,5.0
11712649,BIKE,5.0
123631,CSNK1G2,5.0
24180719,HPK1,5.0
11314340,EGFR(G719C),5.0
11617559,LKB1,5.0
10138260,BMX,5.0
11427553,EPHA6,5.823908740944319
11984591,MELK,5.0
16722836,FLT3(D835H),8.309803919971486
644241,FYN,5.795880017344075
126565,BLK,6.795880017344075
156414,BRK,5.42021640338319
5291,PIM1,5.0
10427712,p38-alpha,5.0
11485656,ACVR1,5.0
17755052,MST1,5.0
151194,MAP3K3,5.0
24180719,KIT(A829P),5.236572006437063
3081361,MAP4K4,5.853871964321762
3062316,BMX,8.853871964321762
176167,EPHB2,5.0
44150621,MERTK,5.744727494896694
11712649,DDR2,5.0
11717001,KIT(A829P),5.0
16722836,EGFR(L858RT790M),6.2441251443275085
42642645,PRKCI,5.0
3081361,MEK4,5.0
5287969,MARK1,5.0
11485656,MET(M1250T),6.161150909262744
44259,CAMKK2,9.795880017344077
25243800,MLCK,6.443697499232713
11712649,PAK6,5.0
11617559,ABL1(Q252H)p,5.0
42642645,PIK3CA(I800L),5.0
24180719,GRK4,5.0
11314340,MET(M1250T),5.0
3038522,PLK2,5.0
16722836,KIT(D816V),6.795880017344075
44259,KIT(D816V),9.193820026016112
44150621,PFTAIRE2,5.0
16725726,ABL1(H396P)p,5.0
5494449,GRK4,6.3979400086720375
208908,LKB1,5.0
11984591,EPHB2,6.055517327849832
10184653,ABL1(Y253F),6.080921907623926
51004351,PRKR,5.161150909262744
11617559,JAK3(JH1domain-catalytic),5.0
176167,PKAC-beta,6.229147988357856
9929127,EPHB4,5.0
16722836,FES,6.275724130399211
156422,LATS1,5.0
3038522,PKAC-alpha,5.0
6918454,MAP3K15,5.0
176870,LTK,6.050609993355088
5287969,KIT(V559D-V654A),5.0
176870,PIP5K1C,5.0
156422,PIP5K2C,5.0
11409972,ERK5,5.0
11984591,LIMK2,5.853871964321762
176155,MTOR,5.0
4908365,NDR2,5.0
24889392,MYLK,5.0
11617559,FGFR3(G697C),5.0
24180719,EPHA8,5.0
176155,MEK4,5.0
42642645,CDK3,5.0
153999,EGFR(L747S752del),5.0
10074640,DYRK1B,5.0
11338033,PLK4,5.0
44150621,PKN1,6.744727494896694
51004351,FLT3(K663Q),8.698970004336019
3025986,CASK,6.3979400086720375
11717001,ABL1,5.0
11984591,CDK7,5.113509274827518
25243800,FER,5.0
17755052,CAMK1,5.327902142064283
44150621,BRK,5.0
156414,HPK1,5.0
3025986,CSK,5.0
9933475,PIP5K2B,5.0
16007391,PIK3CA(C420R),5.0
9884685,CLK2,5.259637310505756
24889392,ERK3,5.0
11234052,ERBB4,5.0
44150621,BRSK1,5.0
51004351,DCAMKL1,5.0
10127622,CAMK4,5.0
11617559,FER,5.0
3062316,PIM3,5.0
3025986,LIMK1,5.0
16007391,AURKA,6.3979400086720375
10127622,ADCK4,5.0
123631,FYN,5.0
9809715,DMPK2,5.0
3081361,ABL1,7.318758762624413
16725726,MKK7,5.0
25243800,ABL1(F317I)p,5.920818753952375
11984591,BTK,6.721246399047171
156414,HIPK2,5.0
11234052,CAMK2G,5.0
9809715,CHEK2,5.0
216239,ACVR1,5.0
11427553,ERN1,5.455931955649724
42642645,PIK3CD,5.0
176155,CSNK1G2,5.0
10138260,EPHA3,5.638272163982407
10074640,MST1,5.0
10461815,MYLK2,6.017728766960432
447077,PIP5K2C,6.638272163982407
5328940,NEK11,6.187086643357144
9915743,EPHA1,5.0
123631,ACVR1B,5.0
3062316,MAP3K2,6.853871964321762
9926791,MLK1,5.0
644241,CAMK4,5.0
216239,CDK8,6.508638306165728
24889392,PIM2,5.0
24180719,CSNK2A2,5.0
6918454,PIK3C2B,5.0
9926054,LIMK2,5.0
9933475,MARK2,5.0
9915743,EPHB2,5.0
176155,MYLK,5.0
9884685,MKNK1,5.0
123631,PLK1,5.0
447077,DRAK2,5.0
5287969,CAMK2D,5.795880017344075
3038522,IKK-epsilon,5.0
9933475,FGFR4,6.0655015487564325
9926054,MERTK,5.0
11617559,ERN1,5.0
176167,MST1R,5.0
9809715,MST3,6.958607314841775
11234052,MKNK2,5.0
16007391,DYRK2,5.0
9929127,ACVR1,5.0
10461815,ABL1(F317L),5.0
16725726,ERK8,5.0
9926054,LCK,5.0
10113978,CTK,5.0
4908365,MET(M1250T),5.3872161432802645
11617559,AURKA,5.0
11984591,PCTK2,6.481486060122113
176870,EIF2AK1,5.0
447077,PAK1,5.0
10461815,NEK1,5.0
176155,LIMK1,5.0
9809715,FGFR1,7.036212172654444
9926791,CDKL2,5.0
16722836,PFPK5(Pfalciparum),5.0
153999,KIT(D816V),6.119186407719209
10113978,BMX,5.0
24779724,MYO3B,5.0
16007391,MEK2,5.376750709602099
9915743,PRKX,5.0
11984591,CAMK1,6.638272163982407
156414,ASK2,5.0
11409972,ERK1,5.0
16007391,KIT,7.769551078621726
44259,DYRK2,6.6020599913279625
51004351,ANKK1,5.0
11427553,ABL1(H396P),7.769551078621726
11234052,CTK,5.0
42642645,EGFR(G719S),6.431798275933005
11338033,CSNK1G2,5.0
5328940,ACVR2A,5.0
9929127,INSR,5.0
5291,PIP5K1A,5.0
11234052,ANKK1,5.0
11314340,KIT(L576P),5.0
9929127,CSNK1D,5.0
447077,DDR2,7.920818753952375
11427553,KIT(V559D),7.638272163982407
4908365,MEK3,6.443697499232713
10427712,DCAMKL2,5.0
176870,MARK3,5.0
10113978,PLK1,5.0
176870,EPHA3,5.619788758288394
9884685,NEK7,5.0
5494449,PRKR,5.0
11314340,ABL1(M351T),5.0
5287969,PRKD1,6.2839966563652006
6450551,FLT1,8.236572006437063
24779724,DRAK1,5.0
6918454,PRKD2,5.0
123631,BTK,5.0
25127112,NEK2,5.0
25243800,DCAMKL3,6.086186147616283
216239,MYLK4,5.0
42642645,MLK1,6.0
10127622,LIMK2,5.0
24180719,PFTK1,5.0
42642645,IRAK3,6.431798275933005
11667893,PCTK3,5.0
4908365,NIM1,5.0
16722836,MKK7,5.0
176155,PKNB(Mtuberculosis),5.0
176167,MYLK,5.0
11656518,AKT3,5.0
17755052,CAMK1G,5.167491087293763
11656518,PKAC-beta,5.0
11234052,ABL1(Y253F),5.958607314841775
44150621,PDGFRA,7.267606240177032
3081361,MTOR,5.0
11485656,PAK7,5.0
11717001,EPHB4,5.0
11712649,HPK1,5.0
11338033,LATS1,5.0
11338033,KIT(V559D-T670I),5.0
176155,MAP4K5,5.0
5291,EPHA3,5.0
9926791,ACVR1,5.0
3081361,BRAF,5.0
5494449,FGFR1,6.259637310505756
5494449,MERTK,5.769551078621726
16038120,AKT2,5.0
16038120,ERK5,7.318758762624413
10074640,CAMKK2,5.0
10427712,PRKD1,5.0
208908,AAK1,5.0
447077,PRKD1,5.0
11364421,AKT2,5.0
156422,ABL1(Q252H),6.080921907623926
44150621,PRKCH,5.0
16725726,MUSK,5.0
11626560,MERTK,8.443697499232712
5329102,ABL1(E255K),6.744727494896694
153999,ERK3,5.0
10127622,ERN1,5.0
447077,BIKE,5.0
24779724,EPHB4,5.0
10461815,CDK8,5.0
9933475,EPHB6,6.657577319177793
24779724,CDK4-cyclinD1,5.0
3038525,PIK3C2G,5.0
11234052,NEK1,5.0
3038522,MAP4K4,5.0
5494449,AKT1,5.0
24180719,NEK2,5.301029995663981
126565,ADCK4,5.0
11667893,FGFR3(G697C),5.0
11338033,ABL1(F317I)p,5.0
5287969,ABL1(H396P)p,5.769551078621726
11427553,CDKL3,5.0
11617559,IKK-alpha,5.0
11667893,ABL1p,5.173925197299174
11409972,AKT2,5.0
24779724,PDPK1,5.0
11667893,MEK6,5.0
11234052,LRRK2,5.0
17755052,PKMYT1,5.0
151194,BMPR1B,5.0
216239,GRK1,5.0
9926791,MEK1,5.0
3025986,ABL1(F317I),5.0
42642645,ABL1(T315I)p,6.508638306165728
44259,CAMK1G,7.638272163982407
9926054,MLK2,5.0
11626560,MST1,6.236572006437063
153999,EPHA8,5.0
11338033,MEK4,5.0
10074640,GRK4,5.0
16007391,MST3,5.0
156422,FLT3(N841I),5.301029995663981
25127112,FLT3(D835Y),5.0
10127622,MYO3A,5.0
16007391,ERK3,5.0
11364421,NEK9,5.0
11338033,MRCKB,5.0
11984591,MARK4,7.050609993355088
9809715,ERK8,5.0
644241,EGFR(E746A750del),5.0
156422,GCN2(KinDom2S808G),5.0
11427553,OSR1,5.769551078621726
11617559,IKK-epsilon,5.0
5291,CTK,5.0
16725726,CAMK1G,5.0
5328940,EPHA1,5.638272163982407
25127112,ITK,5.0
10427712,CSNK1G2,5.619788758288394
11427553,CAMK1G,5.6777807052660805
5329102,BRSK2,5.958607314841775
11717001,ERK4,5.0
126565,LYN,6.721246399047171
216239,CAMKK2,5.0
25243800,MAP4K2,7.0
11617559,ABL1(T315I)p,5.0
10461815,p38-delta,5.0
11427553,LYN,5.508638306165728
9915743,HIPK4,5.823908740944319
644241,FLT4,5.0
11485656,ITK,5.0
5328940,MLK2,5.0
208908,ABL1p,5.0
11984591,PIP5K1A,5.721246399047171
5328940,ERBB4,7.585026652029182
10113978,EPHA1,5.0
11409972,OSR1,5.0
24180719,LRRK2,5.0
3025986,PIK3C2G,5.0
156422,GSK3B,5.0
10138260,EGFR(L858RT790M),5.0
42642645,PLK3,5.0
9926054,FGFR2,5.0
176167,PCTK1,5.275724130399211
11364421,AXL,5.0
24180719,CDC2L2,5.0
24889392,PIK3CA(H1047L),5.0
16038120,MST1R,6.214670164989233
123631,PIK3CA(E545K),5.0
5287969,LRRK2,6.0
3081361,MET(Y1235D),5.3872161432802645
11617559,CAMK2A,5.0
11626560,EGFR(L858R),5.0
4908365,LYN,5.795880017344075
153999,NDR2,5.0
176167,p38-alpha,5.0
9929127,BMPR1A,5.0
5329102,NEK4,5.0
11314340,PIK3CA(Q546K),5.0
176167,ABL1p,5.0
123631,BMPR1B,5.0
11656518,PRKCH,5.0
3038522,PKMYT1,5.0
9933475,IRAK1,5.0
5287969,CLK1,5.769551078621726
151194,PIK3CA(H1047L),5.0
25127112,PIK3CA(Q546K),5.0
16007391,AAK1,5.522878745280337
11984591,JNK1,7.42021640338319
9926054,BMPR1A,5.0
11617559,PIP5K1A,5.0
17755052,IRAK4,5.0
3025986,PIM2,5.0
44259,BMPR2,5.638272163982407
10461815,HIPK2,6.920818753952375
16722836,ARK5,7.468521082957745
9926054,PRKD2,5.0
10427712,AKT1,5.0
16725726,PHKG1,5.0
10427712,ABL1(Y253F),5.0
44259,MEK6,8.468521082957745
11626560,ASK1,5.0
24779724,MAP3K15,5.0
447077,LZK,5.0
216239,CSK,5.0
156414,PHKG1,5.0
153999,MLK3,5.0
3062316,LOK,5.920818753952375
123631,DCAMKL2,5.0
24889392,PRKG1,5.0
176870,NIM1,5.0
156414,IRAK3,5.522878745280337
24889392,CAMK1D,5.0
5494449,ABL1(Y253F),8.10790539730952
176870,BMPR1B,5.0
11626560,PRP4,5.0
5494449,MLK2,5.744727494896694
17755052,ADCK4,5.0
156422,FER,5.0
3038522,LTK,5.0
176155,MEK3,5.0
9915743,DDR1,5.0
11364421,CAMK2D,5.619788758288394
10074640,NEK9,5.0
6450551,KIT(D816H),5.376750709602099
17755052,EPHA8,5.0
10184653,FLT3(D835H),5.744727494896694
10127622,CDKL2,5.0
3081361,LIMK2,5.0
11364421,NEK5,5.0
9915743,LRRK2,5.0
25243800,PIP5K1C,7.744727494896694
51004351,EPHA5,5.0
16007391,FLT3(N841I),7.366531544420414
176870,MAP4K4,5.0
24779724,NEK4,5.0
5291,ERBB2,5.0
156422,CLK3,5.0
126565,GRK1,7.619788758288394
51004351,PRKCD,6.494850021680094
3038525,ERK2,5.0
11409972,CLK1,6.958607314841775
5494449,ABL1(F317I)p,5.6777807052660805
44150621,EGFR(L861Q),5.0
11626560,KIT(D816H),5.0
156414,ANKK1,5.0
11667893,FYN,5.552841968657781
11364421,MLK1,5.0
11364421,CLK1,6.026872146400302
6918454,MEK4,5.0
11364421,MST1,5.0
9884685,AKT1,5.0
10461815,DYRK1A,5.0
5291,MLK3,5.0
16725726,KIT(D816H),6.443697499232713
9926791,HIPK3,5.0
25127112,PRKCD,5.0
11656518,MLCK,5.0
3062316,NEK5,5.0
17755052,IRAK1,5.0
10127622,PRKCI,5.0
208908,EPHA2,5.0
10074640,PLK3,5.0
24180719,MLCK,5.0
11626560,KIT(V559D-V654A),5.0
3062316,PDPK1,5.0
11984591,MYLK4,6.091514981121351
6450551,MEK1,5.568636235841013
176155,HIPK3,5.0
10127622,FLT3(K663Q),5.0
11626560,CLK1,5.0
9926054,BRAF,5.0
151194,FGFR3,5.0
208908,BMPR1B,5.0
6918454,PFTAIRE2,5.0
11667893,NEK4,5.0
11656518,PAK4,5.0
24180719,DYRK1A,5.0
51004351,MST2,6.657577319177793
176870,DDR1,6.102372908709559
51004351,NDR2,5.0
6918454,NDR2,5.0
156414,ABL1,6.6777807052660805
5291,MUSK,5.0
4908365,ERN1,5.2441251443275085
6918454,ARK5,5.0
5287969,CAMK1,5.0
11338033,CAMK2A,5.0
10113978,MAST1,5.0
11984591,CHEK2,5.0
6450551,PHKG1,5.0
11314340,FLT3(ITD),7.080921907623926
11626560,ABL1(Q252H)p,7.0
11427553,PIK3C2B,5.0
51004351,ALK,6.568636235841013
11234052,BMX,5.0
5287969,PIK3CA(E545K),5.0
123631,MEK1,5.0
5287969,FGFR1,5.0
16722836,OSR1,5.0
5287969,PIP5K1A,5.0
24180719,PCTK3,5.0
9884685,MEK5,5.0
153999,CDKL3,5.0
5287969,FLT3(R834Q),5.0
25127112,JAK1(JH1domain-catalytic),8.468521082957745
153999,ABL1(F317L)p,5.0
16722836,BIKE,7.494850021680094
4908365,PKN2,5.327902142064283
51004351,PIK3CA(M1043I),5.0
11717001,CLK3,5.0
24889392,EPHA3,5.187086643357144
44150621,PKAC-alpha,5.0
11338033,MEK3,5.0
11626560,CDKL1,5.0
11984591,MARK3,5.721246399047171
10127622,ABL1(Y253F),5.0
16722836,HIPK2,6.0
644241,MTOR,5.0
16007391,CHEK1,5.0
5328940,IKK-beta,5.0
25243800,MET(M1250T),5.0
11234052,FES,5.0
123631,PIK3CA(I800L),5.0
24889392,PCTK2,5.0
153999,MEK5,5.958607314841775
24180719,MAP4K3,5.0
10127622,KIT(V559D-T670I),5.0
11626560,IRAK1,7.309803919971486
9915743,DRAK1,6.468521082957745
123631,FLT3,5.508638306165728
16722836,PFTAIRE2,5.0655015487564325
11717001,EPHA7,5.0
3081361,ERK2,5.0
24889392,MLK1,5.0
11314340,EPHB4,5.0
24779724,PIK3CA(M1043I),5.0
4908365,JNK3,6.619788758288394
9915743,FRK,5.0
10184653,EPHA6,6.468521082957745
24779724,KIT,5.0
156422,CDK8,6.657577319177793
11234052,PIP5K2B,5.0
11427553,DAPK1,6.443697499232713
51004351,HIPK3,5.638272163982407
126565,FES,6.431798275933005
44259,AXL,8.167491087293763
126565,MLK1,8.455931955649724
5494449,CSNK1D,5.0
9915743,KIT(D816V),5.0
5328940,MRCKA,5.0
208908,BRK,5.0
11617559,MAST1,5.0
9926791,KIT(D816V),5.0
11984591,JAK3(JH1domain-catalytic),7.443697499232713
10127622,MUSK,5.0
25243800,ERN1,5.0
156422,FGFR4,5.0
11409972,NLK,6.795880017344075
11409972,ACVR2B,5.853871964321762
24180719,MYLK4,5.468521082957745
5287969,CSNK2A2,5.0
9884685,PIK3CA(E545K),8.823908740944319
3025986,CDK7,7.508638306165728
6450551,DDR2,5.275724130399211
208908,BRSK2,5.0
44150621,CAMK2G,5.0
44259,ACVRL1,5.0
4908365,IKK-beta,5.0
176167,MELK,5.251811972993799
10074640,CSNK1G1,5.0
10074640,LIMK2,5.0
5291,MEK3,5.0
156414,ACVRL1,5.0
5329102,CDK11,5.0
3025986,KIT(V559D),5.0
16007391,BIKE,5.0
51004351,KIT(V559D-V654A),5.795880017344075
10074640,ERK3,5.0
11427553,CAMK4,5.0
9884685,PKNB(Mtuberculosis),5.0
16725726,PKN1,7.468521082957745
10427712,MEK4,5.3979400086720375
4908365,LCK,6.744727494896694
11427553,MKNK1,5.0
11314340,LRRK2(G2019S),5.853871964321762
644241,PIP5K1A,5.0
447077,ERK3,6.769551078621726
42642645,PFPK5(Pfalciparum),5.0
176155,NDR2,5.0
10074640,MARK1,5.0
16007391,NDR1,5.0
11338033,KIT(D816V),5.0
3081361,MYLK,5.0
11338033,PCTK1,8.958607314841775
5328940,PIK3CA(E545A),5.0
9915743,CAMK1G,5.0
16725726,DCAMKL2,5.0
11314340,MAST1,5.0
5329102,INSR,6.301029995663981
24180719,ABL1(F317I),5.886056647693163
3038525,p38-gamma,5.0
4908365,JNK1,6.080921907623926
6918454,BRAF,5.0
42642645,FGFR3(G697C),5.795880017344075
25127112,BLK,5.0
11364421,EPHA8,5.0
11364421,FGFR3(G697C),5.0
11338033,EPHA6,5.0
10461815,CDK3,5.0
25243800,CDK2,5.0
16722836,EPHB3,5.0
644241,PRKD1,5.0
11314340,ACVR2A,5.0
11617559,p38-alpha,5.0
11427553,HIPK3,6.236572006437063
16725726,PLK2,5.0
10461815,BMPR2,5.2076083105017466
25127112,PRKCH,5.0
126565,AMPK-alpha1,7.602059991327962
44259,FGFR3(G697C),6.508638306165728
16007391,DCAMKL1,5.0
17755052,CSNK2A2,5.619788758288394
42642645,ASK1,5.0
5329102,KIT,9.431798275933003
216239,DYRK1A,5.0
156422,FAK,5.1487416512809245
11667893,HIPK2,5.0
123631,ERK1,5.0
11485656,FGFR1,5.0
42642645,BMPR2,5.0
11427553,PIK3CD,5.0
3081361,DCAMKL2,5.0
17755052,CLK3,5.0
11667893,LOK,5.958607314841775
24180719,CSNK1G1,5.0
16725726,FLT1,5.0
11314340,NEK9,5.0
447077,ABL1(T315I),5.6777807052660805
9926054,ABL1(Q252H),5.0
16038120,INSRR,8.207608310501746
10113978,IKK-alpha,5.0
5494449,ERK8,5.0
11427553,MAP3K2,7.142667503568732
51004351,BRSK2,6.187086643357144
216239,FYN,5.075720713938119
6918454,JNK2,5.0
5328940,PIK3CA(E542K),5.0
5494449,p38-beta,5.0
10427712,ERBB2,6.356547323513813
51004351,EGFR(L861Q),5.552841968657781
3038522,MERTK,5.455931955649724
176870,GAK,8.508638306165727
11234052,EPHA8,5.0
151194,CDK4-cyclinD3,5.0
5329102,OSR1,6.275724130399211
25127112,DYRK2,5.431798275933005
11717001,GAK,5.0
10074640,PHKG2,5.0
3062316,JNK2,5.0
16722836,EGFR(G719C),5.0
11667893,CDK9,5.0
24889392,MARK3,5.0
16038120,EPHA5,5.431798275933005
10184653,PRKCH,5.0
16007391,MST2,5.0
151194,PIK3CA(E545A),5.0
9933475,PCTK3,5.0
151194,CTK,5.0
11712649,JAK1(JH2domain-pseudokinase),5.0
5494449,MAK,5.0
3081361,EPHB6,7.119186407719209
11984591,LATS2,5.3979400086720375
10127622,CDC2L2,5.0
11364421,PRKX,5.0
126565,AURKB,7.795880017344075
11984591,BRAF,6.619788758288394
10127622,PRKCE,5.0
24779724,ERBB4,5.0
44150621,HPK1,7.356547323513813
11364421,FLT3(ITD),5.0
10461815,p38-gamma,5.0
11338033,EGFR(L747S752del),5.0
11314340,FGFR3,5.0
16007391,EPHA2,5.0
3062316,PLK1,5.0
44150621,KIT(V559D),8.142667503568731
9926791,MLK3,5.0
24779724,CDC2L2,5.0
5329102,CDK4-cyclinD1,5.2076083105017466
176167,ABL1(H396P)p,5.0
24180719,NEK7,5.0
3038525,NDR1,5.0
5287969,FGFR4,5.0
11617559,PAK6,5.0
51004351,INSR,5.0
10461815,INSRR,5.455931955649724
10427712,ABL1(H396P)p,5.42021640338319
24889392,MELK,5.0
3062316,FLT3(D835Y),5.318758762624413
10113978,CAMKK1,5.0
44259,IRAK3,7.886056647693163
9926054,FLT3(R834Q),5.0
176167,ADCK3,5.0
11234052,MYLK4,5.0
5328940,FES,6.481486060122113
5329102,PIK4CB,5.0
6918454,CTK,5.0
4908365,CDKL3,5.0
4908365,ERBB4,5.0
216239,PIK3CA,5.0
9929127,ABL1(F317L),5.0
24180719,MARK1,5.0
25243800,PIP5K1A,5.0
156414,PIP5K1C,5.0
126565,CDK4-cyclinD3,7.455931955649724
16725726,FLT3(D835H),5.0
216239,p38-beta,6.638272163982407
11338033,CDKL1,5.0
16038120,ACVR1B,7.013228265733755
9933475,PRKG1,5.0
447077,CHEK2,5.0
5287969,LOK,5.0
11712649,PIK3CA(E545K),5.0
151194,PIP5K1C,5.0
11427553,KIT(L576P),7.67778070526608
216239,FLT3(ITD),7.102372908709558
3038522,PKN1,5.0
176870,HIPK2,5.0
10461815,ABL2,5.161150909262744
151194,PKAC-alpha,5.0
11234052,GCN2(KinDom2S808G),5.0
3038522,ACVR1B,5.0
44259,ACVR2A,5.050609993355088
44150621,EGFR(L858R),5.0
126565,MST2,8.619788758288394
17755052,FGFR3,5.0
5329102,CDC2L2,5.0
11234052,EGFR(L861Q),5.275724130399211
25243800,CAMK1G,5.0
208908,DCAMKL2,5.0
9884685,LATS2,5.0
176167,FYN,5.0
9884685,CAMK1,5.0
11314340,EGFR(T790M),5.0
208908,LIMK1,5.0
216239,EGFR,5.0
44150621,MLK1,5.00436480540245
51004351,LIMK1,5.0
9926791,PRKCH,5.0
44150621,MAP3K15,5.0
3081361,PIK3CA(E545K),5.0
10113978,FLT3(D835H),5.958607314841775
11712649,PRKG1,5.0
11409972,MAPKAPK2,5.0
11667893,ASK1,5.0
10461815,LRRK2(G2019S),5.0
9926054,KIT,5.0
156414,CSK,5.214670164989233
5287969,NEK11,5.0
9926054,PRKG1,5.0
9929127,PIK3CA(C420R),5.0
5494449,MKNK1,5.0
3025986,FYN,5.0
9915743,HIPK3,5.0
5328940,EPHA7,5.0
11712649,PIK3CG,5.0
176167,MKK7,5.0
11314340,JNK1,5.0
3062316,PIP5K1C,5.0
9884685,EPHB4,5.0
6918454,PLK3,5.0
4908365,NEK5,5.0
11427553,PFPK5(Pfalciparum),5.0
176155,PIM2,5.0
11984591,NEK6,8.200659450546418
5329102,NEK1,5.0
24889392,IRAK1,5.0
42642645,EPHA7,8.602059991327963
176155,ACVR1B,5.522878745280337
5329102,ERK1,5.0
3025986,PDPK1,5.0
11234052,EPHB3,5.0
11364421,AAK1,5.552841968657781
5287969,ASK1,5.0
16722836,BLK,6.187086643357144
11667893,CSNK1G3,5.0
6450551,LIMK1,5.0
156414,CHEK1,5.0
4908365,CAMK2D,5.0
24180719,PIK3CA(C420R),5.0
6918454,LZK,5.0
176155,ABL1(Q252H)p,5.0
24180719,FLT3(K663Q),5.638272163982407
16038120,CDK4-cyclinD3,6.3979400086720375
10184653,MELK,5.0
208908,PRKX,5.0
10461815,MAP4K2,5.443697499232713
10184653,ERBB4,8.200659450546418
16722836,PIP5K2B,6.795880017344075
42642645,CDK7,8.431798275933005
25243800,MERTK,5.327902142064283
10113978,AXL,5.0
11717001,CDKL1,5.0
126565,EPHA5,5.229147988357856
10113978,ACVR1,5.0
3062316,ASK2,5.0
6450551,CSNK1G2,5.0
151194,ERK3,5.0
151194,MUSK,5.0
447077,CAMK2A,5.0
24180719,ARK5,5.0
126565,MET(M1250T),6.318758762624413
24779724,PIK3CG,5.0
153999,EGFR(L858RT790M),5.0
447077,ERBB4,6.026872146400302
3038522,NDR2,5.0
11626560,DDR1,6.292429823902063
11984591,CLK2,5.795880017344075
10461815,NDR1,5.0
176155,ABL1(M351T),5.0
3038525,DMPK2,5.0
3038525,PIK3C2B,5.0
24889392,ACVR2A,5.0
11626560,MST2,6.00436480540245
6450551,LTK,5.0
10138260,KIT(V559D),9.292429823902063
42642645,INSRR,7.275724130399211
11234052,CLK1,5.0
4908365,FLT3(K663Q),7.698970004336019
126565,p38-gamma,6.431798275933005
11485656,PKAC-alpha,5.161150909262744
11314340,IRAK3,5.0
24889392,NEK2,5.0
11656518,PRP4,5.0
10427712,DLK,5.0
151194,IRAK1,5.0
5494449,JNK2,5.0
51004351,p38-alpha,5.0
156414,ABL1(Q252H),7.040958607678906
9929127,PRKCE,5.0
11656518,BLK,5.102372908709558
24779724,CSF1R,5.0
6918454,NEK6,5.0
11364421,MAP3K4,5.0
10074640,FGFR3,5.0
447077,KIT(D816H),6.327902142064283
644241,ASK2,5.0
17755052,ERBB2,5.0
176155,FLT3(ITD),5.0
10427712,NLK,5.0
25127112,PIK3CA(H1047L),5.0
5328940,NEK5,5.0
3038522,ADCK3,5.0
11234052,PIP5K2C,5.0
176155,DLK,5.0
11485656,MYO3B,5.494850021680094
11409972,MYO3B,7.075720713938118
153999,ABL1(M351T),5.0
644241,ABL1(F317L),7.920818753952375
11617559,PIK3CA,5.0
3025986,PIP5K1C,5.0
17755052,FRK,5.0
123631,HPK1,5.0
51004351,FLT3(N841I),8.221848749616356
11427553,ADCK3,5.0
3038525,PRP4,5.0
10427712,ABL1(T315I)p,6.050609993355088
16007391,PKMYT1,5.0
10074640,FLT3(N841I),5.0
3062316,PAK3,5.0
153999,NIM1,5.0
208908,ACVR1B,5.0
10127622,FGFR3(G697C),5.0
216239,PIK3CA(M1043I),5.0
9809715,DLK,6.853871964321762
11617559,MAK,5.0
10427712,PIK3CA(I800L),6.853871964321762
11656518,ERBB2,5.0
11717001,LZK,5.0
153999,PDGFRB,5.0
5494449,CDK4-cyclinD3,5.0
208908,CAMKK1,5.0
3025986,EGFR(L861Q),5.0
176167,MAP3K1,5.0
11409972,KIT,8.267606240177031
3038525,GCN2(KinDom2S808G),5.0
11667893,DAPK2,5.0
11409972,AKT3,5.0
11314340,MARK3,5.0
25127112,DAPK3,7.050609993355088
176167,ALK,5.0
9929127,BTK,5.0
644241,DLK,5.0
11984591,EGFR(L861Q),6.721246399047171
3081361,EGFR(L747E749del),7.920818753952375
5494449,FGFR3(G697C),6.086186147616283
11617559,BMPR2,5.0
123631,p38-delta,5.0
9926054,PRKD1,5.337242168318426
11427553,PIK3CA(E542K),5.0
3038522,PIM2,5.0
9933475,PDGFRB,9.494850021680094
11717001,PLK4,5.0
176155,ABL1(E255K),5.0
5287969,PRKR,5.2839966563652006
11712649,MST1,5.0
644241,MAP3K4,5.0
176167,EPHA2,5.0
11338033,MEK1,5.0
5494449,MYLK,5.0
25243800,EPHB2,6.251811972993799
24180719,BTK,5.0
11667893,MYO3A,5.0
156422,AMPK-alpha2,5.0
24889392,CSK,5.0
11427553,BMX,5.721246399047171
3062316,PDGFRA,9.327902142064282
16007391,CAMK1D,5.0
17755052,MAST1,5.0
16722836,CSNK1E,5.0
9915743,CSNK2A1,5.0
51004351,PCTK1,5.0
3081361,CHEK2,5.0
126565,FLT3(R834Q),8.154901959985743
42642645,EGFR(E746A750del),6.508638306165728
153999,HIPK3,7.113509274827519
3081361,PAK2,5.0
10127622,GSK3A,5.0
9933475,CAMK1,5.0
3025986,ABL1(E255K),5.0
151194,AURKB,5.0
11626560,MLK2,5.0
24180719,BMPR1A,5.0
10461815,ITK,5.0
10461815,CSNK1A1,5.0
5329102,CSNK1G3,6.619788758288394
216239,FGFR3,5.376750709602099
16725726,LYN,5.0
4908365,CAMK4,5.0
5291,ERK3,5.0
10427712,MAST1,5.0
9884685,CDC2L1,5.0
151194,ARK5,5.0
44150621,CDK4-cyclinD3,5.537602002101044
44150621,MAK,5.0
25243800,BIKE,5.221848749616356
17755052,ERK8,5.0
11314340,PIK3CA(E545A),5.0
11667893,MRCKA,5.0
208908,MRCKB,5.0
24889392,PIP5K2B,5.0
24779724,PIM3,5.0
11314340,NDR2,5.0
11617559,FGFR2,5.0
44259,EPHA7,6.200659450546419
176167,PAK6,5.0
9915743,CAMK4,5.0
11314340,FLT1,5.0
176167,EPHA1,5.0
10184653,CLK2,5.0
216239,EPHB2,5.721246399047171
644241,ABL1(Q252H),8.0
11617559,EGFR,5.0
10461815,HUNK,5.853871964321762
9933475,ABL1(F317I)p,5.886056647693163
16725726,EGFR(L747S752del),5.0
10074640,PIK3CA(Q546K),5.0
9933475,ABL1(E255K),7.187086643357144
9809715,ACVRL1,5.376750709602099
5329102,PIK3CA(H1047Y),5.0
126565,ABL1p,6.0
17755052,ABL1(Y253F),5.0
6918454,BIKE,5.0
11712649,MAPKAPK2,5.0
176870,PDPK1,5.0
10461815,PRKCQ,5.0
42642645,CDK4-cyclinD1,5.0
4908365,GSK3B,6.142667503568732
24180719,NIM1,5.0
11409972,MAPKAPK5,5.0
9926791,FLT3(K663Q),5.0
644241,p38-gamma,5.0
447077,PRKG2,5.0
10127622,MLK2,5.0
11717001,AMPK-alpha1,5.0
3038525,MARK1,5.0
447077,CDKL1,5.0
208908,PIM1,5.0
44259,PIK3CA(C420R),5.0
156422,PCTK1,5.0
11485656,EGFR,5.0
11314340,KIT(A829P),5.0
11617559,MET(M1250T),5.0
10427712,ABL1,5.0
9884685,NEK6,5.0
11667893,IRAK1,5.0
44259,LIMK2,5.036212172654444
11427553,KIT(A829P),6.0655015487564325
151194,ERK2,5.0
10427712,EPHA4,5.0
11712649,FLT3(K663Q),5.022276394711152
44259,FGFR4,6.6020599913279625
11314340,EGFR,5.0
644241,FLT3(N841I),5.0
44259,AKT1,7.698970004336019
10127622,AKT1,5.0
11314340,PIK3CB,5.0
208908,p38-gamma,5.0
42642645,FGFR4,5.0
24180719,FER,5.0
208908,ADCK4,5.0
16038120,MARK1,7.508638306165728
24889392,KIT(V559D-V654A),7.443697499232713
10127622,PFPK5(Pfalciparum),5.0
10138260,JNK1,5.0
216239,MELK,5.0
9933475,PKAC-beta,5.0
11984591,MTOR,5.0
9915743,EGFR,8.958607314841775
6450551,ABL1(E255K),7.200659450546419
3038525,FGFR3,5.0
216239,CSNK1G1,5.0
9929127,CAMK1,5.0
16722836,CDK5,5.0
123631,IRAK3,5.823908740944319
10127622,MLK3,5.0
10184653,CSNK1A1L,5.0
208908,LRRK2(G2019S),5.0
5494449,EPHB4,5.769551078621726
5291,BRK,5.0
9915743,MINK,7.537602002101044
5287969,PIK3CA(I800L),5.0
208908,ITK,5.0
24180719,EGFR(L858R),5.0
16038120,LATS1,5.795880017344075
11338033,GRK1,5.0
9929127,PDGFRB,5.0
11364421,CDK5,5.0
16038120,PRKD2,6.795880017344075
3062316,FLT3(K663Q),5.494850021680094
24889392,FAK,5.0
123631,NEK4,5.0
17755052,ITK,5.0
6450551,PKNB(Mtuberculosis),5.0
24779724,AAK1,5.0
24180719,CDK2,5.0
5287969,MINK,5.886056647693163
11717001,MYLK,5.0
10138260,CAMK2A,6.455931955649724
11626560,FGFR3(G697C),5.455931955649724
153999,AXL,5.0
3081361,CDK4-cyclinD3,5.0
24889392,FLT1,7.387216143280264
11234052,PCTK1,5.0
208908,PIM2,5.0
10138260,MELK,6.468521082957745
6918454,DRAK2,5.0
11712649,JAK2(JH1domain-catalytic),5.0
11409972,ITK,6.00436480540245
11626560,PAK1,5.0
9929127,JNK3,5.0
25127112,EGFR(L861Q),5.0
11409972,FLT3(ITD),7.958607314841775
16007391,MET(M1250T),5.0
11617559,EPHA5,5.0
11364421,DCAMKL3,5.0
4908365,INSRR,5.920818753952375
11717001,NEK2,5.0
123631,NEK2,5.0
11485656,EPHB1,6.055517327849832
10074640,MINK,5.0
42642645,PRKD3,5.1249387366083
3038522,DAPK2,5.0
6450551,FLT3,7.376750709602099
176870,JNK2,5.698970004336019
447077,ABL1(F317L),8.494850021680094
11617559,BMPR1A,5.0
447077,FLT3(ITD),5.568636235841013
153999,KIT(L576P),5.102372908709558
17755052,IKK-alpha,5.0
644241,EGFR(G719C),5.0
17755052,CDC2L5,5.0
3038525,PFTK1,5.0
3081361,MEK5,7.309803919971486
11338033,p38-alpha,5.0
44259,ERBB4,6.113509274827519
3025986,PRKR,5.0
3081361,PRKR,5.0
25243800,AMPK-alpha2,5.0
11338033,ACVRL1,5.0
44150621,CLK3,5.0
4908365,ERBB3,5.0
11485656,MYO3A,5.0
6450551,CSNK1A1L,5.0
4908365,LRRK2,6.721246399047171
10127622,ACVR1B,5.0
176155,EGFR(G719C),6.1487416512809245
6918454,CDK4-cyclinD3,5.0
5494449,EGFR,5.0
3025986,PFCDPK1(Pfalciparum),5.0
447077,EPHA2,8.42021640338319
176167,DLK,5.0
25243800,FLT3,5.823908740944319
123631,PRKCI,5.0
17755052,AAK1,5.040958607678906
3038525,CDK4-cyclinD1,5.0
16722836,PKAC-beta,5.0
9809715,CSNK1G2,5.0
11626560,PIK3CA(E545K),5.0
16038120,CDC2L5,5.0
11314340,CAMKK2,6.130768280269024
44150621,FAK,5.0
156422,BRSK1,5.0
9915743,ABL1(Q252H)p,5.221848749616356
9929127,p38-alpha,5.0
447077,CHEK1,5.0
3081361,MLCK,5.0
42642645,PIK3CA(M1043I),5.0
10127622,KIT(A829P),5.0
123631,ERBB2,5.455931955649724
3038525,NEK3,5.0
11617559,PKAC-beta,5.0
10427712,ANKK1,5.0
10138260,MEK6,5.259637310505756
3081361,AURKA,5.0
447077,EGFR(L861Q),5.920818753952375
9929127,GRK1,5.0
216239,MARK4,5.0
10184653,MAK,5.0
11364421,JAK1(JH1domain-catalytic),5.0
10127622,PIK3CA(E542K),5.0
176167,LATS2,5.0
5328940,KIT(L576P),6.2839966563652006
17755052,EPHA1,5.0
10461815,CDKL1,5.0
24779724,EPHA2,5.0
10138260,ACVR2B,5.0
16007391,ADCK3,5.0
10074640,PAK3,5.0
11667893,MAP3K1,5.0
11617559,PRP4,5.0
24779724,PRKCI,5.0
9809715,CDKL1,5.0
6918454,FLT3(ITD),5.0
11409972,HIPK2,8.136677139879545
42642645,CLK3,5.0
10138260,KIT(V559D-V654A),9.602059991327964
44259,ABL1,7.431798275933005
208908,ABL1(T315I)p,5.0
9809715,PDGFRA,7.795880017344075
5329102,MARK2,6.508638306165728
9933475,ABL1(Y253F),7.259637310505756
51004351,LIMK2,5.0
126565,PCTK1,7.568636235841013
208908,LATS2,5.0
9915743,ALK,5.0
11338033,FLT3(K663Q),5.0
11667893,NEK9,5.0
151194,MAK,5.0
44259,PDGFRB,8.744727494896694
6918454,AKT2,5.0
16722836,ABL1(M351T),7.301029995663981
11626560,CSNK1G1,5.0
9929127,AURKA,5.0
42642645,PIP5K2B,5.0
9915743,MAP4K3,8.113509274827518
447077,CDK5,5.0
156414,CSNK1A1L,5.0
156414,CHEK2,5.0
153999,ASK2,5.0
51004351,MAP3K15,5.0
25243800,MYO3A,6.080921907623926
153999,ERBB3,5.0
11667893,JNK3,5.0
9933475,MEK2,5.508638306165728
11617559,PIK3CA(I800L),5.0
24889392,PAK3,5.0
10184653,PRKCD,5.0
11656518,LCK,6.1938200260161125
25243800,HPK1,5.6777807052660805
5291,DYRK1A,5.0
11427553,EPHB3,5.0
16722836,JNK2,6.619788758288394
16007391,MARK1,5.0
11626560,EGFR(L858RT790M),5.0
11712649,PCTK3,5.0
24889392,MARK2,5.0
10127622,IGF1R,5.0
3025986,PIK3CG,5.0
11364421,MST2,5.0
16722836,PIK3CA(E545K),5.0
11984591,PKN1,6.180456064458132
5494449,NEK11,5.0
3025986,CHEK1,5.0
9933475,ERK3,5.0
9915743,JAK1(JH1domain-catalytic),5.0
9915743,FGFR1,5.0
6450551,MYO3A,5.721246399047171
10461815,HIPK3,7.200659450546419
644241,HUNK,5.0
11364421,HIPK2,5.537602002101044
11364421,ABL1p,5.455931955649724
10113978,EGFR(G719C),5.0
42642645,DAPK3,5.508638306165728
447077,MLK2,5.275724130399211
17755052,CLK2,6.221848749616356
176167,MKNK2,5.0
9915743,GAK,6.6020599913279625
156414,NDR2,5.0
11485656,MAP4K3,5.494850021680094
11712649,PIK3CA(I800L),5.0
156414,ABL1p,7.522878745280337
151194,JAK1(JH1domain-catalytic),5.0
9926791,MRCKA,5.0
51004351,PKAC-alpha,6.142667503568732
123631,MARK3,5.0
11338033,FGFR4,5.0
10461815,KIT(V559D-T670I),5.0
5287969,PIK4CB,5.0
11717001,ABL1(F317L)p,5.0
11667893,MET(Y1235D),5.0
42642645,FLT3(R834Q),7.958607314841775
5328940,PRKG2,5.0
11667893,HCK,5.0655015487564325
16038120,EPHB6,6.455931955649724
10074640,OSR1,5.0
5328940,EGFR(G719C),7.008773924307505
42642645,EIF2AK1,6.008773924307505
11364421,PRKD2,6.292429823902063
176167,BRAF(V600E),5.0
24779724,CLK4,5.0
447077,GCN2(KinDom2S808G),7.585026652029182
25127112,JNK1,5.318758762624413
5494449,GRK7,5.0
3062316,PRKD2,5.0
10461815,CAMK2A,5.468521082957745
6918454,EPHB2,5.0
9929127,FLT3(D835Y),5.0
208908,KIT(V559D-T670I),5.0
9884685,MAP4K4,5.0
44150621,CDK2,5.0
11984591,PLK3,8.292429823902063
151194,DMPK,5.0
3025986,LOK,5.0
10138260,CAMKK2,5.6020599913279625
10427712,DCAMKL1,5.0
10113978,PIK3CG,5.0
644241,EPHA3,6.958607314841775
156414,JAK2(JH1domain-catalytic),5.0
9884685,LIMK2,5.455931955649724
11617559,MST1R,5.0
156414,MEK6,5.0
447077,LIMK1,6.00436480540245
4908365,FLT3(D835H),8.619788758288394
44259,HIPK4,6.4089353929735005
10427712,MARK2,5.0
123631,FGR,5.585026652029182
11984591,GRK7,5.698970004336019
9884685,DDR1,5.0
11234052,ERK5,5.0
176167,CIT,5.0
10127622,EGFR,5.154901959985743
4908365,MAP4K2,7.187086643357144
16722836,FLT3,7.886056647693163
10427712,MET(Y1235D),5.0
3038522,EPHB6,5.886056647693163
176870,PKAC-beta,5.0
5494449,ACVR2A,5.0
10074640,PHKG1,5.0
10127622,EGFR(L747T751del),5.259637310505756
44150621,LYN,6.1249387366083
11984591,HIPK2,5.318758762624413
208908,BMPR1A,5.0
10074640,JAK1(JH2domain-pseudokinase),5.0
5291,MINK,5.0
9809715,ABL1(F317L)p,6.1938200260161125
4908365,PIM2,6.2076083105017466
4908365,CDK8,5.0
10461815,MEK1,5.958607314841775
156422,DYRK1A,5.0
3038522,MAPKAPK5,5.0
11314340,CDC2L1,5.0
644241,BMPR1B,5.0
10184653,MAPKAPK2,5.0
16038120,HPK1,6.853871964321762
644241,KIT(V559D),7.337242168318426
9933475,BLK,6.920818753952375
644241,CAMK2B,5.0
10113978,MEK3,5.0
11485656,PIK3CG,5.0
42642645,PKNB(Mtuberculosis),5.0
11314340,MEK4,5.0
42642645,FLT3(ITD),8.585026652029182
153999,PDGFRA,5.0
447077,PAK2,5.0
44259,AURKC,7.638272163982407
24180719,MST1R,5.0
176155,PDGFRB,5.0
11656518,MYLK4,5.0
11364421,MEK3,5.0
44150621,LOK,6.259637310505756
644241,ERBB2,5.0
216239,PAK4,5.0
24779724,ADCK3,5.0
9809715,ERBB2,5.0
10138260,CIT,7.026872146400302
42642645,MKNK1,7.142667503568732
42642645,CSNK1A1L,5.0
11984591,NEK2,6.585026652029182
5287969,ADCK4,5.0
123631,PIK3CD,5.0
44259,ASK2,6.585026652029182
10127622,AMPK-alpha1,5.0
44150621,PIK3CA(E542K),5.0
11712649,HCK,5.823908740944319
644241,EGFR(L858R),5.0
5291,CDK11,5.259637310505756
11656518,ADCK4,5.0
51004351,PDGFRA,6.42021640338319
10127622,ACVR2A,5.0
42642645,BRAF(V600E),5.638272163982407
216239,EGFR(T790M),5.0
644241,MEK4,5.0
9809715,PAK6,5.0
151194,MET(Y1235D),5.0
9926054,CSK,5.0
11667893,ERK5,5.0
216239,EPHA1,5.508638306165728
3038522,CAMKK1,5.0
11667893,MST1R,5.0
5328940,JNK1,5.0
11234052,DCAMKL3,5.0
9929127,MEK4,5.0
11626560,AKT3,5.0
51004351,MAP4K3,6.920818753952375
10138260,ARK5,6.337242168318426
17755052,JAK3(JH1domain-catalytic),5.0
17755052,FGFR2,5.0
4908365,PCTK2,5.0
10184653,CSNK1G3,5.0
6918454,PLK1,5.0
9926791,MEK5,5.0
123631,NEK11,5.0
208908,GRK4,5.0
216239,DMPK,5.0
10138260,BRAF(V600E),5.0
10127622,AURKC,5.0
11409972,MST1,5.522878745280337
9884685,EGFR(L747S752del),5.0
3062316,ACVR1,6.2076083105017466
9915743,EGFR(G719C),9.431798275933003
11314340,FLT3,6.267606240177032
24180719,PIK3CA,5.0
176155,GSK3B,5.769551078621726
11427553,MAP3K4,5.795880017344075
644241,CDK11,5.0
10427712,MELK,5.0
6450551,p38-delta,5.0
11234052,CIT,5.0
10113978,CDK2,5.0
10113978,PRKR,5.721246399047171
4908365,DYRK2,5.0
208908,CSK,5.0
51004351,CDC2L1,5.0
5287969,MET(Y1235D),5.0
11485656,HPK1,6.080921907623926
5287969,CASK,5.0
11617559,CDK5,5.0
176155,HCK,5.0
5291,DLK,5.0
5287969,CDKL3,5.0
11234052,JAK1(JH1domain-catalytic),5.0
3062316,CAMK1D,5.0
16007391,PKAC-alpha,5.0
11667893,FLT3,7.1487416512809245
176155,AMPK-alpha1,5.0
16725726,EPHA6,5.0
11338033,CSNK1A1L,5.0
11314340,GRK1,5.0
24779724,PRKCQ,5.0
6450551,CSK,5.958607314841775
16038120,CSNK2A1,5.0
151194,AXL,5.0
16722836,PLK2,5.619788758288394
11717001,KIT(V559D-T670I),5.0
11626560,LATS1,5.0
126565,CDKL5,8.0
4908365,PIK3CA(I800L),5.0
5329102,BRAF,5.0
16007391,EIF2AK1,5.823908740944319
216239,AURKB,6.356547323513813
11984591,AKT3,5.0
16725726,CDK4-cyclinD3,5.0
3025986,ABL1(Q252H),5.0
4908365,HIPK4,5.0
24779724,KIT(D816V),5.0
11234052,EGFR(L747T751del),5.0
9926791,MAP3K4,5.0
9809715,CDK4-cyclinD3,6.142667503568732
9933475,ABL1(F317I),5.552841968657781
51004351,ERK2,5.0
6450551,ANKK1,5.443697499232713
11617559,NEK11,5.0
11717001,CDK9,5.0
126565,IRAK4,8.769551078621726
10113978,PIK3CA(M1043I),5.0
10184653,PIK3CA(C420R),5.0
11314340,MLK1,5.0
156414,EPHA5,5.920818753952375
10138260,MKK7,5.0
16007391,MUSK,5.823908740944319
16038120,p38-beta,5.0
9809715,GRK4,7.769551078621726
10461815,CAMK1D,5.823908740944319
3025986,JAK2(JH1domain-catalytic),5.0
176155,PLK1,5.0
156414,ABL1(H396P)p,7.244125144327507
11656518,PRKCI,5.0
5329102,AURKC,6.657577319177793
11667893,CDKL1,5.0
24779724,PCTK2,5.0
44150621,NEK6,5.823908740944319
6450551,MYLK2,5.886056647693163
44259,CDKL3,5.292429823902063
11626560,EGFR(G719S),5.0
11338033,ITK,5.0
11364421,PCTK2,5.0
9933475,ABL1(H396P)p,7.346787486224656
9809715,PRKCH,5.0
3038522,PRKCD,5.0
9884685,MKNK2,5.0
11712649,KIT(D816V),5.0
11234052,FLT4,7.251811972993799
11984591,KIT(D816V),8.602059991327963
11234052,GRK4,5.0
11626560,ACVR2B,5.0
11984591,JAK1(JH2domain-pseudokinase),5.0
10184653,DDR2,5.0
42642645,JAK3(JH1domain-catalytic),5.0
5328940,MST3,6.42021640338319
176870,PRKD2,5.0
16038120,DDR1,6.853871964321762
9926054,FGFR4,5.0
11485656,OSR1,5.0
17755052,PKNB(Mtuberculosis),5.0
3081361,CDK2,5.0
151194,PIK3CA(C420R),5.0
25243800,AKT3,5.585026652029182
123631,ABL1(H396P)p,6.337242168318426
11338033,ABL1(H396P)p,5.0
176870,PIK3CA(Q546K),5.0
24779724,p38-beta,5.0
16007391,EPHB1,5.0
11656518,MELK,5.0
9926791,PLK2,5.0
10113978,ICK,5.0
5494449,FLT3(ITD),7.346787486224656
644241,PIK3CA(E545K),5.0
447077,ACVR2A,8.0
11617559,AMPK-alpha1,5.0
25243800,HUNK,5.0
10461815,EPHA1,5.0
10074640,PIP5K2C,5.0
3062316,ABL1(E255K),10.327902142064282
16725726,PRKCI,6.6020599913279625
5287969,LYN,5.0
10427712,p38-delta,5.0
123631,PKN1,5.0
10074640,NLK,5.0
10427712,FGFR2,5.0
44150621,CDK8,5.0
9926791,FES,5.0
4908365,MEK5,7.00436480540245
9915743,CDK3,5.0
5291,CAMK1D,5.0
51004351,LRRK2(G2019S),6.744727494896694
10427712,IRAK4,5.0
5494449,CLK4,5.0
9884685,OSR1,5.0
5494449,PRKG2,5.0
11617559,CSNK1G3,5.0
16007391,ERK4,5.0
11617559,ACVR1B,5.0
11667893,FLT3(ITD),6.0
447077,CDK11,5.0
9926791,OSR1,5.0
6450551,IKK-epsilon,5.0
24889392,DYRK1A,5.0
176167,MARK3,5.0
11717001,CDKL5,5.0
5328940,PIK3CA(H1047Y),5.0
6918454,PFPK5(Pfalciparum),5.0
11409972,NEK1,5.2839966563652006
6450551,CLK4,5.0
16725726,PHKG2,5.0
123631,CAMK2B,5.0
11717001,PFTK1,5.0
9929127,PIP5K1A,5.0
176155,IKK-beta,5.0
24889392,CSNK2A1,5.0
216239,ABL1(H396P),6.2839966563652006
17755052,PCTK2,5.0
16722836,PAK7,5.920818753952375
9926791,PIK3CB,5.0
11656518,BMPR1B,5.0
17755052,MET(M1250T),5.0
5329102,NDR1,6.3872161432802645
3062316,CTK,5.0
17755052,FAK,5.0
10074640,DRAK2,5.0
11717001,PIK3CA,5.0
4908365,ACVRL1,5.721246399047171
9926791,EPHA5,5.0
10184653,KIT(D816V),5.0
16722836,CLK1,5.6020599913279625
9929127,DYRK1B,5.0
151194,MAP4K2,5.0
123631,ACVR2B,5.0
24180719,PIK3CB,5.0
153999,MAP3K4,5.0
10074640,ABL1(M351T),6.853871964321762
3062316,PIM1,5.0
11667893,GRK4,5.0
10138260,HIPK4,6.013228265733755
126565,CSNK1G1,5.0
11626560,CASK,6.853871964321762
9926791,PIP5K1C,5.0
11364421,PAK6,5.0
10138260,NDR1,6.154901959985743
16007391,CDK11,5.0
216239,KIT(A829P),7.698970004336019
151194,CDK8,5.346787486224656
156414,PAK4,5.0
9926791,MRCKB,5.0
11314340,ABL1(Y253F),5.0
11712649,BRK,5.0
11626560,p38-delta,5.0
10461815,PFTK1,5.886056647693163
644241,PRKD2,5.0
11984591,CDC2L2,5.0
151194,MAP3K15,5.0
11338033,PDGFRA,5.0
9809715,NEK2,5.0
447077,PIK3CA(I800L),5.0
126565,p38-delta,5.455931955649724
11617559,MLK1,5.0
24889392,LKB1,5.0
5328940,PDGFRA,5.292429823902063
5287969,PIK3CA,5.0
11427553,BRK,5.0
51004351,MAP3K3,6.6777807052660805
11427553,DAPK2,5.744727494896694
6450551,ABL1(Q252H),6.537602002101044
3038522,CDKL2,5.537602002101044
11364421,MEK5,5.0
16725726,FLT4,5.0
10461815,PRKCE,5.0
17755052,MAP4K5,5.0
11409972,CAMK2G,5.0
25127112,ARK5,5.0
3081361,BRSK2,5.0
11656518,IRAK4,5.0
5329102,ADCK3,5.0
644241,CAMK2D,5.0
51004351,NEK5,5.0
3038525,GSK3B,5.0
5494449,ABL1(T315I),8.013228265733755
6450551,PIK3CA(C420R),5.0
176155,MAK,5.0
176167,GCN2(KinDom2S808G),5.0
5328940,CSNK1G3,5.0
24779724,MAP4K4,5.0
9809715,LCK,8.207608310501746
153999,PIP5K2C,5.0
11314340,MAP4K3,5.0
16038120,BRAF,5.0
11667893,PIK3CA,5.0
9926791,MEK3,5.0
42642645,MAP3K3,5.318758762624413
10074640,KIT(L576P),8.102372908709558
156422,PIK3CA(E542K),5.0
11364421,p38-delta,5.0
11427553,MAP3K15,5.0
44259,MARK1,8.397940008672037
16007391,EGFR(G719S),6.769551078621726
11314340,EPHA3,5.0
11626560,p38-gamma,5.0
11984591,DAPK1,7.259637310505756
6450551,MST4,5.0
126565,ABL1(F317I),5.0
16038120,PKMYT1,5.0
9915743,KIT(V559D),5.0
11712649,BMX,5.508638306165728
11667893,JAK3(JH1domain-catalytic),5.0
10427712,PRKCQ,5.0
9926791,PIK3CA(C420R),5.0
11314340,PLK4,5.0
11427553,PKNB(Mtuberculosis),6.619788758288394
9915743,EPHB1,5.0
11427553,GRK1,5.0
42642645,MAP3K4,5.721246399047171
156422,ABL1p,5.0
3062316,LIMK1,6.2441251443275085
10138260,CLK4,6.6020599913279625
10074640,PLK1,5.0
3025986,HIPK2,5.823908740944319
11717001,GSK3B,5.0
153999,CDK4-cyclinD3,6.552841968657781
3062316,PAK2,5.0
126565,JAK2(JH1domain-catalytic),8.431798275933005
151194,MRCKB,5.0
9929127,MEK5,5.0
11717001,MRCKB,5.0
3025986,BRAF,5.886056647693163
9926054,EGFR(G719C),5.0
156414,EPHA6,6.568636235841013
9926054,EPHA2,5.0
10113978,MAP3K2,6.537602002101044
5494449,ADCK3,5.0
176870,EGFR(E746A750del),9.318758762624412
11617559,LOK,5.0
6918454,ABL1(Y253F),5.0
3038522,PRKG2,5.0
16007391,ABL1(F317I),5.42021640338319
11338033,CDK3,7.221848749616356
9933475,BRAF(V600E),5.0
51004351,PIK3CA(H1047Y),5.0
5494449,CSF1R,5.744727494896694
11234052,EPHA2,5.0
25243800,ABL1(Q252H),6.619788758288394
11617559,MLCK,5.0
11485656,ERK3,5.0
44150621,AKT1,5.0
11626560,PAK7,5.0
44150621,LRRK2(G2019S),6.055517327849832
17755052,EPHB6,5.795880017344075
16722836,DCAMKL3,7.886056647693163
208908,PCTK3,5.0
10427712,CIT,5.0
11717001,CLK2,5.0
9933475,EIF2AK1,5.508638306165728
25243800,MAP4K5,5.0
208908,MYLK2,5.0
11338033,CAMKK2,5.619788758288394
24180719,PAK6,5.0
24180719,PRKG2,5.0
24889392,PRKR,5.0
25243800,FLT3(K663Q),5.853871964321762
151194,PCTK2,5.0
3025986,NDR1,5.0
11717001,AAK1,5.0
3081361,BMPR1B,6.619788758288394
4908365,EGFR(G719S),5.0
10184653,NEK3,5.0
176870,CDK3,5.0
44150621,GRK4,7.013228265733755
5494449,EPHB2,5.251811972993799
10074640,MARK4,5.0
16722836,KIT,6.886056647693163
16725726,AURKC,5.0
25243800,NLK,6.318758762624413
17755052,PAK2,5.0
5329102,PRKCH,5.0
24180719,ERN1,5.0
24779724,CDK3,5.0
11626560,PRKCI,5.0
10113978,PKMYT1,5.0
3062316,CDKL2,5.0
16722836,ADCK4,6.522878745280337
176167,FGFR3,5.0
10427712,PCTK1,5.0
24180719,EPHB6,6.0655015487564325
10461815,PIK3C2G,5.0
3038525,EPHA5,5.0
5329102,PIK3CG,5.0
10127622,PAK4,5.0
644241,FGFR1,5.0
216239,INSRR,5.0
156414,PRKD3,5.0
25127112,MLK3,5.0
3038525,PIK3CA(H1047Y),5.0
11485656,AXL,6.468521082957745
11717001,EPHB6,5.0
16038120,ERN1,6.744727494896694
10074640,MKNK1,5.0
11314340,HPK1,5.0
3038522,AMPK-alpha2,5.0
9929127,NEK2,5.0
16038120,PIP5K1C,5.0
123631,ASK2,5.0
156414,NLK,5.0
25243800,PKNB(Mtuberculosis),5.537602002101044
5494449,PIK3CA(E545A),5.0
16007391,ACVR2A,5.0
9933475,FES,5.0
176167,MST2,5.721246399047171
9929127,ABL1(T315I)p,5.0
51004351,ERBB3,5.0
11712649,FLT4,5.508638306165728
10127622,BMPR1A,5.0
3038525,MYLK,5.0
10127622,NDR2,5.0
11717001,CSNK2A1,5.0
3025986,OSR1,5.0
216239,LOK,6.823908740944319
3025986,CDK4-cyclinD3,7.180456064458132
176155,MAST1,5.0
176870,ACVR1,5.0
51004351,PRKX,6.017728766960432
9926054,DAPK1,5.0
10127622,EGFR(G719S),5.2839966563652006
644241,AKT1,5.0
25127112,MAP4K5,5.0
176870,MARK1,5.0
6918454,CAMKK1,5.0
16722836,NLK,5.0
5291,EPHB3,5.0
17755052,PRKR,5.0
16038120,AMPK-alpha1,7.568636235841013
24180719,MET(M1250T),5.0
3062316,FER,5.0
10461815,MYLK,5.102372908709558
9926054,PRKCD,5.0
11314340,PRKG1,6.568636235841013
16725726,DYRK1B,5.0
9884685,PIK3C2B,8.0
6918454,MET(M1250T),5.0
11234052,ABL1(F317L)p,5.638272163982407
11626560,CAMK2A,5.0
11984591,CDKL2,5.229147988357856
5287969,NEK2,5.0
11364421,CAMK1D,5.267606240177032
176870,NEK1,5.0
16007391,PRKR,5.0
11234052,MERTK,5.0
176155,ABL1(H396P)p,5.4089353929735005
24779724,PIK3CA,5.0
25127112,MST3,5.0
3081361,MST3,5.0
16725726,ABL1(Q252H),5.0
16722836,ABL1(H396P)p,7.214670164989233
176167,DCAMKL1,5.0
9926791,KIT(L576P),5.0
5291,CDKL5,5.0
5287969,ITK,5.0
10127622,IRAK3,5.0
10138260,LIMK2,5.0
216239,MLCK,5.017728766960432
10461815,PRKG2,5.0
11626560,AKT1,5.0
151194,MAP3K1,5.0
3038525,MEK3,5.0
11984591,PIK3CA(E542K),5.0
153999,IRAK3,5.0
44259,PIP5K1A,7.366531544420414
176167,PIK3CA(E545A),5.0
9933475,EGFR(L747T751del),6.075720713938118
24779724,EPHA6,5.0
10427712,PRKD2,5.0
5494449,BMX,5.585026652029182
5329102,GSK3A,5.0
24180719,NEK3,5.0
25243800,ACVRL1,8.537602002101044
9929127,LIMK1,5.0
6450551,PRP4,5.0
16722836,ERK1,5.0
6918454,OSR1,5.0
11617559,DYRK1B,5.0
5329102,PFTAIRE2,5.0
5329102,NEK7,5.3872161432802645
176870,CSNK1G2,5.0
24779724,LTK,5.0
208908,MAP4K5,5.0
24889392,CSNK1A1L,5.0
11617559,EPHA8,5.0
11314340,MARK1,5.0
176155,MYLK4,5.0
42642645,PLK2,5.0
151194,PLK4,5.0
44259,ABL1(H396P),7.744727494896694
11617559,EGFR(L861Q),5.0
447077,AMPK-alpha2,5.0
6450551,PIK3CA(Q546K),5.0
16007391,PFPK5(Pfalciparum),5.0
447077,PIK3CA,5.0
11409972,INSRR,5.853871964321762
51004351,CDK4-cyclinD3,5.0
644241,MAP4K3,5.0
3081361,CDK9,5.0
9884685,NEK1,5.0
16722836,JAK2(JH1domain-catalytic),8.958607314841775
5291,ACVRL1,5.0
11712649,PKN1,5.0
10184653,MTOR,5.0
11314340,DRAK1,5.2839966563652006
10461815,CDK2,5.0
123631,MLK1,5.0
10074640,ABL2,6.958607314841775
25243800,PDGFRB,7.10790539730952
10184653,FGFR2,5.0
9926054,p38-alpha,5.0
44150621,ERK3,5.0
24180719,CAMK1,5.721246399047171
216239,ABL1(M351T),5.920818753952375
11485656,BRK,5.0
11234052,BMPR1A,5.0
3038525,CDKL5,5.0
16038120,PAK3,7.537602002101044
17755052,PAK4,5.0
9929127,EPHB3,5.0
151194,PRKCQ,5.0
44259,FAK,7.1938200260161125
126565,ERK5,5.958607314841775
16038120,LIMK1,5.958607314841775
11656518,NIM1,5.0
9915743,CDK7,5.292429823902063
44150621,EGFR(E746A750del),5.0
11409972,JAK3(JH1domain-catalytic),6.585026652029182
156414,AMPK-alpha2,5.0
6450551,MEK3,5.0
5287969,NEK6,5.0
17755052,LIMK1,5.0
11617559,MARK2,5.0
176870,PDGFRA,5.744727494896694
153999,HIPK2,6.853871964321762
24180719,CDK5,5.0
9915743,NLK,5.0
3038525,PIP5K1A,5.0
151194,PRKCE,5.0
9915743,MEK4,5.0
10138260,EPHB4,5.0
11617559,PIP5K2B,5.0
5329102,MAP4K5,7.387216143280264
3038525,EGFR(L747T751del),5.0
208908,PIK3CB,5.0
5329102,CAMK2A,7.096910013008056
176155,NEK9,5.0
6918454,PIK3C2G,5.0
5494449,ABL1(T315I)p,8.031517051446064
17755052,PFCDPK1(Pfalciparum),5.0
11656518,BRSK2,5.0
11485656,ERBB3,5.0
24180719,MAP4K2,5.0
3025986,IRAK3,5.537602002101044
447077,ERN1,5.0
156414,KIT(L576P),5.2441251443275085
5329102,GRK1,6.537602002101044
5494449,MAP3K3,5.721246399047171
11364421,NEK1,5.0
3038522,KIT(L576P),8.221848749616356
126565,PIK3C2B,5.2839966563652006
17755052,PRKCD,5.0
11314340,PRKCI,5.0
9926054,PFTK1,5.0
208908,CLK3,5.0
153999,DRAK1,5.0
644241,MYLK2,5.0
51004351,PKN1,8.031517051446064
24889392,ABL1(M351T),5.0
3038522,AURKA,5.0
5494449,IKK-epsilon,5.585026652029182
11338033,FRK,5.0
5328940,ABL1(F317L),9.958607314841776
11717001,MAP3K1,5.0
11234052,LIMK1,5.0
11667893,KIT(D816V),6.3872161432802645
51004351,PIK3CA,5.0
11338033,PIK3CA(I800L),5.0
156422,FLT3(K663Q),6.050609993355088
9915743,ABL2,5.0
644241,EPHB6,6.301029995663981
3038525,HIPK2,5.0
9926791,MAPKAPK5,5.0
11656518,PAK6,5.0
6450551,CSNK1G1,5.0
11427553,HIPK4,6.0
644241,BIKE,5.0
3038525,PLK1,5.0
126565,CSNK1D,5.0
5328940,GSK3A,5.0
156422,EPHA8,6.568636235841013
9926054,HPK1,5.0
44259,CSK,6.481486060122113
6918454,CDK8,5.0
3038525,MKNK1,5.0
3062316,MAP3K3,6.552841968657781
156414,MEK2,5.795880017344075
25127112,DCAMKL3,6.585026652029182
5287969,CSNK1A1,5.508638306165728
216239,BMX,5.0
176155,PIK3CA(Q546K),5.0
10113978,JAK1(JH1domain-catalytic),5.0
10427712,DDR2,5.0
5328940,MEK5,8.086186147616283
11667893,p38-delta,5.0
10184653,MLCK,5.0
11364421,MYLK,7.013228265733755
156422,DMPK,5.0
24889392,PFTK1,5.0
11338033,CDK2,7.522878745280337
447077,MELK,5.0
11314340,MEK5,5.0
11984591,ABL1(T315I),6.173925197299174
3062316,ERK3,5.0
11656518,AMPK-alpha2,5.0
10074640,FER,5.0
3038522,FLT3(D835H),6.508638306165728
5328940,ERK5,5.638272163982407
447077,MEK2,5.721246399047171
6450551,KIT(A829P),5.744727494896694
11364421,IGF1R,5.0
11617559,GSK3B,5.0
156414,CDK8,5.0
11626560,MEK1,5.0
10113978,FGFR2,6.6777807052660805
24889392,CDK3,5.0
25243800,p38-alpha,5.0
9809715,AXL,7.920818753952375
11485656,CDKL5,5.0
151194,CLK4,5.0
3025986,PIK3CA(I800L),5.0
176155,GAK,7.721246399047171
9929127,MRCKA,5.0
10138260,EGFR(G719S),5.0
6450551,MARK4,5.0
11427553,EGFR(E746A750del),5.1487416512809245
11409972,MST4,5.0
10138260,GRK7,6.327902142064283
5328940,FGFR3,5.0
5328940,BMPR1A,5.0
11314340,ABL1(E255K),5.0
447077,PAK4,5.0
25127112,JAK2(JH1domain-catalytic),10.443697499232712
10184653,FLT1,5.0
11314340,MLCK,6.3979400086720375
10427712,CSNK1E,5.920818753952375
9933475,p38-delta,5.0
25243800,MEK6,5.0
11667893,MAP4K5,5.0
3038522,ABL1(H396P),5.0
11314340,PIK3CG,5.0
5328940,NEK6,5.0
11984591,MAP4K2,6.173925197299174
17755052,GAK,5.568636235841013
5287969,PAK6,5.0
44259,CSNK1A1L,6.6020599913279625
5287969,PRKCQ,6.455931955649724
44259,p38-beta,5.0
3038522,MKNK2,5.0
9884685,PLK4,5.0
11234052,CDK8,5.0
24180719,ERK3,5.0
11667893,ICK,5.0
11485656,PIK3CA,5.0
216239,PKAC-beta,5.0
10461815,PAK3,5.958607314841775
11712649,ADCK3,5.0
216239,PIK3CB,5.0
44259,CSNK1E,7.136677139879544
156414,IRAK4,5.920818753952375
11314340,PRKD3,6.0
9926054,MAP3K2,5.0
3081361,MINK,5.468521082957745
9915743,ABL1(T315I)p,5.0
11617559,BRAF,5.0
11364421,MYO3B,5.455931955649724
11427553,ABL1(Y253F),7.443697499232713
5287969,EPHA8,5.0
11314340,ITK,5.0
11712649,PFCDPK1(Pfalciparum),5.0
9929127,HUNK,5.0
11712649,PIK3CB,5.0
24180719,PKAC-alpha,5.0
5328940,HIPK4,6.886056647693163
5287969,DDR1,5.0
11617559,IKK-beta,5.0
447077,CSNK1E,5.0
11314340,DCAMKL3,5.0
5329102,EPHB4,5.508638306165728
447077,ERK2,5.0
176870,GSK3B,5.0
11717001,FLT3(D835Y),5.0
10138260,PIK3CA(C420R),5.0
11409972,MARK3,5.0
16038120,CDK5,5.795880017344075
4908365,PRKG1,5.0
9915743,NEK4,5.0
3038525,BRSK1,5.0
10461815,JNK2,5.0
9926791,PRKR,5.0
11427553,NEK1,5.508638306165728
10127622,PCTK3,5.0
11314340,CAMK2G,6.050609993355088
10074640,CDK4-cyclinD3,5.0
3038525,MYLK2,5.0
6450551,MERTK,5.494850021680094
11427553,ASK2,5.0
447077,LYN,8.657577319177793
17755052,CAMK1D,5.0
4908365,BIKE,6.853871964321762
156422,KIT(V559D-V654A),5.619788758288394
3038525,CAMKK1,5.0
9809715,LIMK2,5.0
9933475,DMPK2,5.0
216239,PRKX,5.0
126565,GAK,8.136677139879545
3038525,PAK4,5.0
44150621,HIPK3,5.292429823902063
16722836,PCTK3,5.568636235841013
123631,FLT3(R834Q),5.455931955649724
10127622,CDK2,5.0
11314340,ERBB2,5.0
9915743,DCAMKL3,5.0
10074640,p38-delta,5.0
16722836,CDKL1,5.0
5291,AMPK-alpha1,5.0
216239,HIPK2,5.769551078621726
11626560,MYLK2,5.0
644241,MERTK,5.0
5329102,AKT3,5.0
16725726,MARK4,5.0
9915743,CSNK1G1,5.0
3081361,INSRR,5.0
10461815,PKN2,5.0
11409972,HUNK,5.0
16722836,IKK-alpha,6.080921907623926
11314340,INSR,5.0
11427553,ACVR1B,5.0
24779724,LRRK2(G2019S),5.0
9809715,KIT,8.244125144327509
10074640,PAK2,5.0
11617559,CSNK1E,5.0
156414,LOK,5.721246399047171
6918454,ABL1(H396P)p,5.0
11626560,KIT(A829P),5.0
176155,IRAK4,5.0
9926054,MET(M1250T),5.0
5494449,CDK9,5.0
44259,LZK,6.6777807052660805
3062316,PCTK1,5.0
16725726,JAK1(JH2domain-pseudokinase),5.0
11314340,DAPK3,5.920818753952375
153999,MET(Y1235D),5.0
126565,GRK7,8.142667503568731
16722836,EGFR(T790M),6.236572006437063
156422,ACVR1,5.0
10184653,LZK,5.0
9933475,ERBB4,5.853871964321762
5328940,PAK7,5.0
11667893,ERBB4,5.0
11984591,PIM2,5.0
156422,ACVR1B,5.0
24889392,MAPKAPK2,5.0
16725726,LIMK1,5.0
10184653,CDK5,5.0
10127622,FGR,5.0
4908365,PKNB(Mtuberculosis),6.769551078621726
11717001,GCN2(KinDom2S808G),5.0
11427553,FLT3(ITD),7.698970004336019
9884685,ASK2,5.0
9915743,PDPK1,5.0
16722836,AURKB,6.309803919971486
9926791,AURKC,5.0
11485656,ACVR1B,5.0
11717001,MAK,5.0
9929127,CDK2,5.0
11617559,JAK1(JH1domain-catalytic),5.0
11667893,PLK2,5.0
10074640,CAMK1,5.0
11667893,PIP5K1C,5.0
11656518,LYN,6.431798275933005
10074640,AURKB,5.0
9926054,MST1R,5.0
11617559,MAPKAPK5,5.0
10074640,MLCK,5.0
10138260,NDR2,5.698970004336019
10127622,PIK3C2G,5.0
216239,FLT4,7.022276394711152
123631,MST1,5.0
176155,MLK2,5.0
5287969,PLK3,5.0
9929127,CDK5,5.0
176870,GRK1,5.0
4908365,CDKL2,5.0
216239,FLT3,7.886056647693163
24779724,CASK,5.0
10427712,EGFR(G719S),5.0655015487564325
11427553,PLK2,5.0
3081361,PRKX,5.0
11314340,ERK8,7.050609993355088
16725726,CDK9,5.0
11338033,CLK3,6.431798275933005
11485656,CDC2L2,5.920818753952375
16038120,ERK2,6.522878745280337
17755052,PIP5K2B,5.0
153999,FLT1,5.0
9926791,ABL1(T315I),5.0
9809715,PLK1,5.0
11234052,IGF1R,5.0
3038522,PRKD2,5.0
6918454,INSRR,5.0
9933475,CHEK2,5.0
11667893,PDGFRA,8.0
156414,CDKL2,5.0
3025986,FGFR3,5.0
11427553,HCK,5.366531544420414
5328940,CDK9,5.0
25127112,BRSK2,5.0
11364421,ALK,6.795880017344075
9809715,AMPK-alpha1,7.060480747381382
126565,CIT,7.070581074285707
11338033,LKB1,5.0
3025986,DDR1,5.0
24779724,ITK,5.0
11656518,EPHA4,5.050609993355088
11338033,EPHA4,5.0
5329102,MERTK,7.585026652029182
11712649,CDC2L2,5.0
4908365,GRK1,5.769551078621726
24889392,LRRK2,5.0
11712649,FGFR3,5.920818753952375
11485656,LKB1,5.0
176870,FGFR3(G697C),5.0
6450551,JAK1(JH2domain-pseudokinase),5.0
9884685,ASK1,5.0
51004351,CDKL2,5.0
6450551,EPHB2,5.0
24180719,PIK3CA(E545K),5.0
447077,MST1,5.356547323513813
3038525,MUSK,5.0
5328940,NDR2,5.0
9926054,LTK,5.0
5287969,EGFR(L747T751del),5.522878745280337
6918454,JAK3(JH1domain-catalytic),5.0
44150621,CLK2,5.769551078621726
3081361,MAST1,5.0
6450551,EGFR(L858R),5.0
6918454,LATS1,5.0
9926054,ASK2,5.0
11364421,ABL1,5.0
17755052,CDK4-cyclinD1,5.0
11984591,EGFR(L747E749del),6.585026652029182
9809715,NEK5,5.0
9933475,MAP3K4,5.0
10427712,PRKCD,5.0
5494449,CIT,5.0
9929127,PAK3,5.0
9926054,ABL1(H396P),5.0
44150621,ERK2,5.0
3081361,CAMK4,5.0
11338033,FGR,5.0
3025986,FLT3,5.0
11427553,NDR1,6.4089353929735005
153999,BMPR1B,5.0
51004351,MARK4,6.431798275933005
3081361,PFPK5(Pfalciparum),5.0
176155,FGFR3,5.0
6918454,PIK3CD,5.0
5291,PAK6,5.0
3038522,OSR1,5.0
447077,IKK-epsilon,5.0
3038525,GRK1,5.0
10127622,PDGFRB,5.0
151194,PKN1,5.0
5329102,ABL1(Y253F),6.853871964321762
44150621,DAPK1,5.0
11712649,CHEK1,5.0
42642645,MAP3K2,5.721246399047171
10461815,DAPK2,5.0
3081361,EPHA7,5.619788758288394
25127112,MAP3K15,5.958607314841775
447077,PRKD2,5.0
176167,KIT(V559D-V654A),5.0
10427712,NEK3,5.0
10074640,PIK3CA(H1047L),5.0
11712649,MYLK4,5.0
6918454,MAST1,5.0
25243800,EPHA1,7.00436480540245
208908,MET,5.0
11617559,LRRK2,5.0
11656518,INSRR,5.0
3038525,KIT(D816H),5.0
3038525,PRKD1,5.0
176155,LYN,5.0
9915743,ERBB4,8.619788758288394
5494449,PRKCQ,5.275724130399211
6450551,EPHB1,5.0
11626560,EPHA6,7.187086643357144
208908,MUSK,5.0
156414,AKT2,5.0
5291,BRSK2,5.0
16007391,CDK9,5.0
25127112,CAMK2G,7.0
176167,PIK4CB,5.0
11656518,PIK3CA(Q546K),5.0
10138260,NEK7,5.494850021680094
126565,PRP4,6.259637310505756
42642645,PRKCE,5.0
4908365,FLT3(N841I),7.886056647693163
6918454,PKAC-beta,5.0
176870,LIMK1,5.0
25243800,PAK1,5.0
4908365,MARK2,5.638272163982407
5329102,PFTK1,6.568636235841013
4908365,ABL1(T315I)p,6.744727494896694
6918454,PIK3CA(E545K),5.0
11667893,CSNK1A1,5.0
9915743,IGF1R,5.0
9915743,ERBB2,8.221848749616356
10138260,AURKA,5.0
6450551,DCAMKL2,5.0
9926054,ABL1(F317I)p,5.0
216239,MLK2,5.0
9929127,ABL1(Q252H),5.0
11984591,MAP3K4,6.075720713938118
10127622,FGFR2,5.0
3038522,KIT(D816V),7.537602002101044
25127112,PDPK1,5.0
16038120,FRK,7.568636235841013
153999,EPHA4,5.0
5494449,ERBB3,5.1487416512809245
44259,PAK7,8.920818753952375
10461815,PRKCH,5.0
5287969,AKT2,5.0
16038120,AXL,7.920818753952375
11234052,CAMK1G,5.0
11338033,PIP5K1C,5.0
16038120,BMPR1B,9.070581074285707
208908,PIK3C2G,5.1249387366083
644241,AXL,5.0
10127622,ABL1p,5.0
9809715,HPK1,7.455931955649724
10184653,ACVR2B,5.0
42642645,MTOR,5.0
44150621,CSNK1D,5.0
11364421,BLK,5.0
11667893,PIP5K2B,5.0
151194,EPHB3,5.0
11427553,MAP4K5,6.585026652029182
176155,AURKC,5.0
5329102,CSNK1E,7.886056647693163
11717001,LTK,5.0
208908,PLK4,5.0
176155,KIT(D816H),5.0
5494449,GAK,5.494850021680094
447077,DYRK1A,5.0
176167,CDK7,5.585026652029182
153999,EPHA2,5.0
5287969,MET(M1250T),5.0
10427712,NEK11,5.0
11364421,MAP3K1,5.0
4908365,ABL1(F317I)p,5.346787486224656
9926054,MAP4K5,5.0
9929127,CDK8,5.0
644241,MST3,5.0
10184653,HCK,5.657577319177793
44259,MEK4,7.154901959985743
11656518,MKK7,5.0
10138260,DMPK,5.0
11626560,PRKR,5.958607314841775
11626560,FGFR4,5.0
11409972,MKNK1,7.585026652029182
9926054,ALK,5.0
153999,ABL1,5.0
5291,DYRK2,5.0
10184653,LYN,5.0
4908365,CDK2,5.0
5494449,PIM2,5.0
10184653,FLT4,5.0
176167,CASK,5.0
11712649,ABL1(Y253F),6.0
17755052,MAK,5.0
25243800,PRKCD,5.0
176155,BLK,5.0
11717001,PCTK1,5.0
11485656,ASK1,5.0
25127112,LZK,5.0
11717001,ICK,5.0
6918454,KIT(L576P),5.0
25243800,PAK3,5.0
123631,EGFR(G719S),8.958607314841775
10074640,PIK3CA(E545A),5.0
16038120,FLT3(D835Y),8.698970004336019
11626560,ABL1(H396P),7.481486060122113
10184653,PIK3CG,5.0
208908,MAP3K15,5.0
5329102,MET,5.142667503568732
44259,CAMK4,7.387216143280264
10461815,BMPR1A,5.0
3081361,LATS2,5.0
42642645,FER,7.431798275933005
42642645,CDKL1,5.0
447077,EPHA1,8.187086643357144
176870,PAK7,5.0
11984591,ERK4,5.0
11984591,FLT3(D835H),9.187086643357144
16722836,MAST1,5.0
176155,MET,5.0
11338033,MEK2,5.0
10113978,ITK,5.0
126565,AKT2,5.6777807052660805
156414,DMPK,5.154901959985743
9926791,PAK4,5.0
17755052,MLK1,5.0
11656518,MST1,5.0
11656518,NEK1,5.0
9884685,FLT3(D835H),5.229147988357856
151194,FGFR3(G697C),5.0
9915743,BMPR1B,5.0
10461815,MLK2,5.0
5494449,FYN,6.275724130399211
5494449,CAMK2A,5.0
3081361,PHKG2,5.102372908709558
11427553,BRSK2,5.920818753952375
24889392,DDR1,7.091514981121351
11984591,EGFR(L858R),6.6020599913279625
24889392,AMPK-alpha1,5.0
16038120,GRK7,6.443697499232713
11364421,EPHA1,5.0
6918454,PAK2,5.0
11364421,EGFR(G719S),5.886056647693163
10074640,NDR1,5.0
11314340,MET,5.0
10127622,FES,5.0
156414,ACVR1,5.769551078621726
9926054,ERK4,5.0
10138260,EGFR(E746A750del),5.0
10127622,DLK,5.0
10138260,PKAC-beta,5.0
10461815,FRK,5.0
156414,AURKC,5.552841968657781
9929127,EGFR(L747T751del),5.0
25243800,BRSK2,7.376750709602099
24180719,PIK4CB,5.920818753952375
216239,MAP4K4,5.318758762624413
24889392,DRAK2,5.0
3081361,PIM3,5.0
25127112,PIK3C2G,5.0
4908365,PIP5K1A,6.229147988357856
3038522,NEK7,5.0
10427712,PRP4,5.0
11338033,ABL1p,5.0
3038525,FGFR3(G697C),5.0
9933475,PRKCD,5.0
176155,MAP3K15,5.0
123631,CAMK1G,5.0
11364421,PIK3CA(H1047L),5.0
25243800,EPHA4,6.008773924307505
208908,MST3,5.0
16007391,GAK,5.0
17755052,LTK,5.0
17755052,EGFR(S752I759del),5.0
5287969,PAK4,5.0
126565,ACVR1,7.1249387366083
51004351,BMPR1B,5.0
11656518,MYO3A,5.0
644241,DCAMKL2,5.0
5287969,ERBB3,5.036212172654444
156422,MTOR,5.0
176870,MTOR,5.0
11984591,FLT4,8.040958607678906
10127622,PIK3CB,5.0
447077,JAK1(JH1domain-catalytic),6.481486060122113
24180719,KIT(V559D),7.42021640338319
10427712,EPHB3,5.0
10127622,FGFR1,5.0
16722836,MST1,5.0
24779724,ACVR2A,5.0
3038522,KIT(A829P),7.638272163982407
9809715,ERK4,5.0
10184653,FGFR1,5.0
5287969,CDC2L5,6.366531544420414
16007391,PIM1,5.0
10461815,MEK2,6.008773924307505
3081361,PRKCQ,5.0
11427553,MLK3,6.638272163982407
11617559,FLT4,5.0
11626560,BRAF(V600E),5.0
11314340,HCK,5.0
11626560,KIT,5.0
3038525,CIT,5.0
10461815,CSNK1D,5.376750709602099
11717001,p38-beta,5.0
3038525,ABL1(M351T),5.0
11234052,JNK1,5.0
9809715,KIT(V559D-V654A),7.537602002101044
6450551,PAK6,5.0
4908365,EGFR(S752I759del),5.0
11364421,PIK4CB,5.0
24779724,MARK3,5.0
3025986,KIT(A829P),5.0
9915743,MARK4,5.0
10461815,ERK5,5.769551078621726
10184653,MST3,5.0
16007391,PFTAIRE2,5.0
51004351,MAP3K4,5.0
11984591,ERK1,5.0
216239,GAK,5.0
25127112,LCK,5.0
156422,ASK2,5.0
11338033,ERBB4,5.0
176870,MUSK,5.0
10461815,EPHA8,5.4089353929735005
16007391,PAK4,5.0
11234052,HUNK,5.0
3038522,MAP4K5,6.107905397309519
25127112,FGFR3,5.0
3062316,MST1,5.42021640338319
151194,PRKCH,5.0
156414,MST3,5.0
123631,PDPK1,5.0
10127622,LYN,5.0
9929127,NEK4,5.0
9933475,DAPK2,5.0
25127112,EPHA2,5.0
16722836,MELK,5.585026652029182
11712649,NIM1,5.0
3025986,HUNK,5.0
126565,ACVRL1,5.657577319177793
5328940,LYN,8.3767507096021
10184653,IRAK4,5.0
216239,CDKL5,5.0
44259,PIK3CB,5.0
11717001,CAMKK2,5.0
42642645,JAK2(JH1domain-catalytic),5.823908740944319
3038522,GSK3A,5.0
11656518,ABL1(T315I),5.214670164989233
11314340,ABL1(F317L)p,5.0
216239,DAPK2,5.0
3081361,CASK,5.0
42642645,CDC2L5,6.6777807052660805
123631,MET(Y1235D),5.455931955649724
156422,MET(Y1235D),5.0
44150621,NEK2,5.698970004336019
5494449,GSK3A,5.0
44150621,DLK,5.6777807052660805
16007391,FGR,5.0
9929127,PHKG2,5.0
5328940,KIT(D816H),6.744727494896694
156422,CSK,5.0
11717001,PRKCH,5.0
16722836,CAMK2G,6.267606240177032
44150621,MLCK,8.698970004336019
9929127,MINK,5.0
11364421,MLK3,5.0
11626560,INSR,6.468521082957745
24180719,ERK2,5.0
16038120,EPHA4,6.040958607678906
10461815,DDR2,5.119186407719209
11626560,PIK3CA(E545A),5.0
10184653,PAK6,5.0
9809715,MARK2,5.853871964321762
44150621,EGFR(L747E749del),5.0
156414,PDGFRB,5.1249387366083
11234052,FGFR1,7.00436480540245
3038525,CLK3,5.0
9884685,MTOR,7.920818753952375
11427553,JNK3,7.292429823902063
5494449,FGFR4,5.142667503568732
42642645,ABL1(H396P)p,6.958607314841775
5494449,ANKK1,5.251811972993799
11364421,PFTAIRE2,5.0
10461815,MAP4K5,7.102372908709558
11314340,CDKL5,6.698970004336019
10427712,EPHB1,5.0
11667893,NIM1,5.0
123631,CLK1,5.0
10427712,ADCK3,7.026872146400302
6918454,PIK4CB,5.0
24889392,HUNK,5.0
42642645,PIK3CA(H1047Y),5.0
5291,PIK3CD,5.0
3038522,PCTK3,5.0
11234052,ITK,5.0
11427553,EPHA8,5.0
11717001,ALK,5.0
9809715,CHEK1,6.537602002101044
10127622,MST1,5.0
11485656,MEK4,5.0
11427553,DDR2,5.6777807052660805
126565,PIK3CA(I800L),5.0
9915743,PIK3C2G,5.0
5494449,ACVRL1,5.022276394711152
447077,p38-gamma,5.0
16007391,IRAK4,5.0
42642645,PAK2,5.0
5291,HIPK4,6.017728766960432
10184653,MET,5.657577319177793
10184653,ABL1(T315I),5.585026652029182
16725726,PKNB(Mtuberculosis),8.494850021680094
42642645,ABL1(F317L)p,6.769551078621726
11234052,IKK-beta,5.0
3062316,ITK,5.0
24889392,ACVR2B,5.0
9926791,PAK3,5.0
11234052,PLK4,5.0
156422,MRCKB,6.040958607678906
9929127,OSR1,5.0
11485656,PIM1,5.0
3038525,p38-beta,7.130768280269024
5328940,LATS2,5.0
3025986,CSF1R,5.0
151194,ABL1(F317L),5.0
123631,FGFR4,5.0
44150621,PIP5K2C,5.0
9929127,PRKD3,5.0
9926791,NEK3,5.0
51004351,PHKG1,6.045757490560675
208908,PIK3CA(C420R),5.0
9915743,CDC2L2,5.0
24889392,FGFR4,5.0
24779724,BRAF(V600E),5.0
644241,NEK9,5.0
17755052,CAMK2A,5.0
11364421,PKMYT1,5.0
25127112,MARK2,6.180456064458132
11409972,CAMK2B,5.0
176870,GRK4,5.136677139879544
11409972,MYLK2,6.481486060122113
11234052,MEK2,5.0
11717001,HIPK2,5.0
16725726,CDKL1,5.0
9926791,EPHB1,5.0
10461815,LTK,5.0
3025986,PRKCD,5.0
10184653,DYRK1A,6.013228265733755
216239,EGFR(L747S752del),5.0
176155,ERK8,5.0
10461815,MINK,6.6020599913279625
4908365,PIK3CB,5.0
10427712,EGFR(L747S752del),5.6020599913279625
3038522,JNK2,5.0
9929127,ABL1(E255K),5.0
3025986,MST3,5.0
216239,MYLK,5.0
153999,ERK5,5.0
5494449,EPHA6,5.327902142064283
5291,MST1,5.0
9933475,PLK4,5.6777807052660805
10074640,MEK5,5.0
6918454,AMPK-alpha1,5.0
11656518,PIP5K1C,5.0
11984591,BRSK1,5.0
9926054,MET,5.0
25243800,ERBB3,6.920818753952375
11626560,PIK3C2G,5.0
644241,FRK,7.0655015487564325
11984591,FLT3,9.148741651280924
42642645,EPHA5,8.18045606445813
11712649,DCAMKL3,5.0
11409972,PIK3CA(M1043I),5.0
447077,DMPK2,6.6020599913279625
11656518,PIK4CB,5.0
51004351,ABL1(M351T),5.0
6450551,ADCK3,5.0
123631,MARK2,5.0
24180719,EPHB1,5.0
4908365,PRKCE,5.0
11427553,PRP4,6.568636235841013
24180719,CDK8,5.721246399047171
156414,NEK1,5.0
9915743,MST2,7.236572006437063
11626560,DCAMKL3,5.0
153999,MLCK,5.0
123631,LTK,5.259637310505756
16722836,NIM1,5.356547323513813
11364421,MST1R,5.0
3062316,NEK6,5.0
176167,NDR2,5.0
11617559,MYLK4,5.0
16007391,MAP4K5,6.795880017344075
10074640,MST1R,5.0
11234052,EPHB2,5.0
208908,CSNK1G1,5.0
5287969,PIK3CA(Q546K),5.0
25127112,FGFR4,5.0
11338033,DMPK2,5.0
24889392,CSNK1A1,5.0
10461815,LKB1,5.585026652029182
17755052,PFTK1,5.0
156422,CDK11,6.698970004336019
4908365,ABL1(F317L)p,5.920818753952375
11409972,PFCDPK1(Pfalciparum),8.070581074285707
216239,CSNK1A1L,5.0
3038522,PDGFRA,8.619788758288394
11234052,FLT3(R834Q),5.0
216239,LYN,5.522878745280337
9929127,MAP4K5,5.0
9915743,LOK,7.886056647693163
216239,CDC2L2,5.0
10184653,NEK7,5.0
10461815,MST2,5.721246399047171
153999,KIT(V559D-V654A),5.0
6450551,ACVRL1,5.0
16038120,MYLK4,5.0
156414,EGFR(G719C),9.886056647693165
11656518,EPHB2,5.0
25127112,CAMK1G,5.657577319177793
11234052,PIK3CA(H1047L),5.0
51004351,EPHA2,5.0
644241,CSNK1G2,5.0
11717001,ABL2,5.0
16038120,MAP3K4,5.698970004336019
5494449,CTK,5.0
9884685,PIM2,5.0
5291,LIMK2,5.0
151194,FGFR2,5.0
10074640,BRAF,5.0
9884685,MST3,5.0
5328940,KIT(A829P),6.568636235841013
644241,PDPK1,5.0
25127112,NEK7,5.309803919971486
44150621,DAPK3,5.0
447077,MST1R,5.6020599913279625
5328940,MKK7,5.275724130399211
9915743,MAP4K5,9.187086643357144
9926054,NLK,5.0
5329102,PIK3CA,5.0
3062316,EPHA3,10.031517051446064
42642645,FLT4,8.823908740944319
9926054,AURKB,5.0
5328940,CDK7,5.920818753952375
11717001,NEK4,5.0
208908,FLT3(N841I),5.0
123631,p38-beta,5.0
9926791,FLT1,5.0
11626560,NEK3,5.0
16722836,FRK,6.698970004336019
156422,PCTK3,5.0
216239,MERTK,5.443697499232713
9929127,CAMK1D,5.0
644241,FLT1,5.0
9884685,IKK-beta,5.0
5291,PRKR,5.0
42642645,p38-alpha,6.494850021680094
16007391,LOK,5.552841968657781
11667893,AURKC,5.721246399047171
9929127,PIK3CA(Q546K),5.0
11485656,KIT(V559D),8.769551078621726
24180719,JAK3(JH1domain-catalytic),5.0
11338033,CDC2L2,8.2839966563652
5329102,CDK2,5.0
51004351,CDKL3,5.0
10138260,PHKG1,7.080921907623926
51004351,NLK,5.0
5328940,CDC2L5,5.0
5494449,CSK,5.318758762624413
176155,IRAK1,5.0
9933475,KIT(D816V),6.4089353929735005
5329102,ABL1(F317I),5.443697499232713
176155,DDR1,6.0
44150621,ABL1(Y253F),7.337242168318426
11667893,MST3,5.0
10461815,JAK3(JH1domain-catalytic),6.327902142064283
5291,ABL1(Y253F),6.886056647693163
16722836,PAK6,5.161150909262744
16725726,BRK,5.0
3038522,MAP4K2,5.0
3062316,NDR1,5.0
5287969,ACVR2B,5.619788758288394
5494449,CLK3,5.0
42642645,CDK2,5.0
3081361,CAMK1,5.0
5291,FLT3(D835Y),5.0
42642645,EPHA6,8.958607314841775
11427553,ADCK4,5.0
5287969,ABL2,5.0
3025986,MEK3,5.0
10184653,MET(Y1235D),5.585026652029182
16725726,LKB1,5.0
11427553,BMPR1A,5.721246399047171
9926054,DYRK2,5.6777807052660805
11712649,PRKX,5.0
10138260,OSR1,5.795880017344075
10461815,MAP3K3,5.229147988357856
11717001,PIP5K2C,5.0
176167,PAK3,5.366531544420414
11617559,BRK,5.0
11427553,ACVR2B,6.431798275933005
11364421,PIP5K1C,5.0
156422,DAPK1,5.0
153999,MLK2,5.0
156422,CAMK2B,5.0
11667893,ACVR2A,5.0
11234052,MST4,5.0
3025986,ERK8,6.920818753952375
3038525,KIT(V559D),5.0
24779724,ABL2,5.0
447077,NLK,7.455931955649724
644241,MLK1,5.0
5329102,LOK,7.721246399047171
3025986,MLK1,5.0
9884685,PRKCQ,5.0
156414,PFPK5(Pfalciparum),5.0
447077,CSK,7.221848749616356
644241,EPHB3,6.0
644241,INSR,5.0
6450551,PRKX,5.0
10138260,BMPR2,6.698970004336019
11617559,DRAK2,5.0
44259,BRSK2,8.455931955649724
3062316,KIT(V559D-T670I),5.0
208908,NEK7,5.0
208908,EGFR(L747T751del),8.455931955649724
10074640,MST3,5.0
25243800,EGFR(L858RT790M),6.180456064458132
5494449,DDR1,7.552841968657781
11712649,NDR1,5.0
11717001,MLK3,5.0
10127622,EPHA1,5.0
644241,JNK1,6.346787486224656
24180719,ERBB2,5.0
3062316,PKN1,5.0
11485656,MAP3K4,5.0
9809715,FYN,6.200659450546419
6450551,ABL1(F317L),6.080921907623926
11712649,AAK1,5.0
216239,INSR,5.0
6918454,CSNK1G1,5.0
3038525,DAPK3,5.0
11717001,ABL1(F317L),5.0
447077,PCTK3,5.0
9926054,PAK3,5.0
9926054,FAK,5.0
9926054,CAMK2A,5.0
11427553,CAMKK2,6.327902142064283
3038525,MRCKA,5.0
24779724,MLK2,5.0
3025986,JNK1,5.0
24889392,PAK1,5.0
3062316,AMPK-alpha2,5.0
447077,ABL1(Q252H)p,9.031517051446064
10113978,FLT3(ITD),5.6020599913279625
25127112,PKAC-alpha,5.0
11626560,EPHA8,6.552841968657781
4908365,FLT3(ITD),8.3767507096021
16038120,GSK3A,5.0
10138260,FLT4,7.301029995663981
153999,DYRK2,5.0
176167,PKNB(Mtuberculosis),5.0
216239,NEK11,5.0
5287969,MAPKAPK5,5.0
3038525,ABL1(T315I),5.0
3038525,FAK,5.0
9933475,GCN2(KinDom2S808G),5.0
5328940,DAPK1,5.0
176167,FGR,5.0
3038522,LYN,5.0
17755052,EIF2AK1,5.0
208908,PRKD2,5.0
9926054,CAMK2G,5.0
9884685,GSK3B,5.0
17755052,PLK4,5.585026652029182
10074640,ERK5,5.0
9933475,HIPK3,5.0
11717001,p38-delta,5.0
10184653,JAK3(JH1domain-catalytic),5.0
16038120,DCAMKL1,8.309803919971486
51004351,MYO3B,5.0
3038525,MLK1,5.0
11717001,NEK3,5.0
17755052,CSNK2A1,5.0
10461815,ABL1(F317L)p,5.537602002101044
10074640,DYRK2,5.0
9933475,CAMKK2,5.0
11485656,CDKL3,5.0
11409972,ABL1(H396P),8.585026652029182
11617559,FRK,5.0
11338033,JNK1,5.0
10138260,p38-delta,5.0
10461815,AXL,6.958607314841775
123631,PKAC-alpha,5.0
9884685,AURKC,5.0
176870,AMPK-alpha2,5.0
5329102,LRRK2(G2019S),7.119186407719209
10138260,FGFR3,6.251811972993799
156422,NIM1,5.0
11667893,KIT(A829P),7.823908740944319
11656518,FLT3(R834Q),5.0
24779724,EGFR(L747E749del),5.0
11409972,MAP4K5,6.455931955649724
123631,AURKA,5.0
44259,CDK11,6.721246399047171
25243800,MYLK,6.481486060122113
16007391,JAK2(JH1domain-catalytic),5.0
5329102,KIT(A829P),7.366531544420414
11617559,AKT3,5.0
123631,HIPK1,5.0
5329102,MST1R,5.0
11314340,BRSK2,5.0
11712649,EPHA8,5.0
153999,HPK1,5.585026652029182
644241,MEK1,5.0
156422,MEK2,5.0
5291,PKAC-alpha,5.0
126565,MTOR,5.0
126565,PAK6,8.00436480540245
10427712,AMPK-alpha1,5.0
11364421,PDGFRB,5.0
11234052,CDK4-cyclinD1,5.0
176870,FLT3,5.920818753952375
5328940,ACVR2B,5.0
156422,PIK3CA(C420R),5.0
11338033,MTOR,5.0
11984591,PRKCQ,5.0
9929127,PIK3CA(E545A),5.0
10074640,PDGFRB,8.075720713938118
9809715,JAK1(JH2domain-pseudokinase),8.318758762624412
10184653,AKT1,5.0
44259,BRAF(V600E),5.0
9926054,CLK1,5.0
10127622,ACVR1,5.0
11427553,ABL1(T315I)p,8.229147988357855
156414,IKK-epsilon,5.0
156414,FGFR3(G697C),5.0
126565,DRAK2,8.301029995663981
42642645,AMPK-alpha2,5.920818753952375
216239,EPHB4,5.744727494896694
9915743,PRKD3,5.619788758288394
208908,BRSK1,5.0
3062316,CSNK2A2,5.0
9915743,CAMKK1,5.0
3081361,IRAK4,7.1249387366083
9915743,EGFR(S752I759del),9.200659450546418
16007391,CIT,5.2441251443275085
9926791,ACVR2A,5.0
51004351,FGFR1,5.795880017344075
216239,NLK,6.1938200260161125
3025986,CAMK2B,5.0
10138260,EIF2AK1,5.0
10138260,PIM3,5.619788758288394
11234052,PDPK1,5.0
3081361,PAK6,5.0
9929127,MARK4,5.0
6450551,CAMKK2,5.823908740944319
11485656,DDR1,7.236572006437063
6450551,ICK,5.0
25127112,BMX,5.0
11617559,CAMK1G,5.0
153999,PIK3CA(C420R),5.0
10427712,NEK7,5.0
153999,PIK3C2B,5.0
10461815,CSNK1E,6.0655015487564325
176155,MAPKAPK2,5.0
176167,MKNK1,5.0
9929127,EPHA6,5.0
9933475,LIMK2,5.0
11409972,MET,5.356547323513813
16007391,MEK6,5.0
10074640,CSK,5.0
447077,PRKCE,5.0
10461815,EGFR(L747S752del),5.0
3081361,MAP4K2,5.795880017344075
11485656,PKNB(Mtuberculosis),5.0
9933475,MAP3K3,5.0
5291,CDK3,5.0
44259,NLK,6.657577319177793
25243800,CLK4,6.096910013008056
5287969,BRAF(V600E),5.0
11626560,KIT(V559D-T670I),6.096910013008056
24180719,CSNK1G3,5.0
25127112,ICK,5.0
10427712,PKAC-beta,5.0
44150621,EGFR(L858RT790M),6.026872146400302
10461815,ALK,5.568636235841013
11712649,MST2,5.0
11409972,GSK3A,5.070581074285707
176870,MAP3K1,5.0
126565,AKT3,5.2076083105017466
11984591,EGFR(G719C),5.0
11667893,CDK3,5.0
3038525,PIM1,5.0
208908,ASK1,5.0
24889392,IKK-epsilon,5.0
644241,CHEK1,5.0
11338033,PRKD2,5.0
5291,PDGFRA,7.508638306165728
3081361,PIK3CA(C420R),5.0
11234052,FLT3(D835Y),5.0
126565,MEK1,8.455931955649724
10074640,ERBB3,5.0
9929127,CAMK2G,5.0
44150621,DYRK1B,5.0
24180719,CDK7,5.0
11427553,PRKD2,5.823908740944319
3025986,PIK3CA(E542K),5.0
11409972,PIK3CD,5.0
9926054,LATS1,5.0
156414,ABL1(F317L),5.823908740944319
9929127,CDC2L2,5.0
3025986,IRAK1,5.0
10113978,MET,5.698970004336019
11409972,MAP3K2,5.638272163982407
44150621,MEK3,5.0
11626560,p38-beta,5.0
11364421,PIK3CB,5.0
6450551,FLT3(D835H),6.481486060122113
10127622,ERK3,5.0
6918454,EGFR(L747S752del),5.0
5494449,JAK2(JH1domain-catalytic),6.721246399047171
10427712,CAMK2B,5.0
5328940,CAMK1D,6.259637310505756
11667893,DLK,5.0
44259,DAPK1,8.853871964321762
10427712,INSRR,5.0
25127112,CDK2,5.0
176155,PIP5K2C,5.0
9926791,BRSK2,5.0
11667893,MEK4,5.0
24889392,CDK9,5.0
126565,HIPK4,6.823908740944319
17755052,GRK4,5.0
9926791,MAPKAPK2,5.0
4908365,ERK3,5.0
156422,JAK2(JH1domain-catalytic),5.0
5494449,MLK1,6.4089353929735005
123631,MAP4K2,5.0
3025986,LCK,5.0
10184653,CSNK1E,5.886056647693163
10427712,PHKG1,5.0
16722836,CSK,5.229147988357856
5328940,CAMK2G,5.443697499232713
5328940,MTOR,5.0
10427712,ACVRL1,5.0
11984591,PRKCI,5.0
9915743,NDR2,5.0
9933475,GRK4,5.0
11667893,LZK,5.0
16722836,KIT(V559D-V654A),5.455931955649724
10138260,ABL1(H396P),6.619788758288394
6918454,NEK7,5.0
3062316,CAMKK1,5.0
5291,CLK1,5.346787486224656
24889392,LCK,5.6020599913279625
176167,EPHA5,5.0
10427712,LRRK2,5.0
11617559,CDKL3,5.0
156414,KIT(V559D-V654A),5.102372908709558
11626560,PCTK3,5.0
5494449,ABL1(Q252H)p,8.0268721464003
10184653,ANKK1,5.0
10127622,ABL1(F317I)p,5.0
11485656,EPHA7,6.958607314841775
126565,PIM3,7.744727494896694
5287969,IRAK1,6.267606240177032
11984591,ABL1(T315I)p,6.721246399047171
9926791,CHEK1,5.0
10427712,NEK1,5.42021640338319
10127622,CAMKK2,5.0
3038525,DDR1,5.958607314841775
208908,ABL1,5.0
11338033,CSNK1A1,5.0
11338033,MARK3,5.0
24779724,DCAMKL1,5.0
11485656,CLK1,5.050609993355088
10127622,MAP4K2,5.0
16038120,PFTAIRE2,5.6777807052660805
176167,PRKD3,5.0
24889392,PIK3C2G,5.0
9915743,DAPK3,5.0
176167,MAP3K3,5.0
17755052,MEK2,5.0
11717001,EPHB1,5.0
447077,PKN2,5.0
25127112,LATS2,5.0
5329102,MST1,7.721246399047171
153999,IRAK4,5.0
176870,PRKD1,5.0
25127112,DMPK2,5.0
10427712,JNK2,5.0
24779724,AURKB,5.0
176155,ABL1(Y253F),5.0
153999,MAP4K4,5.0
5494449,CSNK1G1,5.0
9933475,LKB1,5.0
5291,CDKL2,5.0
3038522,EGFR(L861Q),6.060480747381382
25243800,NEK7,5.0
447077,MARK4,5.0
208908,FGR,5.0
24889392,PRKD2,5.0
11338033,LRRK2,5.0
5494449,ACVR2B,5.0
3038525,AURKC,5.0
216239,DLK,5.0
10127622,MAP4K5,5.0
11409972,EPHA8,7.744727494896694
51004351,EGFR(E746A750del),5.154901959985743
123631,LRRK2(G2019S),5.0
176167,LTK,5.0
3038525,MAP3K3,5.0
447077,DAPK1,5.0
24889392,PAK7,5.0
447077,FLT1,7.638272163982407
9915743,EIF2AK1,5.0
126565,ERBB3,5.259637310505756
44150621,FGR,6.721246399047171
11667893,JAK1(JH1domain-catalytic),5.2839966563652006
16007391,MTOR,5.0
6450551,CDK8,5.0
5329102,LCK,6.638272163982407
126565,PIK3CG,6.455931955649724
16007391,FYN,5.0
4908365,ABL1(E255K),6.431798275933005
11712649,MKNK2,5.0
25243800,EPHA6,6.6777807052660805
16722836,PDPK1,5.0
11984591,GRK1,6.060480747381382
6450551,CLK2,5.0
25243800,MKNK1,5.173925197299174
9884685,PHKG2,5.0
16725726,JNK3,5.0
176167,LRRK2(G2019S),5.0
9933475,GSK3A,5.0
24779724,EPHB6,5.0
10113978,PIP5K2B,5.0
151194,EPHA1,5.0
24779724,PLK4,5.0
4908365,ABL1(Q252H)p,6.638272163982407
208908,CSNK2A2,5.0
11409972,MST1R,6.318758762624413
208908,INSR,5.0
3025986,ERBB4,5.0
16722836,FGFR3,6.443697499232713
9809715,PIK3CG,5.0
44150621,EPHA4,5.0
6450551,PIP5K2B,5.0
11485656,DDR2,5.42021640338319
9926791,CIT,5.0
10138260,ANKK1,6.795880017344075
42642645,ABL1(Q252H)p,6.920818753952375
123631,KIT(V559D-V654A),5.0
25127112,MST2,5.0
644241,PIK3CA(I800L),5.0
10184653,PCTK1,5.0
25243800,ADCK4,5.455931955649724
9915743,PKAC-beta,5.0
16722836,HCK,5.6777807052660805
16007391,KIT(V559D-T670I),8.102372908709558
9933475,MAP3K1,5.0
16722836,BMPR1B,6.3872161432802645
4908365,CSNK2A2,5.2076083105017466
16722836,MAP4K4,5.0
9915743,FES,6.229147988357856
11409972,MYO3A,7.387216143280264
3062316,MEK1,6.0
10138260,CDC2L5,5.0
11427553,PCTK3,5.0
208908,ABL1(H396P),5.0
24180719,PIK3CD,5.0
447077,PIM1,5.0
9926054,MAP3K3,5.0
5329102,PAK7,6.1938200260161125
11234052,ABL1(M351T),6.346787486224656
156414,ADCK4,5.468521082957745
156422,MYLK4,5.0
126565,ABL1,5.494850021680094
10427712,PIK3C2B,8.136677139879545
11617559,EGFR(L747E749del),5.0
216239,EGFR(L747E749del),5.0
151194,PIK3CG,5.0
151194,CSNK1A1L,5.0
51004351,CLK4,6.3872161432802645
11667893,MARK1,5.0
11712649,EPHA3,5.6777807052660805
5329102,LZK,7.022276394711152
3038525,FGFR2,5.0
24889392,PKMYT1,5.0
11656518,CLK1,5.0
6918454,MEK2,6.431798275933005
9933475,CAMK2G,5.0
153999,FYN,5.0
10138260,AXL,7.075720713938118
6450551,ACVR2B,5.2839966563652006
10113978,NEK5,5.136677139879544
5329102,HIPK2,7.508638306165728
6450551,EPHA3,5.0
123631,CSNK1A1L,5.0
11314340,NEK1,5.0
156422,PRKCI,5.0
11717001,DDR1,5.0
42642645,MEK5,8.602059991327963
44259,MKK7,7.522878745280337
10184653,PIK3C2B,5.0
123631,ERN1,5.0
6918454,CAMK2B,5.0
176870,CHEK1,5.0
11427553,ICK,5.657577319177793
25243800,FGFR4,5.958607314841775
11338033,MEK6,5.0
42642645,DYRK2,5.698970004336019
24889392,PLK1,5.0
6918454,AXL,5.0
44150621,CDK7,5.585026652029182
11984591,PAK3,6.161150909262744
9929127,IGF1R,5.0
9926791,DRAK1,5.0
208908,PIK3CA(H1047Y),5.0
9809715,MEK4,5.431798275933005
16725726,AMPK-alpha2,5.0
11712649,p38-beta,5.0
447077,INSR,5.0
51004351,MLK2,6.102372908709559
10138260,PDPK1,5.585026652029182
44150621,BLK,6.721246399047171
24180719,MEK5,9.795880017344077
151194,AKT2,5.0
6450551,JAK3(JH1domain-catalytic),5.508638306165728
11485656,MLCK,5.0
176870,PHKG1,5.0
11364421,ABL1(F317L)p,5.619788758288394
11234052,PRKCI,5.0
9929127,PKNB(Mtuberculosis),5.0
5494449,KIT,6.619788758288394
126565,AURKC,8.387216143280265
3062316,CSNK1G1,5.0
216239,EGFR(L747T751del),5.0
447077,PIK3CA(H1047L),5.0
11626560,EPHA4,6.443697499232713
153999,CLK1,6.040958607678906
3081361,IRAK3,5.0
16725726,BRAF,5.0
5328940,HIPK1,6.2839966563652006
10461815,NEK5,5.0
11984591,MAP3K3,6.823908740944319
24779724,FGFR1,5.0
44150621,MST2,6.318758762624413
25127112,MYLK4,5.0
11409972,CDKL1,7.886056647693163
11427553,PRKCI,5.0
11712649,MEK4,5.0
11617559,PRKG1,5.0
11364421,FLT3(D835Y),5.522878745280337
24779724,ACVRL1,5.0
126565,FGFR4,5.744727494896694
16007391,MYO3B,5.0
9884685,NEK4,5.0
25243800,DAPK1,7.013228265733755
176870,CSNK1E,6.301029995663981
10138260,PHKG2,7.0
176870,MEK4,5.0
3062316,MEK3,5.0
9884685,MAP3K3,5.0
11626560,HIPK4,5.443697499232713
216239,LRRK2(G2019S),5.0
644241,PIK3CA(E545A),5.0
11409972,PAK3,5.3979400086720375
11364421,MAPKAPK5,5.0
11409972,PIK3CA(Q546K),5.0
156414,ABL1(M351T),7.42021640338319
5328940,DAPK2,5.0
9929127,FAK,5.0
9929127,PRKCQ,5.0
11338033,MAP4K3,5.0
10461815,CDKL3,5.0
9884685,GRK4,5.0
9933475,PLK2,5.0
11984591,CSNK1A1,5.0
51004351,PAK7,5.0
10138260,CSNK2A2,6.522878745280337
24180719,EGFR(L861Q),5.0
5494449,EGFR(L858R),5.0
10461815,PIK3CA(Q546K),5.0
126565,CAMK2G,7.585026652029182
3025986,AMPK-alpha2,5.0
10113978,FLT4,7.568636235841013
51004351,FGFR3(G697C),5.0
10138260,DMPK2,5.0
3025986,EIF2AK1,5.0
3038525,EGFR(L858R),5.0
5328940,CDK8,5.0
11667893,CAMKK1,5.0
10427712,ERN1,5.0
5328940,MEK6,5.886056647693163
17755052,CAMKK2,5.0
6450551,INSRR,5.0
11364421,CAMK2A,5.886056647693163
447077,MUSK,5.0
11338033,MAPKAPK2,5.0
9809715,BMX,5.0
5291,CAMK2A,5.0
3062316,CSF1R,9.236572006437065
176870,KIT(A829P),5.0
16725726,ERN1,5.0
4908365,ABL1(H396P)p,6.356547323513813
153999,MERTK,5.0
16725726,PIK3CA(Q546K),5.0
4908365,CAMKK1,5.552841968657781
11234052,ACVR1,5.0
156422,ABL1(F317I),5.309803919971486
24779724,EGFR(G719C),5.0
6918454,PDPK1,5.0
5328940,PRKCD,5.795880017344075
11667893,AXL,5.0
11409972,ERBB2,5.0
126565,FLT3(K663Q),8.267606240177031
126565,MEK4,8.42021640338319
9933475,FGFR3,7.638272163982407
447077,CAMK2D,5.0
9933475,ASK2,5.0
11409972,PKAC-alpha,5.431798275933005
11234052,CDC2L1,5.0
3081361,PAK4,5.0
11712649,KIT(A829P),5.0
17755052,PRKG2,5.0
10127622,FLT1,5.0
11717001,PIK3CA(H1047Y),5.0
44259,MARK3,8.522878745280337
11338033,PAK1,5.0
3081361,MST1,5.0
11656518,PLK2,5.0
11984591,LZK,5.0
4908365,LTK,5.0
11717001,ADCK3,5.0
156422,INSRR,5.0
25243800,AAK1,5.795880017344075
447077,AKT2,5.0
44259,IRAK1,7.397940008672037
5494449,LRRK2,5.0
3038522,MAP3K4,5.0
5291,MLK1,5.0
11427553,MET(M1250T),6.6777807052660805
644241,PIK3CD,5.0
10427712,PRKCE,5.0
11712649,LTK,5.0
11717001,PRKCE,5.0
10427712,CDK3,5.0
3038522,NLK,5.0
644241,MET(M1250T),5.0
44259,ADCK4,5.0
42642645,DCAMKL1,5.0
5328940,EGFR(L747S752del),7.42021640338319
16007391,EGFR(L861Q),6.292429823902063
11667893,PKAC-beta,5.0
5328940,MAP3K4,6.958607314841775
156414,FAK,5.0
447077,MLK1,6.3872161432802645
3038522,EGFR(L747E749del),6.585026652029182
5328940,KIT,6.376750709602099
11409972,CASK,5.0
11364421,ACVR1,5.0
11626560,JNK1,5.0
16038120,GCN2(KinDom2S808G),5.958607314841775
5287969,CHEK1,5.0
25243800,EPHB3,5.0
24180719,EPHA5,5.0
11338033,FLT1,5.0
11338033,p38-delta,5.0
11234052,ABL1(Q252H),5.823908740944319
10184653,PCTK3,5.0
4908365,MELK,5.958607314841775
25127112,CDKL1,5.0
216239,PIK3CA(E545K),5.0
11626560,MLCK,5.0
6450551,NLK,5.0
208908,ALK,5.0
6918454,IKK-epsilon,5.0
16722836,DDR1,5.721246399047171
11656518,MUSK,5.0
208908,MAP4K4,5.0
10184653,FLT3,5.0
156414,MAP4K2,6.481486060122113
4908365,MAK,5.0
5329102,PAK2,5.0
11717001,FGFR2,5.0
3081361,DLK,5.0
126565,EGFR(S752I759del),5.853871964321762
16038120,MEK2,6.200659450546419
16722836,ITK,6.309803919971486
25243800,MARK4,5.0
11314340,MEK6,5.0
216239,MYO3B,5.1487416512809245
6918454,ADCK3,5.0
11314340,FGFR2,5.0
11409972,ERK2,5.0
216239,CDK3,5.42021640338319
6918454,PAK3,5.0
10461815,FAK,5.721246399047171
17755052,AKT1,5.0
11717001,PIK3C2B,5.0
216239,KIT,7.552841968657781
16722836,LTK,5.200659450546419
216239,PFPK5(Pfalciparum),5.0
176167,IGF1R,5.0
3038522,p38-delta,5.0
24180719,PRKD2,5.0
11338033,MAP3K4,5.0
176870,PKAC-alpha,5.0
153999,ERK1,5.0
9926054,JAK3(JH1domain-catalytic),5.0
208908,DMPK2,5.0
9809715,MRCKA,5.0
16038120,CSNK1G3,5.0
9926054,FGFR3,5.0
16725726,NEK6,5.0
10127622,PRKCD,5.0
3038525,PRKCD,5.0
3038525,BMPR1A,5.0
11617559,ABL1(F317I),5.0
5494449,DCAMKL2,5.0
44150621,MAP4K4,6.795880017344075
11656518,EPHB6,7.366531544420414
11667893,CDK4-cyclinD1,5.0
25243800,NEK9,5.0
11984591,PKAC-beta,6.292429823902063
11984591,MAPKAPK2,5.0
11409972,PIK3CA(H1047Y),5.0
3081361,EGFR(E746A750del),8.318758762624412
11234052,MRCKA,5.0
216239,ERBB4,5.0
11717001,ABL1(H396P),5.494850021680094
10113978,FLT3(R834Q),5.017728766960432
10074640,AURKA,5.0
3025986,ABL1(F317L),5.0
3038522,PAK1,5.0
44259,PIK3CA(I800L),5.0
16725726,CAMK1D,5.6020599913279625
176870,BRSK2,5.0
9933475,ADCK4,5.0
156422,DAPK2,5.0
11626560,ALK,8.481486060122112
10138260,PRKCE,5.0
11656518,DCAMKL3,5.0
9926791,ASK2,5.0
44150621,MET(M1250T),5.0
51004351,MAP3K2,6.853871964321762
447077,DLK,5.0
16722836,CDK8,5.0
11485656,NEK11,5.0
5328940,PRKG1,5.0
51004351,PRKG2,7.130768280269024
11485656,BLK,5.0
24889392,MLK3,5.0
6450551,GSK3A,5.0
5291,ABL1,8.958607314841775
9926054,ABL1,5.0
11364421,PRKCE,5.0
3081361,ABL1(F317I)p,6.769551078621726
25127112,JAK3(JH1domain-catalytic),8.698970004336019
5291,CASK,5.0
10427712,ITK,5.0
16038120,EGFR(S752I759del),6.3979400086720375
216239,PDGFRB,7.431798275933005
24889392,p38-beta,5.0
153999,CASK,5.0
10461815,GSK3B,5.0
24180719,CSF1R,5.568636235841013
11717001,MARK2,5.0
153999,DDR1,5.0
16007391,LIMK1,5.0
44259,ASK1,6.958607314841775
9926791,DMPK,5.920818753952375
9915743,PIK3CD,5.0
16725726,p38-beta,5.0
9884685,IGF1R,5.0
4908365,CDK9,5.0
44150621,ADCK3,5.0
9929127,KIT(V559D),5.0
16722836,MRCKA,5.0
153999,PFCDPK1(Pfalciparum),5.0
5287969,PIP5K1C,5.585026652029182
51004351,FYN,5.6777807052660805
9915743,CSNK1A1,5.0
153999,LATS2,6.1938200260161125
11409972,CHEK2,6.443697499232713
16722836,NEK4,5.795880017344075
151194,FLT3(D835Y),5.0
4908365,ABL1(F317I),5.0655015487564325
3025986,FLT3(D835H),5.130768280269024
6450551,p38-beta,5.0
5287969,CDKL5,8.148741651280925
3038525,MAPKAPK2,5.0
11717001,GRK4,5.0
42642645,CDK9,5.795880017344075
4908365,CSNK2A1,5.0
10127622,PIK3CG,5.0
447077,CDK9,5.0
126565,PIK3CA(Q546K),5.267606240177032
9929127,ADCK4,5.0
44259,CDC2L5,7.154901959985743
176167,BIKE,5.537602002101044
24889392,EPHA8,5.0
9929127,NEK11,5.0
3062316,DAPK2,5.0
25243800,KIT(V559D),6.585026652029182
24779724,MAPKAPK2,5.0
6450551,CDKL1,5.0
5329102,KIT(D816V),6.42021640338319
11712649,EGFR(L858R),5.494850021680094
3025986,ACVR2B,5.0
11364421,EIF2AK1,5.0
6450551,CSF1R,7.67778070526608
9926791,FAK,5.0
5494449,PLK3,5.0
10074640,CDK2,5.0
11427553,NEK5,5.638272163982407
11617559,ACVRL1,5.0
6918454,BMPR1B,5.0
11617559,MAP3K15,5.0
25243800,FLT3(D835H),6.200659450546419
176155,CHEK2,5.0
9915743,PCTK2,5.0
156422,EPHB3,5.0
25243800,CDK3,5.0
11409972,EGFR(L861Q),6.013228265733755
3038522,PFPK5(Pfalciparum),5.0
11667893,MAPKAPK2,5.0
11409972,MKNK2,8.522878745280337
11667893,PLK4,5.0
51004351,PIP5K1C,5.0
11667893,ADCK4,5.0
153999,MAP3K1,5.0
6918454,ERBB3,5.0
4908365,FLT3(D835Y),8.823908740944319
25243800,CLK1,6.040958607678906
151194,ABL1(H396P),5.0
216239,PHKG2,5.0
11338033,CDKL2,6.0
24180719,MAP3K3,5.0
216239,FGFR1,5.552841968657781
11234052,CDKL5,5.0
156422,CDK5,5.698970004336019
3025986,MST4,5.0
9915743,PIK3CA(E545A),5.0
5291,PIK3C2G,5.0
9809715,PIK3CD,5.0
644241,MYO3A,5.0
3038525,BRSK2,5.0
3025986,MAPKAPK5,5.0
5291,ABL2,8.0
11485656,ABL1(Y253F),5.0
11717001,MST2,5.0
11364421,HIPK1,5.3872161432802645
3038525,ADCK4,5.0
16007391,ABL1(F317L),5.853871964321762
3081361,CDC2L1,5.0
44259,PLK2,6.698970004336019
447077,ABL1(Y253F),9.05551732784983
9926791,PFTK1,5.0
644241,MAP4K4,5.0
5329102,PIP5K2C,5.0
216239,CDC2L1,5.0
10138260,KIT(D816H),6.508638306165728
5329102,PAK1,5.0
4908365,ACVR1,6.4089353929735005
9933475,PAK1,5.0
9884685,MUSK,5.0
9926791,PIK3CA(E545A),5.0
11617559,MUSK,5.0
10461815,ARK5,6.2076083105017466
44150621,BMPR1B,5.0
10113978,MST1R,5.0
11485656,MARK1,5.0
10138260,JNK3,5.443697499232713
9809715,IKK-beta,5.0
153999,LIMK1,5.0
153999,GCN2(KinDom2S808G),5.0
176155,FLT3,5.0
9933475,DYRK1B,5.0
10074640,CAMK2A,5.0
25127112,MYLK,6.443697499232713
9933475,JAK3(JH1domain-catalytic),5.0
16722836,PIM1,5.0
11667893,NLK,5.0
5494449,MYLK2,7.366531544420414
11626560,DRAK1,5.0
11338033,PDGFRB,5.0
10127622,AKT3,5.0
5291,ABL1p,7.67778070526608
176870,PKN1,5.0
9809715,PLK4,7.275724130399211
25127112,CHEK1,5.0
176870,PAK4,5.0
24889392,ERK1,5.0
11984591,PIK3C2B,5.0
156422,NEK4,5.0
5328940,PLK2,6.017728766960432
10184653,CSNK2A1,5.0
17755052,CSNK1D,5.920818753952375
9926054,CDC2L5,6.096910013008056
17755052,p38-delta,5.0
4908365,ABL1(H396P),6.552841968657781
9809715,PRKD3,6.1938200260161125
9884685,IKK-alpha,5.769551078621726
11626560,PKN1,5.0
5494449,ABL1(F317L)p,6.3979400086720375
16725726,CDKL5,5.0
11984591,PIP5K2B,5.920818753952375
9884685,MRCKB,5.0
42642645,FYN,7.055517327849832
11314340,CDKL3,5.958607314841775
10184653,EGFR(G719S),9.721246399047171
16007391,GSK3B,5.0
25127112,LOK,5.0
176167,NEK9,5.0
16038120,EPHA1,7.4089353929735005
9915743,PIK3CA(Q546K),5.0
10113978,EGFR(S752I759del),5.0
6450551,PLK4,7.795880017344075
10461815,DAPK1,5.0
176167,LCK,5.0
644241,IKK-epsilon,5.0
24180719,PIP5K1C,5.0
44150621,NEK1,5.0
3038525,EPHB1,5.2076083105017466
10113978,LKB1,5.0
25127112,MEK1,5.721246399047171
123631,NLK,5.376750709602099
176167,PHKG1,5.376750709602099
24180719,PIK3CA(I800L),5.0
11364421,KIT(V559D-V654A),5.0
3038522,CDK5,5.0
3081361,PDPK1,5.0
24889392,IRAK3,5.0
5329102,AAK1,7.958607314841775
51004351,JNK2,5.301029995663981
9929127,MET(Y1235D),5.0
24180719,MYO3A,5.0
176167,CDKL1,5.0
51004351,JAK2(JH1domain-catalytic),7.026872146400302
11626560,MET,8.67778070526608
5494449,CAMK2B,5.0
16725726,CSNK1G2,5.0
156422,BMPR1B,5.0
25127112,HPK1,5.0
11485656,MST2,5.823908740944319
11617559,EPHB6,5.0
24889392,ACVR1,5.0
11656518,EPHA3,5.0
16007391,CAMK1G,5.0
156422,AAK1,5.0
3025986,PKAC-alpha,5.0
11427553,CDK7,6.721246399047171
11617559,CAMK2D,5.0
11717001,EPHA8,5.0
123631,MINK,5.744727494896694
11656518,ERBB3,5.0
3038525,KIT(V559D-T670I),5.0
11712649,CAMK1G,5.0
11409972,PIK3CA(I800L),5.0
16725726,GCN2(KinDom2S808G),5.0
123631,PRP4,5.0
11656518,EPHA8,5.958607314841775
11427553,EPHA5,5.0
3038525,MAP4K3,5.0
11717001,BRAF,9.721246399047171
10113978,PHKG1,5.0
11427553,FLT1,7.136677139879544
208908,NDR1,5.0
3081361,MEK3,5.0
6918454,CHEK2,5.0
10113978,PKN2,5.0
3038525,DYRK1A,5.0
24779724,MET(M1250T),9.086186147616283
3025986,LRRK2,5.0
17755052,KIT(L576P),5.0
644241,MAPKAPK5,5.0
208908,AXL,5.0
16722836,EPHA1,6.136677139879544
176167,PLK3,5.0
10184653,IKK-alpha,5.0
11667893,HIPK4,5.0
151194,CIT,5.055517327849832
16038120,FGFR3(G697C),6.920818753952375
16722836,ERK5,7.180456064458132
176870,PIK3CA(C420R),5.0
10113978,FGFR4,5.552841968657781
44259,ABL1(F317L),6.769551078621726
3062316,MET(Y1235D),5.0
25243800,MARK2,5.2076083105017466
10113978,EGFR(L858R),5.0
9926054,EGFR(L747T751del),5.0
11409972,CSNK1G2,6.022276394711152
11338033,MET,5.0
151194,PRKCD,5.0
11656518,FLT3(K663Q),6.136677139879544
16007391,KIT(V559D-V654A),6.318758762624413
10427712,PIM2,5.0
3081361,FGFR4,5.638272163982407
25127112,ADCK4,5.0
5328940,CLK3,6.522878745280337
4908365,IRAK3,5.0
176870,AAK1,5.920818753952375
176870,KIT,5.769551078621726
16725726,EPHA7,5.0
5291,PCTK1,5.0
153999,EGFR(L861Q),5.0
6918454,CASK,5.0
5494449,CAMKK1,5.337242168318426
51004351,EPHB1,5.0
9926791,JAK1(JH2domain-pseudokinase),5.0
9926054,AXL,5.0
25127112,NEK9,5.0
5287969,INSR,5.0
9884685,p38-alpha,5.0
9929127,PCTK1,5.0
5291,NDR1,5.0
44259,ERK3,5.508638306165728
9926054,ABL1(E255K),5.0
176870,PRKCH,5.0
153999,EGFR(L858R),5.0
16007391,DLK,5.0
44259,PKN2,8.602059991327963
11314340,NDR1,5.0
10461815,FGFR1,5.0
6918454,PRKG1,5.0
9884685,CIT,5.0
11626560,BIKE,6.130768280269024
3038525,CDC2L2,5.0
9929127,ABL1(F317I),5.0
126565,KIT(V559D-T670I),7.346787486224656
11712649,CLK3,5.638272163982407
11234052,MEK4,5.0
208908,ERBB3,5.259637310505756
24180719,CDKL3,5.0
5494449,MEK5,6.585026652029182
25127112,KIT(V559D-V654A),5.0
644241,ABL2,7.585026652029182
11617559,PIM2,5.0
156422,MEK6,5.0
16038120,ABL1(E255K),6.721246399047171
208908,CSNK1A1L,5.0
11617559,AAK1,5.0
5291,FAK,5.0
11717001,PIK3CA(E545K),5.0
42642645,CSNK1G3,5.0
9926054,PLK1,5.0
11984591,IKK-alpha,6.920818753952375
16007391,PFCDPK1(Pfalciparum),5.0
156414,CDC2L5,5.0
11338033,PHKG1,5.0
24779724,FGFR3,5.0
9884685,DYRK2,5.3872161432802645
10184653,PIK3CA,5.0
10461815,MET,9.568636235841012
11717001,EGFR(L747S752del),5.0
24779724,PHKG2,5.0
11364421,PAK4,5.0
17755052,BTK,5.0
156422,DYRK2,5.0
10138260,MAP4K5,6.522878745280337
11364421,ERK8,5.0
24889392,PDPK1,5.0
9915743,JAK2(JH1domain-catalytic),5.0
17755052,CDK4-cyclinD3,5.0
24180719,AURKB,5.638272163982407
9809715,FRK,5.568636235841013
44259,PKN1,8.886056647693163
447077,FLT3(D835H),5.795880017344075
156422,MAK,5.0
10074640,CDKL3,5.0
208908,CDKL3,5.0
208908,PFTK1,5.0
11667893,DDR1,6.585026652029182
16038120,NEK2,5.744727494896694
9926791,CDC2L1,5.0
6450551,CDK11,5.0
11617559,ERK1,5.0
44150621,MAST1,7.397940008672037
16007391,PFTK1,5.0
176870,AURKA,5.657577319177793
10127622,EPHA4,5.0
10113978,BIKE,5.055517327849832
3038522,IKK-beta,5.0
11234052,CSF1R,5.721246399047171
11314340,PRKCE,7.958607314841775
11427553,CSNK1G2,6.236572006437063
10461815,MET(Y1235D),9.080921907623926
16038120,BRAF(V600E),5.0
10138260,LKB1,6.443697499232713
151194,MKNK1,5.0
176870,MET(Y1235D),5.958607314841775
24180719,MET(Y1235D),5.0
9926054,PAK4,5.0
3025986,MEK6,5.0
42642645,PIK3CA(E545K),5.0
11427553,PFTAIRE2,5.585026652029182
5329102,ERK2,5.0
10138260,MET(M1250T),5.494850021680094
16007391,DDR2,5.180456064458132
11338033,FGFR1,5.0
6450551,PIK3C2B,5.0
44259,LKB1,7.214670164989233
10113978,MKNK1,5.0
3062316,CDKL3,5.0
16038120,FGR,6.920818753952375
11338033,AXL,5.0
16038120,AURKC,7.481486060122113
176870,p38-gamma,5.0
11626560,PIK3CA(E542K),5.0
24180719,EGFR,5.0
16038120,FES,8.318758762624412
153999,PIM1,6.568636235841013
25127112,EGFR(E746A750del),5.0
11427553,MAPKAPK5,5.920818753952375
6450551,FGFR2,6.958607314841775
126565,CDK7,7.060480747381382
123631,MAPKAPK5,5.0
11617559,NEK3,5.0
42642645,MYO3B,6.161150909262744
11656518,FYN,5.6777807052660805
24889392,FLT3,8.886056647693163
126565,PFPK5(Pfalciparum),5.251811972993799
10461815,KIT(L576P),5.886056647693163
5287969,MEK4,5.638272163982407
3025986,MKNK2,5.366531544420414
644241,CLK3,5.0
11364421,HIPK3,5.443697499232713
4908365,PKN1,5.619788758288394
25127112,DCAMKL1,7.167491087293763
9809715,PLK2,5.0
11712649,MYO3A,5.0
10113978,PIK3CB,5.0
644241,HIPK4,5.0
11626560,NEK6,5.0
6450551,EGFR(L747S752del),5.0
11314340,PAK4,6.008773924307505
10427712,PRKCH,5.0
11234052,p38-delta,5.0
5291,IKK-epsilon,5.0
10127622,FER,5.0
5328940,DAPK3,5.0
5329102,HIPK1,7.259637310505756
44150621,PIP5K1A,5.721246399047171
9933475,AKT1,5.0
151194,NLK,5.0
16038120,PFCDPK1(Pfalciparum),6.1487416512809245
176155,MAP3K2,5.0
11314340,EGFR(L858R),5.0
16038120,ABL1(Q252H)p,7.154901959985743
11314340,DRAK2,5.2839966563652006
11234052,MAP4K2,5.0
5329102,CAMK1D,6.292429823902063
5291,CAMK2D,5.0
16722836,HPK1,5.886056647693163
11656518,PKN2,5.0
11626560,FGFR3,5.568636235841013
644241,MYLK4,5.0
10427712,MLCK,5.0
10427712,DYRK1B,6.136677139879544
10113978,PCTK1,5.920818753952375
176167,ASK2,5.0
126565,MAP4K2,8.327902142064282
16038120,p38-alpha,5.0
153999,EPHB4,5.0
11234052,PIK3CD,5.0
176155,MAP3K4,5.0
4908365,CDC2L2,5.0
11617559,CTK,5.0
24779724,IGF1R,5.0
25127112,EPHB4,5.0
3038522,FLT1,5.508638306165728
9809715,ABL1,6.638272163982407
11314340,DDR1,5.0
42642645,IKK-alpha,5.229147988357856
176155,CSNK1G3,5.0
5328940,PIK3CA(Q546K),5.0
176870,ACVR2A,5.0
156422,BRSK2,5.0
10074640,EGFR(L747T751del),5.886056647693163
176167,PHKG2,5.0
44259,PCTK2,7.017728766960432
3062316,p38-delta,5.0
123631,KIT,5.0
10138260,IKK-beta,5.275724130399211
11656518,ITK,5.0
11984591,PIK3CA(M1043I),5.0
176167,PIK3CA(E545K),5.0
11626560,FRK,5.537602002101044
24779724,FLT4,5.0
16725726,DYRK1A,5.0
156414,ERK8,5.0
156414,MKNK1,6.585026652029182
11717001,CSNK1E,6.886056647693163
9809715,CSK,5.0
11409972,KIT(V559D-V654A),7.0
11656518,PKN1,5.0
10427712,ARK5,5.0
11656518,DMPK2,5.0
11617559,BRAF(V600E),5.0
9926791,PAK1,5.0
10138260,JAK3(JH1domain-catalytic),6.236572006437063
11234052,ACVR2B,5.0
24889392,CSF1R,8.0
9926054,EGFR(G719S),5.0
11364421,EPHB4,5.0
51004351,OSR1,5.0
24889392,ABL1(Y253F),5.0
16725726,PFCDPK1(Pfalciparum),5.0
10427712,PDGFRB,5.0
9915743,CAMK1,5.0
11427553,MAP4K4,7.481486060122113
123631,EPHB4,5.6020599913279625
151194,NDR1,5.0
208908,PKN2,5.0
6918454,CSNK2A2,5.0
5329102,IRAK4,7.180456064458132
216239,PKMYT1,5.0
153999,FGFR2,5.0
176155,DAPK1,5.0
10427712,AURKA,5.0
176870,ABL1(H396P),7.050609993355088
11656518,PIK3CA(E542K),5.0
17755052,LYN,5.0
176870,PAK3,5.0
16725726,EGFR(L858R),5.0
10074640,AKT3,5.0
10127622,EPHA5,5.0
11338033,AKT2,5.0
5328940,MET(Y1235D),5.508638306165728
11338033,LZK,5.0
16038120,ABL1(H396P),7.136677139879544
3038525,CDK3,5.0
44150621,PRKR,5.552841968657781
3062316,ERK5,5.0
5329102,BMPR1A,5.0
447077,MAP4K2,5.920818753952375
10138260,CLK2,6.823908740944319
16725726,CHEK2,5.275724130399211
16007391,PLK4,5.327902142064283
44150621,MAPKAPK2,5.0
9933475,MUSK,5.0
176167,PRKCQ,7.443697499232713
11338033,PRKR,5.0
176155,MET(Y1235D),5.102372908709558
3038525,BRK,5.0
24779724,ABL1(T315I),5.0
10184653,CDC2L2,5.0
11617559,ERBB4,5.0
44259,IRAK4,8.769551078621726
208908,EPHB3,5.0
11427553,CAMKK1,6.6777807052660805
42642645,CSNK1D,5.0
5328940,EGFR(L861Q),7.1487416512809245
11314340,PRKCH,8.022276394711152
44259,MELK,7.481486060122113
5328940,PLK3,5.0
11656518,GCN2(KinDom2S808G),7.259637310505756
9809715,MAPKAPK5,5.0
6918454,CLK3,5.0
11427553,PFCDPK1(Pfalciparum),5.619788758288394
5328940,FLT1,5.0
10184653,ACVRL1,5.0
11364421,NDR1,5.0
10461815,ABL1(E255K),6.113509274827519
126565,AMPK-alpha2,7.251811972993799
5494449,PIK3CA(H1047L),5.0
25127112,PLK2,5.823908740944319
10127622,MST1R,5.0
44259,CDK2,8.154901959985743
9809715,PIM1,5.0
10461815,INSR,5.638272163982407
11364421,MST3,5.0
208908,LZK,5.0
11617559,PIM3,5.0
6918454,CAMK2G,5.0
3025986,ABL1(T315I)p,5.0
11712649,CLK2,5.494850021680094
51004351,GRK7,7.318758762624413
9926791,FLT3(D835H),5.0
11984591,DLK,5.0
4908365,CDK7,5.0
176155,AMPK-alpha2,5.0
11234052,FER,5.0
176155,PRKX,5.0
11234052,CAMKK2,5.0
11338033,MAP4K2,5.0
24779724,AURKA,5.0
176167,ABL2,5.0
11364421,ABL1(Y253F),5.0
9933475,PKAC-alpha,5.0
11667893,GCN2(KinDom2S808G),5.356547323513813
11427553,MAP3K1,5.0
51004351,MYLK,5.698970004336019
17755052,PRKX,5.0
5287969,NDR1,5.0
11617559,CSNK1G1,5.0
5328940,MST1,6.721246399047171
11712649,ARK5,5.0
11656518,IKK-epsilon,5.0
11338033,KIT(D816H),5.0
10074640,DDR2,7.585026652029182
11656518,PIM2,5.0
24180719,NEK11,6.721246399047171
11234052,EGFR(T790M),5.0
4908365,MUSK,5.251811972993799
3062316,ACVR2B,6.2441251443275085
9915743,PIP5K2B,5.0
11617559,ABL1p,5.0
16007391,FGFR1,5.0
9809715,PHKG1,6.853871964321762
447077,IRAK1,5.0
9929127,IKK-alpha,6.0
153999,FLT3(N841I),6.008773924307505
11667893,ERK1,5.0
16725726,LRRK2,5.0
9933475,PIK3CA(M1043I),5.0
11984591,CDC2L5,5.0
16038120,CDK3,5.0
156422,CASK,5.0
9809715,PIP5K2B,7.769551078621726
10127622,BIKE,5.0
5328940,EGFR(L858RT790M),6.4089353929735005
10138260,FLT3(N841I),8.267606240177031
10074640,NEK2,5.0
5287969,IKK-beta,5.0
11667893,CDKL5,5.0
5494449,PAK3,5.481486060122113
9926791,ASK1,5.0
156414,DAPK2,5.0
153999,MKNK2,5.0
24889392,PIK3CA(E545K),5.0
5291,EPHB6,5.0
17755052,MAP4K2,5.0
11234052,PIK3CA(C420R),5.0
11234052,PRKCQ,5.0
16725726,MYLK2,5.0
16725726,NEK3,5.0
11712649,CLK4,5.0
10184653,CSK,5.0
24779724,PIP5K1C,5.0
9926791,PRKCQ,5.0
11667893,PRKCD,5.0
3038522,CLK1,6.200659450546419
11485656,HIPK3,5.638272163982407
10113978,ERBB3,5.0
3062316,NEK7,5.0
11984591,MRCKB,5.0
10074640,PRKCH,5.0
10427712,PKAC-alpha,5.0
156422,FGFR3(G697C),5.0
156414,PIM3,5.0
3038522,p38-gamma,5.0
126565,CSNK1A1L,5.1487416512809245
3025986,EGFR,5.0
3038525,GSK3A,5.0
11712649,LIMK2,5.0
3038522,MEK3,5.0
9926791,MST1R,5.0
176155,PAK6,5.0
11717001,PIK3CA(C420R),5.0
4908365,KIT(V559D-T670I),7.4089353929735005
24180719,DDR2,5.3872161432802645
126565,MAST1,7.721246399047171
9809715,ASK1,5.0
11984591,MLCK,5.0
4908365,CAMK2B,5.0
10461815,FGFR4,5.0
10461815,CAMKK2,7.136677139879544
126565,AKT1,5.356547323513813
208908,CSNK1D,5.0
51004351,PIK3CD,5.0
5329102,NEK11,5.0
5494449,EGFR(S752I759del),5.0
11667893,PIP5K1A,5.0
3038525,ERK3,5.0
24180719,MKNK1,5.0
153999,ERBB4,5.0
11656518,NEK3,5.0
3038525,MAK,5.0
11656518,ABL1(F317L)p,5.0
11364421,GSK3B,5.0
9915743,LKB1,5.0
44150621,ASK1,5.0
24779724,MLCK,5.0
11717001,ERK1,5.0
11427553,PIM2,5.0
5287969,AURKC,5.0
11314340,PKN1,6.6777807052660805
5328940,LIMK2,5.0
5291,CAMK1G,5.0
17755052,PIM3,5.0
176167,DYRK2,5.0
644241,CLK4,5.1487416512809245
24889392,AMPK-alpha2,5.0
9933475,PLK1,5.0
10461815,ASK1,5.0
5494449,PAK1,5.356547323513813
51004351,CAMK2G,6.853871964321762
11617559,PIP5K2C,5.0
5328940,CTK,5.236572006437063
11712649,DLK,5.0
208908,DAPK3,5.0
153999,PKAC-beta,5.494850021680094
9929127,CAMKK1,5.0
208908,CSNK1G3,5.0
11717001,ABL1(M351T),5.0
10184653,IGF1R,5.0
11364421,ASK2,5.0
6918454,HIPK3,5.0
10427712,NDR2,5.0
153999,IKK-epsilon,5.0
3062316,PIK3C2B,5.0
156422,PFPK5(Pfalciparum),5.0
10127622,DCAMKL3,5.0
16722836,MLK1,5.494850021680094
156414,PRKCQ,5.0
156422,DLK,5.0
44150621,CLK4,5.187086643357144
51004351,LCK,6.552841968657781
5287969,PHKG1,5.657577319177793
10461815,EGFR(L861Q),5.0
3062316,CLK2,5.0
24889392,PFTAIRE2,5.0
11427553,PIK3CA(H1047L),5.0
11409972,MAP4K3,6.721246399047171
3038525,MYLK4,5.0
11656518,LRRK2,5.0
44259,DAPK3,9.0
11984591,DCAMKL1,5.0
9926054,CAMK1,5.0
153999,PLK3,5.0
6450551,ERK4,5.0
44150621,EPHA5,5.0
10461815,LRRK2,5.0
25243800,PRKG2,6.2839966563652006
176167,ERBB4,5.0
11234052,PDGFRA,7.958607314841775
9933475,PKNB(Mtuberculosis),5.0
9929127,EPHA1,5.0
208908,MLK3,5.0
11984591,ICK,5.0
176870,EPHA1,5.0
3025986,NEK9,5.0
11314340,KIT(D816V),6.0
16722836,PRKCQ,5.0
25127112,ACVRL1,5.0
3081361,NEK11,5.0
25243800,MARK3,5.0
5329102,FGFR3(G697C),5.853871964321762
16722836,MKNK1,5.136677139879544
11485656,MLK2,5.0
11338033,AURKA,5.0
9933475,ABL1(Q252H)p,7.10790539730952
24180719,DRAK1,5.0
11234052,PKAC-alpha,5.0
25127112,MKNK1,5.0
25243800,GRK7,5.853871964321762
44150621,MAP4K2,5.721246399047171
126565,EPHB3,5.0
447077,BTK,6.657577319177793
11717001,CLK1,5.0
9926791,ICK,5.0
11656518,CDC2L5,5.0
24889392,OSR1,5.0
10461815,LATS2,5.0
447077,JNK2,5.0
9809715,IRAK1,6.920818753952375
11712649,CSNK1G3,5.0
9929127,MST4,5.0
5328940,ERK2,5.0
10127622,EPHB3,5.0
25127112,FLT4,5.0
51004351,MARK3,7.67778070526608
10427712,PRKG2,5.0
5328940,NIM1,5.823908740944319
24889392,NEK3,5.0
11667893,CDC2L5,5.0
25243800,PRKG1,5.0
176870,PRKCI,5.0
9809715,KIT(V559D-T670I),8.537602002101044
153999,PFTAIRE2,5.0
9809715,PIK3CA(I800L),5.0
11626560,CLK2,5.0
3081361,AXL,6.6020599913279625
5287969,DAPK3,5.0
123631,EPHB2,5.0
11984591,PIK3CA(E545A),5.0
11427553,BRAF(V600E),5.0
11364421,DMPK2,5.0
10074640,PIM2,5.0
11234052,KIT(L576P),7.267606240177032
24889392,PIK3CA(M1043I),5.0
10427712,PLK1,5.0
11234052,KIT,7.443697499232713
10113978,IRAK3,6.096910013008056
3062316,PIK3CA(Q546K),5.0
126565,PAK7,7.619788758288394
176155,ABL1(F317I)p,5.0
123631,PDGFRB,5.0
11984591,MUSK,7.0
3038525,CDKL1,5.0
176167,ABL1(F317L),5.0
6918454,MAP3K3,5.0
11409972,PIK3C2B,5.0
3038525,PLK3,5.0
9915743,KIT(D816H),5.0
11667893,CDK11,5.0
25243800,PIK3CD,7.508638306165728
25127112,MTOR,5.0
11338033,ADCK3,5.0
5494449,PCTK3,5.0
44150621,EGFR(G719C),5.0
9809715,IGF1R,7.207608310501746
44150621,EGFR(S752I759del),5.0
6450551,PFCDPK1(Pfalciparum),5.0
123631,FGFR3(G697C),5.0
11984591,JAK1(JH1domain-catalytic),7.67778070526608
9929127,JAK1(JH2domain-pseudokinase),5.0
10074640,PIK3C2B,5.0
9929127,FLT4,5.0
9809715,CAMK2B,5.0
6450551,PIK3CD,5.0
10127622,CAMK2B,5.0
24180719,NEK5,5.0
3025986,FLT1,5.00436480540245
3025986,FGR,5.0
123631,CSNK1E,6.366531544420414
176155,AAK1,5.0
10138260,MAPKAPK5,5.552841968657781
6450551,AURKB,7.958607314841775
42642645,ERBB4,6.214670164989233
123631,PRKCD,5.0
9884685,CLK3,5.229147988357856
10074640,PRKCQ,5.0
151194,KIT(V559D-V654A),6.6777807052660805
123631,MYLK4,5.0
10074640,PFTAIRE2,5.0
11314340,AAK1,7.366531544420414
16007391,FLT3(R834Q),6.886056647693163
5494449,BRAF,5.0
11984591,EPHA4,6.823908740944319
208908,ABL1(F317L)p,5.0
9926054,CSNK1G1,5.0
216239,CAMK2G,5.0
6450551,MLK2,5.0
10113978,CAMK1G,5.431798275933005
3081361,EGFR(G719S),8.229147988357855
9933475,CLK2,5.0
3062316,AURKA,5.031517051446065
644241,PLK4,5.0
5494449,ABL1(M351T),8.275724130399212
25243800,NDR1,5.0
10427712,MAP3K2,5.0
10127622,ABL1(F317L),5.0
11427553,NEK3,6.0
11409972,IKK-alpha,7.387216143280264
16038120,MKNK1,5.0
10461815,EGFR(L858R),5.0
42642645,EPHA2,8.443697499232712
11712649,BLK,7.167491087293763
3062316,CDK9,5.0
9933475,NDR2,5.0
3062316,PFCDPK1(Pfalciparum),6.1938200260161125
9915743,PIK3CA,5.0
11667893,FER,5.0
6450551,FLT3(ITD),6.6020599913279625
11984591,ABL1(H396P),6.769551078621726
5329102,ACVR1B,5.0
3081361,ACVRL1,6.327902142064283
3038522,AURKB,5.769551078621726
216239,NEK3,5.0
11656518,MET(M1250T),5.0
126565,FER,7.552841968657781
11314340,GSK3B,6.455931955649724
16725726,NEK7,5.0
24180719,CDC2L1,5.0
3038522,PDPK1,5.0
11364421,CIT,5.2839966563652006
42642645,HIPK2,6.657577319177793
10184653,MLK2,5.0
176155,BRSK2,5.0
6450551,EGFR(T790M),5.0
16038120,EGFR(L747T751del),7.102372908709558
10138260,BMPR1B,5.431798275933005
25127112,MAP4K4,5.0
24889392,GRK4,5.0
216239,IRAK4,5.0
3062316,ABL1(T315I),6.050609993355088
24889392,BRSK1,5.0
24180719,AKT3,5.0
9884685,PRKG1,5.0
11984591,CLK4,6.443697499232713
11427553,EPHA4,5.0
11717001,KIT(L576P),5.0
9926054,ERK2,5.0
11427553,ERBB4,5.0
10427712,DMPK2,5.0
10127622,GAK,5.0
24779724,FLT3(D835Y),5.0
11234052,FLT3(D835H),5.0
3025986,CSNK1A1L,5.0
3081361,PIP5K2C,5.0
16725726,ACVRL1,5.0
25127112,HIPK2,6.0
11656518,CDK11,5.292429823902063
9915743,CAMK2G,5.0
6918454,MKK7,5.0
5494449,ITK,6.455931955649724
25243800,HCK,6.721246399047171
11712649,PRKG2,5.0
16725726,EPHA1,5.0
3081361,PDGFRA,6.638272163982407
644241,ERK3,5.0
6450551,ACVR1,5.0
216239,LZK,5.0
11717001,ASK1,5.0
3025986,PRKD1,5.920818753952375
16722836,MARK3,6.522878745280337
5291,PDGFRB,7.853871964321762
644241,LATS1,5.0
5329102,PIK3CA(M1043I),5.0
9915743,LATS2,5.0
11626560,MAP4K4,5.0
11364421,EPHA3,5.0
11338033,NEK5,5.0
16722836,ABL1(Q252H)p,7.267606240177032
5291,ABL1(E255K),6.769551078621726
11656518,CHEK1,5.0
644241,PDGFRB,7.136677139879544
6450551,EGFR(S752I759del),5.0
10113978,CAMK2A,5.0
10127622,PKN1,5.0
10461815,CSNK1A1L,5.0
44150621,p38-delta,5.0
156422,CDKL3,5.0
16725726,MAP3K4,5.0
11617559,ABL1(T315I),5.0
126565,BRK,5.769551078621726
3081361,PDGFRB,7.055517327849832
11712649,BRAF(V600E),5.0
11712649,EPHB4,6.251811972993799
11984591,AMPK-alpha2,6.1249387366083
4908365,CSNK1G2,5.0
25243800,CAMK1,5.0
16007391,CSNK1G1,5.0
11626560,PIK3CA(Q546K),5.0
176167,MAP4K3,5.0
126565,EGFR(L747T751del),6.251811972993799
42642645,LTK,6.958607314841775
176870,FES,5.0
644241,MEK2,5.0
3038522,CDC2L5,5.0
9926054,BMPR1B,5.0
644241,FES,5.0
25243800,PAK4,6.0
44259,BMPR1B,6.769551078621726
5329102,EGFR(L747S752del),5.0
9809715,CAMKK1,6.200659450546419
11409972,FYN,7.301029995663981
10427712,LIMK2,5.0
16007391,EPHB3,5.0
11712649,CAMKK1,5.0
126565,EGFR(E746A750del),6.3979400086720375
9915743,EPHA8,5.0
11485656,GSK3A,5.0
11617559,ASK1,5.0
9929127,FLT3(K663Q),5.0
9929127,PHKG1,5.0
644241,CHEK2,5.0
24779724,CSNK1G1,5.0
42642645,p38-gamma,6.4089353929735005
3038525,EPHB6,5.0
11617559,EGFR(T790M),5.0
126565,BMPR1A,6.022276394711152
11427553,CLK1,7.1938200260161125
17755052,MTOR,6.698970004336019
6450551,AURKA,7.142667503568732
3062316,FLT3(N841I),5.154901959985743
11656518,ERK4,5.0
9933475,PLK3,5.0
176870,ITK,5.0
216239,MARK2,5.0
17755052,CDK3,5.0
11234052,OSR1,5.0
3081361,PKN2,5.0
10074640,PIM1,5.886056647693163
5328940,MAST1,6.455931955649724
9926791,NEK4,5.0
9915743,PAK3,5.0
16007391,DRAK2,5.0
25127112,EPHB1,5.0
208908,CDK9,5.0
5291,AAK1,5.0
11427553,ERBB2,5.0
151194,BMPR2,5.0
5291,DCAMKL3,5.0
16725726,EIF2AK1,5.0
11667893,PRKD1,5.0
25243800,MEK3,7.036212172654444
6450551,PDGFRA,9.292429823902063
10461815,PLK2,5.080921907623926
6918454,ITK,5.0
25243800,EPHA2,6.2076083105017466
5291,EPHA7,5.0
176167,EGFR(L858R),5.0
5328940,JAK2(JH1domain-catalytic),5.958607314841775
5328940,CLK4,5.494850021680094
11234052,PFTK1,5.0
153999,EPHA3,5.0
156414,CLK4,5.0
3038522,PFTK1,5.0
11364421,BRAF(V600E),5.0
10184653,DAPK1,5.0
5494449,EGFR(L861Q),5.0
10127622,ABL1(H396P),5.0
5494449,CSNK1A1,5.0
11617559,AKT2,5.0
644241,BMX,5.0
17755052,CSK,5.0
151194,AKT1,5.0
44259,ABL1(Q252H)p,7.958607314841775
153999,NEK3,5.0
51004351,CDKL5,5.0
51004351,GRK1,7.070581074285707
11427553,ABL1(F317I),5.795880017344075
9809715,DYRK1B,5.795880017344075
17755052,MYLK4,6.107905397309519
126565,FRK,6.130768280269024
3038522,PIK3CA(H1047Y),5.0
11314340,ACVR1,5.0
16038120,GRK1,6.3872161432802645
11712649,EPHB2,5.0
51004351,ABL1(H396P)p,5.251811972993799
11409972,FGFR2,5.721246399047171
51004351,EGFR(G719C),5.823908740944319
6450551,CAMK2G,5.0
9929127,DAPK2,5.0
208908,CIT,5.0
11364421,CSNK1G3,5.619788758288394
11485656,JNK3,5.366531544420414
11338033,MAP3K2,5.0
9929127,FRK,5.0
10184653,KIT(V559D-V654A),5.0
9929127,ASK1,5.0
3062316,ERBB3,7.744727494896694
11364421,PLK3,8.397940008672037
123631,MYO3B,5.0
11667893,PIK4CB,5.0
10138260,GRK1,5.958607314841775
216239,ERBB2,5.0
644241,FGFR4,5.0
16007391,AKT3,5.0
3062316,KIT(D816V),8.585026652029182
44259,JNK3,6.958607314841775
3081361,DAPK1,5.0
5494449,ERBB4,5.0
5494449,EPHA8,6.301029995663981
11427553,LIMK2,5.0
3025986,PIK3CA(M1043I),5.0
11427553,CASK,5.0
24889392,GCN2(KinDom2S808G),5.0
11626560,CLK4,5.0
16725726,PIP5K1C,5.823908740944319
156414,MARK2,5.0
11712649,CAMK2A,5.0
42642645,KIT,8.602059991327963
16722836,PRKCI,5.0
208908,CHEK2,5.0
5329102,CAMKK1,6.376750709602099
151194,MEK2,5.0
17755052,EPHA2,5.0
156422,FLT3(D835H),5.0
10074640,LRRK2,5.0
6450551,PIK3CA,5.0
9809715,MLCK,6.958607314841775
11717001,ERBB4,5.0
11364421,EPHB2,5.0
11234052,EIF2AK1,5.0
176167,PRP4,5.0
44259,FGR,7.769551078621726
3038525,EPHA4,5.0
44150621,HCK,5.481486060122113
3038522,CDK11,5.0
9933475,PIK3CD,5.0
16722836,CSNK2A1,6.036212172654444
11427553,ABL1(H396P)p,7.619788758288394
9933475,AXL,6.309803919971486
11626560,PRKCQ,5.0
51004351,FRK,5.619788758288394
16725726,MAP3K15,5.0
151194,GCN2(KinDom2S808G),5.0
5494449,PIK3CA,5.0
9926791,IGF1R,5.0
42642645,FGR,7.397940008672037
11667893,PIK3C2B,5.0
11234052,CSNK1G2,5.0
11427553,EPHA7,6.4089353929735005
208908,NEK4,5.0
10427712,ABL1(Q252H),5.0
25243800,PIK3CA(E545K),6.721246399047171
25127112,MRCKB,5.0
9929127,EPHA2,5.0
176155,DRAK1,5.0
17755052,DCAMKL3,5.0
11712649,NEK5,5.0
10113978,FGFR3(G697C),6.2076083105017466
10127622,MYO3B,5.0
11617559,CDC2L5,5.0
24889392,PAK4,5.0
6450551,DMPK2,5.0
216239,PRKCE,5.0
16722836,KIT(L576P),6.920818753952375
9884685,PLK2,5.0
9933475,MEK5,5.823908740944319
10074640,FAK,5.0
9926791,PIK4CB,5.0
216239,FGFR2,5.568636235841013
6918454,CSNK1E,5.0
9929127,MKNK2,5.0
24180719,CAMK1G,5.0
9926054,PIP5K2C,5.0
3062316,ERBB2,5.853871964321762
11656518,ACVR1B,5.0
176870,PIP5K2B,5.0
11427553,EPHB4,5.537602002101044
176167,MAP3K2,5.0
9926791,CSNK1E,5.0
10113978,ANKK1,5.0
10461815,NEK3,5.0
176155,MARK2,5.0
16725726,PKMYT1,5.0
6918454,MARK1,5.0
9929127,GAK,5.0
6918454,EGFR,5.0
3081361,EGFR(G719C),8.017728766960431
9926791,CAMK4,5.0
151194,FGFR1,5.0
25127112,LATS1,5.0
11234052,DLK,5.0
16725726,EPHA5,5.0
447077,MAP3K1,5.0
16007391,ABL1(M351T),5.657577319177793
3081361,PIK3CA,5.0
16722836,PIP5K1A,7.180456064458132
4908365,CHEK2,5.0
3025986,PAK7,5.0
176155,PRKG1,5.0
156414,PDPK1,5.0
24180719,PRKX,5.0
5494449,PIK3CD,5.0
16038120,PIK3CD,5.0
10074640,MET(Y1235D),5.0
6918454,DCAMKL2,5.0
6918454,MAP3K2,5.0
25243800,MST1R,5.0
24180719,AKT2,5.0
51004351,CHEK1,5.886056647693163
11656518,DYRK1A,5.0
10184653,NDR2,5.0
11656518,FLT3,5.853871964321762
24180719,EGFR(L747E749del),5.0
644241,AMPK-alpha1,5.0
5329102,MAP3K3,6.657577319177793
11485656,CDK8,7.022276394711152
44150621,MET,5.0
10138260,MET,5.0
42642645,IRAK4,5.0
156414,JAK1(JH1domain-catalytic),5.0
153999,FGFR4,5.0
11717001,NIM1,5.0
9926791,JNK2,5.0
176155,FAK,5.0
9809715,KIT(D816V),7.327902142064283
9926791,ERK8,5.0
9926054,JNK2,5.0
51004351,MERTK,5.537602002101044
11338033,NEK7,5.0
123631,DCAMKL3,5.537602002101044
176870,FGFR1,5.0
10074640,PIK3CA(E542K),5.0
10074640,PIK3CA(C420R),5.0
10427712,EPHA7,5.0
11712649,HIPK4,5.0
16722836,MET,5.070581074285707
216239,FLT3(K663Q),8.346787486224656
11338033,KIT(L576P),5.0
156422,CAMK1G,5.0
11712649,LOK,5.431798275933005
10127622,DAPK2,5.0
176155,BMPR1B,5.481486060122113
11427553,GRK7,5.301029995663981
16007391,MYLK4,5.0
10138260,CSNK1G1,6.0
11617559,NEK5,5.0
10113978,PDGFRB,8.698970004336019
10113978,EPHB6,7.091514981121351
10113978,p38-delta,5.0
9926054,PLK2,5.0
10184653,PIP5K1A,5.0
9915743,FLT3,5.267606240177032
156422,AMPK-alpha1,5.0
156414,ABL1(H396P),7.337242168318426
11314340,MELK,6.229147988357856
6918454,PRKCE,5.0
11712649,DMPK,5.0
11717001,DCAMKL1,5.0
16725726,PLK1,5.0
10427712,DRAK1,5.0
156414,ARK5,5.0
4908365,KIT(D816H),7.318758762624413
11364421,CSNK2A1,5.0
11626560,ERK4,5.0
126565,BRSK1,7.602059991327962
3038522,EGFR(L858RT790M),5.0
3025986,NLK,5.0
9933475,KIT(A829P),7.008773924307505
11427553,DRAK1,8.537602002101044
9884685,ABL1p,5.0
123631,EGFR(L747S752del),9.244125144327509
126565,MST3,6.119186407719209
3038522,EGFR(G719C),6.6777807052660805
123631,CAMK2A,5.0
176167,BRAF,5.0
208908,JAK1(JH2domain-pseudokinase),5.0
9933475,PFTAIRE2,5.0
25243800,ANKK1,5.585026652029182
3062316,HIPK1,5.0
16007391,ARK5,5.0
9926791,KIT(V559D-T670I),5.0
42642645,CDKL3,5.356547323513813
123631,PRKCQ,5.0
5494449,CAMKK2,5.0
24889392,KIT(V559D),8.301029995663981
10427712,MTOR,6.2076083105017466
156422,ERN1,5.0
176870,MET(M1250T),5.552841968657781
11656518,CDK4-cyclinD3,5.0
51004351,PKMYT1,5.0
153999,CAMK1D,5.346787486224656
10113978,CSNK1G1,5.0
176155,IRAK3,5.0
447077,BRSK2,5.050609993355088
24180719,CHEK2,5.0
123631,KIT(A829P),5.744727494896694
9809715,CDK9,5.0
9926054,IKK-epsilon,5.0
9884685,JAK2(JH1domain-catalytic),5.0
16007391,p38-alpha,5.0
6918454,CSNK2A1,5.0
10184653,PHKG2,6.327902142064283
16038120,CAMK2B,5.721246399047171
9933475,ABL1(M351T),7.251811972993799
216239,DAPK3,5.0
24779724,EGFR(L747S752del),5.0
10138260,PKAC-alpha,5.0
24889392,EGFR(T790M),5.0
11338033,CDK9,8.236572006437063
3081361,CAMK1G,5.0
24779724,DDR2,5.0
16007391,PIK3CA(H1047Y),5.0
10427712,IGF1R,5.0
176870,CAMKK2,5.0
5329102,PRKD1,6.508638306165728
10461815,AURKA,5.0
156414,ACVR1B,5.0
208908,ERK8,5.0
3081361,DYRK1B,5.0
11717001,ANKK1,5.0
10461815,PIM3,5.0
24180719,ERBB4,5.0
9926791,AKT2,5.0
11485656,PAK4,5.0
17755052,PRKD2,5.0
11427553,MST3,5.958607314841775
11364421,NEK2,5.698970004336019
11984591,p38-gamma,6.4089353929735005
9915743,AKT2,5.0
3081361,FLT3(R834Q),5.886056647693163
156414,NEK9,5.0
24779724,MAP3K2,5.0
24180719,PRKCI,5.0
11234052,PKNB(Mtuberculosis),5.0
153999,KIT(V559D-T670I),5.008773924307505
16725726,GRK4,5.0
176167,PFCDPK1(Pfalciparum),5.0
16038120,ABL1(F317I)p,7.853871964321762
25243800,CDK7,5.259637310505756
176870,MAST1,5.0
3038525,FGR,5.886056647693163
11314340,EPHB6,5.0
10184653,PRKD1,5.0
9884685,CDK8,5.0
9884685,FLT3(K663Q),5.0
123631,CDK3,5.0
11656518,EGFR(E746A750del),5.0
208908,CDC2L2,5.0
10138260,MLK2,5.0
216239,AAK1,5.0
42642645,NEK2,5.0
5494449,INSRR,6.537602002101044
25127112,PRKD1,5.0
10461815,PIK3CA(M1043I),5.0
17755052,DMPK,5.0
10184653,EGFR(L858RT790M),8.958607314841775
10138260,ABL1,6.036212172654444
9933475,CAMK1G,5.0
11617559,MAP3K2,5.0
176167,BRSK1,5.0
44150621,EPHA2,5.0
16038120,EGFR,6.744727494896694
10461815,KIT(V559D),5.6020599913279625
5291,CSNK1G2,5.0
10127622,ABL1(F317I),5.0
25127112,CDC2L2,5.0
11712649,MINK,5.0
11626560,ADCK4,5.958607314841775
11364421,FER,5.0
11984591,ABL1(Y253F),5.744727494896694
24779724,JNK1,5.376750709602099
6918454,EGFR(L861Q),5.0
5291,PFCDPK1(Pfalciparum),5.0
9926791,ERK3,5.0
176155,LCK,5.552841968657781
25127112,KIT,5.0
24180719,INSR,5.0
9929127,PRKR,5.0
151194,EGFR(T790M),5.0
9933475,BRK,6.251811972993799
25243800,FGFR3,6.180456064458132
5287969,CSF1R,5.552841968657781
126565,DRAK1,8.468521082957745
9933475,MRCKA,5.0
9809715,EPHA4,5.0
447077,AKT1,5.0
644241,BMPR1A,5.0
17755052,ABL1(T315I)p,5.0
5287969,IRAK4,5.823908740944319
176167,PKN1,5.292429823902063
24180719,GSK3B,5.0
44259,EPHA4,6.537602002101044
10461815,PAK2,5.0
10074640,FLT3(ITD),5.0
4908365,DDR2,7.0
6450551,EGFR(L747E749del),5.0
42642645,DRAK2,5.0
153999,EGFR,5.0
24889392,PIM1,5.0
5287969,FAK,5.0
5328940,MAP4K4,8.086186147616283
5328940,PIP5K1C,5.0
44150621,FER,5.0
6918454,MKNK1,5.0
11427553,ABL1(Q252H),7.327902142064283
11656518,PIK3CB,5.0
11617559,PIK3CA(H1047L),5.0
9809715,CSNK2A2,6.050609993355088
5329102,JNK3,5.366531544420414
51004351,MEK2,5.0
11485656,FLT3(D835Y),7.958607314841775
176870,FGFR4,5.0
11234052,ACVR2A,5.0
3038525,MET(M1250T),5.0
208908,PFTAIRE2,5.0
153999,HCK,5.0
16038120,CDKL3,5.0
11314340,FRK,5.0
126565,FLT3(ITD),8.823908740944319
5291,DMPK2,5.0
5494449,IRAK1,5.0
156422,MST4,5.0
5328940,GRK7,5.769551078621726
5494449,MYO3B,5.0
25243800,DLK,5.0
11338033,DAPK1,5.0
216239,AMPK-alpha2,5.0
11234052,BRSK1,5.0
5328940,MYLK,6.309803919971486
25243800,MTOR,8.522878745280337
156414,ACVR2B,5.0
208908,ERBB4,7.267606240177032
3038522,ABL1(M351T),5.0
11617559,CAMK1D,5.0
11617559,NDR1,5.0
6450551,ABL1(H396P),7.698970004336019
5291,ERK8,5.0
44259,EGFR(L858RT790M),9.455931955649724
9926054,MINK,5.0
5291,EPHB4,5.0
11717001,CAMK2A,5.0
44259,ICK,7.795880017344075
3081361,NIM1,5.0
11984591,PLK2,7.468521082957745
11717001,PHKG1,5.0
6450551,MAP3K3,5.552841968657781
11984591,MST4,5.0
5329102,PLK4,6.721246399047171
3038522,FER,5.0
3038522,INSRR,5.0
11485656,FLT3(ITD),8.05551732784983
16725726,PAK1,6.259637310505756
51004351,FLT3(D835Y),7.823908740944319
42642645,MAK,5.744727494896694
11427553,MARK3,5.886056647693163
11314340,CDK4-cyclinD3,5.0
10138260,KIT(A829P),7.267606240177032
9926791,IRAK3,5.0
11364421,ERBB3,5.0
11984591,PRP4,5.0
9884685,KIT(D816H),5.0
3038522,FES,5.0
11717001,EGFR(G719S),5.0
10138260,ERBB2,5.0
176167,FER,5.0
16725726,IKK-beta,5.0
5494449,MAP3K4,5.6020599913279625
9915743,ASK2,5.0
176870,BRK,5.0
11338033,MYLK,5.0
11364421,PIK3C2B,5.0
16007391,EPHA3,5.0
10427712,EGFR(L858R),5.853871964321762
156422,CAMK2D,5.0
9926791,MEK6,5.0
5287969,PRKCH,6.455931955649724
5494449,JAK1(JH1domain-catalytic),5.229147988357856
6450551,PRKCQ,5.0
24779724,PFCDPK1(Pfalciparum),5.0
447077,EPHA5,7.853871964321762
156414,EGFR,9.721246399047171
11656518,JNK2,5.0
42642645,BMPR1B,5.0
11234052,MKK7,5.0
16725726,PCTK1,5.0
123631,PIK3CA(C420R),5.0
51004351,KIT(L576P),7.387216143280264
11485656,CASK,5.0
176155,CSNK2A2,5.0
11338033,LIMK2,5.0
9884685,PIK3CA(C420R),8.886056647693163
10461815,CAMK2B,5.0
5291,FER,5.0
44259,ERK4,5.0
176870,EPHB1,5.958607314841775
10427712,ICK,5.0
10427712,CDKL5,5.0
9933475,MINK,6.267606240177032
156414,EGFR(L858R),9.619788758288394
11717001,PIK3CA(H1047L),5.0
644241,MKNK1,5.0
153999,JNK2,5.0
151194,MST3,5.0
11234052,ERK2,5.0
9933475,PRKCQ,5.0
208908,CSNK2A1,5.0
24889392,AURKB,5.0
9884685,CSNK1G3,5.0
24889392,ANKK1,5.0
17755052,EPHA3,5.0
11364421,IKK-alpha,5.0
42642645,MINK,5.585026652029182
16007391,PIK3C2G,5.0
10427712,EGFR(G719C),5.853871964321762
176167,DAPK1,5.0
11667893,PRKCE,5.0
11409972,MUSK,8.508638306165727
3038525,CSNK1E,5.0
9929127,LATS2,5.0
17755052,ERN1,5.0
5291,BRSK1,5.0
3025986,GRK1,5.0
11409972,IKK-epsilon,5.0
11617559,p38-delta,5.0
11427553,DMPK,5.42021640338319
11364421,MET,5.619788758288394
447077,EPHA8,8.229147988357855
9915743,KIT(V559D-V654A),5.0
16722836,LKB1,6.508638306165728
5287969,MAP4K2,7.050609993355088
5329102,MAP3K15,5.886056647693163
3025986,CDKL1,5.0
11984591,ERN1,5.795880017344075
16725726,PIM2,6.167491087293763
10184653,AMPK-alpha2,5.0
11314340,PIK4CB,5.2839966563652006
11656518,FGR,5.0
9926791,CAMK1,5.920818753952375
3025986,DCAMKL1,5.795880017344075
153999,KIT,5.0
5287969,PIK3C2B,5.0
11314340,NEK6,5.0
11234052,MARK2,5.0
16007391,ABL1(Q252H),6.0655015487564325
5328940,MARK1,5.0
6918454,EPHB6,5.0
17755052,CDKL1,5.0
11314340,CSNK1E,6.920818753952375
11712649,IGF1R,5.0
151194,PKN2,5.0
156422,EGFR(L861Q),5.0
5329102,PAK6,5.619788758288394
10113978,CDK11,5.0
24180719,MYLK2,5.0
9915743,FGFR3(G697C),5.0
216239,PIK3CA(Q546K),5.0
5494449,HIPK4,5.0
176155,ABL1(T315I),5.0
216239,CAMK2B,5.0
11427553,PKMYT1,5.0
44150621,ACVR2B,5.0
11234052,MINK,6.508638306165728
9933475,HPK1,6.036212172654444
5328940,MAP4K2,8.508638306165727
9915743,MYLK,5.0
447077,MTOR,5.0
5494449,FLT3(D835Y),7.259637310505756
208908,DCAMKL3,5.0
176870,CASK,5.0
24889392,NLK,5.0
9933475,IKK-beta,5.0
10461815,NDR2,5.0
10184653,INSR,5.0
3038522,FGR,5.0
25127112,ANKK1,6.4089353929735005
10113978,LOK,7.075720713938118
11984591,MST2,5.522878745280337
16007391,PHKG1,5.0
11314340,ARK5,5.0
5494449,NEK3,5.0
11314340,FES,5.0
11314340,PIK3CA(H1047L),5.0
151194,PIK3C2B,5.0
16007391,PHKG2,5.0
176155,PRKR,5.0
25127112,CAMKK1,5.0
11712649,PAK2,5.0
42642645,EGFR(L858RT790M),5.744727494896694
11338033,CAMK1,5.0
9884685,BRSK2,5.0
3038525,JAK3(JH1domain-catalytic),5.0
5328940,FLT3(D835Y),5.958607314841775
644241,DAPK1,5.0
11338033,DLK,5.0
11656518,PIK3C2G,5.0
5291,DDR2,7.823908740944319
11717001,LATS2,5.0
11485656,IRAK1,5.0
4908365,ANKK1,5.853871964321762
10184653,CDC2L5,5.0
25243800,PHKG1,5.0
24180719,ACVR2B,5.494850021680094
9926054,MST1,5.0
44259,GSK3B,7.161150909262744
216239,EGFR(L861Q),5.0
11667893,PIM3,5.0
11427553,KIT(D816H),6.619788758288394
3038525,KIT(L576P),5.0
44259,LRRK2(G2019S),9.4089353929735
123631,MTOR,5.0
11717001,INSRR,5.0
11984591,EPHA1,7.173925197299174
151194,CDC2L5,5.0
16722836,CSNK1G1,5.0
6450551,CSNK2A1,5.0
17755052,EGFR(L861Q),5.0
11485656,EPHB4,5.853871964321762
10427712,AURKC,5.0
16038120,DDR2,5.3872161432802645
447077,ICK,5.0
644241,EGFR(L747E749del),5.0
156414,ABL2,6.060480747381382
42642645,EPHB2,8.4089353929735
11338033,GCN2(KinDom2S808G),5.0
6918454,GAK,5.0
9926791,KIT(D816H),5.0
44150621,LKB1,5.431798275933005
11234052,PIK3C2G,5.0
11409972,CSNK1E,5.3979400086720375
9933475,FLT1,9.130768280269024
156414,DLK,5.0
644241,CDK4-cyclinD1,5.0
644241,GRK7,5.0
4908365,DCAMKL1,5.080921907623926
153999,KIT(D816H),5.823908740944319
44259,AKT2,7.356547323513813
11364421,CSNK1E,6.42021640338319
156422,AXL,5.0
11314340,ACVRL1,5.0
216239,DMPK2,5.0
16007391,KIT(L576P),7.468521082957745
3081361,NEK6,5.0
25243800,ABL1(T315I)p,6.920818753952375
9926054,CDK4-cyclinD3,5.0
16038120,CLK3,6.6777807052660805
9915743,FAK,5.721246399047171
9929127,MARK3,5.0
11338033,MAP3K3,5.0
6450551,DAPK1,5.0
151194,NIM1,5.0
153999,PIK3CG,5.0
16725726,NEK11,5.0
6918454,EPHB1,5.0
176870,MRCKB,5.0
11427553,MET(Y1235D),6.2441251443275085
11712649,GAK,5.0
24779724,CSNK1A1,5.0
16038120,IRAK4,7.113509274827519
9933475,FLT4,8.366531544420413
16007391,ABL1(E255K),5.017728766960432
11984591,CDC2L1,5.0
4908365,CHEK1,8.00436480540245
9926054,MLK1,5.0
11234052,CAMK2B,5.0
3025986,PIM1,5.0
216239,NEK4,5.0
11364421,JNK2,5.0
11485656,PDGFRB,8.721246399047171
176870,AMPK-alpha1,5.0
16725726,MYLK4,5.0
10427712,AAK1,6.060480747381382
16725726,EPHA4,5.0
9933475,MAP3K2,5.0
5329102,ERK3,5.0
3062316,OSR1,5.0
5329102,CLK2,7.698970004336019
16038120,ADCK3,5.769551078621726
11234052,FLT3(ITD),5.0
9926054,DDR2,5.0
153999,NLK,5.0
24889392,AURKA,5.0
5291,MET,5.0
126565,CDKL2,7.366531544420414
16007391,CSNK1D,5.0
11427553,ABL1(E255K),7.443697499232713
3081361,CIT,5.744727494896694
123631,PRKR,5.0
17755052,PAK3,5.0
156422,IRAK1,5.0
10113978,NDR2,5.0
11667893,ARK5,5.0
44150621,DCAMKL3,5.886056647693163
9926054,MAPKAPK2,5.0
5329102,CLK1,7.657577319177794
51004351,BRAF,5.0
11667893,EPHB2,5.0
3081361,CDK3,5.0
10074640,ERK1,5.0
11656518,IGF1R,5.0
11656518,GSK3A,5.0
11314340,MAP4K4,6.853871964321762
4908365,CDKL5,5.0
5329102,LYN,6.568636235841013
9929127,GSK3B,5.0
447077,EPHA4,8.080921907623926
126565,DDR1,6.292429823902063
11427553,MEK2,6.070581074285707
25243800,NEK11,5.0
16007391,CSK,5.42021640338319
11626560,MARK3,5.0
4908365,CDK3,5.0
5494449,PFPK5(Pfalciparum),5.0
25243800,EGFR,5.619788758288394
9915743,CAMKK2,5.0
10113978,ABL2,5.522878745280337
11626560,CDC2L5,5.0
10074640,BTK,5.0
11314340,MAPKAPK2,5.0
16725726,PIK3C2G,5.0
10184653,IKK-beta,5.0
11667893,EGFR(G719S),6.0
10074640,ACVR1B,5.0
9884685,PIK3CA(H1047Y),8.468521082957745
3038525,MELK,5.0
5291,GSK3A,5.0
3038522,PIM1,5.0
9926054,PRP4,5.0
25127112,PAK6,5.537602002101044
11364421,CAMK1G,5.0
4908365,NEK3,5.0
176167,KIT(V559D),5.0
11364421,PAK1,5.0
5291,LYN,6.050609993355088
123631,BIKE,5.0
208908,FGFR3(G697C),5.0
11338033,ABL1(T315I)p,5.0
9929127,ERBB4,5.0
9929127,ERK4,5.0
123631,CDK4-cyclinD3,5.0
5329102,IGF1R,5.585026652029182
11984591,EGFR(L747T751del),6.468521082957745
9809715,EPHA5,5.0
9809715,NEK1,5.0
3081361,GSK3B,5.0
156422,CDK2,5.0
11485656,p38-gamma,5.698970004336019
644241,LATS2,5.0
44150621,ERK4,5.0
10461815,MTOR,5.0
6918454,FER,5.0
16038120,p38-delta,5.0
176155,MST1R,5.0
11409972,DDR2,7.958607314841775
5329102,GAK,7.698970004336019
126565,GRK4,7.920818753952375
6918454,EPHA4,5.0
11234052,EPHB4,5.0
153999,DYRK1B,5.267606240177032
447077,FER,5.455931955649724
10138260,CSNK1G2,6.102372908709559
9884685,KIT(V559D-V654A),5.0
10138260,EGFR(T790M),5.481486060122113
11427553,AAK1,7.318758762624413
3025986,PIP5K2C,5.0
126565,FGFR1,6.508638306165728
9926791,IRAK1,5.0
5291,EPHA5,5.0
123631,FLT3(D835Y),6.0
644241,KIT(A829P),7.337242168318426
5328940,MERTK,6.958607314841775
3038522,ERBB3,5.0
126565,MLK2,7.823908740944319
9926054,PCTK2,5.0
11364421,CDK3,5.0
176870,CSNK2A1,5.0
17755052,BMPR1B,5.0
9809715,CSNK1D,5.886056647693163
11984591,ACVR1,5.318758762624413
10184653,PIK3CA(Q546K),5.0
9929127,JNK2,5.0
9915743,MAPKAPK5,5.0
10127622,AMPK-alpha2,5.0
5291,CSNK2A1,5.0
9809715,PRKCE,5.0
24779724,MAP3K4,5.0
3062316,EPHB3,8.161150909262744
3081361,PCTK1,5.0
11485656,AKT3,5.0
42642645,MST2,5.0
11626560,PIK3CA(I800L),5.0
3062316,LZK,5.275724130399211
176870,EGFR(L747E749del),9.2839966563652
123631,PRKD2,5.0
11717001,EIF2AK1,5.0
10427712,MEK5,5.0
11617559,PKN1,5.0
16722836,ERBB3,5.0
10074640,LKB1,5.0
3038525,CDKL3,5.0
3038522,NEK9,5.0
11234052,PIK3CA(E545K),5.0
644241,DMPK2,5.0
10427712,PDGFRA,5.0
216239,MINK,5.0
11364421,MET(M1250T),5.0
44150621,NDR1,6.180456064458132
9809715,MELK,8.309803919971486
5494449,DRAK2,5.0
11338033,MAPKAPK5,5.0
4908365,PAK7,6.3872161432802645
156414,ERK4,5.267606240177032
10113978,MARK1,5.0
10427712,CLK3,5.1487416512809245
5328940,ACVRL1,5.0
176155,DYRK1B,5.0
11984591,JNK3,7.431798275933005
5329102,BRSK1,5.455931955649724
5328940,CAMK2B,5.0
216239,ABL1(F317L),6.113509274827519
16722836,ADCK3,5.154901959985743
10184653,LRRK2(G2019S),5.0
24779724,MEK3,5.0
216239,ANKK1,5.0
11712649,p38-delta,5.0
9809715,HIPK2,6.102372908709559
16007391,ABL1(T315I)p,5.318758762624413
17755052,PDGFRA,5.0
6450551,PHKG2,5.0
5287969,PKAC-beta,5.0
42642645,BTK,7.119186407719209
10138260,CDK11,5.0
16007391,ERK5,5.0
9929127,BRSK2,5.0
11409972,PIP5K2B,5.0
5494449,CDKL1,5.0
11617559,HIPK1,5.0
644241,DRAK2,5.0
3025986,ABL1(H396P),5.0
3025986,DAPK2,5.0
11427553,LATS1,5.301029995663981
17755052,LRRK2,5.0
24889392,EPHA4,5.0
3038522,GRK4,5.0
11427553,FLT3(K663Q),8.18045606445813
176870,PRKCE,5.0
10127622,AURKA,5.0
216239,PIK3CA(E542K),5.0
176167,CDK2,5.301029995663981
11617559,PIK4CB,5.0
208908,MERTK,5.0
9926054,GSK3B,5.0
11712649,EGFR(E746A750del),5.0
11626560,ERK3,5.0
10113978,CDK4-cyclinD3,5.0
9926054,CTK,5.0
11364421,PLK1,9.721246399047171
44150621,CDC2L2,5.0
6918454,FGFR1,5.0
156422,p38-delta,7.10790539730952
10074640,DLK,5.0
11717001,PRKCD,5.0
5328940,ABL1(Y253F),10.443697499232712
3062316,KIT(L576P),9.244125144327509
51004351,AMPK-alpha1,6.744727494896694
5329102,DAPK3,7.657577319177794
42642645,EGFR(T790M),6.327902142064283
156414,MYLK4,5.0
10127622,PRKG2,5.0
9809715,LTK,6.823908740944319
176155,PIK4CB,5.0
176167,CDKL5,5.0
3025986,CDK9,7.119186407719209
9929127,HPK1,5.0
17755052,PIP5K1A,5.0
3038522,PIK4CB,5.0
216239,MET(M1250T),5.0
3081361,HIPK3,5.0
3038522,ASK2,5.0
123631,FLT3(K663Q),5.292429823902063
156422,PKAC-alpha,5.0
10074640,ABL1(T315I),5.0
11617559,EPHA3,5.0
11338033,HCK,5.0
216239,NEK2,5.0
11717001,MAP4K4,5.638272163982407
10184653,FLT3(K663Q),5.0
11364421,HUNK,5.013228265733755
10127622,MAP3K4,5.0
123631,ABL1(E255K),6.3979400086720375
9933475,CDKL3,5.0
11364421,CAMKK2,7.638272163982407
11364421,CDC2L5,5.0
156422,CSNK1G2,5.0
11984591,MST1,5.0
3062316,IRAK1,5.0
25243800,ITK,5.0
123631,DAPK3,5.2441251443275085
3025986,FRK,5.0
3062316,GSK3B,5.0
153999,PKMYT1,5.0
11717001,EGFR(G719C),5.0
11427553,PIK3C2G,5.0
3062316,EPHA7,5.0
24889392,PIM3,5.0
176870,CAMK1D,5.0
9929127,EGFR(L858R),5.0
11626560,ARK5,5.0
9926054,EPHA7,5.0
10127622,PFCDPK1(Pfalciparum),5.0
10427712,FLT3(ITD),5.0
9929127,ABL2,5.0
11712649,KIT(V559D),5.0
10184653,PAK7,5.0
11409972,MYLK,5.0
176167,CDK4-cyclinD1,5.0
10184653,DLK,5.0
17755052,CAMK2D,5.0
24779724,ABL1p,5.0
25243800,FGR,6.795880017344075
123631,BMX,5.0
9915743,FLT3(D835H),5.337242168318426
3062316,CAMK2G,5.0
9884685,LKB1,5.0
11409972,CDK9,6.721246399047171
447077,MST2,5.823908740944319
3081361,PKNB(Mtuberculosis),5.0
11984591,EGFR,6.522878745280337
3038525,GRK7,5.0
156422,GSK3A,5.0
153999,MST1R,5.0
3038525,PIK3CA(E542K),5.0
11717001,NEK1,5.0
16722836,EPHA6,5.4089353929735005
11667893,BLK,5.657577319177793
11712649,NEK4,5.0
11234052,CSNK1A1,5.0
123631,PIK3CA(E542K),5.0
16007391,LATS1,5.0
44259,NEK9,5.508638306165728
11667893,PKN2,5.0
3062316,CSNK1G2,5.0
10138260,FLT1,8.327902142064282
644241,ABL1(E255K),7.443697499232713
10138260,FRK,5.744727494896694
10184653,CAMKK2,5.0
176155,AXL,5.0
16725726,NEK9,5.0
447077,LOK,5.744727494896694
5328940,ABL1(E255K),10.327902142064282
9884685,DAPK3,6.075720713938118
176155,LZK,5.0
156414,MLK1,5.0
126565,PRKCQ,7.0
9915743,PIK3CB,5.0
9929127,EGFR(G719S),5.0
151194,BRAF,5.0
16725726,CDK11,5.0
9884685,DRAK1,5.0
11712649,AMPK-alpha2,5.0
16038120,PCTK2,6.091514981121351
11717001,MKNK1,5.0
11338033,PIK3CA(E545A),5.0
6450551,PAK2,5.0
9884685,FLT3(ITD),5.142667503568732
10074640,CAMK2B,5.0
9933475,MYLK4,5.0
10113978,ERBB2,5.0
176167,JAK2(JH1domain-catalytic),5.0
11234052,CSNK1A1L,5.0
447077,FLT3,6.823908740944319
10461815,PLK3,5.0
5494449,ACVR1B,5.0
11717001,PDGFRB,5.0
11314340,NEK2,5.0
24180719,FLT4,5.0
24889392,ABL2,5.0
44150621,PHKG1,6.1938200260161125
153999,CDK5,5.0
6918454,MRCKA,5.0
5494449,FRK,5.42021640338319
24889392,PIK3CA(C420R),5.0
24889392,ERK8,6.568636235841013
9809715,NEK4,5.0
10074640,LATS2,5.0
10461815,AMPK-alpha1,6.508638306165728
10113978,MAP3K4,5.0
11234052,IRAK1,5.0
3062316,FLT4,5.0
11234052,AURKB,5.0
3025986,MARK1,5.0
10461815,BRSK1,5.0
11485656,PIK3CA(E542K),5.0
10138260,ABL1(F317I)p,5.619788758288394
16038120,EGFR(L861Q),7.008773924307505
11984591,NDR1,5.026872146400302
11314340,GAK,6.744727494896694
10074640,MET(M1250T),5.0
126565,PAK2,7.366531544420414
17755052,AMPK-alpha1,5.0
17755052,PIK3CA(E545A),9.065501548756432
9915743,CIT,5.0
9926791,MEK2,5.0
10127622,NEK9,5.0
11626560,ABL1(T315I)p,8.0
3025986,DAPK3,5.0
11656518,ACVRL1,5.0
11314340,JAK2(JH1domain-catalytic),5.0
44150621,PKMYT1,5.0
11984591,PCTK3,5.0
9884685,MARK4,5.0
51004351,CAMK4,5.0
3062316,MYLK,5.0
5494449,PDPK1,5.0
9929127,PIM1,5.0
153999,FLT3(ITD),6.552841968657781
11234052,DYRK2,5.0
24779724,EGFR(L858RT790M),5.0
5287969,KIT(D816H),5.045757490560675
644241,FLT3(R834Q),5.0
11984591,DDR2,7.366531544420414
11364421,ERBB4,5.0
176870,DDR2,5.0
16038120,EPHB2,5.823908740944319
16722836,PIK3CB,5.0
24889392,ADCK3,5.0
3081361,IRAK1,5.920818753952375
3062316,CAMK2B,5.0
24779724,ABL1,5.0
9809715,NEK7,5.0
51004351,MKNK2,6.022276394711152
9929127,DYRK2,5.0
44150621,FGFR3(G697C),6.431798275933005
11617559,HPK1,5.0
16007391,NEK7,5.0
25127112,CDK3,5.0
208908,CSNK1A1,5.0
11485656,PIK3CA(E545K),5.0
16722836,IRAK3,6.920818753952375
156414,PRKCI,5.0
10184653,ERBB3,5.346787486224656
5291,CSF1R,7.958607314841775
151194,CAMK2A,5.0
10113978,CSNK1D,5.0
4908365,NDR1,5.0
10427712,GRK1,5.0
9926791,EGFR(T790M),5.0
16038120,IRAK1,7.346787486224656
156422,MLK1,5.0
208908,PLK1,5.0
51004351,MRCKB,5.0
9926791,PRKD3,5.0
10184653,EPHB4,5.0
11617559,MEK5,5.0
126565,BTK,7.180456064458132
51004351,PAK3,6.744727494896694
3062316,MEK4,5.0
11409972,BMPR1A,5.0
24889392,MST3,5.0
11364421,KIT(D816H),5.0
9929127,PAK6,5.0
11712649,EGFR(G719S),5.0
9915743,NEK5,5.0
11427553,CAMK1D,6.275724130399211
11626560,PIK3CA(H1047Y),5.0
16722836,CASK,5.552841968657781
216239,FGFR4,5.0
24180719,MARK3,5.0
10127622,EGFR(L747S752del),5.275724130399211
126565,PIP5K2C,5.0
11234052,CASK,5.0
24180719,KIT(V559D-T670I),5.0
9884685,PRP4,5.0
16725726,DCAMKL3,6.958607314841775
11485656,PAK3,5.0
42642645,CDC2L2,6.318758762624413
16725726,PIK3CB,5.0
24889392,PRKCQ,5.0
24889392,CDK11,5.0
208908,HPK1,5.0
156414,p38-beta,5.0
6450551,BMPR2,5.0
9915743,DAPK1,5.0
44150621,ABL1(T315I),6.958607314841775
208908,NEK6,5.0
3038522,CLK3,5.180456064458132
42642645,AMPK-alpha1,6.136677139879544
10127622,ADCK3,5.0
3038522,FRK,5.0
10427712,OSR1,5.6020599913279625
16722836,CDKL2,5.886056647693163
176155,ALK,5.0
51004351,CDK3,5.0
24180719,PLK3,5.0
5329102,CHEK2,8.0
4908365,FGR,6.657577319177793
9926791,CDK8,5.0
208908,CSNK1E,5.0
9809715,PCTK1,7.67778070526608
17755052,HIPK2,6.2839966563652006
9926791,CSNK2A2,5.0
17755052,FLT3(R834Q),5.0
9809715,ARK5,6.795880017344075
25243800,PCTK2,5.0
11626560,EGFR(L747T751del),5.0
11626560,FGFR1,5.0
3062316,MYO3A,5.0
44259,CDK8,6.292429823902063
16725726,DCAMKL1,5.619788758288394
151194,MLK2,5.0
11984591,GCN2(KinDom2S808G),8.481486060122112
51004351,ABL1(Q252H)p,5.0
11427553,FAK,5.6777807052660805
4908365,PIK3CD,5.0
5291,GRK1,5.0
16007391,FES,5.0
10074640,BMPR1B,5.0
4908365,MAP3K1,5.0
11984591,MEK3,7.0
16038120,FYN,5.853871964321762
11314340,PRKCQ,7.920818753952375
216239,EPHA8,5.619788758288394
25127112,MKNK2,6.698970004336019
176167,BMX,5.0
176155,EGFR(G719S),5.886056647693163
24180719,PIK3CA(E545A),5.0
153999,CAMKK1,5.301029995663981
3025986,PKMYT1,5.0
5329102,FYN,6.2839966563652006
447077,HUNK,5.0
11364421,MAP4K4,5.0
44259,PRKCE,9.602059991327964
176870,DAPK2,5.0
9933475,ERBB2,5.522878745280337
126565,PIK3CD,5.3979400086720375
11314340,EPHB2,5.0
11712649,EPHA2,6.431798275933005
10113978,GSK3A,5.0
24180719,LIMK2,6.2076083105017466
5494449,PFCDPK1(Pfalciparum),5.0
44259,NDR1,7.251811972993799
9926791,MINK,5.0
10074640,DAPK3,5.0
644241,EPHA8,7.431798275933005
11427553,BIKE,8.017728766960431
5328940,MAP4K5,9.30102999566398
5494449,DAPK3,5.00436480540245
11234052,DMPK2,5.0
9926054,ERK8,5.346787486224656
156422,CDK4-cyclinD3,5.0
644241,PDGFRA,6.744727494896694
16038120,CSNK1G1,5.0
176155,AKT3,5.0
10127622,ABL1(E255K),5.0
11717001,KIT(D816H),5.0
5494449,PAK7,5.481486060122113
25127112,PIP5K2C,5.0
16725726,BRAF(V600E),5.0
3025986,PIP5K2B,5.0
16038120,MET(M1250T),7.1938200260161125
156422,DRAK2,5.0
10461815,LIMK2,5.0
644241,PIK4CB,5.0
5291,PFPK5(Pfalciparum),5.0
11234052,PRKD3,5.0
9926054,CDK7,6.167491087293763
24779724,MST1,5.0
24779724,DYRK1B,5.744727494896694
9926791,MAP4K4,5.0
3038525,EPHA8,5.0
3062316,MLCK,5.0
5287969,MST2,5.026872146400302
9884685,PDGFRA,5.0
9809715,PFPK5(Pfalciparum),5.0
9809715,EGFR(E746A750del),5.0
10074640,FES,5.0
5329102,MTOR,5.0
9809715,MAP4K3,6.537602002101044
25243800,ABL1(T315I),6.0
24779724,CSNK2A2,5.0
5291,PKAC-beta,5.0
24180719,CSNK1E,5.0
25243800,DYRK2,7.229147988357856
5329102,ABL1,6.568636235841013
156414,GRK7,5.0
11338033,HIPK3,5.0
16725726,FGR,5.0
5329102,ERK8,5.0
156422,PFCDPK1(Pfalciparum),5.0
16725726,HIPK2,6.4089353929735005
11234052,ERK4,5.0
11617559,CASK,5.0
6450551,MAPKAPK2,5.0
5329102,DYRK2,6.167491087293763
447077,MAP3K2,6.200659450546419
3025986,EPHA2,5.0
9926791,PFPK5(Pfalciparum),5.0
51004351,FLT3(ITD),7.958607314841775
153999,GSK3B,5.585026652029182
11617559,MYLK2,5.0
10074640,LYN,7.214670164989233
156422,DAPK3,5.0
9915743,ERK2,5.0
10138260,NEK9,5.0
25243800,MELK,6.769551078621726
3038525,IGF1R,5.0
156414,GSK3B,5.0
5328940,ABL1(H396P),10.207608310501746
644241,PRP4,5.0
11314340,MYLK,6.060480747381382
16722836,MAP3K15,5.0
51004351,HPK1,5.6777807052660805
216239,CSNK1G3,5.0
6450551,FLT3(R834Q),5.619788758288394
9926791,ERBB2,5.0
16725726,NEK2,5.0
5494449,MST2,6.292429823902063
644241,CSK,5.619788758288394
10127622,MERTK,5.0
156422,EPHA4,5.537602002101044
10127622,CAMK2A,5.0
5328940,CHEK2,6.920818753952375
6918454,NEK4,5.0
16722836,PIK3CA(H1047L),5.4089353929735005
6918454,PCTK1,5.0
9926791,CDC2L2,5.0
11712649,HUNK,5.0
44150621,PIK3C2G,5.0
4908365,MET,6.173925197299174
5494449,PDGFRB,6.508638306165728
10113978,CSK,5.0
42642645,PDGFRA,8.346787486224656
176167,PAK1,5.0
10127622,PKAC-beta,5.0
44259,CIT,6.468521082957745
5329102,ASK1,5.0
10127622,CDK4-cyclinD3,5.0
3038525,GRK4,5.0
151194,BMPR1A,5.0
3025986,EGFR(E746A750del),5.0
123631,CDK4-cyclinD1,5.0
10113978,PIK4CB,6.017728766960432
16007391,IGF1R,5.0
3062316,CDK5,5.0
156414,ERK5,5.0
176155,ABL1(H396P),5.585026652029182
11667893,MLK3,5.0
3038522,LIMK1,5.0
156422,IKK-epsilon,5.0
10127622,INSR,5.0
156414,PCTK1,5.0
6918454,MYLK4,5.0
5494449,PIK3CB,5.0
5494449,MAST1,5.0
11712649,MAP4K5,5.0
17755052,PIK3CA(H1047L),8.431798275933005
3038525,ERK1,5.0
9929127,DCAMKL1,5.0
42642645,FLT3,9.045757490560677
4908365,MST1R,5.0
11485656,PIP5K1C,5.0
10074640,PIP5K1C,5.0
3025986,CSNK2A1,5.0
16725726,LCK,5.0
10461815,MEK6,5.0
5328940,MAP3K15,5.0
5328940,FYN,7.958607314841775
9926054,HIPK3,5.0
9809715,ABL2,5.698970004336019
11617559,MEK3,5.0
156414,BRAF(V600E),5.0
151194,PRKX,5.0
16038120,PHKG1,7.769551078621726
10138260,ABL1(H396P)p,6.251811972993799
11485656,PRKCI,5.0
11667893,PLK3,5.0
9933475,ICK,5.0
10074640,ACVR2A,5.0
10138260,CDKL1,5.0
24180719,AAK1,5.0
11234052,GSK3A,5.0
176155,p38-alpha,7.920818753952375
10461815,MARK2,5.443697499232713
11409972,ABL1(Q252H),9.031517051446064
24779724,GRK7,5.0
156422,CAMK4,5.0
176870,CLK1,5.0
11656518,MET,5.2076083105017466
176167,PRKD2,5.0
126565,FYN,7.075720713938118
5287969,MTOR,5.0
24889392,PRKCI,5.0
10427712,BMPR1A,5.0
5329102,CSNK2A1,6.045757490560675
11485656,PIK3CA(I800L),5.0
9915743,CAMK2D,5.0
17755052,DYRK1B,5.42021640338319
123631,ICK,5.0
25127112,PRKX,5.0
9809715,ERK5,5.6020599913279625
176870,CDKL3,5.0
11409972,AMPK-alpha2,5.0
11485656,FGFR3,5.0
9884685,EGFR(L861Q),5.0
24779724,MET(Y1235D),8.4089353929735
11234052,CLK2,5.0
3038522,CIT,5.0
11314340,ACVR1B,5.0
11984591,MKNK2,6.886056647693163
10138260,MAP3K1,5.0
3081361,PIK3C2B,5.0
9929127,GSK3A,5.0
25127112,AXL,5.0
11409972,DDR1,9.161150909262744
11427553,FGFR1,6.431798275933005
3025986,MST1,5.0
4908365,EGFR(L747T751del),5.0
3025986,PIK3CA(H1047Y),5.0
11667893,NEK2,5.0
11656518,p38-delta,5.0
11314340,CSNK1A1L,5.337242168318426
3038525,ERK8,5.0
16722836,FLT3(K663Q),7.886056647693163
208908,PAK3,5.0
11626560,DLK,6.769551078621726
176870,LYN,6.275724130399211
9933475,FER,5.0
176167,PIK3CA,5.0
9926054,ICK,5.0
42642645,AURKA,6.356547323513813
11409972,PAK2,5.0
24180719,GCN2(KinDom2S808G),5.886056647693163
5328940,ABL1,9.920818753952377
24779724,CSNK1E,5.0
10113978,MLK3,6.130768280269024
10184653,CDK9,5.0
9933475,DCAMKL1,5.0
11667893,FLT3(D835H),5.346787486224656
25127112,ADCK3,5.0
11617559,PLK2,5.0
11656518,HUNK,5.0
16725726,CLK2,6.136677139879544
11712649,CSNK1G1,5.0
10461815,ADCK3,5.0
156422,ABL1(E255K),5.0
447077,PKNB(Mtuberculosis),5.0
10127622,CSNK2A1,5.0
447077,FGFR4,6.309803919971486
11656518,DAPK1,5.0
11485656,HIPK1,5.0
5328940,PIP5K2C,5.0
10427712,EPHB2,5.0
4908365,ERK5,5.0
11427553,ABL1(F317I)p,6.275724130399211
9929127,EIF2AK1,5.0
17755052,CDK7,5.0
10127622,PCTK1,5.0
176870,NDR2,5.0
5329102,MARK3,6.3872161432802645
151194,ABL1(F317I),5.0
644241,ANKK1,5.0
24180719,EPHA4,5.0
10074640,PIK3CD,5.0
176155,MLCK,5.0
9809715,JNK3,6.568636235841013
216239,CSNK2A2,5.0
10127622,MEK1,7.00436480540245
11626560,MEK3,5.481486060122113
9915743,PIP5K2C,5.0
3038522,CDK9,5.0
3038525,CAMK1,5.0
9929127,LYN,5.0
11667893,FLT4,8.013228265733755
9929127,PAK1,5.0
9915743,ERK5,5.0
5328940,PKMYT1,6.455931955649724
11667893,LRRK2,5.0
25127112,CSNK1A1L,5.0
11234052,PHKG1,5.0
11364421,EPHB6,5.0
51004351,PRKD3,5.494850021680094
11626560,LTK,7.920818753952375
10184653,MST1,5.0
126565,PKAC-alpha,6.657577319177793
176167,MTOR,5.0
123631,CAMKK2,5.0
44150621,ABL1(E255K),7.1249387366083
5328940,CSF1R,6.42021640338319
176155,PIM3,5.0
10074640,NDR2,5.0
11984591,CHEK1,5.6020599913279625
25243800,CHEK1,5.0
10427712,NEK5,5.0
42642645,DDR2,8.443697499232712
44259,MLK3,7.698970004336019
11617559,PIK3C2B,5.0
24779724,CSNK1D,5.0
10138260,FAK,5.920818753952375
24889392,FLT4,7.387216143280264
176870,p38-delta,5.0
156414,PIK3CA(M1043I),5.0
4908365,ABL1,6.173925197299174
10074640,PIK3CA(H1047Y),5.0
447077,PDGFRB,8.853871964321762
11427553,CSNK2A2,6.638272163982407
44150621,PKAC-beta,5.0
11338033,PDPK1,5.0
10113978,PIP5K1C,5.721246399047171
9929127,BRSK1,5.0
25127112,PHKG2,6.0
11984591,FER,6.886056647693163
153999,DAPK3,5.096910013008056
11338033,DAPK3,5.0
11626560,GCN2(KinDom2S808G),5.0
3038522,ABL1(Q252H)p,5.0
156422,FLT1,6.3872161432802645
11485656,LZK,5.0
3062316,IRAK4,5.0
176167,KIT(D816V),5.958607314841775
3038522,PLK4,5.119186407719209
10184653,CLK3,5.0
644241,FER,5.0
5287969,EGFR(L858RT790M),6.1249387366083
11984591,PIP5K2C,6.920818753952375
11485656,ABL1(H396P),5.0
25127112,PFPK5(Pfalciparum),5.0
6918454,MLK1,5.0
10461815,DYRK2,5.0
9926791,DAPK3,5.0
9884685,ABL1,5.0
644241,DDR2,7.481486060122113
216239,PFTAIRE2,5.537602002101044
3062316,PHKG2,5.0
11712649,IKK-epsilon,5.0
11427553,ERK4,5.0
24779724,CLK3,5.0
44150621,PKNB(Mtuberculosis),6.522878745280337
11338033,PLK1,5.0
11667893,PRKG1,5.0
42642645,PFTAIRE2,7.494850021680094
126565,PFTK1,6.142667503568732
16038120,PIK3CA(E545K),5.0
216239,MAPKAPK2,5.0
11427553,AKT2,5.0
11667893,PKMYT1,5.0
9884685,CAMK1D,5.0
42642645,EPHB1,7.920818753952375
11338033,PIM2,5.0
151194,EPHA5,5.0
10427712,ERK2,5.0
11485656,CSNK1A1L,5.0
51004351,MET,6.161150909262744
9926054,FGFR1,5.0
5328940,PRP4,5.0
4908365,AMPK-alpha1,6.698970004336019
10138260,MYO3A,5.853871964321762
11712649,MAP3K1,5.0
10074640,p38-gamma,5.0
10461815,FLT3,6.6020599913279625
3081361,ABL1(M351T),7.823908740944319
9884685,ARK5,5.0
11717001,ACVR1,5.0
5494449,HCK,5.2076083105017466
11667893,MLK2,5.0
156414,JNK3,5.259637310505756
10074640,MAP3K3,5.0
44259,KIT(V559D-V654A),7.42021640338319
9915743,PFPK5(Pfalciparum),5.0
16038120,ANKK1,5.026872146400302
176167,PRKG2,6.769551078621726
11717001,FLT4,5.0
176167,EGFR(S752I759del),5.0
11485656,ADCK3,5.0
16007391,PIK3CB,5.0
176155,CDC2L1,5.0
11717001,EGFR(S752I759del),5.0
151194,JAK1(JH2domain-pseudokinase),5.0
151194,ACVR1B,5.0
42642645,ABL1(F317I)p,6.6020599913279625
16725726,CSNK2A1,5.0
5291,PIK3CA(H1047Y),5.0
9926054,PIK3CA(E542K),5.0
24180719,MRCKA,5.0
11427553,DYRK1A,6.744727494896694
3062316,CDKL5,5.0
11617559,MELK,5.0
126565,MYLK2,7.251811972993799
16725726,NEK5,5.0
9809715,CTK,5.0
44150621,ACVR1,5.0
5328940,MYO3B,5.638272163982407
10427712,FER,5.0
5494449,PIK3CA(M1043I),5.0
10427712,HIPK4,5.0
9926791,MET,5.0
11409972,LCK,7.958607314841775
10074640,ABL1(F317L)p,6.958607314841775
10427712,PIM3,5.0
11314340,AMPK-alpha1,5.0
11364421,HPK1,5.0
16007391,ANKK1,5.823908740944319
11314340,MAP3K2,5.0
11427553,PRKCD,5.0
11485656,AMPK-alpha2,5.0
3038522,ABL1,5.0
9809715,EGFR(L747E749del),5.0
9926791,LYN,5.0
153999,LZK,5.0
156422,PIK3C2B,5.0
10138260,CDK5,5.0
3038525,MTOR,5.0
11234052,MAPKAPK5,5.0
10184653,MKNK1,5.744727494896694
11667893,FLT3(D835Y),5.022276394711152
44150621,MYLK,5.455931955649724
11427553,CSK,5.356547323513813
17755052,FLT3(ITD),5.657577319177793
11712649,AXL,6.356547323513813
644241,PIP5K1C,5.0
11626560,MST1R,7.602059991327962
11717001,ADCK4,5.0
10461815,PIK3CA,5.0
11656518,MAK,5.0
3062316,AXL,5.0
16038120,CDK9,5.0
176870,PLK3,5.0
10074640,ACVRL1,5.0
156414,DRAK2,5.136677139879544
153999,MEK1,5.0
176167,DCAMKL3,5.0
6918454,MET(Y1235D),5.0
216239,PIK4CB,5.0
176167,ABL1(F317L)p,5.0
9929127,CLK2,5.638272163982407
9915743,MEK3,5.0
10074640,ABL1(F317L),8.0
24779724,KIT(A829P),5.0
42642645,EGFR(L858R),6.721246399047171
9809715,KIT(D816H),6.508638306165728
156422,LZK,5.0
16725726,CDC2L2,5.0
25127112,ERBB3,5.0
44259,DMPK2,7.431798275933005
11314340,PFTAIRE2,5.6777807052660805
447077,ACVRL1,7.161150909262744
11626560,ABL1(F317I)p,5.494850021680094
10184653,PIK3CA(H1047Y),5.0
5494449,KIT(V559D),6.619788758288394
10127622,ANKK1,5.0
9809715,PRKD1,6.00436480540245
42642645,ERK5,5.0
16038120,FLT1,6.259637310505756
10184653,PRKX,5.0
3038522,ABL1(T315I)p,5.0
16038120,FGFR2,6.6020599913279625
151194,PDGFRB,7.602059991327962
11485656,p38-delta,5.0
644241,IGF1R,5.0
11485656,AKT1,5.0
10074640,MEK6,5.0
126565,CLK1,8.017728766960431
24889392,DAPK1,5.0
11667893,CLK1,5.0
3038525,CAMK1G,5.0
9933475,MRCKB,5.0
176870,BRSK1,5.0
11667893,LATS2,5.0
176167,EPHA7,5.0
3081361,AKT2,5.0
156414,IGF1R,5.0
5494449,FES,5.130768280269024
11314340,LIMK2,5.0
11409972,MYLK4,5.0
11364421,IRAK1,5.721246399047171
10138260,MYLK,6.443697499232713
9933475,PRKCI,5.0
24889392,ACVRL1,5.0
11667893,PIM2,5.0
9926054,MARK4,5.0
51004351,PRKG1,6.6020599913279625
24779724,DAPK2,5.0
25243800,MARK1,5.0
5287969,EPHA4,5.0
4908365,LIMK1,5.0
156414,ABL1(E255K),7.522878745280337
11338033,PIP5K2B,5.0
6450551,PIK4CB,5.0
11338033,PCTK3,7.853871964321762
4908365,IGF1R,5.958607314841775
216239,MYLK2,5.267606240177032
9809715,PIK3C2G,5.0
11717001,MEK6,5.0
16725726,ERK5,5.0
10127622,BTK,5.0
11667893,ABL1(F317I),5.3979400086720375
11617559,CHEK1,5.0
9884685,ACVR1,5.0
11314340,p38-gamma,5.0
5329102,DMPK,5.0
4908365,GCN2(KinDom2S808G),7.091514981121351
9915743,AURKB,5.0
16038120,CSK,5.744727494896694
25127112,ERK3,5.0
9915743,MUSK,5.0
176155,PHKG2,5.0
3025986,NEK1,5.0
11338033,ABL1(T315I),5.0
11485656,ERBB2,5.0
216239,IKK-alpha,5.0
151194,EPHA6,5.0
11717001,MAPKAPK2,5.0
176870,ARK5,5.0
51004351,MAK,5.0
6918454,LIMK2,5.0
11427553,AURKA,6.187086643357144
11656518,CSNK1G2,5.0
44259,DYRK1A,8.397940008672037
25243800,EPHA5,5.508638306165728
16007391,FLT3(D835H),6.6777807052660805
5291,IRAK3,5.0
24180719,ABL1(M351T),5.585026652029182
123631,DYRK1B,5.0
17755052,MST2,5.0
10461815,EPHB1,5.0
44259,CSNK1D,5.619788758288394
176870,EGFR(L747S752del),9.327902142064282
208908,EIF2AK1,5.0
44259,JAK2(JH1domain-catalytic),8.008773924307505
9926054,EGFR(S752I759del),5.0
9933475,PIK3CB,5.0
9929127,ACVRL1,5.0
25127112,AURKC,5.060480747381382
10138260,EGFR(G719C),5.045757490560675
176870,FLT1,5.356547323513813
176870,FLT3(D835H),6.455931955649724
156422,p38-gamma,8.537602002101044
5328940,HPK1,7.823908740944319
10427712,EGFR(E746A750del),5.3872161432802645
208908,CAMK2G,5.0
17755052,PCTK3,5.337242168318426
11984591,MYO3A,5.0
4908365,PRKD1,6.376750709602099
208908,MAP4K2,5.0
5291,DMPK,5.0
24889392,PLK4,5.0
3038522,CSNK1D,5.0
10074640,MAP3K1,5.0
126565,EGFR(L747E749del),6.494850021680094
4908365,PRKCH,5.0
153999,ABL1(H396P),5.0
10427712,PIK3CA(E545A),7.080921907623926
9809715,CIT,5.0
16722836,p38-beta,5.0
24779724,LKB1,5.0
5287969,PFPK5(Pfalciparum),5.481486060122113
24889392,NEK1,5.0
153999,ABL1(F317I),5.0
44259,MST4,6.853871964321762
11667893,JAK1(JH2domain-pseudokinase),5.0
11626560,ERK1,5.0
10074640,CHEK2,5.0
16722836,BMPR2,5.537602002101044
42642645,MAP4K4,6.721246399047171
216239,PIM3,5.0
11485656,EGFR(L861Q),5.0
11409972,FLT3(D835H),8.309803919971486
6450551,ADCK4,5.0
5287969,FLT3(ITD),5.337242168318426
16007391,CLK4,5.0
123631,CSF1R,5.0
5328940,PAK2,5.721246399047171
3025986,FLT3(D835Y),5.522878745280337
216239,MEK6,5.0
25127112,PIK3CG,5.0
10427712,MAP4K2,5.0
11617559,EIF2AK1,5.0
11314340,IGF1R,5.0
5328940,PRKD2,5.0
24779724,PRKD1,5.0
11364421,CSNK1A1L,5.0
9926791,KIT,5.0
24180719,EPHB3,5.0
10074640,DCAMKL3,5.0
9809715,MARK1,5.853871964321762
44259,PIK3CA(M1043I),5.0
10461815,CDK4-cyclinD1,5.6020599913279625
3038525,ACVR1B,5.0
24779724,GCN2(KinDom2S808G),5.0
6918454,EGFR(L858R),5.0
5287969,AAK1,5.275724130399211
11485656,EGFR(G719S),5.0
16725726,IKK-alpha,5.0
24779724,PRKCE,5.0
11984591,ABL1,6.275724130399211
9929127,PRKCD,5.0
24779724,CAMK1G,5.0
3038525,AMPK-alpha1,5.0
123631,IKK-beta,5.0
447077,ABL1(H396P),9.200659450546418
24779724,BRSK1,5.0
126565,LRRK2(G2019S),8.602059991327963
11364421,CAMKK1,7.657577319177794
11626560,PAK2,5.0
6918454,PIK3CA(H1047L),5.0
11409972,ABL2,8.468521082957745
10461815,FYN,5.0
25243800,ERBB2,5.537602002101044
123631,CDKL2,5.0
6450551,GCN2(KinDom2S808G),5.0
123631,PIP5K1A,5.0
16722836,ABL1(F317L)p,6.744727494896694
9926791,NIM1,5.0
9929127,ACVR2A,5.0
3038525,HIPK1,5.0
5494449,LKB1,5.886056647693163
4908365,LIMK2,5.0
10184653,MEK4,5.0
9884685,MST1,5.0
3025986,LIMK2,5.0
176167,MYLK4,6.638272163982407
9915743,MAP3K3,6.886056647693163
3038525,CDK4-cyclinD3,5.0
9929127,LCK,5.0
16722836,MEK3,5.455931955649724
5291,MYO3B,5.0
11409972,MST3,5.886056647693163
208908,KIT(D816H),5.0
447077,LRRK2,5.1249387366083
11409972,ADCK4,5.0
44259,HUNK,6.2076083105017466
11667893,CLK3,5.0
126565,LTK,6.309803919971486
44150621,PRKD2,5.0
3081361,PKN1,5.0
17755052,AKT3,5.0
176155,EPHA4,5.0
44259,PIP5K2C,5.0
9929127,HIPK2,5.0
51004351,ACVRL1,5.0
16725726,ITK,5.0
10074640,PKAC-alpha,5.0
51004351,EPHB6,5.508638306165728
10074640,PRP4,5.0
11234052,BMPR1B,5.0
176155,PDGFRA,5.0
11338033,ABL1(F317I),5.0
6918454,CDK9,5.0
11656518,DDR2,6.017728766960432
11338033,ERN1,5.0
5287969,EPHA3,5.481486060122113
6918454,KIT(V559D-T670I),5.0
6450551,CAMKK1,5.853871964321762
216239,MAP3K2,5.0
9915743,DYRK1A,5.0
11712649,EGFR(L747E749del),5.0
216239,MST3,5.0
10113978,PAK7,5.0
16725726,ERK2,5.0
11712649,DAPK1,5.0
24779724,ASK2,5.0
3081361,NDR1,5.0
11656518,MEK3,5.0
44259,MAP3K1,6.455931955649724
5494449,PCTK2,5.251811972993799
6450551,PRKD1,5.0
6918454,p38-alpha,5.0
11338033,ABL1(Q252H)p,5.0
16722836,CHEK2,5.0
5287969,ERBB4,5.301029995663981
24889392,MAP3K1,5.0
11485656,MKNK1,5.309803919971486
44150621,PAK2,5.0
644241,ABL1(H396P),8.309803919971486
11427553,PKAC-alpha,5.0
11717001,PIP5K2B,5.0
5329102,PFPK5(Pfalciparum),5.0
153999,EGFR(S752I759del),5.0
25127112,MLCK,5.0
10427712,EPHA1,5.0
42642645,ACVR2B,5.0
11409972,ABL1(F317L),9.113509274827518
11717001,BRSK2,5.0
9884685,EPHB3,5.0
3081361,FLT3(D835Y),6.080921907623926
9809715,INSRR,7.67778070526608
176167,EGFR(L747T751del),5.0
51004351,MAPKAPK5,5.0
10113978,PIM3,5.0
11314340,CTK,5.0
5329102,PLK2,5.327902142064283
9884685,EGFR(E746A750del),5.0
44150621,EGFR,5.0
9929127,PIK4CB,6.568636235841013
3081361,FRK,6.769551078621726
11234052,PRKCE,5.0
11656518,FRK,6.229147988357856
11712649,MET,5.0
16725726,BRSK1,5.0
9809715,CDC2L1,5.0
5287969,MLK3,5.0
44150621,ABL1(F317I)p,5.346787486224656
156414,PIK3C2G,5.0
3038522,MST3,5.0
156414,EGFR(L858RT790M),9.55284196865778
11717001,JAK3(JH1domain-catalytic),5.0
11485656,ABL1(M351T),5.0
156414,DAPK1,5.0
10461815,EPHA2,5.0
11338033,EPHA1,5.0
10427712,KIT(L576P),5.0
153999,CHEK1,6.267606240177032
11485656,CAMK1G,5.0
16722836,p38-gamma,5.0
16007391,CDK4-cyclinD3,5.0
9884685,PFTAIRE2,5.0
176167,CSNK1E,5.0
51004351,PHKG2,5.853871964321762
10127622,PAK1,5.0
11667893,ADCK3,5.0
11667893,PIK3CA(E542K),5.0
16007391,CLK3,5.0
16038120,PFTK1,5.0
3038522,ADCK4,5.0
5328940,NEK9,5.0
176167,MET(Y1235D),5.075720713938119
11485656,PIK3CA(H1047Y),5.0
11984591,MERTK,6.769551078621726
5291,NDR2,5.0
10184653,JAK2(JH1domain-catalytic),5.0
6918454,EPHA7,5.0
11234052,EPHB6,5.853871964321762
10138260,PIK3CA(Q546K),5.0
3081361,NEK5,5.0
17755052,KIT(D816H),5.0
644241,PIK3CG,5.0
24180719,ABL1(T315I)p,5.0
176167,MARK1,5.0
11626560,EGFR(L861Q),5.568636235841013
11626560,FAK,6.508638306165728
24180719,NEK4,5.0
6450551,PRKCH,5.0
9884685,ABL1(M351T),5.0
16038120,FER,8.853871964321762
11617559,JAK2(JH1domain-catalytic),5.0
11717001,CAMK2B,5.0
3025986,MEK2,5.0
9926054,IGF1R,5.0
10074640,EGFR(G719S),5.0
44150621,ERBB4,5.0
5494449,EGFR(G719C),5.0
11234052,BRK,5.0
176870,MEK5,7.017728766960432
156422,CDKL2,5.0
126565,LATS2,9.0
3025986,IRAK4,5.0
9926054,MRCKB,5.0
5494449,EPHB6,7.552841968657781
11338033,PIP5K2C,5.0
153999,CAMK1G,5.0
11427553,JAK1(JH2domain-pseudokinase),6.721246399047171
447077,CSNK2A2,5.0
11427553,JAK3(JH1domain-catalytic),7.4089353929735005
16007391,CSNK2A1,5.0
208908,FAK,5.0
42642645,ICK,5.0
9933475,CAMKK1,5.0
11314340,CDK3,5.568636235841013
11364421,ADCK3,5.0
10184653,AMPK-alpha1,5.0
10184653,ERN1,5.0
11409972,ABL1(H396P)p,7.508638306165728
3025986,MAP3K4,5.0
24779724,PDGFRB,5.0
126565,MELK,7.585026652029182
16722836,ABL1(T315I),6.619788758288394
644241,ERK4,5.0
11656518,CDK9,5.0
3025986,PRP4,5.0
11717001,MAP4K5,5.0
11409972,DRAK2,5.0
9929127,MAP4K3,5.0
10184653,ALK,5.0
10184653,BRAF,5.0
5329102,MST3,7.200659450546419
11984591,CSNK1G3,5.0
9926054,PLK3,5.0
176167,CDC2L2,5.0
11667893,MARK3,5.0
11427553,KIT(V559D-T670I),7.920818753952375
11485656,MARK2,5.0
9933475,EPHA4,5.0
25243800,PIK3CA(Q546K),6.853871964321762
156414,p38-delta,5.0
24889392,MARK4,5.0
10074640,PIK4CB,5.0
3062316,ACVR2A,6.6777807052660805
24180719,PIP5K2B,5.0
11712649,CDK9,5.0
123631,MRCKA,5.0
11626560,HIPK3,5.0
123631,PFPK5(Pfalciparum),5.0
3062316,EPHA5,9.619788758288394
3062316,CDK7,5.0
10427712,EPHB4,5.0
176167,CLK4,5.795880017344075
11314340,ASK2,5.0
5287969,PIK3CG,5.0
16725726,FLT3,5.0
216239,EPHA6,6.431798275933005
156422,DCAMKL1,5.0
11626560,MET(M1250T),9.259637310505756
6450551,MARK3,5.0
25243800,MKNK2,6.086186147616283
24889392,MAP3K2,5.0
24779724,HIPK4,5.0
447077,PIM2,5.0
156422,EGFR(L747T751del),5.167491087293763
10113978,PIP5K2C,6.552841968657781
10127622,PIK3CA(E545K),5.0
11717001,ARK5,5.0
9809715,CDC2L2,5.0
5329102,ABL1(Q252H),6.619788758288394
644241,CAMK1D,5.0
123631,LATS1,5.0
11617559,MEK1,5.0
6918454,NIM1,5.0
9809715,ACVR1B,5.309803919971486
10184653,p38-beta,5.0
11712649,PFPK5(Pfalciparum),5.0
51004351,PLK2,5.0
44259,ITK,7.721246399047171
9884685,NEK5,5.0
11667893,EGFR(T790M),5.0
5494449,CDK4-cyclinD1,5.0
176870,AURKC,6.221848749616356
3025986,MKNK1,5.42021640338319
16722836,DAPK1,7.795880017344075
17755052,PRKCE,5.0
16038120,CLK4,6.958607314841775
6450551,BRAF(V600E),5.0
17755052,EGFR(L747T751del),5.0
24889392,CHEK2,5.0
3081361,MYLK2,5.0
11338033,MKNK1,5.0
44259,PIK3CG,5.744727494896694
11712649,PDGFRA,5.0
51004351,CSNK2A2,5.0
24779724,EIF2AK1,5.0
5329102,PIP5K1A,5.267606240177032
10184653,ASK1,5.0
9933475,BMPR1A,5.0
11338033,EPHA7,5.0
3038525,JNK2,5.0
11656518,CDKL5,5.0
156422,PIK3CA,5.0
44259,PRKG2,7.795880017344075
25243800,MST3,5.0
176167,MRCKA,5.0
9926054,PRKR,5.0
11314340,MYO3B,5.0
51004351,DAPK3,5.744727494896694
44150621,ADCK4,5.0
156422,PDPK1,5.0
44259,FGFR3,7.055517327849832
123631,PIK3C2B,5.0
11717001,HIPK1,5.0
11409972,ADCK3,5.0
10113978,LRRK2,5.0
6918454,MELK,5.0
16007391,ADCK4,5.0
5328940,MST4,7.431798275933005
10074640,AKT1,5.0
11485656,MAK,5.0
11409972,BIKE,5.0
447077,MLK3,6.259637310505756
9933475,MTOR,5.0
9926054,CDC2L1,6.376750709602099
10127622,CSNK1E,5.0
11234052,p38-beta,5.0
11667893,PRKD3,5.0
16722836,MST1R,5.0
156422,ERK4,5.0
5291,CDC2L1,5.0
11667893,EPHB6,5.0
9809715,ERK2,5.0
9933475,MKNK1,5.0
5329102,MRCKA,5.0
9929127,CAMK2B,5.0
6918454,PRKG2,5.0
9809715,PFTK1,6.327902142064283
10427712,AXL,5.0
9926054,PIP5K2B,5.0
17755052,ERBB3,5.0
3025986,ASK1,5.0
11485656,PCTK3,5.0
11656518,CDK8,5.0
10427712,ADCK4,5.853871964321762
3025986,CAMK2A,5.0
11338033,PAK6,5.0
10127622,PIM1,5.0
11364421,MYLK2,5.0
11314340,CSNK1G1,6.275724130399211
9929127,ADCK3,5.0
11712649,PIP5K1C,5.0
42642645,PIK3CA(C420R),5.0
11626560,ACVR1B,6.0655015487564325
11626560,PLK2,5.0
4908365,EGFR(T790M),5.958607314841775
176870,NEK6,5.0
9809715,CSNK1A1,5.0
11712649,p38-gamma,5.0
24180719,ABL1(H396P)p,5.301029995663981
10074640,DMPK,5.0
10138260,PKNB(Mtuberculosis),6.494850021680094
11667893,ACVRL1,5.0
644241,ACVR2B,5.0
11485656,PCTK2,5.0
644241,CSF1R,7.346787486224656
4908365,LZK,6.6777807052660805
3038525,MAP4K2,5.0
156414,CSNK1A1,5.0
51004351,DCAMKL3,5.0
51004351,DMPK2,5.0
126565,EGFR,5.958607314841775
216239,PKAC-alpha,5.0
5329102,CSNK1D,7.823908740944319
10138260,PIK3CB,5.0
126565,CSNK1A1,5.0
176870,CDK4-cyclinD1,5.0
126565,CLK3,5.0
11485656,IRAK3,5.0
16038120,ABL2,6.42021640338319
126565,EGFR(G719S),5.958607314841775
11656518,MAPKAPK5,5.0
16038120,PLK2,5.920818753952375
151194,CAMK1,5.0
9926054,PIK3CA(M1043I),5.0
9809715,EPHB4,5.958607314841775
156422,ABL1(F317I)p,5.0
25127112,ABL1(F317L)p,5.657577319177793
6918454,PIK3CA(E545A),5.0
447077,FLT3(D835Y),5.508638306165728
11427553,PIP5K2B,7.026872146400302
3025986,FLT3(N841I),5.031517051446065
16725726,FAK,5.0
3025986,PIK4CB,5.0
9926054,CAMKK1,5.0
156422,MAST1,5.0
176167,PCTK3,5.0
10127622,CLK3,5.0
16038120,NEK6,5.886056647693163
10184653,ABL1(F317I)p,6.1249387366083
126565,IRAK1,8.214670164989233
3062316,PRKD1,5.0
16038120,ABL1(Y253F),7.0
11427553,ABL1,7.200659450546419
16722836,PIK3C2B,5.0
123631,JAK2(JH1domain-catalytic),5.0
24180719,CDC2L5,5.0
9926791,MAP3K1,5.0
3025986,BTK,5.0
11485656,MAPKAPK2,5.0
156414,GSK3A,5.0
10184653,FLT3(N841I),5.2076083105017466
11364421,FLT3,5.0
644241,FLT3(D835H),5.0
6450551,ABL1(F317L)p,6.481486060122113
17755052,PIK3CA(C420R),8.823908740944319
3038525,HIPK4,5.0
3062316,ICK,5.0
10074640,MEK2,5.0
44259,HIPK1,5.568636235841013
44259,DAPK2,8.795880017344075
176167,AMPK-alpha2,5.301029995663981
5291,CSK,5.0
6450551,KIT(L576P),8.769551078621726
11984591,CDK11,5.0
176155,p38-delta,5.0
5328940,ERK4,5.0
10113978,PIK3CA(E545A),5.0
3025986,EPHB2,5.0
11314340,EPHA5,5.0
3038525,PKN2,5.0
11984591,FGFR3,7.251811972993799
10074640,EGFR(L747S752del),5.0
9884685,DAPK2,5.568636235841013
9933475,FLT3(D835H),5.0
25127112,PIK3CA,5.0
24779724,CDK8,5.0
156422,EGFR,5.154901959985743
176155,MUSK,5.0
176155,ERBB4,5.318758762624413
10127622,FGFR3,5.0
9929127,PIP5K2B,5.0
5291,PRP4,5.0
11314340,GCN2(KinDom2S808G),5.0
3081361,p38-delta,5.0
11427553,CDK4-cyclinD1,6.086186147616283
10427712,CSNK1D,5.886056647693163
10127622,CDC2L1,5.0
25243800,PRKCI,5.0
216239,JNK2,5.130768280269024
11626560,MARK1,5.0
11717001,CAMKK1,5.0
216239,BMPR1B,5.0
9933475,PIK3C2B,5.0
16038120,PIP5K2B,5.0
44150621,EPHB4,5.0
24779724,ACVR1,5.0
11617559,MEK4,5.0
11667893,ERBB2,5.0
24180719,HUNK,5.0
9933475,CAMK2A,5.0
10184653,EGFR(T790M),9.214670164989233
11338033,DMPK,5.958607314841775
11717001,CDK8,5.0
151194,CDC2L2,5.0
11656518,EGFR(L861Q),5.0
42642645,ALK,7.161150909262744
24779724,PRP4,5.0
156422,MST3,5.0
10113978,IKK-beta,5.0
9915743,MAP4K4,6.481486060122113
6918454,ABL1(T315I)p,5.0
11364421,ACVRL1,5.0
10138260,MARK2,6.356547323513813
156414,BMPR2,5.0
24180719,EGFR(L858RT790M),5.0
24180719,DAPK1,5.0
208908,IRAK4,5.0
11984591,PAK4,7.017728766960432
176155,NEK7,5.0
5328940,LKB1,5.0
9929127,CAMK2A,5.0
5494449,PKMYT1,5.0
10138260,AKT2,5.0
11667893,DCAMKL1,5.0
10113978,ABL1(F317L)p,5.568636235841013
3038525,PKAC-alpha,5.0
24889392,CSNK1G1,5.0
24889392,AAK1,5.0
9915743,PDGFRB,5.0
11338033,CSNK1G3,5.0
16725726,DMPK,5.0
6918454,PAK4,5.0
176870,MRCKA,5.0
11485656,NEK4,5.0
10184653,CSNK1A1,5.0
10184653,DCAMKL2,5.0
11712649,PIM3,5.0
11626560,CDK8,5.0
208908,KIT(L576P),5.0
447077,MEK3,5.2839966563652006
3081361,EPHA6,7.301029995663981
42642645,MET(Y1235D),9.086186147616283
9809715,CAMK2G,5.0
16038120,MAP3K1,5.366531544420414
10138260,CAMK2D,6.119186407719209
16722836,PIP5K1C,5.0
16722836,PKNB(Mtuberculosis),7.0
25243800,MKK7,5.0
5291,LZK,5.0
447077,PIM3,5.0
10074640,CDC2L2,5.0
644241,CAMKK1,5.0
10138260,LYN,6.091514981121351
151194,GSK3B,5.0
176870,ERK8,5.0
126565,EGFR(L858RT790M),8.10790539730952
11667893,CAMK2D,5.0
9933475,CSNK1E,5.552841968657781
51004351,PIP5K2C,5.0
11656518,BRAF,5.920818753952375
151194,BLK,5.0
16007391,MINK,5.0
11617559,CAMK2B,5.0
16038120,ERK1,6.366531544420414
51004351,NEK11,5.0
51004351,ABL1(F317L)p,5.0
9884685,HCK,5.0
11656518,DDR1,7.886056647693163
16725726,FLT3(D835Y),5.0
3062316,NEK11,6.327902142064283
24889392,MEK5,5.0
3081361,CDK11,5.0
151194,EGFR(L858R),5.0
11409972,NDR1,5.0
24180719,CDK9,5.0
10113978,PRKCQ,5.0
9915743,MAP3K4,7.4089353929735005
9933475,PIK3CA(Q546K),5.0
10427712,p38-beta,5.0
17755052,ARK5,5.0
156414,PAK2,5.0
3081361,PIK3CA(Q546K),5.0
11485656,MYLK,5.0
51004351,CHEK2,5.0
11717001,ABL1(Q252H),5.0
5329102,PIM1,5.0
176870,KIT(V559D-T670I),5.886056647693163
9884685,MYO3B,5.0
176155,ARK5,5.0
11427553,JNK2,6.638272163982407
44150621,LIMK1,5.0
176870,EPHB2,5.0
3038522,JNK3,5.0
11717001,PRKCI,5.0
10074640,MYO3B,5.0
11427553,CAMK2B,5.0
11626560,KIT(L576P),5.0
3081361,MST4,5.0
176167,NEK1,5.0
3038525,EPHB3,5.0
51004351,IKK-epsilon,6.795880017344075
9926791,PIK3CA(H1047L),5.0
25243800,ABL1(Y253F),6.455931955649724
9926791,ARK5,5.0
6918454,JAK2(JH1domain-catalytic),5.0
9926791,GSK3B,5.0
208908,ACVRL1,5.0
17755052,ABL1(F317L)p,5.0
9809715,PHKG2,6.585026652029182
3038525,NEK1,5.0
5287969,FGR,5.0
3038525,EGFR(T790M),5.0
16722836,JNK1,6.585026652029182
24889392,LIMK2,5.0
11712649,EPHB6,5.0
156414,PKAC-beta,5.0
24779724,IRAK1,5.0
126565,ABL1(F317L),5.119186407719209
11626560,LATS2,5.0
6918454,MYLK2,5.0
6918454,MINK,5.0
9929127,CSNK2A2,5.0
9933475,MLCK,5.0
10184653,EGFR(L747S752del),9.920818753952377
11667893,CAMK1D,5.0
9884685,CAMK2D,5.0
5329102,DLK,7.0
151194,BRSK1,5.0
644241,AAK1,5.0
24180719,ANKK1,5.0
11656518,PFTAIRE2,5.0
16722836,ERBB4,5.698970004336019
9809715,ICK,5.769551078621726
10127622,ASK1,5.0
51004351,BRSK1,5.920818753952375
9809715,DCAMKL3,6.113509274827519
11626560,ERN1,5.0
156414,ABL1(Q252H)p,7.657577319177794
11717001,ABL1(H396P)p,5.0
10127622,ABL1(H396P)p,5.0
126565,FAK,5.958607314841775
9926791,p38-gamma,5.0
10427712,CAMK2D,5.0
3025986,LKB1,5.0
176155,PCTK1,5.0
11485656,PIK3CA(C420R),5.0
126565,MAP3K1,5.356547323513813
4908365,DAPK3,5.327902142064283
3038522,BRSK1,5.0
644241,BRAF(V600E),6.2441251443275085
11409972,LATS1,6.327902142064283
176870,PIK3CA(E542K),5.0
447077,MAK,5.0
11314340,PRKX,7.013228265733755
151194,MLCK,5.0
208908,DLK,5.0
447077,CAMK2B,5.0
10427712,ALK,5.0
11234052,p38-alpha,5.0
11617559,LCK,5.0
176870,CTK,5.0
17755052,CDK11,5.0
11338033,IKK-alpha,5.0
9915743,IRAK1,5.638272163982407
5494449,ACVR1,5.721246399047171
208908,ADCK3,5.0
11409972,PKMYT1,5.0
11338033,MYLK4,5.0
6918454,CDK3,5.0
11427553,DCAMKL1,5.698970004336019
151194,PRKR,5.0
176870,INSR,5.0
9926054,ABL1(F317L)p,5.0
5287969,GSK3B,6.136677139879544
16725726,ABL1(H396P),5.0
5291,ABL1(M351T),7.356547323513813
9929127,ABL1(F317L)p,5.0
208908,CDK2,5.0
176155,ERK1,5.0
11485656,IKK-alpha,5.0
3062316,BMPR2,5.0
447077,MAP3K3,6.366531544420414
9915743,ABL1p,5.0
9926791,LATS1,5.0
126565,CDKL1,6.309803919971486
11656518,KIT(V559D-V654A),6.070581074285707
11427553,BTK,6.0
11234052,PIK3CG,5.0
16722836,CDK4-cyclinD3,6.060480747381382
9933475,LIMK1,5.0
9884685,BMPR1A,5.0
5328940,CSK,7.494850021680094
216239,PFTK1,5.537602002101044
11667893,MEK3,5.0
5328940,AMPK-alpha2,5.0
11485656,BRAF(V600E),5.0
10127622,CSNK2A2,5.0
42642645,MLK3,6.468521082957745
156422,HUNK,5.0
11717001,FLT1,5.0
16007391,NLK,5.0
10461815,IRAK4,5.6020599913279625
156422,AURKC,5.0
156414,PIK3CA(C420R),5.0
10138260,ADCK3,5.0
44259,MAK,5.585026652029182
3025986,LZK,5.0
126565,MRCKB,6.0
3038522,MRCKB,5.0
17755052,NEK2,5.0
153999,MUSK,5.0
11314340,PLK2,5.0
11485656,PRKG2,5.0
5329102,ABL1(H396P)p,6.853871964321762
3038522,MAK,5.0
10113978,LIMK1,6.142667503568732
11712649,ADCK4,5.0
11409972,PFTK1,7.769551078621726
11234052,DMPK,5.0
11984591,LOK,7.154901959985743
126565,ABL1(E255K),6.075720713938118
10461815,JAK1(JH2domain-pseudokinase),5.568636235841013
42642645,CDK5,5.0
17755052,JAK2(JH1domain-catalytic),5.0
156422,JAK1(JH1domain-catalytic),5.0
11314340,NEK4,5.0
156414,EIF2AK1,5.0
24779724,PAK1,5.0
216239,AURKC,6.6777807052660805
11485656,FLT3,9.200659450546418
5494449,ABL1(F317I),5.142667503568732
11234052,ASK2,5.0
11984591,FYN,7.552841968657781
9926791,ABL1(H396P)p,5.173925197299174
11338033,DAPK2,5.0
9926791,CSK,5.0
24180719,EPHA2,5.0
3038522,DAPK1,5.0
123631,CSNK2A1,5.0
11656518,EPHB4,5.0
16038120,MARK4,7.920818753952375
44259,FYN,7.481486060122113
5328940,NEK3,5.0
11409972,DYRK1B,5.0
51004351,CAMK2D,7.443697499232713
10113978,MAP3K1,5.537602002101044
176155,CSK,5.0
11364421,NEK6,5.0
447077,ERK1,5.0
9915743,BRAF,5.0
176870,MEK2,5.0
216239,MUSK,6.886056647693163
5329102,ABL1(H396P),7.130768280269024
5287969,EGFR(L747E749del),5.638272163982407
11667893,LATS1,5.0
447077,EPHB4,7.920818753952375
42642645,ERK2,5.0
3062316,MYLK2,5.455931955649724
156422,ABL1,6.096910013008056
4908365,ERK2,5.0
11712649,AURKB,7.366531544420414
10427712,ASK1,5.0
44259,ABL1(F317I)p,6.886056647693163
25127112,PIK3CA(I800L),5.0
10427712,PIK3CB,7.096910013008056
9915743,PFCDPK1(Pfalciparum),5.0
5287969,PIK3CA(M1043I),5.0
9809715,ASK2,5.0
10138260,LRRK2(G2019S),7.154901959985743
151194,ACVR2A,5.0
10427712,PFTAIRE2,5.0
24180719,LKB1,5.0
11338033,CLK4,5.154901959985743
644241,CDC2L1,5.0
25243800,p38-beta,5.0
3062316,PCTK3,5.0
10074640,GSK3A,5.0
11667893,HIPK1,5.0
176870,EPHA6,6.356547323513813
644241,IRAK4,5.0
151194,PIK3CD,5.0
9809715,MST2,7.42021640338319
9915743,MYLK4,5.0
9926054,GRK7,5.0
11338033,CSNK1E,5.0
11409972,PRKD2,6.022276394711152
5328940,MAP3K1,5.356547323513813
153999,CDC2L2,5.0
10427712,ERK8,5.0
3081361,IKK-epsilon,5.0
176167,PIK3CA(Q546K),5.0
3038525,BLK,5.508638306165728
9809715,FER,7.136677139879544
9926791,HIPK2,5.0
11617559,CDK3,5.0
11409972,CLK4,6.537602002101044
216239,CDK7,6.853871964321762
24889392,FGFR1,5.0
11427553,GCN2(KinDom2S808G),6.481486060122113
9933475,ABL1(Q252H),7.0
126565,EGFR(L861Q),6.096910013008056
10461815,PIM1,5.0
176155,CAMK1D,5.0
123631,FGFR1,5.0
216239,MEK1,5.0
4908365,HIPK3,5.3979400086720375
10461815,PFCDPK1(Pfalciparum),5.0
51004351,CAMK1G,5.744727494896694
156422,FLT3(D835Y),5.0
176167,PKN2,5.0
11338033,EPHA3,5.0
5328940,OSR1,5.0
9915743,CSNK1G2,5.180456064458132
10138260,PLK4,6.744727494896694
9933475,JNK1,5.0
176167,KIT(D816H),5.0
44259,FLT3(D835H),8.67778070526608
10184653,AAK1,5.0
5328940,ACVR1,5.0
3038525,AKT1,5.0
44259,FLT3(K663Q),8.481486060122112
3081361,PRKD2,5.0
9929127,IRAK1,5.0
5287969,DLK,5.0
10427712,JAK1(JH1domain-catalytic),5.0
10184653,PAK1,5.0
156422,MELK,5.0
6918454,PIP5K1A,5.0
3038525,PIK3CB,5.0
6450551,PRKR,5.130768280269024
11712649,LATS2,5.0
10184653,MLK3,5.0
11656518,ABL1(F317I)p,5.0
11626560,PRKD2,5.0
3081361,KIT(V559D-T670I),5.698970004336019
3038522,LCK,5.142667503568732
51004351,BMPR1A,5.0
9915743,IKK-alpha,5.0
123631,ADCK3,5.0
9926054,DLK,5.0
176870,PIM3,5.0
123631,MERTK,5.0
11717001,LIMK1,5.0
24779724,PIK3CA(H1047Y),5.0
5494449,DDR2,6.638272163982407
5287969,FLT1,5.0
9926791,ACVRL1,5.0
208908,PRP4,5.0
10138260,BRK,5.0
3038525,FLT3(D835Y),5.0
447077,ERK4,5.958607314841775
9915743,ARK5,5.823908740944319
5494449,PRKD3,5.0
51004351,CAMK1D,6.173925197299174
42642645,AKT3,5.0
24180719,BMX,5.0
5287969,CAMK2A,5.769551078621726
11364421,MAP4K3,5.0
176870,GSK3A,5.0
24779724,DRAK2,5.0
11409972,DAPK3,5.494850021680094
10074640,FGFR4,5.0
156414,PIK3CG,5.0
11717001,LRRK2,5.0
208908,BRAF(V600E),5.0
9929127,p38-beta,5.0
17755052,CAMK4,5.0
16725726,CAMK4,6.431798275933005
11364421,ABL1(H396P),5.698970004336019
11667893,FGFR4,5.167491087293763
24180719,EGFR(G719C),5.0
153999,LIMK2,5.0
156414,CAMKK1,5.0
126565,ERK1,5.008773924307505
10184653,NEK9,5.0
25243800,PRKD2,5.0
9933475,MYO3A,5.0
216239,AXL,5.346787486224656
3038522,EGFR(L858R),6.3979400086720375
216239,FLT3(N841I),7.958607314841775
156422,PRKCE,5.0
3025986,EPHB3,5.0
11364421,CDC2L1,5.0
5291,EIF2AK1,5.0
24180719,GRK7,5.0
10127622,NIM1,5.0
126565,IKK-alpha,8.045757490560675
126565,DCAMKL2,5.346787486224656
151194,DCAMKL2,5.0
16038120,MKK7,5.0
16722836,GSK3B,5.0
10127622,KIT(V559D),5.0
51004351,AURKA,6.920818753952375
5328940,NEK1,5.0
17755052,PIM1,5.0
3025986,CAMKK2,5.0
4908365,KIT(A829P),7.221848749616356
153999,MET(M1250T),5.0
24889392,LYN,5.2441251443275085
10138260,PAK2,5.0
176870,CDK11,5.0
156422,CSNK1G1,5.0
3025986,PIK3CB,5.0
156414,FES,5.0
24779724,CDKL2,5.0
24889392,CAMK2B,5.0
9884685,CHEK2,5.0
208908,PDGFRB,5.0
11717001,PKAC-beta,5.0
3038525,MLCK,5.0
10138260,p38-gamma,5.0
123631,BRAF(V600E),5.0
11626560,ABL1(F317I),5.568636235841013
3038522,FLT4,5.142667503568732
156414,PDGFRA,5.2839966563652006
3025986,MEK4,5.0
176167,HPK1,5.744727494896694
42642645,ASK2,5.0
25243800,p38-delta,5.0
153999,CLK4,5.721246399047171
126565,PRKG1,6.431798275933005
9926791,INSRR,5.0
5494449,MEK1,5.744727494896694
51004351,PIK4CB,5.0
9884685,NLK,5.0
3038525,FER,5.0
10127622,ERK4,5.0
5291,EGFR(G719S),5.0
5291,ADCK3,5.0
176155,CDKL5,5.0
16725726,PIK3CG,5.0
3038525,IRAK3,5.0
44259,PIK3CA(E545A),5.0
9929127,PIM3,5.0
10427712,DCAMKL3,5.0
5329102,MAP3K2,7.244125144327507
9926791,EPHA2,5.0
51004351,MST3,5.0
44150621,IGF1R,5.0
3081361,EGFR(L747S752del),8.102372908709558
11485656,EGFR(S752I759del),5.0
11314340,PIP5K1A,6.6020599913279625
126565,ABL1(F317L)p,5.657577319177793
10113978,CSNK1A1L,5.0
6450551,MEK4,5.0
9926791,PIK3CA,5.0
44259,DRAK1,7.853871964321762
44150621,FLT3(D835Y),8.2839966563652
6918454,ABL1(F317L),5.0
11234052,MLK1,5.0
10138260,FER,7.468521082957745
9926054,ACVR2A,5.0
208908,AKT1,5.0
3038525,PRKCI,5.0
176167,DDR1,5.0
6918454,CDKL3,5.0
11617559,BMX,5.0
447077,PAK7,5.0
9809715,EGFR,5.0
25127112,ABL1(F317I),5.0
208908,ABL1(Q252H),5.0
16722836,p38-delta,5.0
24889392,CDC2L1,5.0
9926791,CTK,5.0
42642645,ACVR1B,5.0
644241,ITK,5.0
11626560,PIK4CB,5.0
447077,PAK3,5.0
176155,HUNK,5.0
10127622,DYRK2,5.0
216239,NEK7,5.0
9926054,ABL1(H396P)p,5.0
25127112,MAPKAPK5,5.0
24889392,PAK2,5.0
216239,DYRK1B,5.0
24180719,LOK,5.0
5287969,CDKL2,5.0
153999,DAPK2,5.0
10127622,EPHA7,5.0
44150621,IRAK1,6.769551078621726
44150621,BRSK2,5.0
10427712,MARK1,5.0
11427553,CSNK1G3,5.920818753952375
10184653,ABL1(Q252H),6.102372908709559
208908,CTK,5.0
16007391,PRKCQ,5.0
176870,HCK,5.744727494896694
51004351,CLK2,6.0655015487564325
5287969,CDK2,6.259637310505756
44150621,GSK3B,6.455931955649724
6918454,PRKD1,5.0
11667893,CDK5,5.0
10138260,ABL1(Q252H)p,6.301029995663981
6918454,CIT,5.0
4908365,LATS2,5.6777807052660805
9809715,ABL1(Q252H),7.136677139879544
11485656,DRAK1,5.0
9915743,PDGFRA,5.0
5287969,p38-alpha,5.0
447077,HIPK4,5.0
5287969,DAPK2,5.0
10127622,PIK3CA(M1043I),5.0
16038120,KIT(V559D-V654A),5.920818753952375
4908365,EGFR(L747S752del),5.0
42642645,PRKCQ,5.0
3081361,PIK3CD,5.0
11409972,IRAK4,5.0
11667893,PIK3CA(H1047Y),5.0
176167,CSNK2A2,5.0
16007391,NEK9,5.0
10113978,CDC2L5,5.0
25243800,PCTK3,5.0
9933475,MAP4K3,5.698970004336019
153999,ERK4,5.0
11656518,KIT(D816H),5.060480747381382
151194,BTK,5.0
10461815,BRAF(V600E),5.0
24779724,DYRK1A,6.107905397309519
3081361,PRKCH,5.0
10127622,EGFR(L858R),5.096910013008056
11717001,EGFR(E746A750del),5.0
25243800,KIT(L576P),6.537602002101044
3025986,PRKG1,5.0
3062316,MAPKAPK2,5.0
11485656,KIT(D816H),5.958607314841775
9884685,CDK7,5.142667503568732
17755052,CSNK1G2,5.0
17755052,DYRK2,5.119186407719209
176870,AXL,5.3979400086720375
24180719,IKK-alpha,5.0
11427553,CSNK1E,6.200659450546419
123631,DYRK2,5.0
3038522,BMX,5.0
644241,AURKB,5.0
10461815,CAMK4,5.0
51004351,KIT(V559D),6.698970004336019
5287969,LRRK2(G2019S),5.698970004336019
9809715,PRP4,8.075720713938118
9926054,MAP4K2,5.0
44259,PIK4CB,6.337242168318426
11656518,CDC2L1,5.0
17755052,MARK4,5.0
10138260,CSNK1A1L,5.823908740944319
4908365,PIK3CA(M1043I),5.0
11314340,AMPK-alpha2,5.0
3062316,LIMK2,7.0655015487564325
176155,MELK,5.0
10184653,PIM2,5.0
5329102,CAMK2D,6.376750709602099
11984591,JAK2(JH1domain-catalytic),8.455931955649724
42642645,GCN2(KinDom2S808G),5.0
126565,MEK5,8.154901959985743
9926791,AMPK-alpha2,5.0
3025986,HIPK1,5.769551078621726
3081361,FGFR2,5.958607314841775
24180719,MKNK2,5.0
4908365,MLK3,5.0
9926791,PAK6,5.0
447077,EGFR(S752I759del),5.638272163982407
10461815,PKN1,5.0
51004351,NEK7,5.0
16725726,ERK1,5.0
151194,NEK6,5.0
16725726,MLCK,5.0
5291,PRKD3,5.0
10184653,p38-delta,5.0
9926791,DCAMKL1,5.173925197299174
16722836,LIMK1,6.026872146400302
5328940,LCK,9.229147988357855
216239,PRKCH,5.0
11712649,PLK3,5.0
11984591,ABL1(H396P)p,6.4089353929735005
11712649,PIP5K2B,5.0
10113978,CAMK1D,5.0
9926054,PIK3CA(H1047Y),5.0
11656518,EIF2AK1,5.0
16038120,EPHA2,6.050609993355088
11984591,CSK,6.795880017344075
11712649,FYN,5.886056647693163
16007391,BRSK1,5.0
11984591,CDK3,5.0
11984591,PIK3CA(C420R),5.0
5328940,CSNK1A1L,5.585026652029182
3038522,CLK4,5.795880017344075
17755052,NEK5,5.0
5287969,DMPK,6.187086643357144
11427553,PAK6,5.886056647693163
3081361,FGFR3,5.795880017344075
9926791,CLK3,5.0
24180719,PFPK5(Pfalciparum),5.0
9926791,LTK,5.0
3062316,LRRK2,5.0
644241,CDKL3,5.0
25243800,MAP3K2,6.060480747381382
16007391,HIPK3,5.6020599913279625
9933475,CDK5,5.0
216239,GRK7,5.0
42642645,PRKX,5.0
11234052,AMPK-alpha1,5.0
5494449,LRRK2(G2019S),5.0
3038522,BMPR1A,5.0
447077,MET,6.080921907623926
176167,KIT(V559D-T670I),5.0
16725726,ARK5,6.376750709602099
25127112,MST1,5.0
10461815,CSNK1G2,5.0
11409972,EPHA6,6.42021640338319
11617559,OSR1,5.0
9884685,PIK3CA(M1043I),8.522878745280337
16722836,IKK-beta,6.443697499232713
11717001,CDK3,5.0
9929127,AMPK-alpha1,5.0
10127622,EGFR(E746A750del),5.2441251443275085
176155,ADCK4,5.508638306165728
9929127,CSNK1G1,5.0
10074640,ADCK3,5.0
6450551,MAP3K15,5.0
9926791,HPK1,5.0
216239,MTOR,5.0
16725726,MRCKA,5.0
3081361,CDK8,5.0
9915743,ITK,5.0
9926054,PIK4CB,5.0
447077,PIK3CA(M1043I),5.0
11656518,PKNB(Mtuberculosis),5.0
11626560,ERBB4,5.0
9926791,INSR,5.0
11626560,NEK4,5.0
3062316,NDR2,5.0
24180719,ITK,5.0
176167,EPHB3,5.0
3062316,ABL1(Q252H)p,10.193820026016112
11656518,PAK2,5.0
5291,JNK2,5.0
3038522,PCTK2,5.0
11364421,CHEK1,5.0
16038120,HIPK4,6.455931955649724
156414,KIT(D816H),6.221848749616356
5329102,FGR,6.568636235841013
24889392,CAMK2G,5.0
16007391,CTK,5.0
9884685,MERTK,5.0
9933475,EPHA3,5.431798275933005
9926054,JAK2(JH1domain-catalytic),5.0
3025986,MST1R,5.0
16038120,ACVR1,7.537602002101044
11667893,BRSK1,5.0
25127112,MAST1,6.2839966563652006
3062316,BRAF,6.301029995663981
9926791,MEK4,5.0
9926791,MAP4K5,5.0
5494449,BMPR1A,5.0
11712649,CDKL2,5.0
10074640,HIPK2,5.0
9926054,MYLK,5.0
42642645,GRK4,5.0
123631,PCTK3,5.0
9809715,FGR,6.522878745280337
126565,MAPKAPK5,6.031517051446065
176870,ABL1(F317L),6.1938200260161125
11626560,CAMK1G,5.0
9929127,NIM1,5.0
24779724,CSK,5.0
11984591,PKNB(Mtuberculosis),7.468521082957745
126565,PDGFRA,6.455931955649724
3025986,AKT1,5.0
42642645,MAP3K1,5.0
176167,CSNK1D,5.0
25243800,PKN1,5.0
11717001,CDKL3,5.0
11984591,ARK5,7.1249387366083
3081361,PKMYT1,5.0
153999,EGFR(G719C),5.0
153999,MAPKAPK5,5.0
153999,AURKC,5.0
44259,ABL2,6.958607314841775
6918454,PIK3CG,5.0
44259,PCTK3,6.568636235841013
51004351,CDK5,5.0
644241,MUSK,5.0
6450551,HCK,5.0
176155,ABL1p,5.0
9809715,PKNB(Mtuberculosis),8.443697499232712
3025986,MYLK4,5.619788758288394
11656518,EPHB3,5.0
11485656,MLK1,5.0
44150621,BIKE,7.267606240177032
3081361,ERBB4,6.318758762624413
51004351,PIK3CA(E545A),5.0
153999,PAK7,5.0
11626560,MKNK2,5.0
5291,CHEK1,5.0
9809715,ABL1(E255K),7.200659450546419
11427553,GSK3B,5.0
10127622,MKNK1,5.0
25243800,CDK5,5.0
24889392,KIT,8.318758762624412
11485656,AMPK-alpha1,5.0
9926791,BMPR1B,5.0
9933475,MYLK,5.0
11338033,LYN,5.0
10074640,CSNK1D,5.0
123631,MLK2,5.0
11984591,IKK-beta,7.1487416512809245
16038120,PDGFRA,6.075720713938118
3025986,DYRK1A,6.468521082957745
11234052,DDR1,6.795880017344075
5494449,DAPK1,5.0
11617559,FLT3(R834Q),5.0
42642645,GAK,5.0
176155,MEK2,5.017728766960432
42642645,HIPK3,7.366531544420414
24779724,p38-alpha,5.0
10461815,EGFR(L858RT790M),5.0
24779724,DAPK1,5.0
3062316,EGFR(E746A750del),6.886056647693163
9926054,PIK3CA(C420R),5.0
11314340,ABL1(H396P),5.0
24889392,MAPKAPK5,5.0
5328940,MYLK2,5.0
9809715,PIK3CA(Q546K),5.0
5287969,EPHB4,5.0
11656518,ACVR2A,5.0
11626560,ACVRL1,5.0
126565,IRAK3,7.795880017344075
16038120,DMPK,5.6777807052660805
208908,PRKG2,5.0
9926791,DDR2,5.0
11314340,PIK3CD,5.0
9926054,AURKC,5.0
3062316,LRRK2(G2019S),5.0
5291,CAMK1,5.0
216239,JAK2(JH1domain-catalytic),5.0
176870,PRKG1,5.0
4908365,AMPK-alpha2,8.387216143280265
10127622,LTK,5.0
156414,CAMK2G,5.0
5287969,AURKA,5.0
123631,PRKG1,5.0
44150621,DAPK2,5.0
151194,PAK1,5.0
10427712,KIT(D816H),5.0
10074640,MTOR,5.0
176167,FES,5.0
11409972,MAP4K4,7.823908740944319
3025986,ADCK3,5.0
156422,DYRK1B,5.0
5328940,NLK,5.657577319177793
151194,PAK2,5.0
6918454,LYN,5.0
644241,FLT3(K663Q),5.0
11712649,PRP4,5.0
126565,FLT3(D835H),9.18045606445813
10127622,MYLK4,5.0
11364421,PIK3CA(Q546K),5.0
156422,EPHA7,6.0655015487564325
153999,BRSK1,5.0
156422,ERBB2,5.0
25243800,ABL2,5.920818753952375
11984591,PIK3C2G,5.0
16007391,PRKCH,5.0
10184653,CIT,5.537602002101044
11427553,PDGFRB,7.522878745280337
6450551,BRSK1,5.0
24180719,KIT,6.744727494896694
10113978,PIK3CA(E542K),5.0
5291,MAP4K4,5.0
4908365,ABL2,5.275724130399211
6918454,CLK1,5.0
11667893,AKT3,5.0
3038522,GRK1,5.0
5494449,DCAMKL1,5.0
644241,CDC2L5,5.0
11485656,DRAK2,5.0
24779724,EPHA5,5.0
4908365,MEK6,5.494850021680094
42642645,LKB1,5.0
11234052,JNK2,5.0
17755052,EGFR(T790M),5.0
16038120,BRSK1,6.508638306165728
10127622,NEK1,5.0
44150621,JNK2,5.0
11617559,NDR2,5.0
16722836,CAMKK2,5.3979400086720375
153999,EPHB6,5.0
16722836,PIK3CA,5.0
11314340,PIK3CA(H1047Y),5.0
16722836,CDC2L5,5.0
3038522,CSK,5.0
11485656,EIF2AK1,5.0
4908365,MLCK,7.376750709602099
123631,GRK1,5.0
5291,CLK3,5.0
11409972,EGFR(L858R),5.585026652029182
5328940,LATS1,5.0
5287969,ERK4,5.0
11667893,FGR,5.161150909262744
16725726,ABL1(E255K),5.0
25127112,MARK4,5.0
11409972,PAK7,5.0
151194,KIT,8.292429823902063
16725726,ABL1(Q252H)p,5.0
11364421,FGR,5.0
10127622,LCK,5.0
25127112,CAMK4,5.0
5494449,FLT3(N841I),8.366531544420413
644241,DRAK1,5.0
11427553,EGFR(G719S),5.337242168318426
176155,LRRK2(G2019S),5.0
216239,ABL1(T315I)p,5.823908740944319
51004351,KIT(D816V),8.113509274827518
16007391,DCAMKL2,5.0
11338033,PRP4,5.0
9915743,EPHA4,5.0
153999,PIK3CA,5.0
16722836,FLT3(D835Y),8.193820026016112
10427712,HIPK3,5.0
24889392,NDR1,5.0
3025986,MEK5,5.0
11364421,PIK3C2G,5.0
6450551,JNK3,5.958607314841775
5287969,LZK,5.0
24779724,IRAK4,5.0
11712649,CSNK1A1L,5.0
11712649,EPHA4,6.376750709602099
4908365,CSF1R,8.494850021680094
16007391,AXL,6.4089353929735005
11667893,BMX,5.0
16007391,GRK7,5.0
156414,DCAMKL1,5.0
3038525,CDK5,5.0
11617559,MYO3A,5.0
153999,PIK3C2G,5.0
10074640,AXL,5.0
4908365,MEK2,6.376750709602099
17755052,KIT,5.0
5328940,CDK11,5.0
9926054,NEK6,5.0
11667893,AAK1,5.0
16007391,EPHA5,5.0
10074640,FYN,6.853871964321762
11338033,MYO3A,5.0
11656518,MLK1,5.0
10427712,EIF2AK1,5.0
10184653,CAMK2G,5.0
11409972,CDK4-cyclinD1,5.886056647693163
11617559,MYLK,5.0
5287969,ABL1(T315I),5.0
5328940,DYRK1A,5.0
9926054,MRCKA,5.0
11427553,FGFR3,5.920818753952375
216239,FGR,5.10790539730952
42642645,FRK,8.42021640338319
176167,NEK3,5.0
156422,PFTK1,5.0
42642645,MEK2,7.886056647693163
9809715,LRRK2,7.337242168318426
11338033,PFTAIRE2,7.207608310501746
156414,IKK-alpha,5.0
156414,EPHB4,5.744727494896694
11364421,MAP4K2,5.0
3062316,LYN,9.244125144327509
24889392,HIPK3,5.0
216239,PIK3C2B,5.0
151194,ICK,5.0
156422,ASK1,5.0
6918454,PDGFRB,5.508638306165728
9884685,FER,5.0
3038522,ABL1(E255K),5.0
44259,MINK,9.0
44259,EGFR(L747T751del),6.6777807052660805
216239,CSNK1E,5.0
10461815,NIM1,5.060480747381382
176167,MARK2,5.0
11712649,PAK3,5.0
176167,DAPK3,5.0
6918454,DCAMKL1,5.0
44259,MEK3,8.301029995663981
16725726,EGFR(S752I759del),5.0
208908,PAK7,5.0
5291,PAK7,5.0
24889392,KIT(D816H),6.494850021680094
10113978,MEK2,5.0
447077,DYRK2,5.0
11617559,ERK8,5.0
447077,MINK,6.221848749616356
176167,MET,5.552841968657781
11712649,PAK1,5.0
11712649,EGFR(L861Q),5.0
24779724,PKNB(Mtuberculosis),5.0
5291,PIK3CA(E545K),5.0
10138260,LATS1,6.070581074285707
24180719,LYN,5.958607314841775
6450551,FLT3(D835Y),6.568636235841013
126565,PRKCD,6.619788758288394
11712649,EGFR,5.0
126565,ABL1(H396P),6.0
11617559,PKNB(Mtuberculosis),5.0
176155,AKT1,5.0
176870,PFCDPK1(Pfalciparum),5.0
16007391,PIK3CA(I800L),5.0
5287969,CAMKK1,7.102372908709558
9884685,PRKD2,5.0
16722836,PIK3CG,5.1249387366083
11626560,MELK,5.0
42642645,HUNK,5.267606240177032
16007391,ITK,5.0
156422,ABL1(Q252H)p,5.0
10127622,BLK,5.0
10427712,PIK3CA(E545K),7.142667503568732
9929127,NEK7,5.0
9915743,BRAF(V600E),5.0
24889392,ABL1(T315I),5.585026652029182
447077,IKK-alpha,5.0
11234052,ABL1(T315I),5.769551078621726
10184653,PRKD2,5.0
11364421,MAP4K5,5.0
11485656,PRKCQ,5.0
6918454,KIT(V559D-V654A),5.0
44150621,NLK,5.0
3081361,FLT3,6.070581074285707
11409972,PIK3C2G,5.0
9929127,JAK3(JH1domain-catalytic),5.0
24180719,FAK,5.0
176167,IRAK4,5.0
24779724,PRKD3,5.0
153999,EPHB1,5.0
5287969,FER,5.0
9926054,ACVR1B,5.0
9926791,FLT3(ITD),5.0
10074640,PIK3C2G,5.0
11314340,CAMKK1,6.091514981121351
10113978,p38-gamma,5.0
24180719,EGFR(L747S752del),5.0
9884685,EIF2AK1,5.0
44150621,PRKCQ,5.494850021680094
3038525,PCTK2,5.0
9926054,FLT4,5.0
6450551,EPHA1,5.0
123631,JAK1(JH1domain-catalytic),5.0
9926791,LIMK2,5.0
4908365,PRKCD,5.0
25243800,PHKG2,6.119186407719209
3038522,FLT3(N841I),7.537602002101044
10184653,PLK4,5.0
3038522,LZK,5.0
176167,CDKL2,5.468521082957745
156414,BMX,5.585026652029182
3081361,HIPK2,5.0
9809715,JAK1(JH1domain-catalytic),5.6020599913279625
9933475,EGFR(L858R),6.853871964321762
3025986,PIK3CA,5.0
11667893,EGFR(E746A750del),5.42021640338319
6918454,PKAC-alpha,5.0
5329102,MARK4,5.443697499232713
25127112,ABL2,5.0
6918454,PKN2,5.0
24889392,JNK1,5.0
10184653,PFTAIRE2,5.0
151194,MET(M1250T),5.0
24779724,CSNK1G3,5.0
153999,ASK1,5.0
11364421,LIMK2,5.0
176167,AURKC,5.0
10461815,FLT3(N841I),6.327902142064283
25127112,ABL1(F317I)p,5.0
42642645,AAK1,5.0
11656518,PIP5K1A,5.0
11626560,MAPKAPK5,5.0
11338033,EGFR(G719S),5.0
10127622,CSNK1G1,5.0
5329102,MAK,5.0
5494449,PRKCH,5.0
5287969,BRK,5.0
176870,CDC2L1,5.0
9926791,EPHA8,5.0
5328940,FLT3(N841I),5.468521082957745
123631,MYLK2,5.721246399047171
447077,PCTK2,5.0
11338033,DDR2,5.0
11338033,MST4,5.0
25243800,EGFR(G719C),5.4089353929735005
6918454,PRKCQ,5.0
10127622,CHEK2,5.0
44150621,CSNK1G3,5.0
151194,KIT(V559D-T670I),5.0
10138260,PRKD1,5.619788758288394
11234052,PCTK3,5.0
11717001,PKAC-alpha,5.0
9926791,MARK2,5.0
11427553,CSNK1D,5.638272163982407
17755052,EGFR(E746A750del),5.0
10113978,BRAF(V600E),6.366531544420414
11314340,PIK3CA(I800L),5.0
42642645,PRKG2,5.0
6450551,FLT4,6.769551078621726
11338033,BLK,5.0
9929127,MST1R,5.0
3062316,CSNK1E,5.823908740944319
5291,INSR,5.0
176155,BMPR1A,5.0
10127622,p38-delta,5.0
11656518,PRKCQ,5.0
24180719,HIPK4,5.267606240177032
123631,MST2,5.0
176167,MET(M1250T),5.0
16725726,NDR1,5.0
10427712,PAK7,5.0
11984591,MST3,5.0
176155,MAP3K1,5.0
24889392,FLT3(R834Q),8.292429823902063
5494449,ERN1,5.251811972993799
644241,ERK8,5.0
10138260,DCAMKL1,6.259637310505756
9884685,PIP5K1A,5.0
11656518,JAK1(JH2domain-pseudokinase),5.0
176167,MLK3,5.0
11617559,PRKX,5.0
208908,MYO3A,5.0
176155,PFTK1,5.0
3062316,CDK11,5.0
5329102,NEK5,5.0
156422,PRKD3,5.0
9926791,HIPK1,5.0
10074640,PFTK1,5.0
11364421,CDKL5,5.0
3081361,JAK2(JH1domain-catalytic),5.0
11314340,p38-beta,5.0
156414,MST1,5.0
153999,OSR1,5.0
10113978,GRK1,5.0
16038120,NDR2,6.236572006437063
5291,EGFR(S752I759del),5.0
44150621,KIT(D816H),6.769551078621726
10427712,CAMK4,5.0
3081361,FLT4,5.958607314841775
11984591,PRKR,6.744727494896694
10138260,FGFR1,5.721246399047171
9915743,CDK8,5.0
153999,PKN2,5.823908740944319
176167,BMPR2,5.0
153999,ERK2,5.0
11409972,PAK1,5.0
447077,FAK,5.0
11626560,FYN,5.886056647693163
44259,CLK1,7.494850021680094
17755052,MST3,5.0
11409972,CDC2L1,5.853871964321762
3025986,CSNK1D,5.744727494896694
11717001,FGFR3(G697C),5.0
9809715,DAPK2,5.494850021680094
3025986,ERK5,6.187086643357144
9809715,PIK3CB,5.0
176870,ERK3,5.0
5328940,PKAC-alpha,5.0
123631,CDK11,5.0
153999,ABL1(T315I)p,5.0
11617559,JAK1(JH2domain-pseudokinase),5.0
11427553,MAK,5.0
44150621,CAMK1,5.0
11485656,FLT4,7.795880017344075
3062316,EGFR(L747S752del),6.494850021680094
11364421,PRKCD,5.0
123631,PIP5K1C,5.0
9926791,IKK-beta,5.0
5329102,CAMKK2,5.823908740944319
11338033,PIK3CA(M1043I),5.0
208908,CDK4-cyclinD3,5.0
644241,BRSK2,5.0
156422,CAMKK2,5.0
16722836,EPHA7,5.187086643357144
3038522,PIK3C2B,5.0
10138260,MAPKAPK2,5.0
11409972,PFTAIRE2,7.075720713938118
11656518,ACVR1,5.0
11667893,DRAK1,5.0
10184653,PAK2,5.0
44150621,ABL1,7.0
44259,MYLK4,6.327902142064283
24889392,MKNK2,5.585026652029182
16007391,LRRK2,5.0
3025986,JNK3,5.229147988357856
11427553,LATS2,5.823908740944319
123631,MAP3K1,5.0
9809715,BIKE,8.657577319177793
16725726,JAK3(JH1domain-catalytic),5.0
25127112,p38-gamma,5.0
3025986,LATS1,5.0
9884685,MLK1,5.0
10127622,PAK3,5.0
126565,AXL,7.455931955649724
11717001,IKK-alpha,5.0
11717001,CHEK2,5.0
5287969,BLK,5.0
11427553,p38-alpha,5.0
10461815,MYO3B,5.0
3038525,MEK5,5.0
11626560,MAPKAPK2,5.0
16007391,MAP4K3,5.0
3038525,MAP3K2,5.0
