drug_id,prot_id,affinity
51004351,LTK,5.522878745280337
4908365,EPHB4,5.568636235841013
3062316,EGFR(S752I759del),6.481486060122113
4908365,DDR2,7.0
51004351,CAMKK2,7.136677139879544
11984591,DMPK,5.0
25243800,TNNI3K,6.055517327849832
151194,SNRK,5.0
9933475,EPHA3,5.431798275933005
16725726,AURKC,5.0
10113978,AMPK-alpha2,5.0
5328940,CSNK1A1,6.552841968657781
10138260,INSR,5.920818753952375
3038522,ERBB4,5.0
156414,HIPK1,5.0
10427712,MAPKAPK2,5.0
447077,ZAK,6.522878745280337
5291,MRCKB,5.0
9933475,MAP4K2,6.267606240177032
9884685,AAK1,5.0
11364421,CDK11,5.0
6450551,SYK,5.0
4908365,YSK1,5.508638306165728
11984591,ARK5,7.1249387366083
10127622,TNK2,5.0
10427712,EPHA8,5.0
11364421,EGFR(G719C),6.200659450546419
156414,DCAMKL3,5.0
5287969,SRMS,5.853871964321762
9926791,INSR,5.0
11712649,STK33,5.0
42642645,BRAF,5.455931955649724
6450551,SRC,5.0
10113978,RIPK1,6.585026652029182
3038525,TAOK3,5.0
44150621,ACVRL1,5.0
25243800,SYK,5.0
25127112,ABL2,5.0
644241,GCN2(KinDom2S808G),5.0
11656518,DCAMKL2,5.0
11338033,SRPK2,5.0
11626560,TRPM6,5.0
24180719,TYRO3,5.0
11234052,SRPK2,5.0
11364421,RSK2(KinDom.1-N-terminal),5.0
4908365,TTK,7.468521082957745
25127112,ZAP70,5.0
25243800,FLT3(K663Q),5.853871964321762
16038120,SLK,7.67778070526608
153999,MEK4,6.031517051446065
11314340,FLT3(N841I),6.698970004336019
9926791,AKT2,5.0
9809715,EGFR(G719C),5.0
5291,CAMK2B,5.0
3038522,CSNK1G3,5.0
447077,VEGFR2,6.161150909262744
44259,CLK4,8.017728766960431
9926791,IRAK3,5.0
10127622,ABL1(T315I),5.0
5329102,DCAMKL3,6.958607314841775
11656518,CAMK1D,5.0
123631,YES,5.0
10127622,LRRK2(G2019S),5.0
25243800,CDC2L5,5.0
11617559,YSK1,5.0
16007391,LZK,5.0
51004351,TIE1,5.853871964321762
11626560,ERK2,5.0
51004351,TRKA,6.42021640338319
123631,CLK1,5.0
176870,ABL1(E255K),7.200659450546419
24180719,ARK5,5.0
447077,TRKB,5.0
25127112,JNK1,5.318758762624413
156414,FER,5.0
10074640,KIT(D816V),5.886056647693163
176870,TLK2,5.0
176155,ABL1p,5.0
11409972,EGFR(S752I759del),5.0
24779724,MEK2,5.0
10461815,MLK1,5.0
25127112,TTK,6.318758762624413
10113978,ERK3,5.0
5287969,TLK2,5.0
9926791,MST1R,5.0
176155,JAK2(JH1domain-catalytic),5.0
42642645,EGFR(L858RT790M),5.744727494896694
16725726,ADCK4,5.0
447077,MAP3K15,5.0
24180719,CAMK1,5.721246399047171
11717001,TAK1,5.0
16722836,TTK,6.346787486224656
11409972,FYN,7.301029995663981
11617559,ERK3,5.0
447077,CLK1,5.0
3081361,AKT3,5.0
176870,FGFR1,5.0
151194,EGFR(G719C),5.0
153999,CIT,5.853871964321762
123631,ASK1,5.0
11427553,EPHA3,6.091514981121351
5291,HIPK1,5.0
176167,EGFR(G719S),5.0
153999,EGFR(G719S),5.0
176167,RIOK3,5.0
11656518,EPHA4,5.050609993355088
9933475,RET(V804M),5.42021640338319
11984591,MRCKB,5.0
11364421,MELK,5.0
10427712,TAOK2,5.0
644241,ABL1(E255K),7.443697499232713
156414,TNNI3K,5.251811972993799
51004351,ICK,5.229147988357856
11427553,CAMKK2,6.327902142064283
11314340,SBK1,5.0
208908,ACVR2A,5.0
11656518,ABL1(F317L)p,5.0
9926791,CAMK1,5.920818753952375
9933475,SBK1,5.0
10427712,AKT1,5.0
11427553,MST2,5.0
16725726,EGFR(G719S),5.0
11409972,TEC,5.0
16007391,SRPK3,5.0
11626560,ABL2,6.337242168318426
11427553,AMPK-alpha1,6.366531544420414
176155,MLK1,5.0
6450551,EGFR(L861Q),5.0
11984591,FRK,7.167491087293763
3038522,ERK4,5.0
11626560,MAK,5.0
16722836,LRRK2(G2019S),6.0
5291,MARK3,5.0
11617559,GRK7,5.0
24779724,EPHA8,5.0
3025986,RSK4(KinDom.2-C-terminal),5.0
11984591,TLK1,6.309803919971486
25127112,MAP3K15,5.958607314841775
11626560,AMPK-alpha2,5.0
11427553,LCK,5.920818753952375
3062316,BRAF(V600E),6.2441251443275085
156422,MKK7,5.0
10461815,FLT3(D835H),6.853871964321762
6918454,CSNK1G1,5.0
10461815,MEK3,5.0
176155,SRPK3,5.0
42642645,CSNK1G3,5.0
25127112,MLK1,5.0
3038525,ACVR1,5.0
16038120,CSK,5.744727494896694
11717001,JAK2(JH1domain-catalytic),5.0
10113978,CLK2,5.0
9809715,FRK,5.568636235841013
9929127,SRPK1,5.0
24180719,TNK1,5.0
11626560,RET(V804L),5.6777807052660805
5328940,HUNK,5.301029995663981
51004351,MEK3,5.275724130399211
208908,CDK5,5.0
11409972,AURKC,6.130768280269024
3038525,MLK1,5.0
10138260,FYN,5.585026652029182
208908,ERN1,5.0
11338033,TNK2,5.0
9926054,TIE1,5.0
3062316,ASK1,5.0
3062316,FLT4,5.0
25243800,WEE1,5.0
11364421,CSNK1G3,5.619788758288394
24889392,CIT,5.0
156422,DCAMKL1,5.0
16725726,RIPK2,5.0
9809715,ERK2,5.0
5494449,MST4,5.455931955649724
16007391,MAP4K2,5.0
9926054,ABL1p,5.0
11234052,TGFBR1,5.0
11485656,MEK1,5.0
3062316,LCK,9.69897000433602
11717001,ERK5,5.0
11984591,AMPK-alpha1,6.522878745280337
6450551,CSNK2A1,5.0
3038525,CIT,5.0
6918454,ERK8,5.0
216239,RIPK4,5.0
10127622,CSNK1G3,5.0
10113978,ABL1,6.2076083105017466
123631,DAPK3,5.2441251443275085
10074640,JAK2(JH1domain-catalytic),5.0
24180719,TEC,5.0
5287969,RIOK2,5.0
11626560,TAOK2,6.045757490560675
216239,LATS1,5.0
11234052,MET(Y1235D),5.0
6918454,MAST1,5.0
16038120,AKT1,5.0
17755052,SBK1,5.0
9884685,SGK3,5.0
644241,DYRK1B,5.0
151194,JAK3(JH1domain-catalytic),5.0
10113978,DAPK2,5.0
11656518,MTOR,5.0
9929127,ACVR2B,5.0
5328940,DAPK3,5.0
644241,TAOK3,5.769551078621726
3038525,MEK2,5.0
24180719,MST2,5.0
5329102,MAP3K2,7.244125144327507
9926791,EIF2AK1,5.0
9884685,RIOK1,5.0
25243800,SgK110,5.0
25243800,EGFR(L858R),6.0
11717001,EPHB4,5.0
17755052,MST2,5.0
6918454,CAMK4,5.0
24180719,KIT(L576P),6.3979400086720375
11364421,DCAMKL2,5.0
5328940,BIKE,6.455931955649724
9809715,CDC2L1,5.0
156414,CLK4,5.0
16722836,AXL,6.795880017344075
9809715,EGFR(G719S),5.0
123631,MET,5.0
11626560,MET(Y1235D),8.823908740944319
24180719,LCK,5.744727494896694
11234052,FLT3(N841I),5.0
44150621,MET(M1250T),5.0
11485656,CAMKK1,5.0
11617559,CDKL2,5.0
153999,LATS2,6.1938200260161125
10427712,BRSK1,6.136677139879544
3038522,IRAK1,5.568636235841013
5287969,EPHB4,5.0
24180719,TYK2(JH1domain-catalytic),5.0
10427712,MAP3K1,5.0
5494449,MKNK1,5.0
176167,CDC2L5,5.0
16722836,FLT3(ITD),7.795880017344075
6918454,EGFR(L747E749del),5.0
24180719,DMPK,5.0
9926791,BTK,5.0
3025986,TRPM6,5.0
9884685,ULK1,5.0
11314340,CLK4,9.275724130399212
44259,MAP3K15,8.602059991327963
9926054,MEK2,5.0
11656518,SLK,6.292429823902063
11656518,JAK1(JH1domain-catalytic),5.0
10074640,ADCK4,5.0
6918454,MEK6,5.0
126565,MELK,7.585026652029182
17755052,CDK5,5.0
11712649,MST3,5.0
176155,MAP3K15,5.0
16007391,TEC,5.0
6450551,CAMK1G,5.0
3038522,VRK2,5.0
42642645,SRPK1,5.0
17755052,FLT4,5.0
11314340,ERK2,5.0
3038525,MAP4K3,5.0
10074640,TLK2,5.0
11712649,GRK7,5.0
11617559,MARK4,5.0
10113978,TAOK1,6.619788758288394
11364421,INSR,5.0
4908365,SgK110,5.958607314841775
11984591,EPHA2,6.853871964321762
153999,FLT3(K663Q),6.481486060122113
10127622,MRCKB,5.0
9915743,SIK,6.657577319177793
9933475,LZK,5.0
11717001,VRK2,5.0
11984591,MLCK,5.0
11364421,CLK2,6.337242168318426
11314340,EGFR(L861Q),5.0
10074640,CASK,5.0
11338033,MET(Y1235D),5.0
9884685,FGR,5.0
644241,TYRO3,5.0
10127622,ABL1(F317I)p,5.0
216239,ABL1(F317L)p,5.1487416512809245
9926791,ABL1(F317I),5.0
5328940,KIT(V559D),6.366531544420414
11656518,EPHB3,5.0
9933475,MEK6,5.0
5329102,FLT4,7.301029995663981
11984591,ABL1(F317I)p,5.0
10138260,DCAMKL2,5.431798275933005
44259,TIE2,6.853871964321762
11485656,SBK1,5.0
11234052,FLT3(K663Q),5.0
25127112,ABL1(F317I)p,5.0
42642645,CAMKK2,5.356547323513813
25127112,ACVR1,5.0
9926791,ADCK3,5.0
9926054,MAP4K3,5.0
11717001,EGFR(L858RT790M),5.0
16725726,HIPK3,6.698970004336019
11717001,BRSK2,5.0
5287969,TNK2,5.0
10127622,EPHA7,5.0
176870,BTK,5.0
10113978,MST1R,5.0
10127622,SgK110,5.0
11485656,MAP3K2,5.0
11314340,JAK1(JH2domain-pseudokinase),5.0
156422,ULK2,5.0
10113978,VRK2,5.0
156414,ACVR1B,5.0
11427553,S6K1,6.508638306165728
447077,TAOK3,6.4089353929735005
44259,EGFR(L747T751del),6.6777807052660805
10184653,FER,5.0
5291,ABL1(H396P),8.229147988357855
11364421,WEE2,5.0
5329102,CDK4-cyclinD1,5.2076083105017466
11234052,TIE2,6.356547323513813
9926054,MAPKAPK5,5.0
176167,LATS1,5.0
9929127,MEK6,5.0
16007391,CIT,5.2441251443275085
3081361,MST1R,5.0
9926791,ULK3,5.1938200260161125
11667893,KIT,8.431798275933005
25127112,TBK1,5.769551078621726
5329102,CDK8,5.0
25243800,ABL1(F317L),5.0
156422,ABL1(F317I),5.309803919971486
11617559,CTK,5.0
9929127,FGFR2,5.0
24889392,ABL1(Q252H),5.0
16038120,IRAK3,6.795880017344075
10127622,RSK4(KinDom.2-C-terminal),5.0
16722836,CAMK1D,6.337242168318426
11409972,EGFR(L861Q),6.013228265733755
5328940,RPS6KA4(KinDom.2-C-terminal),5.0
126565,ERBB4,5.853871964321762
11485656,DMPK,5.0
10113978,EPHA2,5.0
156422,CASK,5.0
25127112,CHEK2,5.0
24779724,AKT2,5.0
44150621,RPS6KA5(KinDom.2-C-terminal),5.0
156414,CSNK2A1,5.0
3062316,CSNK1A1L,5.0
10184653,DCAMKL3,5.0
11626560,LCK,7.522878745280337
9929127,SgK110,5.0
3038525,TEC,5.0
11984591,EPHB6,6.508638306165728
5329102,MEK6,5.2839966563652006
4908365,CLK2,6.026872146400302
11234052,ACVR2A,5.0
9809715,AMPK-alpha1,7.060480747381382
4908365,RET(V804M),9.080921907623926
10427712,CDK11,5.0
176155,MLCK,5.0
3038522,ROCK2,5.0
5494449,ABL1p,8.1249387366083
9809715,FLT3(K663Q),8.346787486224656
44259,MLK1,8.0
10184653,MELK,5.0
16725726,CDK8,5.0
9915743,CAMK2B,5.0
5329102,MST4,6.468521082957745
5329102,BRSK1,5.455931955649724
447077,HIPK4,5.0
11314340,MELK,6.229147988357856
216239,SgK110,5.0
9929127,STK35,5.0
42642645,TGFBR1,5.0
216239,ANKK1,5.0
447077,RSK4(KinDom.1-N-terminal),5.0
10113978,MAP4K4,5.657577319177793
11314340,MST3,5.0
42642645,CSNK1G1,5.0
6450551,CDK4-cyclinD3,5.0
44259,RIOK3,7.119186407719209
447077,TRPM6,5.0
151194,YANK3,5.0
5328940,VRK2,6.1487416512809245
11364421,BMX,5.0
4908365,FGFR1,5.455931955649724
17755052,CASK,5.0
11234052,STK16,5.0
10427712,CLK1,6.853871964321762
44259,FLT3,8.537602002101044
10184653,CDKL5,5.0
10461815,EGFR(L747E749del),5.0
10113978,FLT1,7.853871964321762
17755052,MEK3,5.0
9926791,FLT3(D835H),5.0
9926791,FGFR3(G697C),5.0
123631,RIOK2,5.0
153999,CDK9,5.0
5287969,CDK7,7.638272163982407
11409972,CDK7,8.337242168318426
9884685,ABL1,5.0
24889392,ULK3,5.0
644241,FYN,5.795880017344075
11427553,ABL1(H396P),7.769551078621726
10138260,RPS6KA5(KinDom.1-N-terminal),6.823908740944319
10138260,BMPR1A,5.0
216239,DLK,5.0
44259,LATS1,7.376750709602099
9926054,ABL1(F317L)p,5.0
151194,TAOK2,5.0
17755052,CDKL2,5.0
17755052,BMX,5.0
10074640,CSNK1D,5.0
10184653,RET(M918T),5.0
216239,EPHA4,5.522878745280337
6450551,ABL1(T315I)p,8.823908740944319
176870,KIT(V559D),5.508638306165728
44259,FLT4,7.552841968657781
11617559,EPHA1,5.0
11485656,DAPK3,5.0
208908,ALK,5.0
176167,CSNK1G2,5.0
11314340,KIT(D816H),5.366531544420414
16722836,CSNK1E,5.0
216239,ULK1,5.0
156422,EPHA6,5.698970004336019
25243800,EPHA5,5.508638306165728
11667893,CDK4-cyclinD3,5.0
3025986,BRAF,5.886056647693163
11409972,TXK,5.0
9809715,IKK-beta,5.0
3081361,ULK3,5.1938200260161125
44150621,MAP3K15,5.0
42642645,MLK3,6.468521082957745
6450551,BRSK1,5.0
16038120,EPHB1,6.468521082957745
24889392,CSF1R,8.0
6450551,BIKE,6.0
10461815,JAK2(JH1domain-catalytic),6.366531544420414
9809715,RPS6KA5(KinDom.2-C-terminal),5.0
11338033,KIT(D816V),5.0
5291,EGFR(L747S752del),5.0
11626560,KIT(D816V),5.431798275933005
11234052,SBK1,5.0
5328940,DYRK1B,5.0
156414,CSNK1G2,5.0
3081361,FLT4,5.958607314841775
9915743,CDKL5,5.0
6450551,CAMK2G,5.0
25127112,FGFR4,5.0
11338033,FGFR3(G697C),5.0
5494449,ADCK3,5.0
16725726,BTK,5.0
16722836,ABL1(F317I)p,6.251811972993799
11338033,ABL1(T315I),5.0
644241,ERBB4,5.0
16722836,CSNK2A2,6.920818753952375
5287969,ZAP70,5.0
151194,BMPR1A,5.0
10427712,ERK1,5.0
24889392,CAMK1,5.0
11984591,TTK,5.958607314841775
44259,MARK1,8.397940008672037
11234052,ABL1(T315I)p,6.346787486224656
11617559,CLK3,5.0
9915743,HIPK4,5.823908740944319
10427712,GSK3B,5.0
644241,LKB1,5.0
11409972,IRAK3,5.0
11485656,TAOK1,6.494850021680094
24889392,IRAK3,5.0
151194,DCAMKL2,5.0
9933475,RSK3(KinDom.2-C-terminal),5.0
11234052,IGF1R,5.0
176870,S6K1,5.0
6450551,EGFR(G719C),5.638272163982407
5287969,CDC2L5,6.366531544420414
9809715,SNRK,5.0
151194,ADCK4,5.0
24180719,EPHA2,5.0
3038522,FLT3,8.522878745280337
5494449,MAK,5.0
11626560,MKNK2,5.0
10427712,DCAMKL1,5.0
10427712,TBK1,5.0
24779724,SRC,5.0
176155,CLK1,5.0
11717001,SNRK,5.0
11409972,ASK1,5.0
11338033,MERTK,5.0
3038522,MAPKAPK5,5.0
16038120,ICK,5.3979400086720375
44150621,CDC2L5,5.0
44150621,TAOK3,5.0
44150621,CDK4-cyclinD1,5.920818753952375
176870,DCAMKL2,5.0
4908365,RAF1,5.0
11984591,LCK,7.522878745280337
5291,MLCK,5.0
11617559,VEGFR2,5.0
6918454,SYK,5.0
11984591,HPK1,5.853871964321762
9929127,CLK1,6.1938200260161125
11409972,ERBB2,5.0
9933475,IRAK3,5.0
9933475,EIF2AK1,5.508638306165728
5287969,ERK3,5.0
11234052,GSK3B,5.0
9809715,TAOK2,5.0
644241,CAMK2D,5.0
11409972,CLK4,6.537602002101044
126565,MERTK,7.494850021680094
123631,IRAK3,5.823908740944319
644241,ADCK3,5.0
156422,ERN1,5.0
176870,CLK3,5.0
11485656,CAMKK2,5.0
5328940,DMPK2,5.0
51004351,EGFR(L861Q),5.552841968657781
176167,BIKE,5.537602002101044
11656518,FGFR3(G697C),5.0
51004351,SRPK1,7.376750709602099
3038522,MLK1,5.0
10113978,DAPK1,5.0
5329102,CSNK1D,7.823908740944319
6918454,JAK1(JH1domain-catalytic),5.0
126565,MST4,6.638272163982407
5287969,BRK,5.0
11984591,CDK9,5.0
11409972,KIT(D816H),7.173925197299174
644241,CSNK1G2,5.0
11364421,TXK,5.0
176155,INSR,5.0
11626560,DYRK2,5.3979400086720375
17755052,RSK3(KinDom.2-C-terminal),5.0
9933475,JAK3(JH1domain-catalytic),5.0
5328940,RET(V804M),5.376750709602099
6918454,ABL2,5.0
16722836,EPHA4,5.3979400086720375
11717001,AAK1,5.0
9929127,KIT(D816H),5.0
176870,FGFR4,5.0
5329102,MST3,7.200659450546419
5329102,KIT(V559D-T670I),9.55284196865778
447077,TAOK1,6.091514981121351
9929127,TNK2,5.0
11712649,FAK,5.0
9933475,AKT2,5.0
17755052,LRRK2(G2019S),5.0
51004351,FLT3(K663Q),8.698970004336019
16725726,DCAMKL1,5.619788758288394
3038525,MTOR,5.0
16038120,FLT3(D835H),8.309803919971486
10138260,LIMK2,5.0
447077,STK36,6.537602002101044
11427553,ERN1,5.455931955649724
10461815,DCAMKL1,5.853871964321762
24889392,SRPK2,5.0
5287969,ABL1(E255K),5.795880017344075
176870,MARK1,5.0
216239,DDR1,8.823908740944319
11485656,EPHA1,5.0
10184653,KIT(D816V),5.0
151194,EGFR(L858R),5.0
176167,EPHA3,5.0
10427712,MINK,5.0
11667893,MAPKAPK5,5.0
11712649,MAP4K5,5.0
126565,CASK,6.481486060122113
176870,MET(Y1235D),5.958607314841775
9929127,CAMK2B,5.0
3038525,ZAP70,5.0
447077,LATS2,5.0
5287969,MELK,5.0
11617559,KIT(A829P),5.0
16007391,KIT(A829P),6.221848749616356
10113978,MKNK2,5.0
4908365,S6K1,5.0
25127112,ABL1(F317L)p,5.657577319177793
11626560,ICK,5.0
216239,CSNK1E,5.0
11717001,INSR,5.0
156414,CAMK2B,5.0
208908,INSRR,5.0
208908,CDC2L5,5.0
11626560,RET(V804M),5.0
9926791,EPHA8,5.0
3062316,CAMK1D,5.0
16007391,CASK,5.0
10113978,GAK,6.698970004336019
10074640,HIPK1,5.0
176870,ABL1(Q252H),6.638272163982407
11717001,CIT,5.455931955649724
25127112,CSNK1G2,5.0
11617559,MET(Y1235D),5.0
447077,VRK2,5.0
11314340,JAK3(JH1domain-catalytic),5.823908740944319
3081361,ABL1(H396P),8.008773924307505
25127112,RIOK3,5.698970004336019
11717001,HIPK3,5.0
3038522,JAK2(JH1domain-catalytic),5.0
644241,CLK4,5.1487416512809245
9926054,TAOK3,5.0
6918454,FLT3(N841I),5.0
176155,RIPK5,5.0
25127112,WEE2,5.0
11717001,EGFR(S752I759del),5.0
156422,STK16,5.0
11234052,ERBB4,5.0
9929127,GSK3B,5.0
10461815,SBK1,5.0
176870,EPHA8,6.026872146400302
3038522,DCAMKL1,5.0
11984591,RSK1(KinDom.1-N-terminal),6.309803919971486
3038525,DYRK2,5.0
16722836,SgK110,5.537602002101044
5329102,ERN1,6.221848749616356
6450551,ULK1,5.0
5494449,YSK1,5.318758762624413
176870,FLT1,5.356547323513813
10184653,DDR1,5.0
44259,INSR,6.958607314841775
6450551,RSK3(KinDom.1-N-terminal),5.0
3025986,MAP4K3,5.0
9926791,GSK3A,5.0
24180719,LKB1,5.0
44150621,RIPK2,5.0
153999,HCK,5.0
9884685,MLCK,5.0
11617559,CDC2L1,5.0
16725726,HIPK2,6.4089353929735005
10461815,CSNK1A1L,5.0
11485656,ITK,5.0
11656518,TRPM6,5.0
10127622,ARK5,5.0
176870,EPHB3,5.0
11314340,ROS1,5.0
9926054,KIT(A829P),5.0
644241,JNK3,5.698970004336019
3038522,GAK,5.431798275933005
10138260,CAMK1G,6.026872146400302
6918454,CAMKK2,5.0
10138260,TGFBR2,5.0
9933475,TIE1,6.537602002101044
24889392,EPHA1,5.0
10461815,TIE1,5.920818753952375
16722836,YSK4,7.721246399047171
153999,TLK1,5.6777807052660805
10427712,CSNK1G1,5.2441251443275085
11314340,LYN,5.0
5328940,TRKB,5.920818753952375
51004351,MAK,5.0
644241,WEE2,5.0
5291,BRAF(V600E),5.481486060122113
153999,MEK2,5.0
9933475,AMPK-alpha2,5.0
9915743,EPHB6,5.552841968657781
11427553,BLK,5.455931955649724
11717001,TAOK2,5.0
9926791,CLK3,5.0
9933475,MEK5,5.823908740944319
9926054,EGFR(L747S752del),5.0
9915743,YANK2,5.1938200260161125
10138260,LKB1,6.443697499232713
176167,KIT,5.0
3038525,WEE2,5.0
24180719,CDK5,5.0
11409972,ABL1(Y253F),8.0
9809715,ACVRL1,5.376750709602099
9929127,ERK2,5.0
5328940,STK33,7.431798275933005
11667893,STK39,5.0
3081361,MAP4K3,5.823908740944319
11656518,TYK2(JH1domain-catalytic),6.3872161432802645
447077,ARK5,5.0
16722836,GRK7,5.585026652029182
6450551,IRAK1,5.508638306165728
447077,ULK2,5.0
11234052,AXL,5.0
11626560,ROS1,8.387216143280265
126565,MTOR,5.0
6918454,DCAMKL1,5.0
16007391,ABL1(F317L)p,5.638272163982407
11234052,TLK2,5.0
9809715,ERK4,5.0
5494449,RPS6KA5(KinDom.1-N-terminal),5.0
156414,LOK,5.721246399047171
24180719,RPS6KA5(KinDom.2-C-terminal),5.0
5287969,DRAK2,5.721246399047171
176155,EPHB2,5.0
11427553,TGFBR1,5.0
9915743,MLCK,5.0
151194,KIT(V559D-T670I),5.0
51004351,ERK1,5.0
3062316,ABL1(F317L),10.494850021680094
5494449,EGFR(L858R),5.0
9809715,FLT4,7.022276394711152
11234052,TNK1,5.0
447077,AXL,5.0
10427712,MST4,5.0
11626560,ABL1(F317I),5.568636235841013
3038525,ERK1,5.0
11234052,MTOR,5.0
156422,EGFR(L858R),5.0
16725726,MAP3K15,5.0
17755052,RSK2(KinDom.1-N-terminal),5.522878745280337
153999,RIOK3,6.187086643357144
4908365,SIK2,6.3979400086720375
9933475,FGFR3,7.638272163982407
5287969,SRPK2,5.0
16725726,SRC,5.0
11626560,JAK1(JH1domain-catalytic),6.481486060122113
10074640,JAK1(JH1domain-catalytic),5.0
10138260,IRAK1,7.585026652029182
5329102,SNARK,6.823908740944319
3025986,VEGFR2,5.0
216239,ERK4,5.0
9926791,LKB1,5.0
10113978,AMPK-alpha1,5.0
176155,AKT2,5.0
10127622,ROCK2,5.0
123631,FLT3(N841I),5.522878745280337
156414,TSSK1B,5.0
10427712,TRKA,5.0
6450551,ABL1(F317I),5.585026652029182
10461815,ARK5,6.2076083105017466
11626560,ERBB3,5.0
6918454,MAK,5.0
24180719,TRKB,5.0
16038120,BTK,7.638272163982407
25127112,SRMS,5.0
6918454,LYN,5.0
176167,MAP3K1,5.0
11427553,FRK,5.6777807052660805
126565,FYN,7.075720713938118
11712649,TYRO3,5.508638306165728
10461815,BMPR1B,5.0
11626560,WEE1,5.0
10427712,DYRK2,5.251811972993799
25243800,MEK4,6.091514981121351
44150621,KIT,8.1249387366083
176167,GSK3A,5.0
11984591,BLK,7.602059991327962
208908,TXK,5.0
44259,TYK2(JH1domain-catalytic),7.251811972993799
5328940,FGFR2,5.0
10138260,CSNK1A1,6.3979400086720375
153999,EPHA6,5.0
11364421,RIOK1,5.657577319177793
10127622,RIOK3,5.0
447077,EGFR(L858R),6.0655015487564325
24889392,ABL1(Q252H)p,5.0
4908365,HCK,5.431798275933005
5494449,LRRK2(G2019S),5.0
44150621,ERK2,5.0
11667893,ABL1(Q252H)p,5.0
11314340,ABL1(H396P),5.0
447077,CSNK1G2,5.0
11717001,CASK,5.0
11712649,CAMKK1,5.0
10127622,ACVR2B,5.0
208908,CDK4-cyclinD1,5.0
24889392,CHEK1,5.0
11338033,TRPM6,5.0
5291,CSNK1G3,5.0
3038525,TYRO3,5.0
126565,MEK3,8.301029995663981
6918454,ASK2,5.0
176155,FLT3(K663Q),5.0
5328940,KIT(V559D-V654A),6.886056647693163
156422,JAK3(JH1domain-catalytic),5.0
151194,EPHA4,5.0
3025986,ABL1p,5.0
3038525,MRCKA,5.0
10113978,JNK3,5.721246399047171
16007391,EGFR(L861Q),6.292429823902063
11712649,MTOR,5.0
10113978,RIPK5,5.0
16725726,HIPK1,6.292429823902063
9926054,TAK1,5.0
123631,FLT3(D835Y),6.0
51004351,YANK3,5.0
9809715,CSNK1G2,5.0
11485656,FAK,5.0
3038522,CAMKK2,5.0
10113978,MAPKAPK2,5.0
10461815,MAP3K1,5.0
447077,MEK5,7.236572006437063
9884685,CAMK1G,5.0
25243800,YSK1,5.0
11617559,AMPK-alpha2,5.0
11617559,CDK9,5.0
9915743,BTK,6.795880017344075
11409972,YANK3,5.0
9926791,YANK1,5.0
11485656,AKT3,5.0
9915743,MST3,8.187086643357144
11667893,HIPK2,5.0
44150621,ERBB2,5.0
11314340,JNK1,5.0
5287969,ARK5,5.0
11626560,ABL1(T315I)p,8.0
123631,LIMK2,5.0
16007391,JAK1(JH1domain-catalytic),5.0
9933475,FGFR3(G697C),7.455931955649724
153999,LCK,5.0
11409972,BMX,5.2441251443275085
11667893,EPHA3,5.0
24180719,EGFR(L747T751del),5.0
208908,VEGFR2,5.0
11314340,GCN2(KinDom2S808G),5.0
11364421,DRAK2,5.0
11984591,ERBB3,5.0
10127622,EGFR(L747T751del),5.259637310505756
176870,DAPK2,5.0
156422,RSK4(KinDom.1-N-terminal),5.0
153999,MEK5,5.958607314841775
3025986,EPHB3,5.0
11617559,GSK3B,5.0
44150621,FLT3(R834Q),8.1249387366083
10138260,FAK,5.920818753952375
24180719,MLK3,5.0
10074640,DYRK1A,5.0
5328940,TLK1,6.2441251443275085
17755052,TRKA,5.0
6918454,ABL1(T315I)p,5.0
4908365,CTK,5.0
11485656,VRK2,5.0
9884685,MAST1,5.0
11364421,SRPK2,5.0
5494449,FLT3(D835Y),7.259637310505756
9929127,FLT3(N841I),5.0
10461815,SRPK3,5.795880017344075
3081361,ANKK1,5.0
17755052,CSNK1A1,5.0
4908365,AXL,8.275724130399212
24889392,DRAK1,5.0
9809715,KIT(D816V),7.327902142064283
16007391,IRAK1,5.0
44259,MEK2,7.552841968657781
9915743,MRCKA,5.0
123631,MAP3K2,5.481486060122113
11984591,MAP4K3,5.619788758288394
9933475,CDK4-cyclinD3,5.0
16038120,MET(M1250T),7.1938200260161125
151194,STK33,5.0
11667893,TSSK1B,5.0
447077,MST1,5.356547323513813
3038525,MST1,5.0
176167,AURKA,5.0
216239,MARK1,5.0
11409972,CSF1R,8.236572006437063
9926054,AURKC,5.0
9929127,GRK7,5.0
16722836,ROCK1,5.6777807052660805
44150621,JAK2(JH1domain-catalytic),6.886056647693163
3025986,ABL1(T315I)p,5.0
11234052,YANK1,5.0
9809715,BMPR2,7.251811972993799
44259,MST1R,6.3979400086720375
44150621,MKK7,5.0
44259,VEGFR2,6.657577319177793
11338033,CASK,7.619788758288394
5329102,EPHA4,5.0
11667893,ABL1(F317I),5.3979400086720375
9915743,TNK2,6.167491087293763
153999,MLK2,5.0
153999,RET(M918T),5.0
24779724,TRPM6,5.0
156414,ULK2,5.0
3081361,ZAP70,5.0
11626560,DDR1,6.292429823902063
176870,DAPK3,5.221848749616356
644241,EPHA7,5.0
153999,DCAMKL1,5.0
10461815,GAK,5.886056647693163
42642645,IRAK4,5.0
9926054,MEK3,5.0
447077,ICK,5.0
447077,SIK,8.187086643357144
9929127,CDK5,5.0
156414,BRSK2,5.0
5287969,BRAF,5.0
123631,TSSK1B,5.0
156422,MEK5,5.0
3025986,CDKL2,7.387216143280264
10461815,MEK5,5.853871964321762
156414,RET(M918T),6.075720713938118
11409972,IGF1R,5.0
9884685,KIT,5.0
6918454,CSNK1G3,5.0
153999,EGFR(L858R),5.0
5287969,LCK,5.0
25127112,CSNK1G1,5.0
9933475,MAPKAPK2,5.0
11656518,FLT3,5.853871964321762
11409972,RET(V804M),8.494850021680094
44150621,MLK1,5.00436480540245
24180719,AURKB,5.638272163982407
51004351,BIKE,6.657577319177793
44259,MEK6,8.468521082957745
123631,EGFR(E746A750del),9.267606240177033
44150621,IKK-beta,5.0
4908365,AURKB,5.537602002101044
11409972,DYRK2,6.6777807052660805
156414,LCK,6.494850021680094
16722836,MAP3K2,6.236572006437063
51004351,ABL1(F317L),5.0
4908365,SRPK1,5.769551078621726
176155,MET(M1250T),5.0
176167,KIT(V559D),5.0
10074640,CDKL1,5.0
3062316,RPS6KA4(KinDom.1-N-terminal),5.0
11984591,MAP3K4,6.075720713938118
216239,CSNK1G1,5.0
151194,ERBB3,5.0
5291,RIPK1,5.0
10184653,LKB1,5.0
3038525,JAK1(JH1domain-catalytic),5.0
3025986,DLK,5.0
11485656,MET(Y1235D),5.585026652029182
11409972,FLT3(D835H),8.309803919971486
176870,RIOK1,5.0
3062316,YANK2,5.0
10184653,ACVR2A,5.0
11234052,MAPKAPK5,5.0
44259,TGFBR2,5.0
10113978,EPHB1,5.0
9929127,DMPK2,5.0
9933475,EGFR(L858RT790M),5.130768280269024
11667893,MET,5.0
3062316,AURKC,5.0
25243800,TXK,6.481486060122113
176870,AKT2,5.0
11338033,EPHB3,5.0
11656518,EGFR(G719S),5.0
5291,AKT3,5.0
44150621,EGFR(G719S),5.0
3062316,LYN,9.244125144327509
11984591,ACVR1B,5.958607314841775
10113978,TYK2(JH2domain-pseudokinase),5.0
11485656,EPHB6,7.481486060122113
5494449,ABL1(F317I)p,5.6777807052660805
11984591,GRK1,6.060480747381382
11626560,SgK110,6.619788758288394
44150621,MARK1,5.638272163982407
216239,AKT3,5.0
44150621,TLK2,5.585026652029182
9926054,AURKA,5.0
644241,MET,5.0
9809715,TTK,7.657577319177794
9915743,TLK1,5.0
3025986,GSK3B,7.431798275933005
9884685,RIPK5,5.0
153999,CAMKK2,5.619788758288394
17755052,EPHA5,5.0
10138260,STK33,6.886056647693163
44259,MTOR,5.0
9884685,ABL1(F317L)p,5.0
156414,STK39,5.0
25127112,CDK11,5.0
176155,AKT3,5.0
5328940,FLT3,5.657577319177793
9926791,KIT,5.0
11338033,ERK1,5.0
11717001,TEC,5.0
10113978,TAOK3,7.346787486224656
3025986,AURKA,5.130768280269024
9809715,EGFR(T790M),5.0
9809715,ABL1(Q252H),7.136677139879544
24889392,ABL2,5.0
16038120,ABL1(M351T),7.022276394711152
11314340,DMPK2,6.337242168318426
11626560,SYK,5.6020599913279625
11712649,ERN1,5.0
11427553,LOK,7.886056647693163
10138260,LZK,6.267606240177032
16722836,AURKC,6.455931955649724
10138260,DLK,6.251811972993799
11314340,MEK5,5.0
16038120,CAMK2A,6.008773924307505
10184653,FLT4,5.0
3081361,MET(M1250T),5.0
24180719,ICK,5.0
24180719,MET(M1250T),5.0
11409972,EPHA1,5.267606240177032
10427712,DCAMKL3,5.0
11984591,CAMK2G,6.036212172654444
11234052,JNK1,5.0
5291,DMPK2,5.0
216239,RIOK2,5.0
24180719,ABL1(M351T),5.585026652029182
176167,ULK3,5.0
16722836,RSK4(KinDom.1-N-terminal),5.0
10127622,GRK1,5.0
17755052,CLK4,5.823908740944319
156414,VEGFR2,5.0
3025986,CDK4-cyclinD3,7.180456064458132
44150621,EPHB6,6.657577319177793
9884685,CDKL1,5.0
44150621,RPS6KA5(KinDom.1-N-terminal),6.167491087293763
3038525,CAMKK2,5.0
3038522,KIT(V559D-V654A),7.585026652029182
3081361,MST2,5.0
17755052,ARK5,5.0
5328940,ULK2,6.346787486224656
16038120,HIPK4,6.455931955649724
11409972,FLT3(D835Y),7.958607314841775
11617559,STK39,5.0
10113978,EPHA3,5.0
10113978,HPK1,6.1249387366083
11712649,ABL1(F317L),5.0
176167,EGFR,5.0
447077,LKB1,5.0
25127112,RPS6KA5(KinDom.2-C-terminal),6.853871964321762
11338033,RIPK4,5.0
9809715,ACVR1,6.221848749616356
176167,TEC,5.0
151194,ERBB2,5.0
11485656,RIOK3,5.0
123631,SIK,5.0
11984591,ULK3,8.148741651280925
11626560,FLT3(D835Y),6.6777807052660805
11617559,CAMK2G,5.0
16038120,CAMK1,5.958607314841775
11364421,TLK1,5.0
9926791,ABL1(F317L)p,5.0
11234052,IKK-alpha,5.0
44150621,ERK5,5.0
216239,TLK1,5.0
10427712,MET(Y1235D),5.0
24180719,KIT(A829P),5.236572006437063
16725726,LOK,5.0
153999,EPHB2,5.0
10127622,CLK4,5.0
51004351,STK36,5.0
16722836,TIE1,6.154901959985743
4908365,CHEK2,5.0
5287969,AURKC,5.0
216239,JNK1,5.0
11717001,YES,5.0
6918454,DAPK2,5.0
10127622,KIT(V559D-V654A),5.0
208908,RET(V804M),5.0
176167,MARK4,5.0
153999,SRMS,5.0
10184653,EGFR,9.602059991327964
447077,FGFR3(G697C),7.337242168318426
447077,FLT3(R834Q),5.0
11656518,CDK4-cyclinD3,5.0
16722836,RET(V804M),7.091514981121351
44150621,FGFR3(G697C),6.431798275933005
24180719,MAP4K3,5.0
11427553,AKT1,5.0
5329102,CAMK2B,5.853871964321762
5329102,FRK,6.275724130399211
5287969,RET,5.0
9915743,CSNK1E,6.537602002101044
176155,RIOK1,5.0
6450551,TTK,5.4089353929735005
11617559,MEK6,5.0
10427712,ABL1p,5.0
10127622,FGFR2,5.0
3062316,RET,6.136677139879544
123631,MKNK1,6.537602002101044
3081361,FLT1,6.585026652029182
3025986,TGFBR2,5.619788758288394
9809715,CAMKK2,6.036212172654444
447077,AKT1,5.0
10461815,LRRK2(G2019S),5.0
11667893,EGFR(S752I759del),5.0
42642645,MAP4K5,8.397940008672037
11712649,AAK1,5.0
24889392,TYK2(JH1domain-catalytic),5.0
25243800,STK33,5.346787486224656
176167,TAOK1,5.0
10461815,ABL1(F317L)p,5.537602002101044
16722836,SRPK2,7.0
11626560,TYK2(JH1domain-catalytic),6.6777807052660805
9926791,MAPKAPK5,5.0
5329102,TYK2(JH2domain-pseudokinase),6.443697499232713
151194,FYN,5.0
644241,ERK4,5.0
16007391,MLK1,5.0
9926054,SIK2,5.0
156414,RPS6KA5(KinDom.1-N-terminal),5.0
644241,EPHA5,5.721246399047171
25243800,MERTK,5.327902142064283
11984591,HIPK1,6.086186147616283
6918454,ULK1,5.0
123631,MAP4K4,5.0
25243800,ABL1(M351T),7.221848749616356
9809715,ABL1(T315I),7.180456064458132
24180719,RAF1,6.769551078621726
11617559,ERK8,5.0
3038525,TAOK2,5.0
11617559,WEE1,5.0
5328940,ACVR2A,5.0
10427712,RPS6KA4(KinDom.1-N-terminal),5.0
11717001,DDR1,5.0
11338033,SRPK1,5.0
16007391,ACVR2A,5.0
9809715,MARK3,6.113509274827519
176155,ERBB3,5.0
9809715,KIT(A829P),7.060480747381382
9809715,CAMK1G,6.585026652029182
10138260,TNNI3K,5.0
11712649,JNK3,5.0
9884685,TESK1,5.0
176167,MAP4K5,5.0
44259,DDR1,7.721246399047171
4908365,RPS6KA4(KinDom.1-N-terminal),5.494850021680094
11234052,YSK1,5.0
10184653,CAMK1D,5.0
16038120,DYRK2,5.0
10127622,HIPK3,5.0
11338033,TLK1,5.619788758288394
176155,EGFR(E746A750del),6.468521082957745
10074640,IKK-epsilon,5.0
10461815,FLT3(N841I),6.327902142064283
16722836,EGFR(L858R),5.481486060122113
208908,FLT3(ITD),5.0
5329102,CLK3,5.0
42642645,ABL1,8.2518119729938
10184653,TIE2,5.0
42642645,DYRK2,5.698970004336019
51004351,AKT2,6.107905397309519
5328940,RAF1,5.0
11656518,MELK,5.0
9926791,ACVR1B,5.0
5287969,BMPR2,5.0
5328940,ADCK3,5.0
10074640,ICK,5.0
10184653,VRK2,5.0
42642645,TYK2(JH2domain-pseudokinase),5.0
156414,LRRK2(G2019S),5.958607314841775
9933475,BRAF,5.0
447077,CTK,5.0
10184653,JNK2,5.6777807052660805
25243800,SRPK3,5.0
151194,TAK1,5.0
176870,DRAK2,5.026872146400302
25127112,SLK,5.0
6918454,HIPK4,5.0
11626560,ABL1(E255K),6.769551078621726
10461815,HCK,5.0
11485656,TGFBR2,5.0
24889392,KIT(V559D-V654A),7.443697499232713
6450551,TRPM6,5.0
25127112,SYK,5.0
644241,CDKL1,5.0
11234052,LOK,6.657577319177793
24779724,ALK,5.0
176167,SNRK,5.0
644241,EPHB1,5.886056647693163
176155,DMPK,5.0
51004351,GSK3B,5.744727494896694
11364421,SIK,5.0
44259,EPHA4,6.537602002101044
11338033,LCK,5.0
10138260,GRK1,5.958607314841775
11314340,EPHA1,5.0
10127622,STK39,5.0
10113978,ERK8,5.0
126565,MAPKAPK5,6.031517051446065
176870,ACVR2A,5.0
10138260,CDK9,5.0
9926054,KIT(V559D),5.2441251443275085
3038525,TIE2,5.0
25127112,MAPKAPK5,5.0
16007391,ABL1(H396P),5.920818753952375
3038522,INSRR,5.0
11667893,CAMK2B,5.0
16725726,HUNK,5.0
176167,LYN,5.0
3062316,SRMS,7.886056647693163
16007391,EGFR(G719S),6.769551078621726
10138260,CAMK2A,6.455931955649724
176155,HIPK4,5.0
51004351,CAMK1,5.698970004336019
6450551,MET(Y1235D),6.00436480540245
11712649,JNK1,5.0
16722836,TXK,5.823908740944319
10074640,CSNK1G2,5.0
11717001,SGK3,5.0
10113978,MAST1,5.0
11364421,MARK4,5.0
25127112,ASK1,5.0
16038120,MST1R,6.214670164989233
44259,ABL1(T315I),8.075720713938118
447077,FGFR3,7.318758762624413
9884685,YANK1,5.0
9933475,FLT3(ITD),5.0
11409972,GCN2(KinDom2S808G),5.0
9809715,RET(V804L),8.008773924307505
3025986,MST4,5.0
24180719,BIKE,5.0
11427553,MRCKA,5.0
10127622,QSK,5.0
16725726,CLK1,5.0
11234052,RIOK1,5.0
10138260,INSRR,5.698970004336019
3038525,S6K1,5.0
25243800,MST2,5.585026652029182
10127622,EPHA5,5.0
9933475,FLT1,9.130768280269024
9933475,CDK4-cyclinD1,5.0
10461815,HUNK,5.853871964321762
5494449,RSK3(KinDom.2-C-terminal),5.0
3062316,ULK2,5.0
153999,HIPK1,6.638272163982407
3025986,ABL1(H396P),5.0
9929127,RPS6KA4(KinDom.2-C-terminal),5.0
3062316,TIE1,5.0
16722836,SYK,5.568636235841013
11626560,CLK3,5.0
9915743,ERBB2,8.221848749616356
153999,BMX,5.0
3025986,ABL1(F317I)p,5.0
11427553,STK16,7.537602002101044
11617559,IKK-alpha,5.0
11485656,ABL2,5.0
6450551,TAOK3,5.0
11338033,ERK4,5.0
11717001,BRSK1,5.0
10427712,BMPR2,5.0
24779724,STK35,5.0
447077,YANK3,5.0
16038120,DRAK2,5.1487416512809245
6918454,FLT3(ITD),5.0
9809715,RSK4(KinDom.1-N-terminal),6.638272163982407
11617559,LRRK2,5.0
16007391,KIT(V559D-V654A),6.318758762624413
10074640,GRK1,5.0
10138260,BMX,5.0
11984591,CAMKK2,5.0
17755052,HIPK3,6.221848749616356
11364421,MST1,5.0
16007391,CDK8,5.0
216239,LIMK1,5.795880017344075
10184653,CSK,5.0
11712649,FLT3(K663Q),5.022276394711152
44150621,AXL,5.42021640338319
44150621,HIPK1,5.376750709602099
25127112,IKK-epsilon,5.920818753952375
44150621,ERK4,5.0
44150621,FGFR3,6.638272163982407
3062316,RIOK1,5.0
5329102,LYN,6.568636235841013
16007391,ARK5,5.0
11409972,EPHB6,5.0
126565,DDR1,6.292429823902063
3038522,BRSK2,5.0
24180719,MAP3K1,5.0
123631,EPHB1,5.886056647693163
5494449,MEK4,5.0
16725726,DRAK1,5.0
126565,DMPK2,5.6020599913279625
16007391,EGFR(L858RT790M),5.0
42642645,MLK1,6.0
5494449,ABL1(E255K),8.522878745280337
9926054,RSK4(KinDom.2-C-terminal),5.173925197299174
11667893,MINK,5.0
153999,ERK3,5.0
3038522,IKK-alpha,5.0
24779724,IGF1R,5.0
10184653,CTK,5.0
9926791,DYRK1A,5.0
11485656,ADCK3,5.0
10461815,EGFR(G719C),5.0
24889392,EPHA2,5.0
176155,LRRK2,5.0
3025986,IKK-alpha,5.0
25243800,EIF2AK1,5.0
11338033,CDK3,7.221848749616356
44259,CAMK1G,7.638272163982407
5328940,IKK-beta,5.0
3025986,MEK4,5.0
153999,BMPR1A,5.0
44150621,MLK3,5.657577319177793
10427712,BMX,5.0
126565,MLK1,8.455931955649724
44259,ALK,7.494850021680094
16038120,MAP3K15,6.096910013008056
44150621,TAOK2,5.0
9929127,EGFR(E746A750del),5.0
151194,CSF1R,7.346787486224656
24779724,CDKL1,5.0
126565,FLT4,7.769551078621726
126565,IGF1R,5.376750709602099
176155,IKK-epsilon,5.0
16007391,DLK,5.0
17755052,ZAP70,5.0
5291,CDK5,5.0
44259,ABL1(H396P),7.744727494896694
216239,GSK3A,5.0
9926791,IKK-epsilon,5.0
11617559,HIPK3,5.0
11656518,FLT3(K663Q),6.136677139879544
16038120,MRCKB,5.318758762624413
11984591,CDKL2,5.229147988357856
3038525,CAMK2B,5.0
25127112,CLK4,5.769551078621726
16725726,SIK2,5.161150909262744
151194,KIT(V559D),7.769551078621726
25243800,LCK,6.698970004336019
10127622,FGR,5.0
644241,EPHB6,6.301029995663981
5287969,RSK1(KinDom.1-N-terminal),5.638272163982407
10427712,FLT3(D835Y),5.0
156422,FGFR1,5.366531544420414
16722836,STK35,5.0
25127112,EGFR(L747E749del),5.0
6450551,YANK2,5.0
5291,GCN2(KinDom2S808G),5.0
11364421,MET,5.619788758288394
11364421,BMPR2,5.0
24180719,AAK1,5.0
16038120,CTK,5.552841968657781
44150621,STK35,5.0
10138260,FGFR1,5.721246399047171
9926054,TRKB,5.0
644241,CDK8,5.0
3025986,SBK1,5.0
25243800,JAK1(JH1domain-catalytic),6.522878745280337
11656518,FGFR3,5.0
447077,EGFR(L861Q),5.920818753952375
11712649,LYN,5.853871964321762
11626560,KIT,5.0
10461815,ABL2,5.161150909262744
9929127,MRCKB,5.0
16038120,YSK1,5.113509274827518
25127112,DCAMKL3,6.585026652029182
3038522,ROCK1,5.0
5329102,DYRK1B,5.638272163982407
3038522,TGFBR2,5.0
5291,FGFR2,5.0
11712649,HUNK,5.0
156414,EGFR(L861Q),9.657577319177792
447077,EPHA2,8.42021640338319
10074640,IRAK4,5.0
9884685,ABL1(F317I),5.0
24180719,DCAMKL1,5.091514981121351
208908,LIMK1,5.0
153999,ABL1(Q252H)p,5.0
16725726,MAST1,5.0
16038120,TIE1,7.823908740944319
11984591,MST1,5.0
11626560,FRK,5.537602002101044
644241,MRCKB,6.040958607678906
11338033,CAMKK1,5.0
24180719,EPHB3,5.0
24889392,EGFR(L747T751del),5.0
16038120,TSSK1B,7.602059991327962
3062316,CDKL5,5.0
44150621,ERBB4,5.0
9926054,IGF1R,5.0
176870,MAP4K3,5.0
10113978,RSK3(KinDom.1-N-terminal),5.0
25243800,ABL1(H396P)p,7.236572006437063
10427712,AMPK-alpha2,5.0
24180719,EGFR(G719C),5.0
10113978,MRCKB,5.0
25243800,EPHB2,6.251811972993799
11485656,ABL1(H396P)p,5.0
4908365,ABL1(F317L),5.6020599913279625
10113978,ACVRL1,5.0
5329102,RIPK1,6.431798275933005
24889392,MELK,5.0
24180719,ANKK1,5.0
3081361,MST4,5.0
24779724,FYN,5.0
10461815,EPHA2,5.0
9926054,MKNK1,5.0
24180719,DRAK2,5.0
447077,ERBB3,6.853871964321762
11364421,CAMK2G,5.920818753952375
11338033,EIF2AK1,5.0
11314340,MEK2,5.0
11338033,SIK2,5.0
16038120,JNK3,7.173925197299174
10127622,MEK1,7.00436480540245
11427553,MEK4,6.6020599913279625
3038522,CSK,5.0
11234052,DRAK1,5.0
176167,MAK,5.0
3062316,AMPK-alpha2,5.0
3081361,JAK3(JH1domain-catalytic),5.0
3038522,STK36,5.0
11314340,BIKE,6.920818753952375
11338033,ICK,8.080921907623926
9926054,CAMK1,5.0
10138260,ERBB2,5.0
11409972,SRPK2,5.0
16725726,SNRK,5.0
10184653,ERK2,5.0
6450551,BMX,5.0
25243800,ASK1,5.0
4908365,MAST1,5.0
3025986,RET(M918T),5.0
156414,MST1R,5.0
5291,ICK,5.0
5328940,EGFR,7.455931955649724
17755052,MLK3,5.0
17755052,RSK1(KinDom.1-N-terminal),5.0
11617559,EIF2AK1,5.0
11314340,MKK7,5.0
208908,FLT3,5.0
10127622,CAMKK1,5.0
5287969,BRAF(V600E),5.0
5329102,SIK,5.494850021680094
10461815,BMPR2,5.2076083105017466
6918454,YANK3,5.0
9929127,ASK2,5.0
11338033,SIK,5.0
123631,MAPKAPK2,5.0
3062316,CDK8,5.0
176155,MAP4K5,5.0
16722836,MAP4K5,5.0
25127112,TNIK,5.0
9926791,TAOK3,5.0
11984591,RIPK5,5.0
42642645,MARK4,5.0
10127622,CAMK2D,5.0
17755052,SLK,5.0
10113978,INSR,5.0
176870,KIT(D816V),5.795880017344075
10127622,RIPK2,5.0
3081361,FLT3(ITD),5.744727494896694
216239,ERBB3,5.0
10461815,CAMK1,5.6777807052660805
644241,YANK3,5.0
9933475,VRK2,5.0
123631,MTOR,5.0
24180719,JNK3,5.0
151194,TIE1,5.0
24889392,KIT(L576P),8.200659450546418
9809715,MAP3K4,5.0
156414,RET(V804M),5.0
44259,DCAMKL3,7.769551078621726
176870,CHEK2,5.0
11427553,CSF1R,6.920818753952375
156422,EPHA1,5.008773924307505
9926791,EGFR(T790M),5.0
644241,CAMKK2,5.0
10127622,CSNK2A2,5.0
11717001,BRK,5.0
3081361,DCAMKL3,5.0
3062316,RPS6KA5(KinDom.2-C-terminal),5.0
11234052,MLK3,5.0
16038120,WEE2,5.0
176870,MARK2,5.0
11656518,WEE2,5.0
11427553,MAP3K3,6.920818753952375
11364421,ACVRL1,5.0
176870,FGFR2,5.0
42642645,DRAK1,5.0
3081361,TYRO3,7.031517051446065
10427712,TYK2(JH1domain-catalytic),5.0
3038522,TRKC,5.698970004336019
11338033,ABL2,5.0
44150621,QSK,5.0
16038120,IKK-epsilon,5.958607314841775
9933475,CAMK2D,5.0
156422,MAP3K2,5.0
176167,EPHA6,5.0
123631,FYN,5.0
5287969,ACVR1,5.721246399047171
10184653,CDKL2,5.0
644241,FGFR4,5.0
6450551,LRRK2(G2019S),6.00436480540245
9926054,MST3,5.0
16007391,SIK2,5.0
216239,MELK,5.0
6450551,ULK2,5.00436480540245
9933475,ROS1,5.0
16722836,DYRK2,5.0
126565,FRK,6.130768280269024
6918454,EPHB1,5.0
44259,DYRK2,6.6020599913279625
25243800,HCK,6.721246399047171
5494449,MAP4K2,5.585026652029182
11409972,HCK,6.055517327849832
3062316,CDK4-cyclinD1,5.0
644241,TYK2(JH1domain-catalytic),5.0
123631,EGFR(S752I759del),9.008773924307503
11427553,ADCK4,5.0
11234052,VEGFR2,8.301029995663981
10074640,FLT3(D835H),5.0
4908365,CDK11,5.0
6450551,VEGFR2,8.229147988357855
24779724,LOK,5.0
11314340,SRPK2,5.958607314841775
156422,YANK1,5.0
10461815,KIT(A829P),5.366531544420414
9884685,MEK2,5.0
176155,CDC2L1,5.0
11409972,TYRO3,5.0
51004351,CAMK2D,7.443697499232713
3062316,GRK4,5.0
25243800,CLK3,5.0
11314340,TSSK1B,5.0
126565,TRKC,7.853871964321762
151194,CDC2L1,5.0
4908365,ACVR2B,5.0
11717001,EGFR(L861Q),5.0
5494449,BMPR1A,5.0
3025986,CAMK2D,5.0
11712649,BMX,5.508638306165728
5287969,SYK,5.0
5287969,RSK3(KinDom.1-N-terminal),5.366531544420414
44259,ACVRL1,5.0
151194,EGFR(L858RT790M),5.0
10074640,EGFR(L747T751del),5.886056647693163
5287969,CAMK4,5.494850021680094
6450551,MAP3K3,5.552841968657781
156414,SYK,5.0
25243800,RPS6KA4(KinDom.1-N-terminal),5.0
126565,WEE1,5.920818753952375
42642645,EPHA3,9.0
24889392,CDK11,5.0
9929127,ZAP70,5.0
5287969,FER,5.0
24889392,CDK8,5.0
10074640,LYN,7.214670164989233
11314340,CSNK1A1L,5.337242168318426
9809715,CAMK1D,5.657577319177793
11409972,SRMS,7.142667503568732
3038522,TAOK2,5.0
10074640,RET(M918T),5.0
4908365,CDK4-cyclinD3,5.0
9933475,MKK7,5.0
11717001,AURKB,5.0
11338033,CSK,5.0
9929127,EGFR(L747E749del),5.0
5291,MST1,5.0
11409972,ULK2,6.443697499232713
153999,ITK,5.0
10138260,SgK110,5.301029995663981
11427553,LZK,6.301029995663981
16038120,FLT3(R834Q),7.468521082957745
9926791,TYRO3,5.0
11485656,ERK2,5.0
3038525,ANKK1,5.0
9915743,KIT(D816H),5.0
151194,FLT3(K663Q),5.0
11234052,AKT1,5.0
44259,CAMK2G,9.259637310505756
11409972,RSK3(KinDom.2-C-terminal),5.958607314841775
16007391,YSK4,5.619788758288394
10461815,HIPK3,7.200659450546419
25127112,TXK,5.0
11338033,TRKC,5.0
16038120,KIT(V559D-T670I),6.886056647693163
10074640,FLT3(K663Q),5.0
9884685,MARK1,5.0
51004351,MAP4K3,6.920818753952375
11427553,CDC2L2,5.0
16038120,ERBB4,6.552841968657781
24889392,DDR2,5.958607314841775
25243800,JNK1,5.0
11984591,EPHB3,5.0
176155,ERK8,5.0
17755052,YSK1,5.0
25127112,TNK2,5.585026652029182
11984591,MAP3K3,6.823908740944319
11617559,DRAK2,5.0
25243800,RSK1(KinDom.1-N-terminal),5.6777807052660805
11656518,ASK1,5.0
3025986,CSNK1D,5.744727494896694
3062316,LZK,5.275724130399211
126565,IRAK4,8.769551078621726
4908365,EIF2AK1,5.0
9926054,ULK1,5.0
9884685,EPHA6,5.0
3038525,ABL1,5.0
10461815,TYRO3,5.698970004336019
156422,SNARK,5.0
176167,MAP3K2,5.0
11338033,TYRO3,5.0
11338033,RET(M918T),5.0
5494449,TBK1,6.309803919971486
4908365,FLT3(K663Q),7.698970004336019
10138260,MAP4K2,5.769551078621726
9809715,ABL1(H396P)p,7.309803919971486
42642645,STK36,6.744727494896694
176870,DYRK2,5.886056647693163
11712649,SIK,5.769551078621726
11617559,TYRO3,5.0
644241,MARK2,5.0
51004351,TTK,6.455931955649724
24889392,INSRR,5.0
9915743,IKK-alpha,5.0
11617559,RIPK2,5.0
11314340,LATS1,5.958607314841775
216239,MARK2,5.0
16722836,CAMK2G,6.267606240177032
11717001,KIT(V559D),5.0
6918454,ACVR1,5.0
11338033,TYK2(JH1domain-catalytic),5.0
11314340,BTK,5.0
9809715,ABL1(Q252H)p,7.552841968657781
3062316,ROCK2,5.0
9926054,ERK5,6.2076083105017466
9926054,EGFR,5.0
16007391,LCK,6.42021640338319
11427553,GSK3A,5.0
11338033,RIOK2,5.0
156414,BTK,5.795880017344075
4908365,MLK1,5.0
3081361,EPHA5,6.619788758288394
11364421,EGFR(E746A750del),5.721246399047171
51004351,EPHA3,5.0
10113978,EGFR(L858RT790M),5.0
11338033,RAF1,5.0
3038522,SNRK,5.0
16007391,CSNK1G1,5.0
6918454,MET(M1250T),5.0
126565,ROCK2,7.1487416512809245
9809715,ABL1(M351T),7.2839966563652
42642645,LOK,9.275724130399212
11234052,MST2,5.0
16038120,LYN,6.552841968657781
9915743,MARK2,5.0
126565,ALK,7.1487416512809245
11984591,FAK,6.6020599913279625
10184653,RIOK3,5.0
10184653,IGF1R,5.0
447077,CDK2,5.0
3081361,RET(M918T),7.853871964321762
3081361,RPS6KA5(KinDom.2-C-terminal),5.0
24779724,YSK1,5.0
17755052,TYK2(JH1domain-catalytic),5.0
11656518,CIT,7.060480747381382
25243800,CDK4-cyclinD1,5.136677139879544
176870,CDKL5,5.0
10127622,SRC,5.0
5287969,FGFR3(G697C),5.0
176167,JAK1(JH2domain-pseudokinase),5.0
16725726,CDK11,5.0
16007391,SBK1,5.0
176167,ABL1(Q252H)p,5.0
11656518,BMPR1A,5.0
11364421,STK16,5.958607314841775
9915743,SRC,5.3872161432802645
153999,TAOK3,7.013228265733755
6918454,PYK2,5.0
9929127,BMX,5.0
3038525,RPS6KA5(KinDom.2-C-terminal),5.0
216239,ZAP70,5.0
644241,EPHA3,6.958607314841775
17755052,DAPK2,5.0
9915743,EPHB4,5.0
25127112,BRK,5.0
11427553,ABL1(F317I),5.795880017344075
10184653,TAOK1,5.0
11712649,IKK-beta,5.0
11427553,CAMK1,5.853871964321762
176167,BMPR1B,5.0
11626560,MLK2,5.0
5287969,CAMK2A,5.769551078621726
176167,MAP3K4,5.0
16722836,CASK,5.552841968657781
9809715,DDR2,7.376750709602099
24779724,DCAMKL3,5.0
447077,DDR2,7.920818753952375
10461815,INSRR,5.455931955649724
176155,CDK3,5.0
44150621,ADCK4,5.0
10184653,S6K1,5.0
216239,SYK,5.0
9933475,CDKL1,5.0
151194,FES,5.0
11717001,AMPK-alpha2,5.0
11427553,JAK3(JH1domain-catalytic),7.4089353929735005
24779724,FLT4,5.0
3038525,RSK4(KinDom.1-N-terminal),5.0
156422,TLK1,5.0
9926791,DCAMKL3,7.920818753952375
3038525,AKT3,5.0
176155,ACVR2B,5.0
156414,DMPK2,5.0
156414,AKT2,5.0
25243800,CDK5,5.0
11427553,BIKE,8.017728766960431
208908,TAK1,5.0
9809715,IRAK1,6.920818753952375
24779724,IRAK1,5.0
11667893,CSNK1A1,5.0
5287969,DDR1,5.0
3062316,EGFR(G719S),7.102372908709558
3038522,VEGFR2,5.0
11712649,BRAF,5.0
24180719,EPHB4,5.0
11712649,MST2,5.0
5287969,BIKE,5.0
5494449,CLK3,5.0
208908,BRSK1,5.0
11485656,BMX,5.0
9929127,FGFR1,5.0
3081361,SIK2,6.366531544420414
208908,RET(M918T),5.0
10138260,CSNK2A1,5.721246399047171
24889392,ERK3,5.0
11984591,ZAK,5.0
5329102,CLK4,7.537602002101044
11667893,ABL2,5.346787486224656
5329102,HUNK,6.301029995663981
11667893,MEK6,5.0
6450551,MLK1,5.522878745280337
16725726,MKK7,5.0
9926791,TSSK1B,5.0
9926054,VEGFR2,5.0
9926791,CSNK1G1,5.0
11314340,LKB1,5.0
42642645,RIPK2,7.67778070526608
176155,RIOK3,5.0
5291,AURKC,5.0
5329102,AMPK-alpha2,7.050609993355088
3025986,ERBB4,5.0
10184653,ASK1,5.0
6450551,TAOK2,5.0
156414,MST1,5.0
11656518,CDK2,5.0
208908,ASK2,5.0
5329102,DYRK1A,6.698970004336019
3081361,EGFR(G719C),8.017728766960431
9933475,ABL1(F317I)p,5.886056647693163
6918454,AKT2,5.0
126565,EPHB6,7.008773924307505
11314340,DCAMKL2,5.0
24180719,RIPK2,6.366531544420414
11409972,CDKL5,8.18045606445813
44150621,RPS6KA4(KinDom.2-C-terminal),5.0
3038525,FLT3,5.0
16038120,CDK3,5.0
16725726,DLK,5.0
208908,CLK4,5.0
3038522,CDC2L1,5.0
151194,EPHA3,5.0
17755052,MST1,5.0
3062316,ACVRL1,6.337242168318426
10113978,BMX,5.0
10427712,MAK,5.0
11626560,TNK1,6.494850021680094
9926054,FGFR1,5.0
9926791,ABL1(T315I)p,5.657577319177793
24889392,CAMKK2,5.0
4908365,SLK,6.142667503568732
156414,ABL1(F317I),5.494850021680094
9926054,SRPK2,5.0
11712649,ABL1(F317I)p,5.0
3038522,EPHA5,5.0
11234052,DAPK3,5.0
17755052,ABL1(Y253F),5.0
11338033,MAST1,5.0
25243800,CAMKK1,5.0
6450551,JAK1(JH2domain-pseudokinase),5.0
10184653,RSK2(KinDom.1-N-terminal),5.0
11364421,EPHA8,5.0
25243800,ACVRL1,8.537602002101044
16725726,MELK,6.050609993355088
123631,CHEK2,6.096910013008056
9809715,MET(Y1235D),6.337242168318426
10138260,YANK1,5.0
11485656,HIPK1,5.0
208908,ACVR1,5.0
24180719,GSK3A,5.0
10427712,MEK2,5.0
123631,YSK4,6.619788758288394
9926054,RSK3(KinDom.1-N-terminal),5.0
9884685,MARK4,5.0
11617559,BMPR2,5.0
24889392,BMX,5.0
11338033,ABL1(M351T),5.0
5328940,ABL1(T315I),7.67778070526608
24180719,RPS6KA4(KinDom.2-C-terminal),5.0
10461815,TXK,5.0
24889392,SIK2,5.0
447077,RSK1(KinDom.2-C-terminal),5.0
5494449,YANK3,5.0
9926791,AXL,5.0
11364421,CAMK2D,5.619788758288394
3062316,SBK1,5.920818753952375
10127622,TIE1,5.0
11712649,KIT(L576P),5.0
11485656,TESK1,5.0
9933475,SRC,7.091514981121351
153999,DCAMKL3,5.0
123631,MLCK,5.0
11485656,TXK,5.0
42642645,ABL1(Y253F),7.431798275933005
24889392,ASK1,5.0
16038120,DDR1,6.853871964321762
24779724,HIPK2,5.0
644241,ABL1,8.0
11717001,TLK2,5.0
11409972,GRK1,5.0
42642645,CLK2,5.0
16038120,MEK6,5.698970004336019
9929127,HIPK3,5.0
5287969,SLK,5.0
10074640,MARK2,5.0
153999,WEE1,5.0
447077,CSNK1D,5.0
42642645,FLT3(K663Q),9.086186147616283
9915743,RIPK5,5.1938200260161125
11314340,MAP4K4,6.853871964321762
11338033,TNIK,5.0
10461815,MST1,5.0
9809715,CSK,5.0
4908365,LZK,6.6777807052660805
9926054,EIF2AK1,5.0
11984591,CASK,5.0
24180719,HPK1,5.0
9929127,SRC,5.0
5494449,CSNK1A1L,5.0
156414,TYK2(JH2domain-pseudokinase),5.0
10184653,TTK,5.0
126565,DYRK1B,7.537602002101044
156414,YANK1,5.0
11984591,SLK,7.481486060122113
11712649,AXL,6.356547323513813
16038120,VEGFR2,6.026872146400302
17755052,FLT3(D835Y),6.1487416512809245
51004351,MARK3,7.67778070526608
5494449,ULK3,6.508638306165728
9884685,STK35,5.0
5329102,TAOK3,6.6777807052660805
123631,DRAK1,5.698970004336019
11717001,CSNK1E,6.886056647693163
9926791,CLK1,5.0
44150621,GCN2(KinDom2S808G),6.6020599913279625
11314340,CSK,5.0
11338033,TNNI3K,5.0
9884685,BTK,5.0
126565,ULK1,6.0
5328940,STK35,8.698970004336019
3038525,AKT2,5.0
16722836,EGFR(L747S752del),5.251811972993799
126565,EGFR(L858RT790M),8.10790539730952
176155,SIK2,5.0
10184653,TYK2(JH2domain-pseudokinase),5.0
126565,CAMK2D,8.05551732784983
11656518,LIMK1,5.0
153999,RIPK1,5.0
176870,GSK3B,5.0
156414,TRPM6,5.0
9933475,HIPK4,5.0
44259,IRAK1,7.397940008672037
51004351,BRK,5.0
11626560,MEK6,5.0
44259,JNK1,6.657577319177793
16725726,MAP3K4,5.0
10461815,FLT3(R834Q),5.337242168318426
644241,S6K1,5.0
151194,ABL1(F317I)p,5.0
10184653,CSNK2A1,5.0
42642645,AMPK-alpha1,6.136677139879544
6450551,EPHA1,5.0
44150621,EPHA6,5.0
176155,FGFR4,5.0
5329102,KIT(A829P),7.366531544420414
644241,CDKL3,5.0
447077,RSK1(KinDom.1-N-terminal),5.0
208908,CDKL1,5.0
3025986,CSNK1G3,5.0
4908365,GCN2(KinDom2S808G),7.091514981121351
11485656,ERN1,5.0
9809715,MAP3K3,7.468521082957745
151194,TTK,5.0
5287969,TNK1,5.0
25243800,CAMK2D,5.0
11617559,ABL1(H396P)p,5.0
3038525,ACVR2A,5.0
11712649,VRK2,5.0
11427553,IRAK4,6.167491087293763
25127112,LATS1,5.0
51004351,CAMK2G,6.853871964321762
5329102,ERK4,5.0
176870,CIT,6.167491087293763
11427553,KIT(A829P),6.0655015487564325
9809715,CDKL1,5.0
9926791,MET,5.0
11656518,JAK3(JH1domain-catalytic),5.0
11427553,MLCK,8.366531544420413
126565,SNRK,5.0
17755052,RAF1,5.0
9809715,AAK1,7.200659450546419
5329102,BMPR1B,5.619788758288394
11409972,INSRR,5.853871964321762
11656518,CDKL2,5.0
153999,SRPK3,5.795880017344075
11712649,SNRK,5.0
447077,ULK1,5.0
44150621,MARK4,5.769551078621726
4908365,BMPR2,6.508638306165728
176155,TESK1,5.0
16725726,LATS2,6.853871964321762
447077,MAP4K2,5.920818753952375
6450551,MRCKA,5.0
11984591,ERK2,5.0
3062316,TLK2,5.0
16038120,EGFR(G719C),5.698970004336019
216239,ITK,5.0
3081361,HPK1,5.259637310505756
16725726,RSK4(KinDom.2-C-terminal),5.0
5328940,EGFR(L747E749del),7.537602002101044
208908,MET(M1250T),5.0
6450551,RIPK1,5.6020599913279625
5291,ABL1(T315I)p,5.0
3025986,ULK3,5.0
3038525,IGF1R,5.0
9926054,SgK110,5.0
9926054,LATS2,5.0
10074640,KIT(V559D-T670I),5.0
126565,ASK1,7.154901959985743
5291,TEC,5.0
11656518,YANK3,5.0
24779724,BMPR2,5.0
5494449,ARK5,6.698970004336019
9915743,MELK,5.795880017344075
11409972,MST4,5.0
42642645,IRAK3,6.431798275933005
44259,CSF1R,7.920818753952375
24889392,AMPK-alpha2,5.0
126565,CAMK1G,6.327902142064283
156414,RPS6KA4(KinDom.2-C-terminal),5.0
3038525,MLK2,5.0
10113978,CTK,5.0
17755052,DYRK1B,5.42021640338319
151194,EGFR(L747E749del),5.0
11364421,ABL1(M351T),5.0
6450551,ZAK,5.585026652029182
11984591,CDKL1,5.6777807052660805
9809715,LATS1,6.376750709602099
153999,MEK3,5.0
11667893,TXK,5.0
208908,BMPR2,5.0
9926054,BRK,5.0
6918454,BMPR1A,5.0
11364421,TRKA,5.0
3038525,MAPKAPK5,5.0
11338033,MAP4K5,5.0
9929127,TIE2,5.0
11409972,CAMKK2,6.657577319177793
10074640,LCK,7.508638306165728
10113978,EGFR(G719S),5.0
3025986,RIOK1,5.0
11409972,EGFR(L747T751del),6.275724130399211
3025986,CSNK1E,6.022276394711152
11626560,HCK,5.0
11667893,ERK1,5.0
11409972,KIT,8.267606240177031
10184653,TESK1,5.0
11617559,GRK1,5.0
11626560,TYK2(JH2domain-pseudokinase),5.698970004336019
447077,SLK,5.431798275933005
11485656,TAOK3,6.585026652029182
9933475,CDK7,5.0
3081361,ABL1(F317I),6.113509274827519
44150621,ZAK,5.0
5494449,TAOK2,6.366531544420414
11485656,FRK,6.3979400086720375
24889392,LATS1,5.0
11626560,EPHB3,5.0
24889392,LCK,5.6020599913279625
447077,ABL1,8.823908740944319
42642645,MINK,5.585026652029182
5328940,MARK1,5.0
11409972,CAMK1,5.522878745280337
9884685,EPHB6,5.0
9929127,LCK,5.0
11485656,CDK7,5.537602002101044
25243800,RIPK5,6.292429823902063
176167,ABL1(Q252H),5.0
11984591,CDK4-cyclinD1,5.0
5287969,FLT3(D835Y),5.494850021680094
42642645,SBK1,5.0
9929127,AMPK-alpha2,5.0
24779724,AURKA,5.0
176870,RSK1(KinDom.2-C-terminal),5.0
9926791,ABL1(Y253F),5.0
176167,ULK2,5.0
42642645,CAMK1,5.229147988357856
3025986,FAK,5.0
10427712,RET(V804M),5.0
11984591,HIPK3,5.494850021680094
25243800,AKT2,5.0
3038525,DCAMKL1,5.0
3038525,TNK1,5.0
11427553,TYK2(JH2domain-pseudokinase),6.2839966563652006
11626560,MLK1,5.0
24779724,MAP4K4,5.0
44150621,ABL1(F317I)p,5.346787486224656
9884685,LIMK2,5.455931955649724
10427712,JNK2,5.0
51004351,TLK1,5.0
11617559,CDK5,5.0
10113978,SRC,5.552841968657781
16038120,CSNK2A1,5.0
11364421,DMPK,5.537602002101044
11656518,ABL1(F317I),5.10790539730952
9933475,BLK,6.920818753952375
16038120,MST1,6.481486060122113
11409972,DRAK1,5.0
3081361,MET,5.2441251443275085
5291,TBK1,5.0
156422,EGFR(L861Q),5.0
5329102,LTK,5.744727494896694
156422,TEC,5.0
44259,CHEK1,8.494850021680094
9933475,WEE2,5.0
5287969,CAMK1G,5.0
10113978,FLT4,7.568636235841013
16038120,CDKL2,5.0
11485656,ACVR2B,5.0
9809715,MST4,7.309803919971486
11984591,MARK3,5.721246399047171
11656518,CLK1,5.0
16722836,CDC2L2,5.0
176870,LIMK1,5.0
9809715,CDK3,5.0
24779724,JAK1(JH1domain-catalytic),5.0
9929127,EPHA3,5.0
5291,EPHA6,5.0
447077,ABL1(M351T),9.2839966563652
10113978,CSNK2A1,5.0
25127112,BIKE,6.6777807052660805
3025986,MERTK,5.0
11617559,BRSK1,5.0
11364421,ZAK,5.0
5494449,ICK,5.0
11984591,MLK1,8.366531544420413
447077,MEK2,5.721246399047171
126565,AURKC,8.387216143280265
16038120,ANKK1,5.026872146400302
3062316,FLT3,5.318758762624413
16722836,MARK4,6.013228265733755
3025986,CAMK1D,5.0
9933475,IGF1R,5.0
3062316,S6K1,5.0
51004351,LRRK2(G2019S),6.744727494896694
17755052,DRAK2,5.0
11234052,HPK1,5.0
11617559,ABL1(E255K),5.0
10184653,DAPK3,5.0
9926054,EGFR(E746A750del),5.0
3038525,ABL1(F317L),5.0
10138260,CDKL5,5.0
16038120,RET(V804M),6.853871964321762
5291,MET(M1250T),5.0
10074640,MEK5,5.0
216239,FLT3(R834Q),7.769551078621726
5494449,CAMK1,5.154901959985743
9926054,ABL1,5.0
11364421,KIT,5.0
10113978,ABL1(Y253F),6.318758762624413
3025986,MEK5,5.0
9884685,MET(M1250T),5.0
176870,GSK3A,5.0
10138260,TLK2,6.568636235841013
208908,MLCK,5.0
9926791,JAK1(JH2domain-pseudokinase),5.0
123631,MARK1,5.0
153999,CSNK1D,5.0
11626560,MERTK,8.443697499232712
11314340,MTOR,5.0
10138260,IRAK3,5.721246399047171
17755052,GCN2(KinDom2S808G),5.0
6918454,TNIK,5.0
9915743,ABL1(T315I),5.0
11667893,YANK3,5.0
3062316,LTK,5.0
216239,RIPK1,5.0
11667893,TLK1,5.0
11485656,ABL1(E255K),5.0
3081361,FER,5.0
3038525,CDK2,5.0
9884685,ERK1,5.0
25243800,CSNK1G2,5.522878745280337
44150621,IKK-epsilon,6.318758762624413
16007391,MAP3K2,5.0
216239,ACVR2B,5.0
208908,LCK,5.0
11314340,SgK110,5.0
216239,MEK3,5.0
24180719,CASK,5.0
11984591,SNARK,7.187086643357144
3038522,ASK2,5.0
11314340,DYRK1A,8.67778070526608
11712649,SRPK2,5.0
11427553,RET(M918T),7.327902142064283
10461815,ANKK1,5.0
208908,RIPK2,5.443697499232713
11984591,ACVR2B,5.0
11314340,ALK,5.0
5291,EPHB3,5.0
9926791,FGFR2,5.0
44150621,ABL1(F317L),5.823908740944319
16038120,GCN2(KinDom2S808G),5.958607314841775
5328940,TIE1,5.537602002101044
16722836,AMPK-alpha1,5.619788758288394
11338033,DRAK1,5.0
16722836,RET,6.886056647693163
123631,RIPK1,5.0
11667893,CAMK1D,5.0
11364421,IKK-epsilon,5.0
16038120,JAK3(JH1domain-catalytic),7.769551078621726
11712649,FGFR1,5.619788758288394
44259,KIT(L576P),7.657577319177794
10184653,TAOK3,5.0
11314340,TRPM6,5.0
10138260,ABL1(Q252H)p,6.301029995663981
5287969,KIT(V559D-V654A),5.0
16725726,LZK,5.0
10461815,MET(Y1235D),9.080921907623926
5287969,FES,5.0
5494449,MEK2,5.698970004336019
11338033,EGFR(L747S752del),5.0
10138260,RET(V804M),7.853871964321762
42642645,GAK,5.0
51004351,HUNK,6.619788758288394
216239,BRSK2,5.0
176155,HIPK1,5.0
11717001,CAMK1G,5.0
11656518,TIE1,6.823908740944319
6918454,KIT(V559D-T670I),5.0
10184653,LZK,5.0
51004351,SIK2,6.251811972993799
5287969,WEE1,5.0
11617559,EPHB6,5.0
9929127,ERBB2,5.0
9809715,GRK7,5.920818753952375
644241,ERBB3,5.0
5287969,SRPK3,5.0
10461815,ERK4,5.0
10138260,JNK2,5.481486060122113
447077,EPHB6,8.698970004336019
153999,ROCK1,5.0
9926791,CSNK2A1,5.0
6450551,MAST1,5.0
9884685,TGFBR1,5.0
24180719,CSNK1G3,5.0
6450551,EPHB1,5.0
24889392,ERK1,5.0
42642645,CAMK4,5.0
9915743,JAK1(JH1domain-catalytic),5.0
10074640,MEK1,5.0
11364421,EGFR(L858RT790M),6.619788758288394
11717001,MARK1,5.0
24180719,CDK9,5.0
176870,ERBB2,5.537602002101044
24180719,ITK,5.0
126565,YSK1,7.013228265733755
17755052,CSNK2A2,5.619788758288394
11984591,JNK2,7.327902142064283
42642645,IRAK1,5.0
3062316,TRKC,5.0
10427712,MLK3,5.0
176167,EGFR(L858RT790M),5.0
9926791,DRAK1,5.0
16722836,IKK-epsilon,6.443697499232713
6450551,MAPKAPK2,5.0
126565,JAK1(JH2domain-pseudokinase),5.0
44259,CAMKK1,10.4089353929735
11712649,KIT(D816H),5.0
11427553,RSK4(KinDom.1-N-terminal),6.356547323513813
44150621,BMPR1B,5.0
447077,LIMK1,6.00436480540245
3062316,ABL1(E255K),10.327902142064282
11364421,ROS1,5.0
11234052,MAP3K15,5.0
11656518,HCK,5.920818753952375
16038120,ITK,7.468521082957745
176870,ICK,5.0
156422,SRMS,5.0
10461815,MARK1,5.0
11617559,CASK,5.0
11656518,CDKL5,5.0
156422,ERK1,5.0
151194,MELK,5.0
10074640,AXL,5.0
11409972,ABL1(T315I)p,7.602059991327962
11234052,GRK7,5.0
11485656,CSNK1G2,5.0
10127622,ULK3,5.0
24180719,AMPK-alpha2,5.0
176167,MST1R,5.0
17755052,TESK1,5.0
11712649,AURKB,7.366531544420414
11712649,JAK1(JH2domain-pseudokinase),5.0
11234052,EGFR(E746A750del),5.0
10074640,EGFR(G719S),5.0
151194,STK39,5.0
51004351,MAST1,6.721246399047171
10127622,EIF2AK1,5.0
25243800,CDK4-cyclinD3,5.0655015487564325
3038525,MAP3K2,5.0
10461815,DDR2,5.119186407719209
6450551,VRK2,5.0
51004351,MEK2,5.0
10461815,MAP3K15,5.0
151194,ACVR2A,5.0
51004351,DAPK3,5.744727494896694
11984591,ERK3,5.0
644241,ADCK4,5.0
11717001,MEK5,5.292429823902063
25243800,CAMK2A,5.251811972993799
4908365,DRAK1,6.568636235841013
9926791,CDK7,5.0
51004351,ACVR2B,5.0
3038522,MEK2,5.0
9933475,CAMK2A,5.0
9884685,TRKB,5.0
9809715,ERK5,5.6020599913279625
11234052,TNIK,6.795880017344075
10127622,TLK2,5.0
156414,MAP4K5,5.585026652029182
9929127,CAMK4,5.0
6450551,FLT3(ITD),6.6020599913279625
9926054,MRCKA,5.0
447077,ABL1(F317L)p,8.602059991327963
208908,AURKA,5.0
44150621,FLT4,6.236572006437063
25243800,BRSK1,7.853871964321762
4908365,ABL1,6.173925197299174
11485656,EPHA7,6.958607314841775
11485656,EPHB4,5.853871964321762
3038522,ABL1(F317I)p,5.0
10113978,CDC2L2,5.886056647693163
16007391,FLT3(D835Y),6.173925197299174
5494449,IRAK4,5.431798275933005
4908365,EGFR,5.0
9884685,ZAK,5.0
126565,MAP3K1,5.356547323513813
156422,MEK6,5.0
123631,CDK8,5.0
9809715,CAMK2A,5.443697499232713
10461815,FAK,5.721246399047171
3025986,EGFR(L747S752del),5.0
11984591,MAP3K15,5.0
3062316,DCAMKL1,5.0
5291,MARK4,5.0
5328940,RIOK2,5.0
126565,EPHB3,5.0
9926791,RSK3(KinDom.2-C-terminal),6.221848749616356
24779724,TYRO3,5.0
216239,JNK3,5.0
11712649,BRK,5.0
11656518,LCK,6.1938200260161125
3038525,CSNK1E,5.0
11409972,BTK,5.0
156414,FGFR1,5.0
25243800,MAP4K5,5.0
11617559,QSK,5.0
16007391,SLK,5.0
156422,GCN2(KinDom2S808G),5.0
176870,TNK1,6.200659450546419
153999,RPS6KA4(KinDom.2-C-terminal),5.0
11338033,CDKL5,8.585026652029182
3038522,MET(M1250T),5.0
5494449,CASK,5.0
11234052,ITK,5.0
6918454,DAPK1,5.0
11338033,EGFR(L858RT790M),5.0
16007391,CDK9,5.0
11338033,MARK4,5.0
4908365,WEE2,5.0
44150621,LRRK2(G2019S),6.055517327849832
11617559,SgK110,5.0
3062316,JAK2(JH1domain-catalytic),6.0
10074640,YANK2,5.0
3081361,MELK,5.0
123631,CSNK1G1,5.0
6450551,SGK3,5.0
176870,QSK,5.0
4908365,MST3,5.6777807052660805
9929127,DDR2,5.0
10138260,SBK1,6.2076083105017466
6450551,JNK3,5.958607314841775
156422,TNIK,6.853871964321762
208908,CAMK1G,5.0
3038522,EGFR(S752I759del),6.455931955649724
9915743,TBK1,5.0
24889392,BTK,5.0
208908,MAP4K5,5.0
11364421,EGFR(T790M),6.443697499232713
44150621,VEGFR2,7.167491087293763
11656518,EPHA5,5.0
10113978,EGFR(L747T751del),5.0
153999,EPHB4,5.0
9926054,ABL1(T315I)p,5.0
176870,AURKB,5.853871964321762
11712649,LATS2,5.0
216239,EGFR(L747S752del),5.0
11984591,SRPK3,6.3979400086720375
3062316,BRAF,6.301029995663981
11364421,TEC,5.0
17755052,CDKL3,5.0
11667893,ABL1(E255K),5.0
11667893,HPK1,5.0
3025986,DMPK2,5.0
16725726,CLK4,5.0
9915743,MAPKAPK2,5.0
216239,GSK3B,5.0
447077,JNK3,5.0
11984591,RET(M918T),8.387216143280265
4908365,CDC2L2,5.0
3081361,FYN,6.443697499232713
10427712,MAP4K4,5.0
24889392,FAK,5.0
11626560,CAMK1D,5.0
17755052,LATS2,5.0
16722836,HUNK,5.0
9933475,CDC2L2,5.0
9933475,MAST1,5.0
3062316,MST3,5.0
3038525,MET,5.0
11364421,ERK3,5.0
16725726,RSK1(KinDom.2-C-terminal),5.0
11338033,RET(V804M),5.0
4908365,LRRK2,6.721246399047171
10127622,CSNK1A1,5.0
9915743,IRAK1,5.638272163982407
10184653,IRAK1,6.619788758288394
156422,TAOK1,5.0
208908,RSK3(KinDom.2-C-terminal),5.0
11485656,EGFR(L858RT790M),5.0
16725726,SLK,5.0
153999,RPS6KA5(KinDom.1-N-terminal),5.886056647693163
5494449,JNK3,5.552841968657781
44150621,LIMK1,5.0
9915743,RIOK2,5.0
9929127,MELK,5.0
10127622,MST1,5.0
3062316,SRPK1,5.0
25127112,IRAK1,6.537602002101044
11617559,TRKB,7.443697499232713
9809715,CDK8,5.0
16722836,BMPR1B,6.3872161432802645
11409972,DCAMKL2,5.0
11617559,LTK,5.0
5328940,CDK7,5.920818753952375
11712649,STK16,5.0
10138260,ZAP70,5.0
126565,JNK2,6.494850021680094
9926791,MINK,5.0
24889392,ERK8,6.568636235841013
11234052,ROCK1,5.0
51004351,TRKB,6.508638306165728
11617559,DRAK1,5.0
3081361,SIK,5.721246399047171
5328940,ERBB4,7.585026652029182
11338033,FAK,5.0
644241,DCAMKL1,5.0
16725726,CDK7,5.0
156414,TXK,6.154901959985743
11234052,ARK5,5.0
11427553,RIOK3,7.214670164989233
10138260,KIT(A829P),7.267606240177032
11364421,MAP3K3,5.0
16722836,EPHA1,6.136677139879544
5329102,LATS1,6.200659450546419
3038525,IKK-epsilon,5.0
10074640,TGFBR2,5.0
11409972,TRPM6,5.0
3062316,ALK,5.0
3062316,ABL1(F317L)p,10.721246399047171
9809715,SBK1,6.958607314841775
11617559,FLT3(D835H),5.0
9926791,JNK1,5.0
9933475,FYN,5.920818753952375
3025986,CTK,5.0
42642645,STK35,6.638272163982407
17755052,MET(Y1235D),5.0
176870,JAK2(JH1domain-catalytic),5.431798275933005
51004351,CSNK2A1,5.0
11409972,RET(V804L),8.366531544420413
9884685,BRSK2,5.0
24779724,DAPK2,5.0
11717001,TXK,5.0
42642645,GSK3A,5.0
51004351,FAK,5.0
3038522,BRK,5.0
126565,MARK1,7.080921907623926
644241,ABL1(Y253F),7.886056647693163
16038120,EGFR(L861Q),7.008773924307505
9915743,CLK4,5.0
153999,AMPK-alpha2,5.0
10113978,HIPK4,5.0
10074640,RIOK2,5.769551078621726
11617559,ABL2,5.0
10461815,CSNK1D,5.376750709602099
10127622,EGFR(L858R),5.096910013008056
5287969,YANK2,5.0
24180719,YES,5.744727494896694
153999,CDC2L1,5.0
176155,SRPK1,5.0
9884685,MRCKA,5.744727494896694
24180719,MET(Y1235D),5.0
16725726,ABL1(Q252H),5.0
151194,HCK,5.0
216239,ACVR1B,5.0
151194,LIMK1,5.0
16007391,CAMK2A,5.0
10113978,BMPR1A,5.0
3025986,DDR1,5.0
9926054,FLT3(R834Q),5.0
10427712,MKNK1,6.055517327849832
9884685,MELK,5.0
44150621,BRAF,5.0
11984591,FLT3(N841I),8.823908740944319
644241,MAK,5.0
3062316,FRK,9.508638306165729
16722836,IRAK3,6.920818753952375
9926791,KIT(V559D),5.0
9933475,ABL1(Q252H)p,7.10790539730952
3062316,AURKB,5.0
10427712,MEK5,5.0
3081361,FGFR1,6.251811972993799
44150621,TGFBR2,5.0
151194,CLK1,5.0
10461815,EPHA3,5.0
11617559,MKNK1,5.0
11409972,EGFR(L858RT790M),5.795880017344075
9926054,FGFR3,5.0
644241,LRRK2(G2019S),5.0
156414,EPHB1,5.823908740944319
11314340,GRK4,5.853871964321762
11234052,TYK2(JH2domain-pseudokinase),5.0
44259,RSK3(KinDom.2-C-terminal),6.721246399047171
6450551,TXK,5.619788758288394
42642645,CAMK2G,5.0
153999,ABL1(F317L),5.0
208908,CAMK1D,5.0
4908365,ABL1(H396P),6.552841968657781
24180719,EGFR(L861Q),5.0
9926791,MKNK1,5.0
3025986,SLK,5.0
208908,CHEK1,5.0
9926054,VRK2,5.0
10461815,AMPK-alpha1,6.508638306165728
24180719,RIOK1,5.0
51004351,IGF1R,5.0
44150621,MST2,6.318758762624413
176870,STK35,5.0
16722836,TBK1,7.036212172654444
10113978,EGFR(E746A750del),5.0
156414,BRK,5.42021640338319
9915743,TNNI3K,5.0
3038522,DMPK2,5.0
126565,LRRK2(G2019S),8.602059991327963
11427553,EPHA2,5.823908740944319
156422,TYK2(JH1domain-catalytic),5.0
24180719,BTK,5.0
5494449,DRAK1,5.045757490560675
24779724,RIPK1,5.0
11409972,VRK2,5.0
9926791,TIE1,5.0
3081361,EPHA3,5.698970004336019
176167,CTK,5.0
216239,TNK1,5.638272163982407
153999,AAK1,6.045757490560675
176870,ABL1(H396P),7.050609993355088
51004351,EPHB1,5.0
9926054,AKT3,5.0
11234052,EPHB3,5.0
156414,CDK2,5.0
16722836,TAOK2,6.119186407719209
42642645,LIMK2,5.769551078621726
447077,TRKC,5.200659450546419
10427712,TRKB,5.0
153999,MET(Y1235D),5.0
216239,MST1,5.0
24779724,YANK3,5.0
4908365,ABL1(E255K),6.431798275933005
24180719,MRCKB,5.0
24779724,GRK4,5.0
153999,ABL1(H396P),5.0
11427553,CTK,5.522878745280337
11617559,RSK1(KinDom.2-C-terminal),5.0
10427712,CSNK1G2,5.619788758288394
176155,EPHA1,5.0
644241,WEE1,5.0
5291,CDK2,5.0
5329102,RSK2(KinDom.1-N-terminal),6.236572006437063
11485656,YANK3,5.0
5287969,EGFR(L747T751del),5.522878745280337
51004351,MKNK1,5.0
447077,SYK,6.3872161432802645
156422,KIT(V559D-V654A),5.619788758288394
10138260,EPHB6,5.920818753952375
11717001,FYN,5.0
11667893,ABL1(H396P)p,5.0
10427712,RSK3(KinDom.2-C-terminal),5.0
10127622,MLK1,5.0
6450551,DRAK1,5.0
6918454,FGFR2,5.0
447077,ZAP70,5.0
5291,CAMK1,5.0
11314340,YANK3,5.0
17755052,EPHA3,5.0
16722836,EPHA8,5.113509274827518
11656518,CSNK1A1L,5.0
16725726,DYRK1A,5.0
42642645,RET(V804L),8.795880017344075
176870,AURKC,6.221848749616356
9933475,SRPK2,5.0
3038525,ABL1(H396P)p,5.0
11338033,YANK3,5.0
6918454,TYK2(JH2domain-pseudokinase),5.0
17755052,ERK3,5.0
16038120,EGFR,6.744727494896694
10461815,CSNK1G1,5.0
176155,FGFR1,5.0
5287969,IRAK4,5.823908740944319
11712649,MKNK1,5.0
10461815,CDC2L2,5.0
11712649,STK36,5.0
5328940,CSNK1A1L,5.585026652029182
3062316,EPHA1,8.387216143280265
9884685,TYK2(JH1domain-catalytic),5.0
11485656,RPS6KA5(KinDom.2-C-terminal),5.0
9915743,ERK2,5.0
11234052,MERTK,5.0
9884685,ERK8,5.0
9809715,AURKA,5.0
4908365,EGFR(L861Q),5.017728766960432
11409972,KIT(D816V),6.443697499232713
10461815,CDKL2,5.619788758288394
10461815,RSK3(KinDom.2-C-terminal),5.0
6450551,CIT,5.0
11364421,KIT(A829P),5.0
3062316,WEE2,6.698970004336019
11485656,CDC2L1,5.886056647693163
16725726,ERBB2,5.0
9929127,CTK,5.0
44150621,ABL1(Q252H),7.1249387366083
151194,SBK1,5.0
24779724,ADCK3,5.0
5291,DRAK1,5.275724130399211
10461815,GRK1,5.958607314841775
5494449,CSF1R,5.744727494896694
9933475,MST4,5.346787486224656
5328940,RIPK5,6.42021640338319
44259,EGFR(T790M),9.113509274827518
24779724,CAMKK2,5.0
3081361,RSK3(KinDom.1-N-terminal),5.0
24889392,RIPK4,5.0
10138260,CDK11,5.0
208908,CDKL5,5.0
216239,CDKL2,6.886056647693163
16722836,CDK2,5.0
176167,TGFBR1,5.0
5494449,RIPK4,6.522878745280337
11427553,SIK,6.173925197299174
24180719,CSNK1A1,5.0
44150621,MST1,6.698970004336019
3038522,ABL1(T315I)p,5.0
9929127,STK36,5.0
24180719,ABL1(E255K),5.346787486224656
4908365,LATS1,5.481486060122113
6918454,CSNK1G2,5.0
216239,ERK5,5.0
176155,ABL1(F317L),5.0
44150621,LIMK2,5.0
176155,JNK3,7.455931955649724
44259,EGFR(L747E749del),7.017728766960432
176155,ABL1(M351T),5.0
11626560,MAP3K3,6.958607314841775
16722836,CAMK2A,6.522878745280337
447077,MAP3K4,7.251811972993799
11667893,DAPK3,5.0
11717001,IRAK4,5.0
5291,TIE1,5.0
208908,KIT(V559D-T670I),5.0
9929127,MARK3,5.0
9933475,FER,5.0
51004351,FGFR1,5.795880017344075
5287969,EPHA7,5.0
11667893,AAK1,5.0
11717001,MKNK2,5.0
156422,BRK,5.0
5494449,TRKC,6.698970004336019
11667893,CDC2L1,5.0
10427712,CSNK1G3,5.060480747381382
3062316,DYRK2,5.0
10113978,AKT2,5.0
11617559,TBK1,5.0
126565,LATS1,7.522878745280337
11626560,ERK3,5.0
11617559,EGFR(S752I759del),5.0
6918454,IRAK4,5.0
5329102,MAP3K3,6.657577319177793
11712649,ABL1(F317I),5.0
9929127,MST1,5.0
6450551,MAP4K2,5.886056647693163
3025986,MLCK,5.769551078621726
11314340,FGFR4,5.0
9926791,ERK5,5.0
3025986,TNNI3K,5.0
153999,TNNI3K,5.0
126565,EPHA7,6.585026652029182
25243800,SNARK,5.443697499232713
9926054,LYN,5.0
208908,KIT(D816H),5.0
44150621,GSK3A,5.0
42642645,MEK4,5.0
11626560,EPHA2,7.0
11984591,FLT3(D835Y),9.431798275933003
9929127,TYRO3,5.0
11485656,CLK1,5.050609993355088
25127112,MAP4K2,5.698970004336019
5287969,ROS1,5.0
5329102,STK35,5.886056647693163
6450551,AKT2,5.0
176870,BMPR1B,5.0
9915743,MAK,5.0
126565,RSK1(KinDom.1-N-terminal),7.552841968657781
11427553,RET(V804M),7.455931955649724
153999,RET,5.0
9926054,EPHB4,5.0
5329102,CSK,5.0
11234052,AKT2,5.0
5328940,MINK,8.494850021680094
123631,RPS6KA5(KinDom.1-N-terminal),5.0
24779724,GSK3A,5.0
151194,MARK2,5.0
9926791,SIK2,5.0
11314340,ABL1(F317L)p,5.0
11314340,ABL1(E255K),5.0
176155,STK16,5.0
9926791,AAK1,5.0
11717001,ABL1(M351T),5.0
10113978,CAMKK2,5.0
16007391,DAPK2,5.0
5287969,FGFR2,5.0
10461815,GSK3B,5.0
644241,KIT(D816H),6.267606240177032
11667893,YSK4,6.698970004336019
5329102,SYK,5.0
123631,FGFR1,5.0
11712649,EPHA5,5.853871964321762
176155,DYRK2,5.0
126565,CDKL1,6.309803919971486
9915743,EGFR(L858RT790M),7.568636235841013
5329102,ROCK2,6.853871964321762
10427712,GAK,5.853871964321762
3038522,BRAF,5.0
24779724,MAP3K1,5.0
156414,JNK3,5.259637310505756
9933475,MEK4,5.0
11667893,WEE2,5.0
25127112,TYK2(JH2domain-pseudokinase),5.853871964321762
216239,EPHB3,5.0
447077,CLK3,5.0
11667893,CSF1R,8.2518119729938
5329102,ACVR1,5.0
644241,ABL1(F317L)p,7.853871964321762
176167,ACVR1,5.0
16038120,CDC2L5,5.0
11617559,EPHB3,5.0
176155,MET(Y1235D),5.102372908709558
10184653,ABL1(M351T),5.920818753952375
644241,BLK,6.301029995663981
24779724,DDR2,5.0
644241,KIT(V559D),7.337242168318426
11364421,RIPK5,5.0
11717001,RIPK2,5.6020599913279625
11717001,RSK2(KinDom.1-N-terminal),5.0
156422,EPHB1,5.309803919971486
24889392,TRKA,5.638272163982407
11427553,ERK4,5.0
24889392,PYK2,5.0
5291,JNK1,5.301029995663981
176870,DCAMKL1,5.0
11712649,GRK4,5.0
24779724,CSNK1G2,5.0
10461815,RET(V804M),6.292429823902063
11314340,TRKC,5.0
11984591,AURKA,6.795880017344075
44150621,CAMKK1,5.508638306165728
6918454,IKK-alpha,5.0
176870,ROS1,5.0
123631,FGFR4,5.0
16725726,EPHA1,5.0
16722836,RIPK1,5.275724130399211
176167,FGFR3(G697C),5.0
16038120,MAP3K4,5.698970004336019
25243800,FRK,6.2441251443275085
176870,DLK,5.0
9926054,TGFBR1,5.0
11338033,ITK,5.0
9926791,SRPK2,5.0
126565,MAK,5.769551078621726
11427553,VEGFR2,6.920818753952375
11314340,LOK,5.0
10074640,TNK1,5.0
6450551,CAMK4,5.0
10138260,CLK3,5.0
9884685,KIT(V559D-T670I),5.0
153999,BRSK1,5.0
11984591,IRAK1,8.013228265733755
24889392,RIOK1,5.0
10427712,WEE2,5.0
44150621,AURKB,6.552841968657781
126565,SNARK,9.0
16722836,RIOK3,7.040958607678906
10127622,FLT3,5.0
11234052,EPHA4,5.0
5291,YANK3,5.0
644241,MEK1,5.0
11626560,EGFR(L858RT790M),5.0
3025986,ABL1(T315I),5.0
16722836,SNARK,7.309803919971486
42642645,MARK2,5.0
16722836,CDK4-cyclinD3,6.060480747381382
11617559,EGFR(L747E749del),5.0
9926791,AURKC,5.0
25243800,MEK2,6.6777807052660805
25243800,CLK1,6.040958607678906
25127112,ZAK,5.0
11427553,ABL1(T315I)p,8.229147988357855
123631,STK16,5.0
11984591,SIK2,7.10790539730952
9926054,SIK,5.0
10427712,CAMK1G,5.0
25127112,CLK1,5.0
123631,DCAMKL1,5.0
11338033,DMPK2,5.0
25127112,KIT(D816V),5.1487416512809245
11485656,LIMK2,5.327902142064283
44259,RAF1,5.0
10074640,LATS1,5.0
11485656,INSR,5.0
11409972,LYN,7.853871964321762
10461815,JAK1(JH1domain-catalytic),5.0
10138260,CHEK2,7.397940008672037
9933475,FRK,6.142667503568732
123631,FGFR3(G697C),5.0
16725726,FES,5.0
17755052,LIMK1,5.0
11717001,MAST1,5.0
11656518,MST1,5.0
6450551,HIPK4,5.0
151194,MEK2,5.0
126565,MAP3K3,8.221848749616356
5494449,RET,7.552841968657781
9915743,RPS6KA5(KinDom.1-N-terminal),5.0
10184653,TGFBR2,5.0
156422,CAMK1,5.0
11427553,KIT(D816V),6.795880017344075
5329102,LCK,6.638272163982407
644241,SLK,5.0
644241,MAP4K2,5.0
24779724,MRCKA,5.0
24180719,STK16,5.721246399047171
11364421,MAP4K5,5.0
9926054,TBK1,5.0
11234052,MST3,5.0
3038525,ROCK2,5.0
6450551,CSNK1E,5.0
17755052,FLT3,5.585026652029182
9933475,EPHA7,6.2076083105017466
24779724,MEK1,5.0
11667893,AURKA,5.0
151194,TNK1,5.0
9926791,TLK1,5.0
5494449,EPHA3,5.823908740944319
11717001,EGFR,5.0
10127622,CDC2L5,5.0
24180719,MLCK,5.0
5287969,MST1R,5.0
6450551,ABL1(Q252H)p,6.698970004336019
25243800,KIT(V559D),6.585026652029182
11712649,LZK,5.0
10138260,EPHA6,5.698970004336019
156422,RIPK2,5.236572006437063
9929127,MEK3,5.0
216239,LKB1,5.0
9915743,EPHA7,5.0
11314340,BRSK2,5.0
3025986,CDKL5,8.769551078621726
10127622,EGFR(S752I759del),5.301029995663981
156414,JAK1(JH2domain-pseudokinase),5.0
24779724,JNK3,5.721246399047171
44259,SNARK,10.065501548756432
10138260,SLK,6.337242168318426
9933475,ASK1,5.0
9915743,CDC2L5,5.0
25127112,MST1,5.0
11364421,MARK2,5.0
10138260,EPHA1,5.0
208908,EPHA7,5.0
5494449,TYK2(JH2domain-pseudokinase),5.180456064458132
9933475,BRSK1,5.0
5291,TYRO3,5.0
9809715,CAMK4,5.431798275933005
11338033,HIPK1,5.0
176155,FLT1,5.0
10461815,MLCK,5.0
9884685,TEC,5.0
126565,TNK1,8.031517051446064
9933475,EPHB6,6.657577319177793
644241,RET(V804M),5.0
16722836,MAP3K3,5.886056647693163
11984591,MKNK2,6.886056647693163
9809715,BRSK2,5.0
156414,WEE2,5.0
123631,EGFR(L858R),9.0268721464003
3025986,EPHA2,5.0
9926791,ASK1,5.0
5329102,CAMK1G,6.356547323513813
6450551,SRPK1,5.744727494896694
16038120,GSK3B,5.0
3081361,BRSK2,5.0
176870,MET(M1250T),5.552841968657781
9929127,CDK8,5.0
208908,FAK,5.0
44259,CDK2,8.154901959985743
6450551,BRAF(V600E),5.0
5494449,TIE1,6.568636235841013
156414,ACVR2A,5.0
9929127,MST1R,5.0
10113978,FRK,6.1249387366083
11314340,HCK,5.0
11338033,EPHA1,5.0
16038120,BRSK2,6.721246399047171
11984591,JAK1(JH2domain-pseudokinase),5.0
25127112,SBK1,5.886056647693163
11617559,SNRK,5.0
16007391,STK36,5.337242168318426
3025986,MKK7,5.0
10461815,MET(M1250T),9.193820026016112
16725726,MST1R,5.0
9926054,RSK3(KinDom.2-C-terminal),5.0
24779724,KIT(L576P),5.0
5494449,MET,6.173925197299174
11485656,ERK5,5.0
216239,YSK4,7.00436480540245
153999,KIT(V559D-V654A),5.0
9915743,ALK,5.0
644241,BRAF(V600E),6.2441251443275085
10113978,MAP3K2,6.537602002101044
9929127,YSK4,5.0
11364421,RSK1(KinDom.2-C-terminal),5.0
9933475,RET,8.214670164989233
4908365,TESK1,5.0
25243800,AURKA,5.0
11485656,RIPK5,5.0
11984591,CHEK1,5.6020599913279625
16007391,ERBB2,5.366531544420414
6918454,JAK2(JH1domain-catalytic),5.0
16725726,LTK,5.0
123631,ROCK2,5.0
5494449,ACVR2A,5.0
447077,ERK5,5.0
11314340,RAF1,5.0
3038525,CLK1,5.0
9926791,MAP3K2,5.0
5287969,MET(Y1235D),5.0
11717001,TIE2,5.0
3081361,IKK-beta,5.0
153999,FLT3(D835Y),6.886056647693163
24180719,FLT3(ITD),5.214670164989233
11409972,TLK2,5.0
6918454,TRKA,5.0
9933475,ULK2,5.0
16038120,MTOR,5.0
11234052,BMX,5.0
11617559,SRPK3,5.0
216239,MST3,5.0
11314340,ROCK2,5.0
4908365,JNK1,6.080921907623926
10427712,FRK,5.0
5494449,CLK4,5.0
5287969,MEK6,5.0
24180719,CSNK1E,5.0
9929127,TNK1,5.0
44150621,KIT(D816V),5.853871964321762
216239,HIPK3,6.356547323513813
11667893,ERK8,5.0
24779724,FLT3(ITD),5.0
51004351,CSNK1G1,5.0
10138260,ZAK,5.0
447077,CLK2,5.0
6450551,IKK-alpha,5.0
17755052,HCK,5.0
153999,MARK2,5.0
24779724,RIPK2,5.0
3038522,RSK2(KinDom.1-N-terminal),5.0
11409972,ACVR2B,5.853871964321762
24180719,FLT3(D835H),5.214670164989233
9926054,CSNK1G2,5.0
24180719,DAPK3,5.0
44150621,BIKE,7.267606240177032
5287969,EPHB3,5.0
11667893,MLK1,5.0
24779724,FGFR4,5.0
24889392,TLK2,5.0
176870,BLK,6.721246399047171
216239,FES,5.0
6450551,ERK4,5.0
5328940,ABL2,8.823908740944319
208908,MELK,5.0
126565,MET,6.537602002101044
10113978,ABL1(H396P)p,6.154901959985743
156422,FLT3(R834Q),5.0
25243800,ABL1(Q252H),6.619788758288394
6918454,ABL1(T315I),5.0
151194,MAP3K15,5.0
24779724,CDKL3,5.0
11427553,TNNI3K,5.0
5328940,LRRK2,6.301029995663981
4908365,TAOK1,5.769551078621726
151194,FLT1,8.017728766960431
5328940,RSK1(KinDom.1-N-terminal),5.0
11712649,HIPK3,5.0
5494449,FGFR4,5.142667503568732
11626560,CAMK2D,5.0
16722836,ACVRL1,5.619788758288394
24889392,CSNK1D,5.0
126565,BTK,7.180456064458132
11617559,S6K1,5.0
9933475,KIT(V559D-V654A),9.508638306165729
11427553,RAF1,5.0
16725726,CTK,5.0
11712649,IRAK4,5.0
11409972,BRAF(V600E),6.886056647693163
11234052,CAMK2G,5.0
9915743,CDK2,5.0
5494449,HCK,5.2076083105017466
4908365,LIMK1,5.0
9926054,CSK,5.0
153999,TXK,5.0
25243800,HUNK,5.0
11656518,LATS1,5.0
153999,FAK,5.0
447077,MAP4K4,6.055517327849832
11485656,CLK4,5.795880017344075
5291,STK39,5.0
447077,CSNK2A2,5.0
51004351,ERK5,5.0
447077,HIPK3,5.0
11485656,HUNK,5.0
16007391,FGFR2,5.0
24779724,RET(V804M),5.0
11712649,MAPKAPK2,5.0
9926791,MET(M1250T),5.0
11409972,RPS6KA4(KinDom.1-N-terminal),5.721246399047171
3081361,MAPKAPK2,5.0
176155,DDR2,5.301029995663981
644241,EGFR(L861Q),5.0
11485656,CDK2,5.0
9884685,MST1R,5.0
9809715,MRCKA,5.0
24889392,IGF1R,5.0
3025986,ANKK1,5.0
11485656,MAP4K3,5.494850021680094
4908365,SNRK,5.0
3062316,SIK,8.4089353929735
176870,SRPK3,5.080921907623926
10113978,ABL1(E255K),6.096910013008056
16007391,LIMK2,5.0
5494449,RSK1(KinDom.2-C-terminal),5.0
11626560,JAK1(JH2domain-pseudokinase),5.0
3062316,CDK11,5.0
11984591,DCAMKL1,5.0
25127112,EGFR,5.0
11427553,ACVR2B,6.431798275933005
176155,TAOK3,5.0
11656518,TEC,5.0
9929127,MKNK2,5.0
11427553,YSK1,5.366531544420414
9884685,DYRK2,5.3872161432802645
3038522,STK16,5.0
156414,SBK1,5.0
11234052,CSNK2A1,5.0
156422,CSNK2A2,5.0
10127622,LIMK1,5.0
123631,TLK2,5.0
6450551,ABL1(H396P)p,7.638272163982407
126565,FGR,7.2839966563652
42642645,BRSK1,5.0
10461815,BRAF(V600E),5.0
24779724,TGFBR1,5.0
151194,LCK,5.0
176870,KIT(V559D-T670I),5.886056647693163
16725726,FLT1,5.0
5328940,CAMK2B,5.0
11626560,MINK,5.356547323513813
5328940,EPHB2,8.075720713938118
156414,ABL1(M351T),7.42021640338319
11626560,RIPK1,5.795880017344075
156414,SRMS,5.173925197299174
3025986,QSK,5.0
6918454,SIK2,5.0
3038522,LATS1,5.0
5494449,MAP3K15,5.0
3025986,CASK,6.3979400086720375
4908365,STK16,7.744727494896694
11712649,ABL1(M351T),6.1249387366083
11667893,BRK,6.0
44259,ULK2,9.102372908709558
156422,LKB1,5.0
11234052,CIT,5.0
3081361,EPHB2,6.356547323513813
6450551,ACVRL1,5.0
11667893,BMPR2,5.0
44150621,KIT(V559D),8.142667503568731
123631,TRKC,5.0
9915743,CASK,5.0
644241,FGFR3(G697C),5.0
9915743,AURKB,5.0
123631,JNK3,5.494850021680094
6918454,SgK110,5.0
208908,EPHB6,5.0
126565,GRK4,7.920818753952375
11984591,ICK,5.0
153999,MKK7,5.0
6450551,DCAMKL2,5.0
9926054,ICK,5.0
11667893,IRAK1,5.0
16722836,ERK4,5.0
5494449,STK33,5.0
156422,RIOK3,5.0
51004351,MAP3K4,5.0
3081361,IGF1R,5.0
3081361,YANK2,5.0
9926054,AKT1,5.0
176155,FLT4,5.0
24889392,MARK3,5.0
16007391,ABL1(H396P)p,5.0
44259,DCAMKL1,6.958607314841775
10113978,TIE2,5.481486060122113
11667893,ALK,5.0
10138260,MAP4K5,6.522878745280337
3081361,ERK8,5.0
9926791,CIT,5.0
4908365,MLK3,5.0
5287969,CAMK1D,5.0
644241,MST2,5.0
5328940,BMPR2,6.236572006437063
10113978,CLK4,5.0
151194,CDK7,5.0
24889392,DYRK2,5.0
644241,CSNK1A1L,5.0
11409972,TIE1,9.537602002101044
16007391,TYK2(JH2domain-pseudokinase),5.0
153999,BMPR2,5.0
16007391,BRSK2,5.0
11338033,ABL1(F317L)p,5.0
11984591,LIMK1,6.2076083105017466
11314340,ABL1,5.0
24180719,LZK,5.0
9926791,CAMKK1,5.0
9809715,FYN,6.200659450546419
10113978,CSNK1D,5.0
9884685,MAP4K5,5.0
16722836,EPHA7,5.187086643357144
11656518,CSNK1G2,5.0
153999,CAMK2A,5.346787486224656
176167,TNK1,5.468521082957745
11427553,CSNK2A2,6.638272163982407
176870,SRMS,5.0
126565,MRCKB,6.0
5329102,ADCK4,5.0
17755052,EPHB6,5.795880017344075
9884685,ABL1p,5.0
11338033,CDC2L1,8.075720713938118
644241,KIT(A829P),7.337242168318426
5328940,CAMK1D,6.259637310505756
151194,AMPK-alpha1,5.0
156414,ERK5,5.0
644241,CASK,5.0
11364421,BTK,5.0
44259,AKT1,7.698970004336019
5291,MEK4,5.0
11626560,TXK,6.070581074285707
5291,MST4,5.0
9884685,INSRR,5.0
10127622,IGF1R,5.0
16725726,BLK,5.0
10127622,LRRK2,5.0
3038522,CDK4-cyclinD3,5.0
11364421,FLT3(D835H),5.0
11485656,FLT3(ITD),8.05551732784983
25243800,CDKL2,5.0
11338033,INSR,5.0
216239,AURKA,5.0
644241,TIE1,6.0
24779724,RPS6KA5(KinDom.2-C-terminal),5.0
11712649,FLT3(D835H),5.0
447077,MAP4K3,6.4089353929735005
3081361,MST1,5.0
9926054,FES,5.0
9809715,RIPK4,6.356547323513813
11717001,FGFR1,5.0
10427712,MEK4,5.3979400086720375
10127622,STK16,5.0
11984591,ERK8,6.1938200260161125
208908,MARK2,5.0
9929127,ABL1(H396P)p,5.0
9926791,BRSK2,5.0
24180719,CSNK2A2,5.0
176155,IRAK3,5.0
176167,FLT3,6.481486060122113
9884685,GRK4,5.0
9933475,MAP4K5,7.0
644241,BMX,5.0
208908,LOK,5.356547323513813
10461815,TLK2,5.0
10184653,MINK,5.0
16722836,STK33,6.657577319177793
25243800,PYK2,5.0
24889392,CAMK1G,5.0
644241,FAK,5.0
208908,HCK,5.0
6918454,EGFR(G719C),5.0
11338033,ABL1(T315I)p,5.0
24889392,LIMK2,5.0
44150621,BMPR2,5.508638306165728
151194,EPHB1,5.0
44259,JAK1(JH1domain-catalytic),8.214670164989233
24180719,TYK2(JH2domain-pseudokinase),5.0
208908,RSK1(KinDom.2-C-terminal),5.0
10074640,CDK4-cyclinD1,5.0
5291,INSRR,5.0
11409972,LRRK2,6.022276394711152
11656518,CTK,5.0
156414,MAP3K4,5.075720713938119
10074640,CAMK2G,5.0
176167,GRK7,5.886056647693163
10184653,EPHA1,5.0
11364421,ICK,5.0
44150621,STK36,5.0
9933475,FES,5.0
11338033,HCK,5.0
208908,LIMK2,5.0
44259,RSK4(KinDom.1-N-terminal),7.744727494896694
11667893,ASK2,5.0
10427712,MAP3K2,5.0
3038525,BLK,5.508638306165728
11626560,LIMK1,6.080921907623926
11712649,RPS6KA5(KinDom.1-N-terminal),5.0
3025986,CAMKK1,5.0
176870,RIOK2,5.0
11364421,RET(V804L),5.0
10461815,ERK1,5.0
10461815,AURKA,5.0
11409972,MAPKAPK2,5.0
9933475,TAOK3,5.301029995663981
11234052,SRMS,5.0
44150621,ABL1(M351T),7.318758762624413
156422,SIK,5.0
3038522,EPHB4,5.0
11427553,MERTK,6.1249387366083
11712649,RIOK2,5.0
10184653,TNK1,5.0
16038120,CDC2L1,5.0
5291,IKK-beta,5.0
156422,LATS1,5.0
5494449,CDKL3,6.455931955649724
4908365,EPHB6,5.958607314841775
447077,YES,8.638272163982407
11626560,CSNK1A1,5.0
11234052,FGFR3(G697C),6.823908740944319
25127112,TAK1,6.136677139879544
3038525,MARK1,5.0
9915743,FGFR1,5.0
156414,EPHA5,5.920818753952375
176155,RSK2(KinDom.1-N-terminal),5.0
9933475,AKT3,5.0
16725726,CAMKK2,5.0
16038120,AURKB,6.823908740944319
156422,SNRK,5.0
156414,ERK2,5.0
11485656,JNK1,5.0
11485656,JAK3(JH1domain-catalytic),5.0
4908365,CIT,5.0
11364421,MST2,5.0
123631,KIT(A829P),5.744727494896694
4908365,DCAMKL1,5.080921907623926
11409972,MAP3K2,5.638272163982407
25127112,MKNK2,6.698970004336019
11656518,FRK,6.229147988357856
42642645,ZAK,7.346787486224656
176155,EPHA6,5.920818753952375
11314340,CDK4-cyclinD1,5.0
123631,AXL,5.744727494896694
9929127,STK16,5.0
5494449,RET(V804L),8.065501548756432
9929127,EGFR(L747S752del),5.0
51004351,IKK-alpha,5.42021640338319
176155,DYRK1A,5.0
208908,KIT(V559D),5.0
447077,IRAK4,5.0
4908365,ABL1(Q252H)p,6.638272163982407
11717001,MAP4K5,5.0
5328940,RSK4(KinDom.2-C-terminal),5.0
11485656,ACVR1,5.0
17755052,TEC,5.0
10074640,GCN2(KinDom2S808G),5.0
9809715,RPS6KA4(KinDom.1-N-terminal),6.2076083105017466
208908,FLT1,5.0
11427553,MAP3K1,5.0
153999,ACVR1,5.0
3038522,BIKE,5.0
16725726,FLT3(D835H),5.0
208908,EGFR(L858RT790M),5.0
9809715,BMPR1A,5.0
4908365,BLK,7.958607314841775
11626560,ABL1(T315I),7.920818753952375
9915743,AURKC,5.0
42642645,AMPK-alpha2,5.920818753952375
151194,MST4,5.0
151194,FGFR4,5.0
11485656,RSK1(KinDom.2-C-terminal),5.0
11234052,ZAP70,5.0
126565,MARK3,7.309803919971486
156414,RIOK2,5.0
10427712,MAP3K15,5.0
9933475,GAK,5.769551078621726
11409972,ULK1,5.431798275933005
25127112,FLT3(N841I),5.0
16725726,MAK,5.0
6918454,RSK3(KinDom.1-N-terminal),5.0
9884685,EPHB3,5.0
11717001,RSK3(KinDom.2-C-terminal),5.0
447077,FRK,8.387216143280265
11717001,AKT3,5.0
151194,LATS2,5.0
11314340,EGFR(L858RT790M),5.0
11409972,DMPK,5.0
3038525,EPHB4,5.0
4908365,AKT2,5.0
9926054,BMPR1A,5.0
11717001,DYRK2,5.0
16007391,ERK3,5.0
11485656,ABL1(T315I),5.356547323513813
11617559,JAK1(JH2domain-pseudokinase),5.0
44150621,IRAK3,5.0
176167,CSNK1A1,5.0
644241,EPHA6,6.1938200260161125
3081361,MLK2,5.0
16725726,GSK3A,5.2839966563652006
44259,RET(M918T),7.552841968657781
24180719,BRAF(V600E),7.0
10074640,CDC2L5,5.0
24889392,EGFR(S752I759del),5.0
5291,ABL1(F317L),8.602059991327963
11314340,IGF1R,5.0
44150621,RSK3(KinDom.1-N-terminal),6.508638306165728
42642645,VRK2,5.0
3081361,HIPK3,5.0
644241,GRK1,5.0
16725726,FAK,5.0
11427553,STK35,6.200659450546419
176155,EGFR(S752I759del),5.698970004336019
51004351,GRK7,7.318758762624413
11234052,TSSK1B,5.0
11409972,MAP3K1,5.744727494896694
16725726,DAPK3,6.251811972993799
6918454,ABL1(Y253F),5.0
9926791,EPHA7,5.0
11712649,EGFR(G719S),5.0
3062316,JNK2,5.0
5494449,ROCK1,5.0
11656518,HIPK2,5.0
3038525,KIT(V559D),5.0
11626560,CDK2,5.0
123631,RIOK1,5.0
11617559,CDK4-cyclinD1,5.0
9926791,FLT3(R834Q),5.0
10074640,MAP3K2,5.0
10184653,ROS1,5.0
5291,SLK,5.0
156422,MRCKA,5.026872146400302
42642645,RPS6KA4(KinDom.2-C-terminal),5.0
11617559,SYK,5.0
9926054,DAPK2,5.0
25127112,STK36,5.0
208908,MLK3,5.0
24779724,HCK,5.0
9933475,CDK9,5.0
6450551,TRKA,5.744727494896694
24779724,ABL1(F317I)p,5.0
16725726,SRPK3,5.0
9915743,CDKL2,5.0
25243800,LTK,5.853871964321762
126565,CDK8,5.096910013008056
10138260,MET(M1250T),5.494850021680094
123631,RIPK4,5.0
11717001,EPHA6,5.0
24180719,IRAK1,5.0
24889392,SIK,5.0
25243800,MEK1,7.292429823902063
5287969,TYRO3,5.0
11314340,CDK7,7.154901959985743
11656518,DDR2,6.017728766960432
10138260,YANK3,5.0
6450551,ERN1,5.0
44259,ARK5,8.356547323513812
51004351,MARK1,6.769551078621726
25127112,RPS6KA4(KinDom.2-C-terminal),6.468521082957745
51004351,MLK3,7.769551078621726
9809715,ULK3,7.221848749616356
16007391,MKNK2,5.920818753952375
3081361,MAP4K5,6.346787486224656
153999,CLK3,5.0
24180719,MELK,5.0
176155,CAMK2D,5.0
216239,FLT3(K663Q),8.346787486224656
123631,LATS2,5.0
5328940,TYRO3,7.214670164989233
11314340,FGFR1,5.0
156422,DAPK3,5.0
24779724,CDK2,5.0
11427553,TNK1,6.236572006437063
11364421,MET(Y1235D),5.0
42642645,TNIK,6.6777807052660805
10138260,PYK2,6.221848749616356
644241,ABL1(H396P),8.309803919971486
51004351,QSK,7.008773924307505
6918454,FLT3(R834Q),5.0
10127622,SBK1,5.0
3025986,SGK3,5.0
10127622,AKT1,5.0
208908,GCN2(KinDom2S808G),5.0
10184653,YANK2,5.0
11409972,MAST1,5.0
16725726,CSNK2A1,5.0
16722836,GCN2(KinDom2S808G),7.0
9929127,DDR1,5.0
176167,MEK2,5.0
4908365,TGFBR2,5.698970004336019
10461815,MST1R,5.698970004336019
123631,CAMKK2,5.0
644241,MAST1,5.0
11409972,RIOK1,5.0
5329102,KIT,9.431798275933003
11667893,SGK3,5.0
10138260,DYRK2,5.886056647693163
5328940,CSNK2A1,5.0
9915743,HIPK1,5.0
9915743,CAMK1,5.0
176155,FLT3(D835Y),5.0
44259,CAMK4,7.387216143280264
25127112,DMPK,5.455931955649724
10427712,LIMK1,5.0
3025986,EPHB1,5.0
9926054,BMPR2,5.0
9915743,RSK2(KinDom.1-N-terminal),5.0
11314340,EPHB6,5.0
16007391,EGFR(L858R),6.008773924307505
11626560,CDK4-cyclinD3,5.0
9933475,TYRO3,6.080921907623926
11712649,CAMK1G,5.0
10184653,ABL1(T315I),5.585026652029182
5329102,CHEK2,8.0
10184653,TXK,5.508638306165728
11626560,MELK,5.0
11984591,GSK3A,5.6020599913279625
11656518,S6K1,5.0
176167,CHEK1,5.0
17755052,SIK2,5.0
51004351,MST2,6.657577319177793
5291,MARK2,5.0
153999,RSK4(KinDom.2-C-terminal),5.0
5287969,YANK1,5.259637310505756
208908,TAOK1,5.0
9926054,DMPK2,5.0
10461815,MAP3K2,5.2839966563652006
11364421,CAMK1D,5.267606240177032
11626560,EGFR(L747T751del),5.0
156422,FGFR3,5.0
9915743,ACVR2A,5.0
17755052,TAOK1,5.0
9929127,MLCK,5.0
216239,CAMK1G,5.0
151194,RSK4(KinDom.1-N-terminal),5.0
208908,FYN,5.0
3038525,TGFBR2,5.0
447077,CSNK1A1L,5.0
11314340,MKNK1,5.0
5291,TESK1,5.0
24180719,FLT3(R834Q),5.522878745280337
156422,BRSK1,5.0
10074640,ABL2,6.958607314841775
11485656,CDK4-cyclinD3,5.0
9926791,MST2,5.0
6450551,MST1,5.853871964321762
11234052,AKT3,5.0
123631,KIT,5.0
16007391,MAK,5.0
16725726,MAPKAPK2,5.0
11656518,CSNK2A1,5.0
123631,CDK7,6.214670164989233
6450551,EGFR(L747E749del),5.0
6450551,RET(V804L),5.886056647693163
16725726,MLCK,5.0
10074640,RAF1,5.0
11656518,ERK1,5.0
9926791,JAK2(JH1domain-catalytic),9.236572006437065
3081361,ROS1,5.0
176155,CSK,5.0
5494449,CSNK1G2,5.0
16725726,CSNK1D,5.0
11485656,DMPK2,5.080921907623926
10113978,DMPK,5.0
9926791,RIPK4,5.0
6450551,TEC,5.0
16722836,CDK4-cyclinD1,5.301029995663981
5494449,ABL1(Y253F),8.10790539730952
3038525,QSK,5.0
447077,KIT(D816H),6.327902142064283
9929127,IKK-epsilon,5.0
16038120,TRPM6,5.0
10427712,MST3,5.0
24180719,BMPR1A,5.0
16725726,AURKA,5.0
5291,MAP4K4,5.0
123631,CLK4,5.0
9915743,RSK3(KinDom.1-N-terminal),5.3872161432802645
5287969,RIPK1,5.0
16722836,JAK1(JH2domain-pseudokinase),5.698970004336019
176870,ULK2,5.0
447077,GAK,8.086186147616283
17755052,BRAF,5.0
10461815,RPS6KA5(KinDom.1-N-terminal),5.0
6450551,HPK1,6.481486060122113
9929127,RAF1,5.0
6450551,TNK1,6.795880017344075
11409972,MET(Y1235D),6.130768280269024
11626560,MAP4K5,7.102372908709558
5287969,QSK,5.0
5329102,FLT3(ITD),9.00436480540245
11712649,TRKB,5.0
3038522,RIOK1,5.0
4908365,RET(V804L),8.920818753952375
11427553,RET(V804L),7.455931955649724
11427553,DMPK,5.42021640338319
11234052,SIK2,5.0
9809715,STK16,7.744727494896694
11712649,ITK,5.0
9926791,RSK1(KinDom.1-N-terminal),5.0
9933475,RET(V804L),5.0
176870,CDK3,5.0
16007391,CTK,5.0
153999,DDR1,5.0
51004351,DCAMKL2,5.0
25243800,ZAP70,5.0
9933475,FLT3,5.0
216239,EGFR(T790M),5.0
11984591,ROCK1,6.229147988357856
11984591,CDC2L2,5.0
24889392,SRMS,5.0
9884685,DAPK2,5.568636235841013
153999,MAK,5.0
11984591,FGFR3(G697C),7.173925197299174
126565,AKT1,5.356547323513813
10138260,TYK2(JH1domain-catalytic),5.292429823902063
644241,LRRK2,5.0
11409972,RIPK2,5.958607314841775
11409972,ARK5,5.0
11712649,CSNK1G1,5.0
123631,KIT(D816V),5.366531544420414
10127622,MRCKA,5.0
11364421,CSNK2A1,5.0
208908,ABL1(Y253F),5.0
156414,MST2,5.0
11626560,MST3,5.0
3062316,ABL1(Q252H)p,10.193820026016112
5329102,TYRO3,7.309803919971486
10138260,SRPK1,5.3979400086720375
10138260,AKT2,5.0
42642645,DYRK1A,5.0
3038522,LRRK2(G2019S),5.0
10427712,MST2,5.0
9809715,TGFBR1,5.376750709602099
11234052,ULK2,5.0
10127622,TXK,5.0
24779724,BRSK1,5.0
156422,ADCK3,5.0
9926791,TGFBR2,5.0
16038120,CAMK2D,6.2441251443275085
208908,RSK3(KinDom.1-N-terminal),5.0
24889392,ABL1(Y253F),5.0
9926054,PYK2,5.0
5494449,IGF1R,6.130768280269024
25127112,DCAMKL2,6.119186407719209
644241,EPHB3,6.0
11626560,ZAP70,5.376750709602099
216239,JAK1(JH1domain-catalytic),5.0
156414,RET(V804L),5.0
11617559,GCN2(KinDom2S808G),5.0
5291,MKK7,5.0
16038120,FLT1,6.259637310505756
11485656,EPHA8,5.0
176870,EGFR(L858R),9.013228265733757
11314340,EPHB2,5.0
17755052,TNIK,5.0
216239,YANK1,5.0
9915743,JNK1,5.481486060122113
216239,DDR2,8.18045606445813
3038522,JAK1(JH1domain-catalytic),5.0
9926791,CSNK1G3,5.0
10113978,RET(V804M),5.638272163982407
153999,EPHA7,5.0
5328940,DLK,6.173925197299174
11485656,AURKA,5.795880017344075
9884685,RSK1(KinDom.2-C-terminal),5.0
4908365,HIPK1,5.0
10127622,MST2,5.0
176870,EPHA2,5.0
10461815,CLK1,6.136677139879544
5287969,MARK2,5.0
11314340,CAMK2D,6.568636235841013
123631,TAOK1,5.0
3062316,KIT,9.09151498112135
11409972,BRSK1,5.0
6918454,MERTK,5.0
10184653,AURKC,5.0
9926054,ULK2,5.0
151194,RIPK1,5.0
3062316,ULK1,5.0
11667893,CASK,5.0
9884685,CDC2L5,5.0
11717001,CDKL1,5.0
176870,CSNK1A1L,5.0
176870,MARK3,5.0
5291,CHEK2,5.0
9929127,DMPK,5.0
11364421,MST4,5.0
6918454,FLT3(D835H),5.0
11234052,KIT(V559D-V654A),7.920818753952375
17755052,YANK1,5.0
25127112,ERK8,5.0
11409972,EPHA7,5.958607314841775
9926054,AAK1,5.0
16722836,FGFR1,6.552841968657781
16722836,KIT(D816H),6.795880017344075
11656518,CDK8,5.0
6918454,MAP3K3,5.0
42642645,WEE1,5.0
25127112,INSRR,5.0
11656518,STK35,5.0
5291,ERBB3,5.0
5494449,EPHA7,5.0
11667893,ABL1(T315I),5.0
3025986,EPHA4,5.0
11314340,ERK1,5.0
151194,LIMK2,5.0
447077,DRAK2,5.0
156414,MKK7,6.958607314841775
5287969,STK36,5.0
123631,MKK7,5.0
9926054,MLK1,5.0
3038522,RET(V804L),5.0
156414,ASK1,5.0
44150621,FRK,5.638272163982407
24180719,TXK,5.0
216239,MLK1,5.0
10461815,TNIK,6.508638306165728
3025986,FLT4,5.0
3025986,TNK1,5.0
447077,BTK,6.657577319177793
10113978,SRPK2,5.0
4908365,DYRK1A,5.0
9929127,AURKC,5.0
11717001,ERN1,5.0
11314340,AKT3,6.744727494896694
151194,MAP4K2,5.0
5494449,GAK,5.494850021680094
9915743,AAK1,5.0
16007391,TESK1,5.0
208908,ABL1(F317I),5.0
11617559,ADCK4,5.0
9929127,TLK2,5.0
153999,FGFR3(G697C),5.0
51004351,CASK,5.0
11626560,AKT2,5.0
44150621,SBK1,5.823908740944319
11656518,ULK3,5.0
44259,MAP4K2,8.05551732784983
25127112,ROCK2,7.2839966563652
9933475,ABL1(Q252H),7.0
3062316,ERK1,5.0
5329102,CDK11,5.0
5291,CAMK2D,5.0
10127622,HIPK1,5.0
10461815,TRKB,6.096910013008056
11717001,FGFR3(G697C),5.0
3025986,TEC,5.0
10427712,RPS6KA5(KinDom.1-N-terminal),5.0
10138260,CSF1R,8.443697499232712
16722836,EGFR(L747E749del),5.823908740944319
10074640,FGFR3(G697C),5.0
10113978,ERBB2,5.0
10113978,KIT(L576P),8.744727494896694
6918454,FGFR1,5.0
5494449,DYRK1B,5.0
176167,SIK,5.0
5328940,FLT3(R834Q),5.0
3081361,FES,5.0
447077,TESK1,7.102372908709558
176167,EGFR(E746A750del),5.0
16725726,AMPK-alpha1,5.0
176870,STK33,5.0
11712649,LTK,5.0
10427712,ROS1,5.0
5329102,IKK-epsilon,6.2076083105017466
24779724,ACVR1,5.0
24180719,SRMS,7.67778070526608
6918454,ICK,5.0
9926791,CASK,5.0
11364421,EPHB6,5.0
216239,RSK2(KinDom.1-N-terminal),5.0
25127112,IKK-alpha,5.0
176155,CDKL5,5.0
11338033,RSK4(KinDom.2-C-terminal),5.0
3081361,INSR,5.0
4908365,ERN1,5.2441251443275085
11314340,CDK11,5.886056647693163
25127112,MET,5.0
25243800,CSNK1A1,6.443697499232713
11617559,MLCK,5.0
176167,DYRK2,5.0
11626560,AURKA,6.585026652029182
3081361,TYK2(JH1domain-catalytic),5.0
156422,DCAMKL3,5.0
44150621,SGK3,6.017728766960432
17755052,EGFR(L747S752del),5.0
176155,EIF2AK1,5.0
11656518,MST3,5.0
5287969,DAPK2,5.0
16725726,EGFR(L747E749del),5.0
24779724,RET,5.0
11314340,ABL1(T315I),5.0
44259,RIOK2,6.4089353929735005
10461815,CHEK2,5.0
10138260,FGFR2,6.102372908709559
24180719,CLK3,5.0
644241,RSK3(KinDom.1-N-terminal),5.0
10184653,FGFR3,5.0
11427553,LATS2,5.823908740944319
6918454,KIT(V559D),5.0
24180719,ABL1(H396P),6.292429823902063
176870,TLK1,5.0
11338033,EPHA8,5.0
9926054,TESK1,5.0
5494449,MEK5,6.585026652029182
176167,BRAF,5.0
25243800,CDK7,5.259637310505756
5328940,ASK2,5.0
3062316,FGFR3(G697C),5.0
10427712,INSR,5.0
6450551,CDC2L5,5.0
9929127,JAK2(JH1domain-catalytic),5.0
11667893,MAP3K15,5.0
11364421,ABL2,5.0
10113978,GSK3B,5.0
17755052,PYK2,5.0
5494449,ABL1(Q252H),8.42021640338319
9933475,WEE1,5.0
9809715,MET(M1250T),6.468521082957745
17755052,JNK3,6.251811972993799
10427712,EGFR(G719S),5.0655015487564325
9926791,CDC2L5,5.0
176167,RET(V804M),5.0
216239,DAPK1,5.0
11984591,MERTK,6.769551078621726
11314340,ABL1(H396P)p,5.0
151194,EPHA6,5.0
123631,FGR,5.585026652029182
153999,SGK3,5.853871964321762
156422,AMPK-alpha2,5.0
9926791,CSNK1E,5.0
17755052,STK39,5.0
11717001,CSNK1G2,5.0
10138260,KIT(V559D),9.292429823902063
9929127,ROS1,5.0
156414,AXL,5.2441251443275085
16725726,TLK1,5.0
11427553,RIOK1,7.327902142064283
126565,ABL1(F317L)p,5.657577319177793
3038525,GRK4,5.0
11717001,SIK2,5.0
5329102,ULK3,7.376750709602099
11617559,EPHA8,5.0
17755052,TTK,5.366531544420414
16722836,GRK1,5.0
151194,ABL1(Q252H)p,5.0
151194,BTK,5.0
10074640,CAMK1D,5.0
126565,KIT(V559D-T670I),7.346787486224656
10461815,CLK4,5.0
11234052,EGFR(L747E749del),5.0
153999,MRCKB,5.0
11485656,CDC2L2,5.920818753952375
24779724,CDC2L5,5.0
3038522,BMPR1B,5.0
10138260,LIMK1,5.0
11427553,DYRK2,6.4089353929735005
9929127,RIOK2,5.0
5287969,BLK,5.0
9809715,RIPK2,5.0
644241,SRPK3,5.0
156422,VRK2,5.0
11364421,PYK2,6.508638306165728
11667893,ULK2,5.0
51004351,GAK,6.42021640338319
11409972,TAK1,8.823908740944319
10074640,EPHB4,5.0
11364421,FRK,5.0
3038525,TRKA,5.0
5291,ACVRL1,5.0
11626560,IRAK4,5.443697499232713
17755052,TYRO3,5.0
24180719,KIT(V559D),7.42021640338319
16007391,RIPK4,5.0
3062316,RET(V804M),5.0
11314340,FGR,5.0
6918454,AKT1,5.0
24889392,RET,8.096910013008056
9929127,ERN1,5.0
9809715,LZK,6.853871964321762
25243800,CAMK1D,5.823908740944319
216239,CDC2L2,5.0
11984591,BIKE,5.721246399047171
3025986,FER,5.0
24779724,SBK1,5.0
6450551,MST3,5.0
176167,FGR,5.0
9884685,RIOK2,6.113509274827519
25243800,CDC2L1,5.0
11234052,DYRK2,5.0
11427553,CSNK1G1,5.920818753952375
644241,RIPK1,5.0
11364421,CAMK2A,5.886056647693163
11427553,IRAK1,7.318758762624413
11234052,EPHA1,5.0
16038120,FGFR3(G697C),6.920818753952375
3038525,MAP3K4,5.0
5329102,TNNI3K,5.0
176155,ACVR1B,5.522878745280337
11234052,TRKC,5.0
176155,TNK2,5.0
5329102,MAK,5.0
25127112,KIT(V559D-V654A),5.0
176870,IKK-beta,5.0
9926054,MET,5.0
208908,WEE1,5.0
123631,EPHB4,5.6020599913279625
3038522,TXK,5.0
176870,RPS6KA4(KinDom.2-C-terminal),5.154901959985743
151194,LRRK2(G2019S),5.0
123631,ABL1,5.657577319177793
42642645,DYRK1B,5.0
16038120,KIT(D816H),6.853871964321762
16038120,EPHA7,6.698970004336019
11656518,DCAMKL1,5.0
16038120,EGFR(L858RT790M),8.468521082957745
176155,RIPK1,5.0
3062316,RIPK1,5.0
176870,CAMKK2,5.0
5328940,LIMK1,5.0
11234052,RPS6KA5(KinDom.1-N-terminal),5.0
447077,CAMK4,5.0
10127622,DMPK,5.0
11427553,JNK1,6.236572006437063
644241,MAP3K1,5.0
9884685,BMPR1A,5.0
9809715,MAPKAPK5,5.0
44150621,ACVR2A,5.0
3081361,LOK,7.091514981121351
11364421,CSNK1E,6.42021640338319
10184653,RET(V804M),5.0
3038525,ICK,5.0
24180719,FES,5.443697499232713
10427712,MKK7,5.0
11234052,DDR1,6.795880017344075
3038525,MEK6,5.0
11984591,EGFR(L861Q),6.721246399047171
51004351,ABL1p,5.0
5287969,MAP3K2,5.214670164989233
11364421,ERK4,5.0
16007391,TRKC,5.0
24180719,ABL1(F317I)p,5.301029995663981
6450551,GAK,5.568636235841013
10427712,DDR2,5.0
126565,TLK1,6.958607314841775
10427712,CDK8,5.0
11617559,EPHA5,5.0
17755052,ABL1p,5.0
11617559,TYK2(JH1domain-catalytic),5.0
176155,CAMKK1,5.0
6450551,CSNK1G2,5.0
5291,ERK5,5.0
16722836,DCAMKL2,6.060480747381382
9915743,DCAMKL1,5.0
11667893,KIT(A829P),7.823908740944319
16038120,EPHB4,6.1249387366083
5494449,HIPK2,5.0
11984591,CAMK4,5.0
11234052,CDKL1,5.0
16007391,KIT(D816H),5.537602002101044
11409972,BRSK2,5.0
156422,SGK3,5.0
17755052,QSK,5.0
156414,MAP4K2,6.481486060122113
11617559,RAF1,5.0
3062316,CAMKK1,5.0
11626560,ITK,5.698970004336019
3081361,DCAMKL1,5.0
216239,DYRK1B,5.0
156422,SBK1,5.0
5494449,FAK,5.0
11427553,EPHB2,5.0
24180719,AURKC,5.6020599913279625
5329102,CAMK2G,6.161150909262744
44150621,IRAK4,6.886056647693163
9933475,FGFR4,6.0655015487564325
5494449,TEC,5.060480747381382
5287969,CDK5,6.958607314841775
9926054,EPHA5,5.0
11717001,FES,5.0
153999,ULK1,5.0
11717001,GCN2(KinDom2S808G),5.0
10074640,TYK2(JH1domain-catalytic),5.0
9809715,LTK,6.823908740944319
4908365,MEK5,7.00436480540245
10427712,EGFR,5.292429823902063
16038120,CDK9,5.0
11617559,RIOK1,5.0
176870,MRCKB,5.0
44259,FGFR2,7.0
9884685,CAMKK1,5.0
10427712,TNK1,5.0
9929127,ABL1(T315I),5.0
25127112,EPHA1,5.0
176155,LZK,5.0
9809715,AURKB,6.376750709602099
25127112,EPHB6,5.508638306165728
126565,RET(V804M),8.327902142064282
44150621,RIPK1,6.494850021680094
5287969,ACVR2B,5.619788758288394
123631,FES,5.0
10074640,ADCK3,5.0
42642645,CDK3,5.0
123631,DCAMKL3,5.537602002101044
5328940,RET(M918T),5.42021640338319
25243800,ADCK3,5.494850021680094
9929127,EGFR(S752I759del),5.0
25243800,MAP3K2,6.060480747381382
4908365,MAPKAPK5,5.0
176167,HIPK1,6.0
9809715,CASK,5.0
11984591,MEK1,6.494850021680094
25243800,ERN1,5.0
16007391,FLT3(ITD),6.853871964321762
9926791,ACVR1,5.0
3038522,SBK1,5.0
11626560,TGFBR1,6.0
11717001,MEK4,5.0
9926791,JAK3(JH1domain-catalytic),9.795880017344077
11234052,ERK4,5.0
5287969,ROCK2,5.823908740944319
644241,AURKA,5.0
9915743,ACVR1,5.0
156422,CDC2L2,5.0
4908365,CSNK1G2,5.0
11617559,IRAK4,5.0
44150621,SRPK3,6.6020599913279625
24779724,ANKK1,5.0
11427553,LTK,6.036212172654444
9926791,CLK4,5.0
25127112,SRPK3,5.481486060122113
9809715,QSK,5.0
11667893,MLK3,5.0
5329102,ICK,6.327902142064283
9884685,CTK,5.0
9926791,CDK2,5.0
3081361,MAST1,5.0
10184653,RSK1(KinDom.2-C-terminal),5.0
11409972,KIT(V559D),8.301029995663981
16725726,AAK1,5.0
11984591,ACVR2A,5.0
10074640,LRRK2(G2019S),5.0
10461815,ACVR1,5.0
11338033,MEK1,5.0
153999,MARK3,5.0
10113978,FLT3(R834Q),5.017728766960432
176870,LRRK2(G2019S),5.318758762624413
123631,CDKL1,5.0
11427553,EGFR(L747S752del),5.0
16038120,RIOK1,5.0
644241,GSK3A,5.0
16007391,TAOK3,5.0
44259,TNK1,8.602059991327963
3025986,AMPK-alpha2,5.0
11984591,MARK4,7.050609993355088
9929127,CSNK1G3,5.0
11656518,IRAK4,5.0
5291,ZAK,5.585026652029182
3062316,RET(V804L),5.494850021680094
11485656,STK36,5.0
447077,MLCK,6.853871964321762
153999,TYK2(JH2domain-pseudokinase),5.0
44259,BRSK2,8.455931955649724
11667893,AMPK-alpha1,5.0
44259,LZK,6.6777807052660805
5287969,MARK4,5.0
3038522,FES,5.0
5494449,FLT3(K663Q),8.318758762624412
9933475,BMPR1A,5.0
16722836,TYK2(JH2domain-pseudokinase),6.346787486224656
151194,MST3,5.0
10074640,MLK2,5.0
9915743,MARK4,5.0
9926791,ABL1,5.0
25127112,HIPK4,5.0
123631,TXK,5.221848749616356
11314340,GSK3A,5.4089353929735005
44150621,LYN,6.1249387366083
25127112,TRKB,6.443697499232713
11234052,CDC2L1,5.0
3025986,CAMK2A,5.0
6450551,DDR1,6.468521082957745
11656518,AKT3,5.0
4908365,LOK,5.769551078621726
11984591,DRAK2,8.036212172654444
10461815,RIOK1,6.327902142064283
51004351,DAPK2,6.050609993355088
11984591,EPHB2,6.055517327849832
17755052,FGFR3(G697C),5.0
44150621,STK39,6.275724130399211
126565,FER,7.552841968657781
3038525,IRAK1,5.0
11338033,CDKL1,5.0
17755052,WEE1,5.0
11617559,EGFR(G719C),5.0
16722836,MKK7,5.0
51004351,EGFR(L747S752del),5.769551078621726
151194,ULK1,5.0
11338033,IRAK1,5.0
176167,BMX,5.0
11717001,RET(V804L),5.0
16725726,MEK6,5.0
126565,ERK2,5.0
5494449,MELK,6.619788758288394
16007391,AURKA,6.3979400086720375
16722836,ACVR2B,5.0
9929127,EPHA4,5.0
10427712,MARK2,5.0
176870,DAPK1,5.0
9884685,IRAK3,5.0
176870,EGFR(L858RT790M),6.721246399047171
447077,STK33,5.0
156422,KIT(V559D-T670I),6.585026652029182
5494449,MAP4K4,5.619788758288394
24180719,LTK,5.0
11667893,TLK2,5.0
5291,TRKB,5.0
11656518,MET(Y1235D),5.853871964321762
156414,CAMKK2,5.0
10427712,SRPK2,5.0
24180719,EPHA6,5.0
9929127,S6K1,5.0
10138260,MST1,6.886056647693163
11314340,CDKL1,5.0
6450551,RAF1,5.0
11364421,CLK4,5.0
10113978,TLK2,5.0
16007391,ABL1,5.823908740944319
3038525,EGFR(T790M),5.0
16722836,IGF1R,5.657577319177793
11234052,EPHA7,5.769551078621726
16007391,MAP3K1,5.0
11314340,MAP4K5,5.0
3038522,CDC2L2,5.0
5494449,EGFR(L861Q),5.0
25243800,MLK3,5.0
9926054,RSK1(KinDom.1-N-terminal),5.0
10113978,SRMS,5.6020599913279625
176870,JAK1(JH1domain-catalytic),5.0
17755052,CAMK2G,5.0
5328940,MAP4K3,8.292429823902063
153999,CSNK2A1,5.0
3081361,CDK3,5.0
10127622,ABL1(T315I)p,5.0
5329102,ROCK1,6.337242168318426
16722836,MAPKAPK2,5.0
11409972,FLT3(K663Q),9.292429823902063
11338033,CAMK1G,5.0
5494449,CTK,5.0
11364421,HIPK1,5.3872161432802645
11314340,FLT1,5.0
9884685,FLT3(N841I),5.0
447077,RET,7.1487416512809245
151194,ARK5,5.0
9915743,AKT1,5.0
9929127,DAPK1,5.0
176167,ACVR2A,5.0
3038522,MLCK,5.0
10074640,EGFR(S752I759del),5.0
9884685,TNNI3K,5.0
208908,ACVR2B,5.0
176870,RET(V804L),5.0
5329102,CDK9,5.0
24779724,EPHA6,5.0
11485656,TIE1,6.958607314841775
123631,CSNK1G3,5.0
10184653,IKK-beta,5.0
9915743,RPS6KA4(KinDom.1-N-terminal),5.0
11485656,MAP3K4,5.0
11427553,EGFR(L858R),5.0
153999,MINK,6.508638306165728
9809715,TRPM6,5.0
11617559,CDC2L5,5.0
11364421,CSNK1G1,5.346787486224656
42642645,CIT,5.494850021680094
5329102,JAK2(JH1domain-catalytic),6.3872161432802645
9884685,TSSK1B,5.0
44150621,CAMK2G,5.0
156422,FLT4,5.1487416512809245
6918454,STK36,5.0
216239,MAST1,5.0
11617559,CSNK2A2,5.0
24180719,EGFR(L858R),5.0
9809715,LIMK2,5.0
51004351,ACVRL1,5.0
10461815,EPHA8,5.4089353929735005
11656518,ERN1,5.0
10127622,FLT3(R834Q),5.0
11485656,MAK,5.0
9933475,EGFR(L747E749del),6.154901959985743
208908,KIT,5.0
9933475,CDK5,5.0
3062316,TAK1,5.431798275933005
216239,EPHA5,5.455931955649724
11717001,WEE1,5.0
126565,RIPK1,5.0
42642645,ROCK1,5.0
24779724,ABL1(H396P),5.468521082957745
3025986,KIT(V559D-V654A),5.0
9809715,CLK1,8.05551732784983
17755052,GRK7,5.0
447077,KIT(V559D),8.795880017344075
25127112,LOK,5.0
9884685,KIT(D816V),5.0
16722836,CDKL5,5.136677139879544
11712649,CAMK4,5.0
3038525,MKNK1,5.0
216239,CAMK1D,5.0
24889392,MAP3K1,5.0
447077,FLT4,6.130768280269024
3038525,EPHA8,5.0
6450551,JNK1,5.4089353929735005
11717001,EGFR(L747S752del),5.0
126565,WEE2,5.102372908709558
10427712,IRAK4,5.0
51004351,EGFR,5.886056647693163
11338033,EPHA4,5.0
10113978,ACVR2B,5.619788758288394
11626560,ERBB4,5.0
9809715,ACVR1B,5.309803919971486
3081361,RET(V804L),5.0
10074640,DAPK1,5.0
6918454,BMPR2,5.0
10184653,KIT(V559D),5.0
3025986,WEE2,5.0
16007391,ROS1,5.0
25127112,CIT,5.0
11667893,ABL1(Y253F),5.346787486224656
9926054,ABL1(Q252H),5.0
10184653,ADCK3,5.0
5287969,MST1,5.0
9929127,JNK1,5.0
126565,ABL1(H396P),6.0
44150621,MAP3K2,7.1487416512809245
11314340,FLT3(K663Q),6.301029995663981
9809715,FES,5.920818753952375
11364421,SIK2,5.0
151194,RIPK4,5.0
16725726,RIOK2,5.0
176167,MARK1,5.0
5329102,RSK3(KinDom.2-C-terminal),5.075720713938119
176155,ERK2,5.0
16725726,RET(V804M),5.0
10461815,YANK1,5.0
4908365,IKK-epsilon,5.886056647693163
11314340,CDC2L2,5.0
9884685,DCAMKL1,5.0
11314340,HIPK1,6.638272163982407
10127622,EGFR(G719S),5.2839966563652006
11656518,CSNK2A2,5.0
3038525,MEK1,5.0
16007391,IGF1R,5.0
176155,CAMK1,5.0
10427712,LIMK2,5.0
51004351,EPHB2,5.0
151194,YSK4,5.721246399047171
153999,CSNK1G1,5.0
153999,MAP3K1,5.0
9884685,MINK,5.0
11338033,ACVR2B,5.0
4908365,EPHA1,5.167491087293763
10113978,EGFR(L747S752del),5.0
42642645,ASK1,5.0
6450551,EPHB2,5.0
16722836,CDKL1,5.0
10427712,LYN,5.0
25243800,CSNK2A2,6.026872146400302
25127112,CLK2,6.337242168318426
3062316,MEK6,5.0
17755052,GSK3A,5.0
176155,LKB1,5.0
11717001,DRAK1,5.0
3025986,SRPK1,5.0
4908365,ULK1,5.721246399047171
3038525,MEK5,5.0
5287969,MET,5.0
16038120,STK39,6.823908740944319
25243800,RET(V804L),6.455931955649724
3025986,LATS2,5.0
644241,CSNK2A1,5.0
176167,TRKA,5.0
176870,MKNK2,6.0
123631,ERK8,5.0
447077,MARK1,5.0
11656518,GSK3A,5.0
176870,RSK4(KinDom.1-N-terminal),5.0
126565,FLT3(R834Q),8.154901959985743
447077,MST3,5.585026652029182
11427553,LIMK1,5.0
11485656,RAF1,5.0
10127622,BIKE,5.0
9926791,EPHB1,5.0
9884685,DDR1,5.0
9926791,LOK,5.0
6918454,HIPK3,5.0
644241,SgK110,5.0
25243800,LOK,7.113509274827519
3025986,RSK3(KinDom.1-N-terminal),5.0
3025986,LTK,5.0
10461815,ACVR2A,5.0
176870,MAP3K4,5.0
6450551,LATS2,5.0
10074640,EGFR(L747S752del),5.0
25127112,FGR,5.0
51004351,DMPK,5.42021640338319
11427553,SGK3,7.017728766960432
9929127,MET(Y1235D),5.0
6918454,FRK,5.0
5328940,GAK,8.886056647693163
123631,RPS6KA4(KinDom.1-N-terminal),5.0
11626560,DCAMKL1,6.481486060122113
3038525,MERTK,5.0
208908,YSK1,5.0
11667893,ACVR1B,5.0
11617559,MAP3K15,5.0
3038522,IRAK3,6.136677139879544
9926054,EGFR(L747T751del),5.0
9926054,ROCK2,5.0
447077,ROCK2,5.0
11234052,SYK,5.0
176870,CSNK1E,6.301029995663981
176155,YSK4,5.0
5287969,LKB1,5.0
6918454,MARK1,5.0
156422,DYRK2,5.0
17755052,RPS6KA5(KinDom.1-N-terminal),5.0
11626560,CDK4-cyclinD1,5.0
51004351,RSK4(KinDom.1-N-terminal),5.823908740944319
9929127,EPHB2,5.0
216239,BRAF(V600E),6.585026652029182
5287969,IKK-alpha,5.0
16725726,CDKL5,5.0
44259,CDKL1,6.481486060122113
9915743,GSK3A,5.0
10184653,MST4,5.0
11712649,EGFR(L747E749del),5.0
42642645,S6K1,5.920818753952375
42642645,ACVRL1,5.0
3062316,SLK,6.142667503568732
126565,ULK3,8.309803919971486
447077,GRK7,5.0
11234052,MAP3K4,5.0
11617559,MARK2,5.0
156422,MST1R,5.0
9929127,LIMK1,5.0
447077,FLT3(ITD),5.568636235841013
3062316,ICK,5.0
176167,EPHB1,5.0
153999,FLT3(N841I),6.008773924307505
11485656,RSK4(KinDom.1-N-terminal),5.0
11667893,ROCK2,5.0
11656518,TRKA,5.0
4908365,ICK,5.0
11984591,ABL2,6.142667503568732
11234052,CHEK1,5.0
16725726,MAP3K2,6.468521082957745
51004351,FGFR2,5.619788758288394
44259,KIT(D816V),9.193820026016112
9926054,ABL1(F317I)p,5.0
17755052,BRAF(V600E),5.0
176167,DYRK1B,6.0
44150621,JNK3,5.0
9915743,MAPKAPK5,5.0
17755052,RSK1(KinDom.2-C-terminal),5.0
4908365,TIE2,5.0
11712649,CSNK2A1,5.0
9926054,FLT3(D835Y),5.0
9915743,EPHA8,5.0
10127622,CDKL1,5.0
9915743,BRSK2,5.0
3025986,MST2,5.0
42642645,TBK1,6.096910013008056
44259,ERN1,7.67778070526608
10074640,MST1R,5.0
11409972,ANKK1,6.200659450546419
16725726,VRK2,5.0
11667893,TNK2,5.0
208908,CSNK1A1L,5.0
11364421,AURKB,5.0
3081361,TYK2(JH2domain-pseudokinase),5.0
5287969,YES,5.0
9933475,ERK5,5.0
25243800,KIT(L576P),6.537602002101044
25127112,YANK1,5.0
5329102,CDKL2,5.958607314841775
44150621,ABL1,7.0
6918454,GCN2(KinDom2S808G),5.0
9926791,ERBB4,5.0
11626560,CDK5,5.0
11364421,AKT1,5.0
3062316,RSK4(KinDom.1-N-terminal),5.0
16007391,FGFR1,5.0
11712649,MARK4,5.0
24180719,RET(V804M),5.0
10074640,ULK3,5.0
10427712,FGFR1,5.0
11617559,INSR,5.0
11338033,MEK5,5.0
11717001,ABL1(H396P)p,5.0
11712649,KIT(V559D),5.0
151194,QSK,5.0
3062316,ITK,5.0
3038522,MAK,5.0
11427553,SBK1,6.236572006437063
5329102,TBK1,6.920818753952375
4908365,TNNI3K,5.0
11667893,MARK2,5.0
11717001,MAPKAPK2,5.0
9933475,AURKA,5.0
11667893,ROCK1,5.0
11712649,CLK1,5.0
9926054,CAMK4,5.0
11656518,EGFR(L747S752del),5.0
16722836,MKNK2,6.42021640338319
16007391,BRK,5.0
25243800,RET(V804M),6.468521082957745
25243800,LATS2,5.3979400086720375
156422,ABL1(F317I)p,5.0
151194,TBK1,5.0
24889392,AKT2,5.0
16007391,EGFR(L747E749del),5.537602002101044
156422,IRAK4,5.0
3038525,ULK2,5.0
176167,ACVRL1,5.0
10074640,YANK1,5.0
11409972,DYRK1A,5.0
11626560,HIPK3,5.0
44150621,TXK,5.0
10184653,SNRK,5.0
44259,BRSK1,7.585026652029182
11656518,MLK1,5.0
16722836,MAPKAPK5,5.0
10138260,FRK,5.744727494896694
11984591,JAK1(JH1domain-catalytic),7.67778070526608
3025986,ULK2,5.0
4908365,DMPK2,5.0
11314340,BRAF,5.0
5329102,YSK1,6.537602002101044
9809715,MLK2,5.638272163982407
9915743,CDK4-cyclinD3,5.0
4908365,EGFR(L747T751del),5.0
11314340,RSK1(KinDom.1-N-terminal),5.0
11626560,MARK3,5.0
11712649,DAPK2,5.040958607678906
11626560,ARK5,5.0
5329102,CDC2L1,5.0
9933475,INSR,5.0
11427553,ABL1(E255K),7.443697499232713
9926791,ANKK1,5.0
16007391,ABL1(T315I),5.958607314841775
11409972,GAK,5.886056647693163
11717001,MRCKB,5.0
16725726,TGFBR2,5.0
4908365,BRSK1,5.0
10138260,TNK2,5.309803919971486
3038522,CSNK1D,5.0
11234052,CHEK2,5.0
11485656,MELK,5.0
11717001,LIMK2,5.0
6450551,EGFR(E746A750del),5.0
9884685,ABL1(Y253F),5.0
156422,EPHA8,6.568636235841013
216239,EPHA7,5.275724130399211
4908365,RIPK1,6.619788758288394
10074640,RSK4(KinDom.2-C-terminal),5.0
11364421,JAK1(JH1domain-catalytic),5.0
11409972,MRCKB,5.0
11338033,CSF1R,5.0
3038522,RIPK1,5.0
11427553,TAOK2,5.0
42642645,TYRO3,8.698970004336019
11338033,LIMK1,5.0
176870,MAP3K3,5.638272163982407
11617559,MAP4K4,5.0
3062316,CSNK1D,5.0
9926054,MTOR,5.0
24889392,INSR,5.0
644241,FLT3(R834Q),5.0
11984591,IKK-epsilon,7.886056647693163
10113978,EGFR,5.0
11717001,DAPK1,5.0
11667893,CAMK2G,5.0
11667893,CDKL3,5.0
11234052,TAOK1,5.0
44150621,MAP4K2,5.721246399047171
11409972,CSNK2A1,5.0
25127112,FGFR3,5.0
9926791,JNK2,5.0
5329102,KIT(L576P),8.886056647693163
10138260,MEK4,5.853871964321762
9926791,INSRR,5.0
17755052,EGFR(L747E749del),5.0
10184653,RPS6KA4(KinDom.1-N-terminal),5.0
3025986,STK16,5.0
5329102,MELK,6.455931955649724
3062316,CSF1R,9.236572006437065
176870,TRKA,5.0
644241,MST3,5.0
24180719,GAK,5.0
11626560,ASK2,5.0
24889392,CASK,5.0
9933475,FLT4,8.366531544420413
42642645,KIT(V559D),8.67778070526608
16725726,MRCKB,5.0
24779724,MKNK1,5.0
24180719,STK39,5.0
216239,RSK4(KinDom.2-C-terminal),5.1249387366083
3081361,CAMKK2,5.0
156422,AKT1,5.0
151194,HIPK3,5.0
216239,YANK3,5.0
151194,FGFR3(G697C),5.0
16038120,RET,6.823908740944319
10113978,JAK1(JH2domain-pseudokinase),5.0
44150621,TNK2,5.0
156422,ABL1(H396P),5.481486060122113
126565,TNNI3K,5.6777807052660805
5329102,WEE1,5.958607314841775
17755052,FER,5.0
176167,MAP4K2,5.0
11712649,BTK,5.376750709602099
3081361,EPHA7,5.619788758288394
216239,TRKC,6.221848749616356
44259,CLK2,8.086186147616283
11667893,RSK2(KinDom.1-N-terminal),5.0
156414,JAK3(JH1domain-catalytic),6.200659450546419
123631,MST2,5.0
24180719,ABL2,5.568636235841013
11667893,ABL1,6.167491087293763
10113978,MST2,5.0
123631,FLT3,5.508638306165728
176155,LRRK2(G2019S),5.0
11656518,AMPK-alpha2,5.0
24889392,TNNI3K,5.0
9915743,ERN1,5.0
9933475,CAMK1D,5.0
11485656,MAP3K15,5.0
17755052,GAK,5.568636235841013
42642645,CDC2L2,6.318758762624413
9809715,ERK1,5.0
9884685,IKK-beta,5.0
24889392,CDKL3,5.0
10138260,CSNK1D,6.585026652029182
156422,SIK2,5.0
9926791,DYRK1B,5.0
5494449,EPHB1,5.721246399047171
24180719,MRCKA,5.0
11427553,CAMK2D,5.0
10461815,FRK,5.0
156414,YSK1,5.0
11364421,IRAK3,5.0
3038525,AURKA,5.0
10138260,ABL1(F317I),5.468521082957745
11364421,YSK1,5.0
11485656,EPHB3,5.853871964321762
126565,LKB1,7.244125144327507
16007391,GRK7,5.0
16038120,EGFR(G719S),5.795880017344075
3081361,GCN2(KinDom2S808G),5.0
176870,EPHB2,5.0
9884685,TXK,5.0
9809715,FLT3,8.42021640338319
24889392,BIKE,5.0
11656518,DLK,5.0
447077,LIMK2,6.508638306165728
16007391,FYN,5.0
10113978,FYN,5.568636235841013
9929127,ABL1,5.0
6450551,RSK3(KinDom.2-C-terminal),5.0
9933475,TYK2(JH2domain-pseudokinase),5.0
11656518,TXK,5.0
11617559,RIOK3,5.0
216239,MET(M1250T),5.0
16725726,ANKK1,5.0
24889392,MARK4,5.0
5291,TAK1,5.0
25127112,EPHA4,5.0
9884685,FRK,5.0
11656518,TIE2,5.886056647693163
11617559,ERK5,5.0
11338033,TGFBR2,5.0
16725726,ACVR2A,5.0
6918454,MST1R,5.0
24779724,CAMK2A,5.0
3038522,TYK2(JH2domain-pseudokinase),5.0
11656518,EPHB6,7.366531544420414
11712649,FLT3(N841I),5.0
44150621,CSNK2A1,5.585026652029182
16038120,CSNK2A2,5.017728766960432
4908365,MARK3,5.2076083105017466
17755052,TIE2,5.0
123631,SRMS,5.0
176167,AURKB,5.0
51004351,CSNK1G2,5.0
11656518,SYK,5.356547323513813
16007391,SGK3,5.0
17755052,EPHA4,5.0
9884685,RAF1,5.431798275933005
25243800,INSR,5.0
216239,KIT(V559D-T670I),7.744727494896694
5328940,MEK1,7.721246399047171
25127112,MAP4K5,5.0
11984591,CDC2L5,5.0
16007391,ABL1(F317I),5.42021640338319
11409972,CAMK2G,5.0
10427712,CAMK2A,5.0
9933475,DAPK1,5.0
11717001,ABL2,5.0
25243800,KIT(V559D-T670I),5.769551078621726
4908365,ADCK3,5.0
44150621,CDC2L1,5.0
11364421,HCK,5.0
6450551,LIMK1,5.0
11626560,DYRK1A,5.0
11234052,BIKE,5.0
176155,RIPK2,7.619788758288394
11717001,JAK3(JH1domain-catalytic),5.0
216239,MAP4K4,5.318758762624413
24889392,AURKC,5.0
17755052,EPHA2,5.0
25127112,CDKL5,5.0
16038120,ABL1(Q252H),7.4089353929735005
5494449,ERK5,5.167491087293763
151194,RPS6KA4(KinDom.1-N-terminal),5.0
51004351,ITK,5.0
44259,DDR2,7.376750709602099
11409972,AKT3,5.0
153999,EPHB1,5.0
16038120,ROS1,9.309803919971486
10138260,EPHA5,5.0
10184653,MAP3K1,5.0
11234052,MAP4K3,5.0
24779724,SRPK1,5.0
25243800,GRK1,6.031517051446065
10113978,LKB1,5.0
16722836,EPHA2,5.356547323513813
9929127,ABL1(Q252H),5.0
9809715,MEK6,5.0
156414,LIMK2,5.0
11485656,FER,5.0
123631,ZAP70,5.0
11234052,STK35,7.585026652029182
5494449,GRK4,6.3979400086720375
10113978,JAK2(JH1domain-catalytic),5.769551078621726
208908,IRAK1,5.0
153999,ERBB3,5.0
9884685,MAPKAPK2,5.0
11626560,SRPK3,5.086186147616283
151194,CSNK1E,5.0
10074640,ABL1(F317I)p,7.10790539730952
17755052,RET(M918T),5.0
9926791,DLK,5.0
42642645,FGFR3,6.040958607678906
24779724,CAMK2D,5.0
156414,CAMKK1,5.0
42642645,MEK2,7.886056647693163
25243800,BMPR1A,7.1938200260161125
216239,SRPK2,5.0
153999,PYK2,5.0
11338033,ANKK1,5.0
51004351,GRK1,7.070581074285707
126565,JAK2(JH1domain-catalytic),8.431798275933005
11617559,MAST1,5.0
156414,TAOK3,5.0
11667893,RIPK2,5.031517051446065
151194,ACVR1,5.0
10138260,MERTK,7.180456064458132
10074640,KIT(A829P),7.920818753952375
9929127,CDK4-cyclinD1,5.0
11485656,EGFR(L747S752del),5.0
9809715,GCN2(KinDom2S808G),5.698970004336019
10461815,STK35,5.0
9884685,CSNK2A1,5.267606240177032
9926791,LATS2,5.0
644241,RET(M918T),5.958607314841775
10074640,TYK2(JH2domain-pseudokinase),5.0
11984591,EPHA4,6.823908740944319
11338033,SLK,5.229147988357856
16722836,MINK,5.050609993355088
5328940,KIT(V559D-T670I),5.0
5329102,HCK,6.055517327849832
3062316,QSK,7.552841968657781
9926791,RSK3(KinDom.1-N-terminal),5.0
10113978,RPS6KA5(KinDom.2-C-terminal),5.0
9809715,CSNK1G1,5.0
5328940,MST1,6.721246399047171
11409972,JAK2(JH1domain-catalytic),6.040958607678906
4908365,JAK1(JH1domain-catalytic),6.698970004336019
3038525,EGFR,5.0
156422,BMPR2,5.0
16038120,RIPK4,5.494850021680094
25243800,ABL1(F317L)p,6.619788758288394
42642645,EPHA4,8.721246399047171
11364421,MAP3K4,5.0
16725726,MEK3,5.0
644241,TAOK1,5.327902142064283
11485656,LCK,5.0
10138260,ROCK2,6.180456064458132
11717001,ULK1,5.0
151194,MST2,5.0
11617559,ICK,5.0
5287969,MAP3K4,5.0
5329102,IKK-alpha,6.2839966563652006
11485656,EGFR(L861Q),5.0
3081361,LTK,6.259637310505756
3025986,DYRK1B,6.698970004336019
176167,ERK8,7.119186407719209
176155,DDR1,6.0
9926791,BMX,5.0
156422,BRAF,5.568636235841013
11667893,CLK2,5.0
10138260,RIOK1,6.229147988357856
42642645,RIOK1,5.0
44259,TRKC,7.769551078621726
11427553,ABL2,6.6020599913279625
11338033,STK36,5.0
9929127,YES,5.0
10138260,ABL2,5.0
11314340,TGFBR1,5.0
447077,CSK,7.221848749616356
10184653,TNK2,5.0
11984591,CDK2,5.0
3025986,SIK2,5.0
11427553,RPS6KA5(KinDom.2-C-terminal),5.721246399047171
11364421,CAMKK1,7.657577319177794
24779724,MEK5,5.0
3081361,TIE2,6.0
156422,MAP4K3,5.0
11427553,ACVR1B,5.0
11656518,RET(M918T),7.142667503568732
9929127,RSK2(KinDom.1-N-terminal),5.0
16007391,CDC2L1,5.920818753952375
3038525,ABL1(T315I),5.0
153999,LIMK2,5.0
123631,BMPR2,5.0
11667893,LATS1,5.0
11427553,EGFR(L747T751del),5.0
5494449,CAMKK1,5.337242168318426
9884685,CAMK2G,5.0
11717001,TTK,5.0
11234052,ACVR1B,5.0
17755052,ABL1(T315I)p,5.0
11667893,EGFR(G719C),5.638272163982407
9809715,MEK4,5.431798275933005
3038522,MERTK,5.455931955649724
11617559,ZAP70,5.0
10461815,MEK2,6.008773924307505
6918454,MLCK,5.0
11338033,JAK3(JH1domain-catalytic),5.0
644241,CDK4-cyclinD1,5.0
3062316,STK36,6.6777807052660805
3025986,JAK3(JH1domain-catalytic),5.0
3062316,YANK1,5.0
16038120,CAMK2G,6.107905397309519
208908,EPHB3,5.0
11485656,BRAF(V600E),5.0
176155,ABL1(H396P),5.585026652029182
9933475,MLCK,5.0
156414,AMPK-alpha2,5.0
11314340,MAPKAPK2,5.0
11427553,RSK3(KinDom.1-N-terminal),6.2076083105017466
11409972,ROCK1,5.823908740944319
10461815,CDK8,5.0
11364421,CDC2L5,5.0
5328940,EPHB6,5.522878745280337
10113978,YES,5.301029995663981
11667893,RET(V804M),5.0
5329102,CTK,5.113509274827518
11667893,RPS6KA4(KinDom.2-C-terminal),5.0
6918454,CSNK1E,5.0
10138260,DCAMKL3,6.619788758288394
3038525,FLT3(ITD),5.0
216239,FER,5.0
176167,CAMK1D,5.0
156422,FLT3(ITD),5.522878745280337
447077,DYRK2,5.0
123631,FLT4,5.0
42642645,CDK4-cyclinD1,5.0
3038522,CSNK2A1,5.0
9929127,BTK,5.0
4908365,JNK3,6.619788758288394
3038525,ERK5,5.0
16038120,BRAF,5.0
9809715,MKNK1,5.0
208908,FLT3(K663Q),5.0
3062316,EPHA5,9.619788758288394
10127622,MKNK1,5.0
11712649,EPHA3,5.6777807052660805
156422,STK33,5.0
156422,AURKA,5.0
44150621,WEE1,5.920818753952375
10461815,JNK1,5.0
447077,MET(M1250T),5.958607314841775
4908365,YES,6.366531544420414
10427712,ICK,5.0
11314340,EPHB3,5.0
11364421,RAF1,5.0
10127622,RIPK5,5.0
3038522,S6K1,5.0
44259,EPHB4,5.657577319177793
25127112,MARK2,6.180456064458132
10127622,ROCK1,5.0
3038522,MLK2,5.0
11338033,KIT(V559D-V654A),5.0
11427553,CDKL3,5.0
24779724,EGFR(E746A750del),5.0
156414,CSNK1D,5.337242168318426
24180719,YANK1,5.0
3025986,TNIK,5.0
11364421,SgK110,5.0
24180719,STK36,5.537602002101044
51004351,SBK1,5.0
156414,RET,5.376750709602099
11617559,BMPR1A,5.0
9933475,CAMK2B,5.0
44259,MST3,6.920818753952375
11364421,GAK,6.744727494896694
16725726,DYRK2,5.0
11717001,GRK4,5.0
51004351,ROCK2,5.638272163982407
9884685,CAMK1D,5.0
3081361,HCK,6.443697499232713
11712649,EPHB6,5.0
3062316,BRSK1,5.0
24779724,ABL1(E255K),5.0
11234052,JNK3,5.0
10074640,IGF1R,5.0
3038522,AURKC,5.795880017344075
16007391,ABL2,5.0
11717001,GRK7,5.0
9926054,LOK,5.0
42642645,TRKC,8.468521082957745
9929127,MARK1,5.0
3038522,AKT2,5.0
176155,KIT(A829P),5.0
16007391,ERBB4,6.327902142064283
10184653,KIT(L576P),5.0
11656518,WEE1,5.0
6450551,MLCK,5.769551078621726
9809715,RET(M918T),7.522878745280337
126565,MEK4,8.42021640338319
3025986,HIPK4,5.0
3038525,RET(V804M),5.0
11626560,BTK,5.10790539730952
123631,FGFR2,5.0
3081361,ERK1,5.0
25243800,AAK1,5.795880017344075
44259,PYK2,8.455931955649724
9809715,AKT3,5.0
176870,CDKL1,5.0
42642645,YSK4,8.259637310505756
51004351,CSNK1E,5.0
44150621,SRPK2,6.537602002101044
16038120,ROCK1,7.431798275933005
11485656,DRAK1,5.0
25243800,DYRK1A,5.638272163982407
9933475,BRSK2,5.0
24180719,TNIK,5.6020599913279625
11984591,RET(V804L),8.657577319177793
24180719,ABL1(F317L)p,5.2441251443275085
5494449,BMPR1B,5.958607314841775
25243800,CAMK4,5.0
447077,CLK4,5.0
24779724,RPS6KA5(KinDom.1-N-terminal),5.0
216239,MAP3K1,5.0
11427553,MLK2,5.823908740944319
11667893,ZAP70,5.0
9933475,MLK3,5.0
176167,FAK,5.0
11364421,TLK2,5.0
25127112,HIPK1,5.920818753952375
24889392,ABL1(M351T),5.0
11409972,CIT,7.2839966563652
176167,CAMK2B,5.0
216239,EGFR(L858R),5.0
11984591,FLT3(K663Q),9.167491087293763
11338033,ACVR2A,5.0
9926791,RIOK3,5.0
10113978,CAMK4,5.0
126565,FLT3(K663Q),8.267606240177031
42642645,MST4,5.0
44259,MAST1,6.823908740944319
11984591,EPHA5,6.0655015487564325
208908,RAF1,5.0
5287969,MRCKA,5.022276394711152
11712649,ERBB2,5.0
176870,MKNK1,6.161150909262744
11364421,STK33,5.958607314841775
24889392,ABL1(H396P),5.0
16722836,ERK5,7.180456064458132
16038120,FGFR4,6.958607314841775
16038120,STK35,6.585026652029182
153999,FES,5.0
10113978,EGFR(L861Q),5.0
5329102,RIPK5,5.886056647693163
11409972,FLT3(ITD),7.958607314841775
42642645,KIT(A829P),8.494850021680094
10427712,AKT2,5.0
11656518,MEK4,5.0
3038525,TLK1,5.0
10138260,EGFR(G719S),5.0
3062316,ACVR1,6.2076083105017466
208908,BIKE,5.0
5287969,ABL1(Q252H)p,5.920818753952375
11656518,JNK3,5.0
9915743,CDK4-cyclinD1,5.0
25243800,EPHB6,5.045757490560675
16722836,RSK3(KinDom.2-C-terminal),5.638272163982407
9933475,YANK1,5.0
153999,EGFR(G719C),5.0
24180719,ACVR1B,5.0
11712649,BRSK2,5.0
16038120,ULK1,9.080921907623926
126565,TIE2,6.200659450546419
123631,HIPK3,5.0
156414,KIT(V559D-T670I),5.721246399047171
176155,GRK4,5.0
156422,MKNK1,5.200659450546419
5287969,CSNK1E,5.0
5328940,IKK-alpha,5.0
11717001,ZAP70,5.0
5494449,EGFR(L747S752del),5.0
5287969,EGFR(L858RT790M),6.1249387366083
151194,GRK4,5.0
3038522,ABL1p,5.0
11364421,TGFBR1,5.0
3081361,IKK-alpha,5.0
5329102,GRK7,6.744727494896694
16007391,FLT4,5.537602002101044
9926791,CHEK2,5.0
176870,EGFR(T790M),6.853871964321762
11485656,RPS6KA5(KinDom.1-N-terminal),5.920818753952375
11314340,CLK3,6.795880017344075
9933475,TTK,5.0
644241,HIPK1,5.0
11626560,BRK,5.0
4908365,ABL1(F317I),5.0655015487564325
6918454,ABL1p,5.0
9809715,EIF2AK1,5.0
11234052,EGFR(L747S752del),5.0
24180719,ABL1(T315I),5.0
9915743,BRK,5.0
16007391,QSK,5.0
24889392,MKNK1,5.0
16725726,IKK-epsilon,5.0
176870,FLT4,5.6777807052660805
44259,ERBB3,5.0
16725726,ACVRL1,5.0
16007391,TYRO3,5.0
9933475,CSNK1G3,5.0
3038522,CLK4,5.795880017344075
16725726,CAMK1D,5.6020599913279625
11234052,MAP4K2,5.0
16038120,LATS1,5.795880017344075
10461815,BRSK1,5.0
9926791,TLK2,5.0
9929127,LATS2,5.0
11717001,FGFR2,5.0
3025986,EPHA1,5.0
11667893,CSNK1A1L,5.0
44259,EPHA3,7.568636235841013
216239,CSK,5.0
44259,MEK4,7.154901959985743
3038522,RET(V804M),5.0
11984591,MELK,5.0
3062316,FLT3(D835Y),5.318758762624413
16007391,CSK,5.42021640338319
44259,MAP3K1,6.455931955649724
644241,YSK1,5.0
24889392,RIOK2,5.0
3038525,EPHA1,5.327902142064283
51004351,ASK1,5.0
11984591,AXL,7.086186147616283
3038525,RSK2(KinDom.1-N-terminal),5.0
11409972,ACVRL1,5.0
9926054,CDC2L5,6.096910013008056
5494449,ABL2,8.397940008672037
123631,TIE2,5.0
11338033,ABL1(Y253F),5.0
156422,IRAK1,5.0
11485656,SRPK2,5.0
5494449,TGFBR2,5.0
151194,ABL1(F317L),5.0
156414,FGFR2,5.0
44259,EPHB2,5.6777807052660805
5494449,MST2,6.292429823902063
5287969,EGFR(L858R),5.769551078621726
5287969,KIT(D816H),5.045757490560675
5329102,GSK3B,5.0
16007391,BIKE,5.0
11717001,TNNI3K,5.0
24779724,SgK110,5.0
3062316,CLK2,5.0
176870,JAK3(JH1domain-catalytic),6.154901959985743
10127622,ERK8,5.0
151194,TLK2,5.0
11717001,MET,5.0
6450551,EGFR(T790M),5.0
9926791,TXK,5.0
11626560,KIT(L576P),5.0
11617559,MST3,5.0
151194,EGFR(T790M),5.0
3025986,EGFR(L861Q),5.0
10461815,IGF1R,5.0
4908365,KIT(L576P),8.638272163982407
3038525,TYK2(JH2domain-pseudokinase),5.0
44150621,BMX,5.0
11626560,FGFR4,5.0
11485656,CSNK1A1,5.0
25127112,CAMK2A,7.337242168318426
11626560,FLT3(R834Q),5.522878745280337
5494449,HPK1,7.142667503568732
9809715,EGFR(L747T751del),5.0
3038522,MEK3,5.0
11617559,BRAF(V600E),5.0
10113978,FLT3(D835Y),6.091514981121351
17755052,TGFBR1,5.0
176167,ERK3,5.0
3038522,CDKL3,5.0
11485656,AMPK-alpha1,5.0
10074640,ACVR2B,5.0
10184653,EPHB6,5.508638306165728
11427553,SIK2,6.251811972993799
10113978,TRKC,5.0
9933475,SRPK3,5.0
5291,FLT1,5.0
11667893,MARK4,5.0
5287969,LATS2,5.0
24779724,SRMS,5.0
42642645,RPS6KA5(KinDom.2-C-terminal),5.0
16007391,ROCK1,5.0
10113978,ROCK2,5.0
11314340,AURKC,5.075720713938119
9926054,ERBB2,5.0
3081361,CTK,5.0
16725726,MARK1,5.0
11667893,IKK-beta,5.0
176155,DAPK1,5.0
25243800,RSK4(KinDom.2-C-terminal),5.136677139879544
3038522,EGFR(L747E749del),6.585026652029182
176167,EPHA8,5.0
176155,MAP3K1,5.0
11712649,EGFR(L858RT790M),5.0
176167,ERK5,5.0
176870,TNK2,5.0
11656518,ERBB2,5.0
11338033,EGFR(L861Q),5.0
208908,LTK,5.0
4908365,ERK2,5.0
24889392,ACVR2B,5.0
151194,ABL1(E255K),5.0
11338033,EPHA6,5.0
17755052,RIOK1,5.0
216239,ZAK,8.200659450546418
11667893,JNK1,5.0
151194,MKNK2,5.0
11656518,ACVR2B,5.0
10138260,YANK2,5.0
11364421,ABL1(Q252H),5.0
447077,CHEK1,5.0
11427553,CAMK2B,5.0
9929127,SNARK,5.0
9926054,CSNK1E,5.0
11338033,JNK1,5.0
25243800,DCAMKL2,5.0
11667893,HIPK4,5.0
9929127,RSK1(KinDom.1-N-terminal),5.0
24779724,MTOR,5.0
10074640,LIMK1,5.0
10074640,EGFR(G719C),5.0
11364421,CSK,5.0
25243800,EGFR(L747T751del),6.113509274827519
123631,DAPK1,5.0
208908,ASK1,5.0
10113978,EPHB2,5.0
16038120,MAP4K5,6.721246399047171
11656518,ERK8,5.0
5291,HIPK2,5.0
16725726,LCK,5.0
644241,KIT,7.537602002101044
10184653,TYK2(JH1domain-catalytic),5.0
44150621,RET,7.1487416512809245
5291,KIT(L576P),7.853871964321762
208908,MET,5.0
11717001,INSRR,5.0
24779724,ERN1,5.0
16722836,YES,6.920818753952375
176155,ACVR1,5.0
3062316,ACVR2A,6.6777807052660805
126565,MAST1,7.721246399047171
42642645,INSRR,7.275724130399211
11427553,IRAK3,6.619788758288394
11626560,TBK1,6.161150909262744
9929127,TIE1,5.0
44150621,FER,5.0
9809715,FGFR3,7.031517051446065
5494449,MLK1,6.4089353929735005
9929127,RET(V804M),5.0
11485656,TRKC,6.6777807052660805
176155,PYK2,5.0
11314340,SRPK1,6.259637310505756
216239,MLCK,5.017728766960432
153999,MERTK,5.0
10184653,DAPK1,5.0
11364421,CAMK1G,5.0
44150621,RET(V804M),7.585026652029182
3038525,LKB1,5.0
176167,TESK1,5.0
9915743,CAMK4,5.0
11314340,TAOK3,5.958607314841775
176155,SBK1,5.0
3025986,ITK,5.0
24889392,TLK1,5.0
11626560,CHEK2,5.0
44259,MAP3K2,8.619788758288394
9915743,TYK2(JH2domain-pseudokinase),5.0
17755052,MLK1,5.0
11364421,AAK1,5.552841968657781
3038522,YANK1,5.0
447077,STK16,5.0
9809715,CTK,5.0
17755052,DDR1,5.0
9929127,LKB1,5.0
11667893,SYK,5.0
153999,RIOK2,5.0
126565,FLT1,6.920818753952375
126565,ABL1(F317I)p,5.309803919971486
11234052,CDK4-cyclinD3,5.0
4908365,GRK7,6.086186147616283
153999,ABL1(Y253F),5.0
25127112,CSNK1D,5.0
24889392,AURKB,5.0
5328940,JAK2(JH1domain-catalytic),5.958607314841775
176155,MAST1,5.0
208908,RPS6KA4(KinDom.2-C-terminal),5.0
10184653,AKT3,5.0
3038522,TYK2(JH1domain-catalytic),5.0
6450551,RIOK1,5.920818753952375
176155,AURKB,5.0
9933475,TXK,5.0
44259,FGFR3,7.055517327849832
10138260,DDR2,5.00436480540245
3081361,ERBB4,6.318758762624413
208908,CSNK1D,5.0
123631,CLK2,5.0
176155,RET,5.0
24889392,LIMK1,5.0
4908365,ERK5,5.0
51004351,DCAMKL3,5.0
208908,CDKL2,5.0
5328940,KIT(A829P),6.568636235841013
25243800,ROCK1,5.0
176167,FGFR4,5.0
24889392,HIPK1,5.0
44150621,CSNK1G1,5.0
9884685,YSK4,6.031517051446065
10074640,CLK2,5.0
25243800,CDK8,5.200659450546419
176155,CAMKK2,5.0
24889392,RET(M918T),8.522878745280337
9809715,CLK4,7.744727494896694
123631,SgK110,5.0
10127622,RET(V804L),5.0
44259,ANKK1,6.568636235841013
25127112,EGFR(L858RT790M),5.0
123631,MAP3K1,5.0
11427553,SLK,7.886056647693163
11626560,MST1R,7.602059991327962
11409972,EPHB1,6.744727494896694
9809715,EPHA1,5.920818753952375
25243800,ABL1(T315I),6.0
3081361,AURKC,5.823908740944319
11712649,TGFBR2,5.0
11234052,LIMK2,5.0
11617559,FGFR3(G697C),5.0
5494449,CAMK4,5.0
10461815,MKNK1,5.0
11667893,MRCKA,5.0
9933475,MST2,5.0
156414,RIPK1,5.0
11427553,SRC,5.552841968657781
11984591,TGFBR2,6.481486060122113
10074640,STK33,5.0
25127112,MKNK1,5.0
16725726,MEK5,5.0
208908,EPHA6,5.0
16007391,FLT3,8.086186147616283
25127112,GRK4,5.214670164989233
11234052,ERN1,5.0
156414,MINK,5.6777807052660805
42642645,IKK-beta,5.0
5291,TTK,5.0
10113978,DYRK1B,5.0
3038525,LCK,5.337242168318426
11617559,BRAF,5.0
156414,MARK4,5.0
10074640,YES,6.2441251443275085
6918454,RET,5.0
11485656,FLT1,8.1249387366083
10461815,CAMK1G,5.0
5287969,TRPM6,5.0
10427712,JNK1,5.0
16007391,CDC2L2,6.0
126565,HIPK3,6.6020599913279625
6918454,RIOK2,5.0
156422,CLK4,5.0
11485656,CSNK1A1L,5.0
42642645,JAK1(JH1domain-catalytic),5.0
24889392,TAOK2,5.0
25243800,MARK4,5.0
11409972,CAMK2A,5.0
11984591,RSK4(KinDom.1-N-terminal),5.0
5328940,TRKA,5.508638306165728
11667893,ABL1(F317I)p,5.0
3025986,AKT3,5.0
11427553,TIE2,5.958607314841775
10184653,RSK3(KinDom.1-N-terminal),5.0
11626560,CAMK2G,5.0
25243800,MINK,6.744727494896694
24779724,ACVR2B,5.0
9929127,TRKA,5.0
176155,MELK,5.0
44259,MEK5,8.537602002101044
25243800,YANK2,5.853871964321762
3025986,TAK1,5.853871964321762
25243800,ICK,5.0
126565,CDK7,7.060480747381382
11984591,SRPK1,6.229147988357856
3025986,TSSK1B,5.0
11984591,ADCK3,5.958607314841775
11984591,YSK1,5.036212172654444
11626560,CDKL5,5.0
11427553,MAP4K3,6.823908740944319
16722836,JNK2,6.619788758288394
11617559,FGFR1,5.0
16722836,CSNK1D,5.0
3038522,CAMKK1,5.0
153999,CDK11,5.0
16007391,YANK3,5.0
10461815,CAMK4,5.0
4908365,MET(M1250T),5.3872161432802645
11984591,LZK,5.0
17755052,JNK1,5.823908740944319
11485656,EGFR(L858R),5.0
44259,HIPK4,6.4089353929735005
10461815,CSNK1E,6.0655015487564325
16007391,FGR,5.0
11427553,ICK,5.657577319177793
11626560,BMPR1B,6.638272163982407
5329102,MEK5,7.337242168318426
447077,BMPR1A,6.769551078621726
44150621,ABL1(F317L)p,5.958607314841775
3081361,EGFR(E746A750del),8.318758762624412
10127622,SRPK3,5.0
176167,GAK,5.0
5291,INSR,5.0
208908,DAPK3,5.0
9926054,CAMK2B,5.0
5494449,MAP4K3,6.537602002101044
24180719,SLK,5.292429823902063
25127112,EPHA2,5.0
11717001,EPHB2,5.0
11338033,LATS1,5.0
10138260,EPHA3,5.638272163982407
10127622,RPS6KA4(KinDom.1-N-terminal),5.0
176870,DMPK2,5.468521082957745
447077,ERK3,6.769551078621726
44150621,LATS2,6.275724130399211
11234052,FLT1,8.0
208908,AKT3,5.0
5287969,HIPK1,5.167491087293763
10138260,EGFR(L858RT790M),5.0
5494449,CSNK2A2,5.0
11712649,CDK9,5.0
3081361,DAPK3,5.0
16038120,FRK,7.568636235841013
10138260,ULK2,7.187086643357144
176870,FLT3(K663Q),5.886056647693163
10127622,MELK,5.0
11617559,EPHB4,5.0
123631,CDC2L2,5.0
6918454,GRK1,5.0
151194,MKNK1,5.0
11667893,DYRK2,5.0
3062316,CIT,5.0
11364421,JAK2(JH1domain-catalytic),5.0
16038120,DAPK2,6.060480747381382
24779724,MET,9.721246399047171
24779724,ABL1(F317I),5.0
9915743,RET,5.0
5291,SgK110,5.0
24180719,RSK4(KinDom.2-C-terminal),5.0
11234052,HIPK4,5.0
156422,CDC2L1,5.0
11427553,ABL1(T315I),7.920818753952375
123631,DRAK2,5.42021640338319
11409972,FES,6.443697499232713
216239,ACVRL1,5.0
51004351,ABL1(Q252H)p,5.0
10074640,LRRK2,5.0
10113978,MLK2,5.6777807052660805
11656518,MAPKAPK2,5.0
5329102,MAP4K2,7.481486060122113
11338033,ERBB4,5.0
5328940,EIF2AK1,6.200659450546419
3062316,DDR2,8.494850021680094
11314340,EPHA7,5.0
10461815,CSNK1G3,5.0
10138260,CAMK4,5.568636235841013
151194,ULK2,5.0
24889392,MLK2,5.0
3038522,DDR1,5.853871964321762
208908,SGK3,5.0
11712649,MKK7,5.0
10184653,TEC,5.0
9809715,BRAF,5.0
176155,LATS1,5.0
10074640,ARK5,5.0
10427712,ZAK,5.0
216239,IKK-beta,5.0
11314340,FLT3,6.267606240177032
16722836,MEK1,5.292429823902063
10074640,MEK4,5.0
11314340,ABL1(M351T),5.0
5328940,MAP4K4,8.086186147616283
11656518,TESK1,5.0
6450551,FLT3(R834Q),5.619788758288394
11717001,RIOK2,5.920818753952375
16722836,MARK2,5.508638306165728
123631,DLK,5.0
9926791,EGFR(L747T751del),5.0
151194,DRAK2,5.0
24779724,TLK1,5.0
153999,EGFR(E746A750del),5.292429823902063
17755052,FLT3(ITD),5.657577319177793
5291,ALK,5.0
42642645,AAK1,5.0
24889392,MST1R,5.0
25243800,AKT1,5.0
42642645,ROS1,7.853871964321762
10427712,CSNK1A1,6.080921907623926
5291,MEK2,5.0
5328940,JNK3,5.0
16007391,MARK1,5.0
6450551,IGF1R,5.0
11656518,MARK4,5.0
9884685,RPS6KA5(KinDom.2-C-terminal),5.0
11984591,EPHB4,6.221848749616356
11984591,ULK1,7.853871964321762
5291,TRKA,5.0
42642645,LRRK2(G2019S),5.0
176155,FES,5.0
25243800,TGFBR2,6.6020599913279625
44259,MET(Y1235D),6.853871964321762
447077,MEK1,6.080921907623926
11234052,EPHB2,5.0
176167,GSK3B,8.080921907623926
9929127,ABL1(H396P),5.0
176155,MRCKA,5.2076083105017466
10138260,EGFR(L747E749del),5.0
447077,MAP3K1,5.0
156422,ANKK1,6.0
10427712,CDK9,5.0
153999,TGFBR2,5.0
3081361,CSNK1G2,5.0
10127622,STK36,5.0
10074640,FAK,5.0
9926054,RSK4(KinDom.1-N-terminal),5.0
208908,MKK7,5.356547323513813
16007391,RIPK5,5.522878745280337
3038525,DLK,5.0
10184653,ROCK1,5.0
123631,DYRK1A,5.0
126565,MINK,8.443697499232712
24889392,MLK3,5.0
176870,MST3,5.0
9809715,MKNK2,5.0
10074640,CSK,5.0
151194,ITK,5.0
151194,AURKC,5.0
11667893,DCAMKL1,5.0
5329102,MAP4K3,6.744727494896694
9809715,TAOK3,5.0
6918454,RIOK1,5.0
156422,EIF2AK1,5.0
216239,CDK4-cyclinD3,5.0
25127112,MLK3,5.0
25243800,FLT3(D835H),6.200659450546419
17755052,JAK3(JH1domain-catalytic),5.0
11717001,SRPK1,5.0
10127622,VEGFR2,5.0
11364421,AKT2,5.0
44150621,FES,5.0
9926791,EPHA4,5.0
42642645,MAP4K2,5.698970004336019
16725726,RIPK4,5.0
11314340,RPS6KA4(KinDom.2-C-terminal),5.494850021680094
11234052,RSK3(KinDom.2-C-terminal),5.0
11712649,TSSK1B,5.0
24180719,CAMKK1,5.0
6450551,BMPR1A,5.0
9933475,MTOR,5.0
10184653,KIT(V559D-T670I),5.0
44259,CDC2L2,5.0
11717001,LYN,5.0
3062316,RIPK5,5.0
25127112,TAOK2,6.508638306165728
5494449,TNK1,7.080921907623926
11712649,ROS1,5.508638306165728
126565,MAP4K5,7.366531544420414
176155,KIT(D816H),5.0
176155,AKT1,5.0
11626560,TESK1,6.42021640338319
11617559,MST1R,5.0
11409972,JAK1(JH2domain-pseudokinase),5.0
176155,MINK,5.0
11409972,ERK3,5.0
11234052,ABL1(E255K),6.236572006437063
11712649,TXK,5.0
176870,ABL1(T315I),6.2076083105017466
16725726,CSNK1G2,5.0
44150621,DMPK2,5.0
208908,EIF2AK1,5.0
6918454,ERK4,5.0
9809715,HCK,5.275724130399211
10138260,JAK2(JH1domain-catalytic),5.795880017344075
11338033,EPHB1,5.0
51004351,RIOK1,5.920818753952375
11234052,CDK4-cyclinD1,5.0
10427712,ERK2,5.0
10184653,ERK4,5.0
11617559,RSK4(KinDom.2-C-terminal),5.0
24889392,MRCKA,5.0
10127622,CDK5,5.0
9915743,ERK8,5.0
9933475,DCAMKL3,5.0
10138260,MST3,7.0
24889392,JAK1(JH2domain-pseudokinase),5.0
5291,FYN,5.508638306165728
11338033,MEK3,5.0
176167,MLK1,5.0
3038522,ERK3,5.0
11409972,DAPK2,5.0
11338033,MAP3K3,5.0
42642645,EGFR(G719C),6.920818753952375
10113978,IGF1R,5.0
9929127,CAMKK2,5.0
10138260,MAST1,6.522878745280337
208908,ULK3,5.0
11626560,AXL,8.10790539730952
16007391,FGFR4,5.0
123631,ROCK1,5.0
10138260,TAOK3,6.508638306165728
16007391,EPHA6,5.0
3062316,EPHA3,10.031517051446064
216239,JNK2,5.130768280269024
9929127,EGFR(G719S),5.0
151194,SRC,5.0
153999,WEE2,5.0
5329102,RET(V804L),8.060480747381382
11409972,MKK7,7.568636235841013
151194,EGFR(L747S752del),5.0
156414,CDC2L5,5.0
9884685,HUNK,5.0
10074640,EPHA2,5.0
3038525,KIT,5.0
11427553,CAMK1D,6.275724130399211
11656518,MARK2,5.0
6918454,TNK1,5.0
25127112,FER,5.0
6918454,STK35,5.0
11234052,GSK3A,5.0
11409972,TNK2,5.0
9926054,CASK,5.0
3081361,GRK4,5.0
153999,JNK2,5.0
9926791,SNRK,5.0
176155,ACVR2A,5.0
16038120,TNK1,8.744727494896694
11667893,MEK1,5.0
24889392,ABL1(T315I)p,5.0
9884685,CAMK1,5.0
208908,SRPK3,5.0
11485656,TRKB,5.958607314841775
153999,DDR2,5.0
3081361,JAK1(JH2domain-pseudokinase),5.0
24889392,GSK3B,5.0
11656518,MINK,5.0
5287969,VEGFR2,5.0
11485656,AURKB,6.4089353929735005
16722836,WEE2,5.221848749616356
156414,LATS2,5.0
24889392,HIPK3,5.0
151194,ABL1(F317L)p,5.0
208908,FGR,5.0
9926791,TAOK1,5.0
3062316,EGFR(L858RT790M),5.657577319177793
10461815,RET,6.161150909262744
16038120,EGFR(L747E749del),7.142667503568732
9926054,CDK4-cyclinD1,5.0
156414,CAMK2D,5.0
3038525,TNNI3K,5.0
51004351,DMPK2,5.0
447077,MERTK,5.0
3038525,FLT3(R834Q),5.0
11364421,SRMS,5.0
44259,FYN,7.481486060122113
5329102,EPHB1,6.318758762624413
24889392,YSK4,5.698970004336019
24889392,RIOK3,5.0
5287969,STK39,5.0
9926054,CSNK1A1L,5.0
16038120,TNIK,5.920818753952375
156414,FRK,5.468521082957745
9915743,ADCK4,5.0
9915743,ERK1,5.0
25127112,JAK1(JH2domain-pseudokinase),5.0
11485656,FYN,5.0
176870,GRK4,5.136677139879544
123631,CDK4-cyclinD1,5.0
5494449,TGFBR1,5.075720713938119
51004351,EIF2AK1,5.0
6450551,RIPK5,5.0
10184653,EPHA5,5.0
10461815,RIOK2,5.0
10184653,AKT1,5.0
5291,ULK2,5.0
3025986,CDK3,7.251811972993799
123631,AURKB,5.0
644241,ASK2,5.0
44259,TTK,7.214670164989233
9915743,TRKB,5.0
44259,FGFR1,7.045757490560675
11717001,TGFBR1,5.309803919971486
10127622,JAK1(JH2domain-pseudokinase),5.0
24779724,EPHB6,5.0
9884685,AMPK-alpha2,5.0
11712649,EPHA7,6.0
11338033,EPHB4,5.0
3038525,STK35,5.0
9926791,TNK1,6.920818753952375
11617559,CHEK2,5.0
176155,SLK,5.431798275933005
51004351,MERTK,5.537602002101044
5328940,EGFR(L858RT790M),6.4089353929735005
153999,JAK1(JH1domain-catalytic),5.0
9915743,ACVRL1,5.0
11712649,FLT3(ITD),5.0
126565,FLT3,8.070581074285707
153999,AKT1,5.0
4908365,ROS1,5.346787486224656
51004351,LATS1,5.958607314841775
5494449,FGFR3,6.0655015487564325
9926054,LKB1,5.0
9929127,TAOK1,5.0
9884685,EGFR(L858R),5.0
5291,ERK3,5.0
11984591,DAPK1,7.259637310505756
24779724,ULK1,5.0
24180719,LYN,5.958607314841775
11338033,DMPK,5.958607314841775
5494449,ERBB4,5.0
11427553,STK33,6.853871964321762
24779724,RSK1(KinDom.2-C-terminal),5.0
3025986,FGFR1,5.0
123631,BRSK2,5.0
11656518,CAMK1,5.0
10138260,LYN,6.091514981121351
5494449,YANK1,5.0
3062316,MARK2,5.0
9884685,LOK,5.0
123631,BRAF(V600E),5.0
644241,ROS1,5.0
11409972,HPK1,6.6777807052660805
10184653,ICK,5.0
10138260,TAOK1,5.920818753952375
176155,DAPK3,5.0
644241,RPS6KA4(KinDom.2-C-terminal),5.0
42642645,LATS1,5.0
216239,DAPK3,5.0
11314340,MAP3K15,5.0
16038120,ACVR2B,5.366531544420414
11409972,CAMK2B,5.0
9929127,DAPK3,5.0
126565,ERBB3,5.259637310505756
10074640,EPHA7,5.0
11667893,RSK3(KinDom.2-C-terminal),5.0
11409972,ACVR1,5.0
176870,DMPK,5.537602002101044
11427553,TIE1,6.522878745280337
44259,LRRK2,8.508638306165727
44150621,MKNK1,5.0
10461815,ZAP70,5.0
9933475,EPHB2,5.0
10427712,ALK,5.0
11717001,LATS1,5.0
10138260,HUNK,8.431798275933005
11656518,FER,5.0655015487564325
16725726,CHEK1,5.0
3025986,ROCK2,5.0
11717001,CAMKK2,5.0
5291,KIT(V559D),7.823908740944319
9915743,S6K1,5.0
176167,EPHB6,5.0
3025986,SNARK,5.769551078621726
3062316,RIOK2,5.0
11314340,CAMK1D,5.619788758288394
644241,ERN1,5.0
10427712,EPHA3,5.0
5328940,HIPK2,5.721246399047171
11717001,SRC,5.0
11626560,TIE1,6.958607314841775
9929127,CLK2,5.638272163982407
24779724,EPHA4,5.0
44259,CSNK1E,7.136677139879544
44150621,CAMK2D,5.0
10074640,DAPK3,5.0
644241,IRAK3,5.0
16007391,MKNK1,5.0
24889392,BRSK2,5.0
11626560,YSK4,6.008773924307505
11626560,PYK2,6.721246399047171
644241,MET(M1250T),5.0
11617559,MAP3K3,5.0
25243800,MET(Y1235D),5.0
10127622,CAMK2B,5.0
10461815,FGFR4,5.0
16007391,CHEK2,5.853871964321762
17755052,RPS6KA4(KinDom.1-N-terminal),5.0
9884685,JNK3,5.0
16007391,LATS2,5.0
11667893,YANK1,5.0
16725726,INSR,5.0
10074640,S6K1,5.0
24779724,EGFR(L747S752del),5.0
10461815,EGFR(L858RT790M),5.0
176155,AURKA,5.0
447077,RSK3(KinDom.1-N-terminal),5.0
9915743,LRRK2,5.0
176870,CSNK1G3,5.0
644241,MLK2,5.0
176870,BRAF(V600E),5.0
9926054,TIE2,5.0
9933475,KIT(A829P),7.008773924307505
10127622,ABL2,5.0
10184653,MEK3,5.0
16722836,TRKB,5.508638306165728
25243800,FYN,6.522878745280337
9884685,CDKL3,5.0
11984591,ERN1,5.795880017344075
10427712,SYK,5.0
208908,CTK,5.0
17755052,IRAK4,5.0
10138260,IKK-alpha,6.173925197299174
11667893,GSK3A,5.0
11338033,MAP3K1,5.0
5287969,ANKK1,5.0
6450551,EPHA3,5.0
16722836,SBK1,6.102372908709559
25127112,ARK5,5.0
25127112,MAP3K1,5.376750709602099
5291,KIT(D816H),6.251811972993799
6918454,MAPKAPK2,5.0
11656518,ABL1(Q252H)p,5.130768280269024
25243800,DDR2,5.214670164989233
11364421,S6K1,5.0
24889392,MARK1,5.0
208908,DAPK2,5.0
16725726,EPHA5,5.0
6918454,ZAK,5.0
16722836,AKT3,5.0
11626560,RET(M918T),5.886056647693163
9915743,ABL1(F317I)p,5.0
151194,TRKA,5.0
5329102,HIPK2,7.508638306165728
216239,IRAK1,5.0
3038522,MARK1,5.0
9884685,INSR,5.0
11364421,ERK8,5.0
10127622,FLT4,5.0
644241,EGFR(L747T751del),5.0
11409972,EGFR(G719C),6.657577319177793
151194,MET,5.0
208908,RPS6KA4(KinDom.1-N-terminal),5.0
9884685,TAOK1,5.0
5329102,JNK2,5.619788758288394
24779724,MAP4K2,5.0
5329102,S6K1,7.318758762624413
156422,MERTK,5.431798275933005
6450551,RPS6KA5(KinDom.2-C-terminal),5.0
126565,SIK2,7.823908740944319
9809715,TLK2,5.0
17755052,RIPK5,5.0
9926054,CLK4,5.0
24180719,BRSK2,5.0
10138260,MLK3,5.769551078621726
10461815,BMPR1A,5.0
11409972,ICK,5.6020599913279625
5494449,AAK1,6.537602002101044
151194,MINK,5.0
176155,FER,5.0
3081361,RIPK5,5.0
10427712,EGFR(L861Q),5.721246399047171
16722836,MET,5.070581074285707
11617559,YSK4,5.0
9933475,CDKL3,5.0
6450551,CSNK1A1L,5.0
25243800,TTK,6.200659450546419
447077,DYRK1B,5.0
9926791,SLK,5.0
3038522,ERBB3,5.0
644241,RET(V804L),5.0
42642645,HCK,7.823908740944319
156414,MKNK2,5.744727494896694
11314340,TYK2(JH2domain-pseudokinase),5.0
51004351,HIPK1,5.0
153999,ERK2,5.0
9933475,IRAK1,5.0
6918454,CDKL1,5.0
11717001,EGFR(G719C),5.0
11667893,BRSK2,5.0
44150621,IKK-alpha,5.744727494896694
11626560,DYRK1B,5.0
5328940,RET(V804L),5.0
16725726,FLT3(K663Q),5.0
11314340,CSF1R,5.0
11427553,CDK4-cyclinD1,6.086186147616283
3062316,MKNK1,5.0
17755052,SYK,5.0
9926054,ABL1(E255K),5.0
10074640,CAMK1G,5.0
5287969,MST3,5.0
644241,MST4,5.0
208908,INSR,5.0
126565,LATS2,9.0
25127112,RSK1(KinDom.2-C-terminal),6.920818753952375
5328940,CDK9,5.0
25127112,RSK3(KinDom.2-C-terminal),6.823908740944319
10113978,CAMK2G,5.0
11667893,CSNK1D,5.0
10184653,JNK3,5.698970004336019
11427553,EPHA7,6.4089353929735005
10127622,MST1R,5.0
9809715,HUNK,5.0
11234052,KIT,7.443697499232713
25127112,FGFR2,5.0
9929127,TRKB,5.0
176167,TSSK1B,5.0
9926791,SYK,5.0
156422,MEK4,5.0
9926054,CDKL1,5.0
10461815,TAK1,5.275724130399211
3062316,SNARK,5.0
9926791,CSNK1D,5.0
11667893,CDK4-cyclinD1,5.0
5329102,BRAF,5.0
3038522,DAPK2,5.0
6450551,ACVR2B,5.2839966563652006
9933475,BMX,5.0
10184653,CLK3,5.0
11717001,BMX,5.0
44150621,ABL1(E255K),7.1249387366083
3038525,CSNK1G2,5.0
44150621,TLK1,5.0
42642645,TESK1,6.585026652029182
3038522,TIE1,5.0
44259,DCAMKL2,7.136677139879544
208908,CASK,5.0
6918454,SRPK3,5.0
6918454,ABL1(Q252H)p,5.0
10074640,ITK,5.0
25243800,MEK6,5.0
25243800,FLT4,6.619788758288394
216239,SLK,6.0
10127622,MAPKAPK2,5.0
9884685,MST4,5.0
11667893,TIE2,5.0
11984591,TRKC,6.2441251443275085
156422,EPHA3,6.055517327849832
11656518,MAP4K4,5.886056647693163
176155,HCK,5.0
176167,EPHA1,5.0
11984591,GCN2(KinDom2S808G),8.481486060122112
6918454,MELK,5.0
16038120,EPHA3,5.3979400086720375
3081361,AURKB,5.0
10113978,MAP3K3,5.0
44150621,EPHA7,5.0
208908,YANK3,5.0
11314340,ERBB4,5.0
156422,MINK,6.508638306165728
16725726,JNK1,5.0
10074640,LATS2,5.0
11617559,ULK3,5.0
123631,ABL1(F317L),5.568636235841013
151194,MAST1,5.0
6450551,YANK3,5.0
6450551,ANKK1,5.443697499232713
3038525,EGFR(S752I759del),5.0
4908365,ABL1(H396P)p,6.356547323513813
11717001,CDK11,5.0
16722836,MERTK,6.086186147616283
6450551,EPHA7,5.0
11234052,RIPK5,5.0
11234052,SNARK,5.0
3062316,ARK5,5.0
176167,MEK3,5.0
17755052,KIT(V559D-V654A),5.0
9926054,YANK2,5.0
6450551,LZK,5.0
3062316,FGR,9.30102999566398
10138260,DRAK1,7.619788758288394
16725726,TRKA,5.0
208908,VRK2,5.0
5287969,AURKB,5.0
9933475,YANK2,5.0
9926791,MAST1,5.0
25127112,EPHB4,5.0
44259,ERBB4,6.113509274827519
11626560,JNK1,5.0
16722836,MAK,5.0
24180719,ACVR1,5.0
10461815,MAP3K4,5.744727494896694
3025986,ICK,6.823908740944319
5494449,DAPK1,5.0
24779724,LATS2,5.0
10074640,CDKL2,5.0
11314340,LATS2,6.2076083105017466
11338033,CLK2,5.769551078621726
16725726,MLK3,5.0
10113978,ASK2,5.0
644241,GAK,5.0
126565,YSK4,9.2839966563652
11717001,ARK5,5.0
10138260,RSK3(KinDom.1-N-terminal),6.585026652029182
25127112,BMPR2,6.031517051446065
44150621,BRK,5.0
176167,DCAMKL2,5.0
11364421,DAPK1,6.267606240177032
6918454,MEK4,5.0
6450551,MAP3K2,5.0
16038120,ACVR1B,7.013228265733755
176870,SIK2,5.585026652029182
644241,RIPK5,5.0
11314340,MEK3,5.920818753952375
126565,CDC2L5,6.0
11409972,AAK1,5.0
11427553,FAK,5.6777807052660805
24889392,RSK4(KinDom.1-N-terminal),5.0
10461815,ULK3,5.0
24889392,CSNK1A1L,5.0
16725726,FGR,5.0
11338033,MLCK,5.0
11485656,CAMK2B,5.0
11338033,TRKB,5.0
16722836,TNK2,7.1938200260161125
51004351,BRSK2,6.187086643357144
16722836,DAPK3,8.920818753952375
10127622,CLK1,5.0
11364421,MST1R,5.0
644241,CDK5,5.0
5328940,MAP3K2,7.522878745280337
216239,EGFR,5.0
5328940,EPHB1,7.481486060122113
10184653,EPHB1,5.0
10427712,YANK2,5.0
176870,TRKC,5.0
153999,SNRK,5.0
24779724,EPHA1,5.0
9884685,FYN,5.0
5494449,RIPK1,7.698970004336019
156414,MET(M1250T),5.769551078621726
176870,MLK3,5.0
3062316,ACVR2B,6.2441251443275085
10184653,STK35,5.0
153999,ULK3,5.0
11314340,MKNK2,5.468521082957745
9809715,HIPK1,5.886056647693163
176870,TAOK1,5.0
11427553,BRSK2,5.920818753952375
16038120,AKT2,5.0
5287969,BMPR1B,6.346787486224656
5329102,ARK5,7.318758762624413
24779724,CLK1,5.0
208908,HIPK2,5.0
16007391,ITK,5.0
3062316,CSNK2A2,5.0
11717001,DRAK2,5.0
51004351,ABL1(Q252H),5.0
5494449,MKNK2,5.2839966563652006
5328940,MTOR,5.0
10127622,RPS6KA5(KinDom.2-C-terminal),5.0
11485656,ZAK,5.0
3038525,RET,5.0
5287969,ULK3,5.0
153999,BLK,5.0
208908,EGFR(L858R),8.55284196865778
126565,STK36,5.42021640338319
11667893,CAMKK1,5.0
151194,MARK3,5.0
9929127,AAK1,5.0
216239,MST1R,5.0
176167,RSK4(KinDom.1-N-terminal),7.602059991327962
11409972,YES,6.585026652029182
644241,BRAF,5.769551078621726
10461815,IKK-beta,5.0
176870,ERK5,5.0
3081361,MAP3K3,5.0
4908365,INSRR,5.920818753952375
44150621,FLT3(D835Y),8.2839966563652
25127112,LTK,6.356547323513813
42642645,BRK,8.366531544420413
3038525,STK36,5.0
16722836,BRAF(V600E),5.031517051446065
5329102,EGFR(E746A750del),5.0
5494449,DDR1,7.552841968657781
11984591,FGFR4,6.455931955649724
644241,SGK3,5.0
3038525,RIOK3,5.0
156422,FGFR4,5.0
11314340,STK36,5.0
11712649,EGFR(L858R),5.494850021680094
176870,GRK7,5.0
11234052,RIPK2,5.537602002101044
11656518,ERK3,5.0
11338033,CDK4-cyclinD3,7.920818753952375
9809715,PYK2,7.091514981121351
11717001,TYK2(JH2domain-pseudokinase),5.0
10074640,RSK1(KinDom.1-N-terminal),5.0
10074640,SRPK2,5.0
3025986,RET,5.0
123631,JNK1,5.0
6450551,MRCKB,5.318758762624413
10184653,MARK2,5.0
25127112,ERK3,5.0
5329102,LIMK1,5.0
5291,EPHA8,5.853871964321762
156422,TLK2,5.0
6450551,WEE2,5.0
11314340,TTK,5.0
3062316,BIKE,5.0
176167,HIPK2,6.142667503568732
11656518,LKB1,5.0
176155,YANK3,5.0
5328940,CHEK1,5.522878745280337
176870,SRPK1,5.0
25243800,MLK2,5.0
11364421,ALK,6.795880017344075
176167,SRPK1,5.0
153999,TNIK,5.0
25127112,MST1R,5.0
11626560,SLK,7.744727494896694
25127112,ICK,5.0
9926054,EPHA2,5.0
151194,CLK3,5.0
5291,RSK3(KinDom.1-N-terminal),5.0
3081361,FGFR2,5.958607314841775
11712649,EPHB3,5.455931955649724
153999,RPS6KA5(KinDom.2-C-terminal),5.0
16038120,LIMK1,5.958607314841775
42642645,FES,6.958607314841775
9915743,BRSK1,5.0
16725726,JAK1(JH1domain-catalytic),5.0
4908365,AKT1,5.0
11617559,ALK,5.0
42642645,BRAF(V600E),5.638272163982407
176870,RIOK3,5.0
3025986,EPHB6,5.0
153999,ABL1(F317I)p,5.0
10127622,SGK3,5.0
10113978,CDK8,5.0
10127622,FES,5.0
11617559,CDK7,5.0
11234052,AURKC,5.0
10184653,MAP4K2,5.0
24889392,MAP3K3,5.0
11626560,STK36,5.0
3038522,JNK3,5.0
11314340,AURKA,5.0
11712649,CAMKK2,5.0
9809715,TBK1,6.823908740944319
11485656,ERK8,5.552841968657781
10127622,CDKL5,5.0
9929127,SRPK2,5.0
644241,MTOR,5.0
42642645,CDK9,5.795880017344075
25243800,MAP4K3,5.0
10461815,INSR,5.638272163982407
6918454,TSSK1B,5.0
11656518,MAP3K4,5.0
11617559,DAPK3,5.0
11409972,TNNI3K,6.769551078621726
9884685,EGFR(S752I759del),5.0
10427712,MAP3K3,5.0
151194,RPS6KA5(KinDom.1-N-terminal),5.0
447077,FGR,8.619788758288394
42642645,FLT3(D835H),8.853871964321762
25243800,FAK,5.0
5291,LZK,5.0
11427553,MLK3,6.638272163982407
151194,EGFR(L861Q),5.0
11626560,AMPK-alpha1,5.619788758288394
5291,ABL1p,7.67778070526608
11626560,CAMK4,5.0
447077,MARK4,5.0
126565,CDKL2,7.366531544420414
51004351,BMX,5.0
123631,KIT(V559D),5.0
11338033,GRK1,5.0
5494449,WEE1,5.494850021680094
644241,FLT3(D835H),5.0
156414,ZAK,5.920818753952375
16038120,MAP4K3,7.187086643357144
5291,BTK,5.0
5494449,CSNK1G1,5.0
9926054,EPHA7,5.0
156414,AURKB,5.376750709602099
51004351,TLK2,5.0
5291,LYN,6.050609993355088
9929127,ROCK1,5.0
11717001,IRAK1,5.0
10113978,CDKL3,5.0
11409972,TBK1,5.0
9809715,BIKE,8.657577319177793
24779724,CLK2,5.0
11364421,DLK,5.0
5287969,HPK1,5.481486060122113
3025986,KIT(D816V),5.0
9926791,ADCK4,5.0
9926054,EGFR(S752I759del),5.0
11427553,ALK,6.180456064458132
11234052,TRKB,5.0
3038525,RSK3(KinDom.2-C-terminal),5.0
3081361,TBK1,5.0
10074640,ANKK1,5.0
9926054,ERN1,6.0
11409972,AURKB,5.356547323513813
16038120,DYRK1A,5.537602002101044
156422,DYRK1A,5.0
9884685,VEGFR2,5.0
9929127,KIT(L576P),5.0
156422,EGFR(T790M),5.619788758288394
176155,SGK3,5.0
9926791,SRC,5.0
10127622,CAMK4,5.0
10427712,MEK3,5.180456064458132
123631,STK36,5.2441251443275085
9915743,AMPK-alpha2,5.0
11314340,DMPK,7.036212172654444
9926791,CSNK1A1L,5.0
9809715,FLT3(D835H),9.148741651280924
11409972,RSK1(KinDom.2-C-terminal),5.0
3038522,FLT3(K663Q),8.823908740944319
10138260,ERK1,5.0
25127112,MRCKA,5.0
25243800,TRKB,5.552841968657781
11712649,CDC2L2,5.0
11617559,MRCKB,5.0
11984591,RSK3(KinDom.2-C-terminal),5.0
9926791,CDC2L1,5.0
11667893,AKT1,5.0
11338033,PYK2,5.0
9926054,CSNK1G1,5.0
10113978,HIPK1,5.0
11617559,JNK3,5.0
10427712,AURKA,5.0
11717001,MERTK,5.0
10127622,BRAF,5.0
176870,SRPK2,5.0
3038522,MEK1,5.0
9884685,SRPK3,5.0
9933475,EGFR(L747S752del),6.0655015487564325
447077,TLK1,5.0
11364421,ABL1(Q252H)p,5.0
5287969,RSK2(KinDom.1-N-terminal),6.0
11626560,VRK2,5.0
176870,HIPK2,5.0
9929127,ITK,5.0
3025986,RAF1,5.0
3062316,ABL1(F317I)p,10.387216143280265
3081361,SRMS,5.721246399047171
9929127,TAK1,5.0
44259,ABL1(Q252H),7.67778070526608
10461815,DRAK2,5.455931955649724
176870,ABL1(F317L)p,6.823908740944319
51004351,SRMS,5.0
24180719,ERK3,5.0
11617559,MST2,5.0
156414,CLK1,5.0
44259,RSK1(KinDom.2-C-terminal),5.920818753952375
151194,CAMK2D,5.0
208908,STK33,5.0
123631,MARK3,5.0
11656518,ROCK2,5.0
5329102,YSK4,7.769551078621726
4908365,KIT,8.443697499232712
156422,LYN,5.568636235841013
16722836,KIT(V559D-T670I),5.823908740944319
6918454,KIT(V559D-V654A),5.0
9933475,EPHA4,5.0
11667893,EPHA6,6.309803919971486
25243800,AURKB,5.0
5494449,SNRK,5.0
24889392,CSNK1E,5.0
11409972,JNK2,7.251811972993799
25127112,DDR1,5.0
6450551,ABL1p,7.443697499232713
10427712,LTK,5.0
3062316,VRK2,5.494850021680094
10113978,RET(V804L),5.229147988357856
17755052,BTK,5.0
216239,ERN1,5.0
11656518,ACVR1,5.0
3062316,MEK1,6.0
151194,CHEK1,5.0
25243800,DCAMKL3,6.086186147616283
10074640,CDKL3,5.0
10427712,TYK2(JH2domain-pseudokinase),6.113509274827519
10127622,FYN,5.0
10113978,MLCK,5.0
11984591,MKK7,5.0
126565,TYK2(JH1domain-catalytic),7.823908740944319
3038525,FLT3(D835H),5.0
216239,BRK,5.0
11338033,CDKL3,5.0
11667893,AMPK-alpha2,5.0
156422,GSK3B,5.0
9933475,JAK1(JH1domain-catalytic),5.0
9915743,MLK3,5.236572006437063
156414,STK16,5.0
156414,TBK1,5.0
644241,RIPK2,5.0
44259,SNRK,7.045757490560675
156414,HCK,5.376750709602099
5328940,ABL1(F317L)p,10.537602002101044
42642645,KIT(V559D-T670I),8.619788758288394
11626560,CDK11,5.0
10184653,EPHB4,5.0
10427712,MAP4K3,5.0
11364421,EPHB4,5.0
5291,DCAMKL2,5.0
9809715,KIT(V559D-V654A),7.537602002101044
16722836,MLK3,5.508638306165728
156414,FLT3(R834Q),6.309803919971486
447077,ABL1(F317L),8.494850021680094
10113978,ABL1(T315I),5.42021640338319
25243800,YES,6.795880017344075
3081361,EGFR,8.022276394711152
9926054,CSNK1A1,5.0
25127112,ERN1,5.6020599913279625
4908365,KIT(V559D-T670I),7.4089353929735005
42642645,ABL2,7.568636235841013
176167,QSK,5.0
6450551,TYK2(JH1domain-catalytic),5.443697499232713
11485656,SRC,5.0
16007391,HIPK2,5.431798275933005
44150621,TRKA,7.0
11485656,RIPK1,5.552841968657781
156422,INSRR,5.0
16038120,CDKL3,5.0
11984591,KIT(V559D-V654A),6.3872161432802645
3025986,CDK8,5.920818753952375
123631,MINK,5.744727494896694
216239,MKNK2,6.886056647693163
42642645,EPHB6,8.886056647693163
10074640,MKNK1,5.0
51004351,AMPK-alpha2,6.337242168318426
11314340,RIPK5,5.0
10461815,EGFR(L861Q),5.0
11364421,SNARK,5.0
16725726,CDK3,5.0
44259,YANK3,6.508638306165728
11984591,ASK1,5.0
44259,FES,7.638272163982407
10127622,AMPK-alpha1,5.0
153999,DAPK3,5.096910013008056
10113978,EPHA4,5.0
16722836,ABL2,6.2441251443275085
11427553,TAOK3,6.0
176167,YSK4,5.795880017344075
11314340,YANK2,5.0
10127622,LOK,5.0
10127622,EPHB4,5.0
9929127,CSNK1D,5.0
11427553,ULK1,7.275724130399211
11667893,JAK1(JH2domain-pseudokinase),5.0
9929127,AURKA,5.0
156422,CDC2L5,5.958607314841775
126565,RPS6KA5(KinDom.1-N-terminal),7.376750709602099
16725726,SRPK1,5.0
25127112,DAPK3,7.050609993355088
10127622,LIMK2,5.0
24889392,CSNK1G1,5.0
3038525,ASK1,5.0
44259,ACVR1,6.327902142064283
16722836,KIT(A829P),7.337242168318426
176167,MARK3,5.0
9915743,RET(V804L),5.0
16038120,AURKA,7.356547323513813
51004351,SLK,6.657577319177793
9884685,MTOR,7.920818753952375
11667893,RAF1,6.055517327849832
11364421,RET(M918T),5.0
25243800,MAP4K2,7.0
16722836,FGFR2,6.327902142064283
51004351,JAK1(JH2domain-pseudokinase),5.0
176167,BRAF(V600E),5.0
51004351,LATS2,5.657577319177793
16725726,TAOK3,5.031517051446065
11717001,ROCK1,5.0
176155,MST4,5.0
9915743,MAP3K3,6.886056647693163
3062316,TYRO3,5.0
11712649,LRRK2(G2019S),5.0
17755052,MEK2,5.0
3025986,YES,5.0
4908365,LATS2,5.6777807052660805
17755052,RPS6KA5(KinDom.2-C-terminal),5.0
11656518,DDR1,7.886056647693163
126565,CAMK2B,7.229147988357856
156414,ACVR1,5.769551078621726
24779724,RIPK5,5.0
16725726,ERK8,5.0
11314340,SRPK3,5.823908740944319
16038120,FLT3(N841I),7.958607314841775
16722836,MARK1,6.154901959985743
126565,CAMKK2,7.823908740944319
42642645,HIPK1,6.376750709602099
176167,ABL1(M351T),5.0
10184653,MEK1,5.0
447077,TIE1,5.920818753952375
51004351,ABL1(M351T),5.0
25127112,CDK5,5.0
11656518,AXL,5.0
5291,MAP4K2,5.0
11485656,LATS1,5.6777807052660805
151194,TSSK1B,5.0
10127622,ERBB2,5.0
6450551,SNRK,5.0
11485656,SIK2,5.0
9915743,EGFR(L747T751del),9.0
11656518,TNIK,5.823908740944319
11717001,ERK3,5.0
3062316,ABL1(T315I),6.050609993355088
9884685,RIOK3,5.0
644241,AKT3,5.0
126565,BRAF,5.0
11984591,ABL1(H396P)p,6.4089353929735005
151194,ZAP70,5.0
16722836,DLK,5.200659450546419
11617559,FRK,5.0
16722836,KIT(D816V),6.795880017344075
447077,EGFR(L747T751del),5.958607314841775
126565,RSK3(KinDom.2-C-terminal),5.920818753952375
9933475,YANK3,5.0
25243800,MAST1,5.0
42642645,IKK-alpha,5.229147988357856
3062316,TRKB,5.0
3038525,FAK,5.0
42642645,EPHA8,8.744727494896694
3062316,CHEK1,5.0
11656518,ACVR2A,5.0
11626560,KIT(A829P),5.0
16007391,ABL1(F317L),5.853871964321762
24889392,FLT3(N841I),8.387216143280265
5328940,MELK,5.0
10074640,TNK2,5.0
5328940,TNIK,7.508638306165728
9884685,EGFR(L861Q),5.0
644241,CSNK1A1,5.0
17755052,LOK,5.0
6918454,MARK2,5.0
10184653,ABL1p,6.2441251443275085
644241,STK36,5.0
44259,TRKB,8.42021640338319
11656518,TAOK2,6.853871964321762
176870,MAP3K15,5.0
208908,JNK1,5.0
16725726,ACVR2B,5.0
11485656,EGFR(L747E749del),5.0
156422,JAK2(JH1domain-catalytic),5.0
3062316,RSK1(KinDom.2-C-terminal),5.0
24779724,RAF1,5.0
11234052,BRK,5.0
126565,MAP3K2,8.318758762624412
42642645,JAK1(JH2domain-pseudokinase),5.0
9933475,ABL2,6.136677139879544
153999,TAK1,5.0
644241,SRMS,5.0
10113978,ERK2,5.0
9926791,RIOK2,5.0
10127622,TAK1,5.0
6450551,AMPK-alpha1,5.0
16722836,ZAP70,5.42021640338319
9933475,CHEK1,5.0
5329102,RIPK2,5.0
3038525,SRMS,5.0
25243800,SBK1,5.0
24180719,EGFR(L858RT790M),5.0
208908,ABL1(Q252H),5.0
5494449,RPS6KA4(KinDom.2-C-terminal),5.0
11712649,SLK,5.0
42642645,RSK2(KinDom.1-N-terminal),5.0
10113978,SNARK,5.0
9926791,CDK5,5.0
4908365,FER,6.920818753952375
11427553,BMPR2,6.431798275933005
6918454,ROS1,5.0
11234052,TBK1,5.0
6450551,SBK1,5.0
25243800,FGFR3(G697C),6.113509274827519
10461815,CHEK1,5.0
6918454,MEK3,5.0
10184653,LIMK2,5.0
6450551,ABL1(Y253F),6.638272163982407
44259,DLK,5.823908740944319
11667893,RIPK4,5.0
42642645,CDK2,5.0
11314340,RPS6KA5(KinDom.1-N-terminal),5.0
24180719,TSSK1B,5.0
25243800,MAP3K15,5.0
24180719,IKK-epsilon,5.0
123631,ACVRL1,5.0
176167,ERBB3,5.0
3062316,PYK2,5.0
24180719,SGK3,5.142667503568732
11712649,DLK,5.0
16722836,ERBB4,5.698970004336019
5494449,SgK110,6.275724130399211
11364421,SYK,5.327902142064283
24779724,ZAK,5.0
3062316,TGFBR2,5.537602002101044
10127622,JNK2,5.0
5329102,BRSK2,5.958607314841775
447077,TYK2(JH2domain-pseudokinase),5.0
176870,MAST1,5.0
10113978,JNK1,5.698970004336019
176167,FGFR2,5.0
10461815,HIPK1,7.031517051446065
11427553,ROCK1,6.522878745280337
6918454,TNNI3K,5.0
11717001,TBK1,5.0
176870,AAK1,5.920818753952375
5287969,CAMK2D,5.795880017344075
9926054,DCAMKL3,5.769551078621726
176155,EPHB4,5.0
11626560,TLK1,5.0
16722836,CDK5,5.0
16007391,LOK,5.552841968657781
44259,ULK1,8.00436480540245
42642645,ABL1(Q252H),8.397940008672037
176167,DCAMKL3,5.0
3025986,LIMK2,5.0
11338033,GRK4,5.0
11409972,CASK,5.0
24180719,LATS1,5.0
11667893,SRPK2,5.0
9926791,LIMK2,5.0
16722836,RIOK1,7.0
42642645,DMPK,5.0
44150621,MEK4,5.0
10127622,CDK8,5.0
24779724,LKB1,5.0
11364421,FGFR4,5.0
216239,MAP3K2,5.0
9884685,EGFR(L747T751del),5.0
11364421,FYN,5.0
9926054,HPK1,5.0
10138260,GCN2(KinDom2S808G),6.327902142064283
11485656,TYK2(JH1domain-catalytic),5.0
153999,MAP4K5,5.0
11667893,EGFR,5.886056647693163
156422,STK36,5.0
11427553,HUNK,6.337242168318426
10138260,TLK1,6.200659450546419
11712649,TAOK1,5.0
3062316,RSK2(KinDom.1-N-terminal),5.0
176167,ROS1,5.0
3038525,MET(M1250T),5.0
51004351,FGFR3(G697C),5.0
156422,HCK,5.0
16722836,CAMKK1,5.744727494896694
11314340,IKK-alpha,5.0
5494449,LIMK2,5.585026652029182
11409972,CSNK1G2,6.022276394711152
9809715,EPHB4,5.958607314841775
9929127,CLK3,5.0
9884685,DRAK2,5.0
16725726,RSK3(KinDom.1-N-terminal),5.0
4908365,HIPK4,5.0
10138260,CDK5,5.0
24889392,CSNK1G3,5.0
24180719,EPHA5,5.0
24889392,CSNK1G2,5.0
11617559,BLK,5.0
11667893,CDKL5,5.0
3038525,ERBB4,5.0
25243800,CSNK1G1,5.4089353929735005
5494449,MST1R,5.886056647693163
10127622,MAP4K4,5.0
644241,EGFR(L747S752del),5.0
9915743,TYRO3,5.0
9926791,CDK11,5.0
176155,HUNK,5.0
10461815,DMPK,5.0
9926791,MAP4K5,5.0
3038525,YANK3,5.0
5494449,SRPK3,6.619788758288394
16722836,EGFR(L858RT790M),6.2441251443275085
126565,MAPKAPK2,6.638272163982407
24779724,TAOK3,5.0
11485656,FGFR3,5.0
156414,EPHA3,5.6777807052660805
24889392,MET(M1250T),5.0
24779724,CSNK1G1,5.0
9929127,RIOK1,5.0
176155,MEK1,5.0
16722836,SRMS,5.301029995663981
5291,EGFR(G719S),5.0
16722836,ERN1,5.920818753952375
6450551,CASK,5.0
447077,EGFR(L747E749del),5.823908740944319
24180719,YSK1,5.0
9933475,ABL1(F317L),6.4089353929735005
16038120,ABL1(F317L),7.267606240177032
11626560,YSK1,5.0
11626560,BLK,6.958607314841775
9884685,ERN1,5.0
10461815,MLK2,5.0
9809715,ADCK4,5.0
9926054,FLT4,5.0
6918454,DYRK2,5.0
25243800,MET,5.0
24889392,EPHB2,5.0
44150621,ULK1,7.259637310505756
44259,TBK1,9.050609993355089
44259,EIF2AK1,5.0
6918454,ERK1,5.0
16722836,DRAK2,7.346787486224656
51004351,FGR,6.136677139879544
156422,RPS6KA4(KinDom.1-N-terminal),5.0
10113978,IRAK1,5.229147988357856
11717001,CDKL3,5.0
11712649,CSNK2A2,5.0
16722836,SGK3,5.6020599913279625
151194,FGFR1,5.0
11712649,CDK5,5.0
16725726,CDK4-cyclinD1,5.0
3081361,MLK3,5.0
9926791,BMPR1A,5.0
25127112,CDC2L1,5.0
6450551,FRK,5.0
10127622,TRKB,5.0
9926791,EPHB4,5.0
6918454,EPHA1,5.0
10074640,CSNK1G1,5.0
5328940,ALK,6.161150909262744
5494449,EGFR(G719S),5.0
123631,CSNK1D,5.494850021680094
11314340,ARK5,5.0
10113978,ABL1(F317I),5.0
3038522,AURKB,5.769551078621726
176167,INSRR,5.0
11984591,VEGFR2,7.397940008672037
3062316,HPK1,6.008773924307505
17755052,MAP4K2,5.0
24779724,ERBB3,5.0
3062316,MAPKAPK2,5.0
17755052,BLK,5.0
11409972,CDK2,6.346787486224656
44259,FLT3(D835H),8.67778070526608
176870,CLK4,5.0
3038522,ABL1(H396P),5.0
644241,TRKC,6.221848749616356
11427553,MET(Y1235D),6.2441251443275085
156422,FGFR3(G697C),5.0
11427553,TLK1,5.568636235841013
10127622,YANK3,5.0
5291,IRAK3,5.0
11409972,AKT2,5.0
11667893,LTK,5.0
5328940,SRPK2,5.0
3038525,CLK2,5.0
9933475,MRCKA,5.0
5494449,MRCKA,5.0
11717001,DCAMKL2,5.0
153999,EGFR,5.0
51004351,RSK1(KinDom.1-N-terminal),6.161150909262744
17755052,MRCKB,5.0
25127112,CSK,5.0
126565,ERK4,5.0
447077,EGFR(T790M),5.0
11364421,CSNK1D,5.823908740944319
3062316,KIT(L576P),9.244125144327509
24180719,WEE1,5.0
25243800,CLK2,6.0
176167,KIT(D816H),5.0
44150621,HIPK2,6.301029995663981
9809715,JNK3,6.568636235841013
4908365,FGFR3(G697C),5.795880017344075
9809715,CAMKK1,6.200659450546419
11617559,LATS2,5.0
10427712,CAMKK1,5.0
11338033,BLK,5.0
151194,AXL,5.0
9926791,MAP4K3,5.0
16038120,ERK5,7.318758762624413
51004351,MLK2,6.102372908709559
25243800,VEGFR2,5.920818753952375
42642645,RPS6KA5(KinDom.1-N-terminal),5.0
5328940,AMPK-alpha2,5.0
24889392,MAP4K2,5.0
24889392,EPHA6,5.040958607678906
42642645,MET(M1250T),9.0
51004351,LOK,6.229147988357856
216239,TAOK3,5.568636235841013
447077,CDC2L2,5.0
3038525,MARK4,5.0
24889392,CTK,5.0
5329102,CDKL1,5.0
24180719,EGFR(S752I759del),5.0
9884685,DRAK1,5.0
3038525,CDK9,5.0
9933475,TEC,5.0
11717001,HPK1,5.0
9915743,DRAK1,6.468521082957745
5291,FLT3(D835H),5.0
51004351,RPS6KA5(KinDom.1-N-terminal),6.619788758288394
4908365,RSK3(KinDom.1-N-terminal),5.886056647693163
16722836,TLK2,5.698970004336019
9933475,YES,6.585026652029182
153999,RET(V804L),5.0
644241,BRK,5.0
24779724,IKK-beta,5.0
10427712,CSNK1A1L,5.721246399047171
16038120,EPHA8,5.0
9884685,EGFR(G719C),5.0
16725726,LYN,5.0
5494449,LTK,5.1249387366083
11427553,ERBB4,5.0
5328940,CLK4,5.494850021680094
11667893,MAPKAPK2,5.0
9884685,VRK2,5.0
9929127,ABL1(F317L),5.0
123631,CAMK2B,5.0
11617559,CDK4-cyclinD3,5.0
156422,CAMKK2,5.0
24889392,BRAF,5.0
4908365,MAP4K3,6.6777807052660805
24779724,CDK3,5.0
10184653,RET(V804L),5.0
9926791,MAP3K4,5.0
123631,RET(M918T),5.0
11364421,MRCKB,5.0
176155,BRK,5.4089353929735005
9929127,VRK2,5.0
11409972,TRKC,7.468521082957745
11314340,TBK1,5.0
3038522,GRK7,5.0
6918454,EPHA5,5.0
11626560,ERK5,6.292429823902063
11409972,JNK3,6.119186407719209
10184653,DDR2,5.0
9926054,DYRK1B,5.0
9933475,SYK,5.0
3081361,STK36,5.0
9884685,ACVRL1,5.0
9926054,CSF1R,5.0
11617559,CSNK1G1,5.0
9926054,CAMK1G,5.0
16722836,ACVR1,6.823908740944319
3038522,TNK2,5.0
16038120,SYK,5.886056647693163
24779724,CDKL5,5.0
16038120,LATS2,5.698970004336019
11656518,MST2,5.0
11314340,RSK4(KinDom.2-C-terminal),5.0
11712649,RSK3(KinDom.1-N-terminal),5.0
10074640,KIT,8.09151498112135
6450551,MAP4K5,6.259637310505756
16007391,DMPK2,5.0
11338033,ADCK4,5.0
11626560,MAP4K3,7.1249387366083
156422,ABL1(F317L),5.886056647693163
11656518,LYN,6.431798275933005
9884685,TNIK,5.0
153999,LYN,5.0
10184653,BMPR1A,5.0
9809715,MARK4,5.698970004336019
42642645,STK33,7.008773924307505
10113978,CSNK1G1,5.0
5328940,KIT(D816V),7.136677139879544
176870,YANK2,5.0
3081361,FLT3,6.070581074285707
5328940,MEK4,5.585026652029182
10127622,CTK,5.0
11314340,GRK7,5.721246399047171
9933475,RIPK2,7.008773924307505
123631,ERK4,5.508638306165728
208908,MTOR,5.0
9926791,TNK2,5.0
9884685,FER,5.0
6918454,MET,5.0
11409972,TRKB,6.721246399047171
156414,FLT1,5.1249387366083
151194,GRK1,5.0
9926054,FGFR2,5.0
5287969,ERK5,6.2076083105017466
44259,DYRK1A,8.397940008672037
3081361,BMPR2,5.0
156414,TNIK,5.086186147616283
10127622,ABL1(E255K),5.0
16038120,SGK3,5.0
3038522,ABL1(Q252H)p,5.0
10461815,HIPK4,5.886056647693163
24779724,EGFR(G719S),5.0
9933475,LIMK1,5.0
9929127,MRCKA,5.0
11364421,LATS1,5.0
5328940,LYN,8.3767507096021
5328940,EGFR(L858R),7.638272163982407
126565,BMX,6.698970004336019
151194,RSK4(KinDom.2-C-terminal),5.0
447077,BRSK2,5.050609993355088
9915743,DYRK1A,5.0
10074640,STK36,5.0
10127622,EPHA8,5.0
24180719,RPS6KA5(KinDom.1-N-terminal),5.0
11485656,MKNK2,6.568636235841013
44259,AURKC,7.638272163982407
3038525,EPHA5,5.0
447077,SgK110,5.958607314841775
176155,RPS6KA5(KinDom.2-C-terminal),5.0
153999,JNK3,5.0
44150621,HIPK4,5.0
5291,CAMKK2,5.0
156422,DRAK2,5.0
10127622,FGFR1,5.0
9929127,CLK4,6.0
51004351,ADCK4,5.0
11717001,KIT,5.0
6918454,EGFR(L747S752del),5.0
5328940,AURKB,5.0
25127112,TESK1,5.0
11338033,FGFR4,5.0
11656518,IRAK1,5.0
10427712,MELK,5.0
151194,TXK,5.0
11712649,ALK,5.0
9809715,MAP4K5,6.4089353929735005
9884685,KIT(V559D),5.0
11364421,CIT,5.2839966563652006
10184653,DYRK1A,6.013228265733755
9915743,DAPK2,5.0
3038525,ULK3,5.0
3038522,GRK1,5.0
9926054,BRAF,5.0
176167,DMPK2,5.0
11656518,LRRK2(G2019S),5.0
153999,CDK7,5.769551078621726
10461815,FES,5.0
176155,TXK,5.346787486224656
6918454,RIPK4,5.0
10184653,TGFBR1,5.0
24180719,CLK2,5.585026652029182
9926054,RIPK2,5.0
123631,CIT,5.886056647693163
11314340,ABL1(Q252H),5.0
16038120,TRKC,5.0
6918454,CDK2,5.0
9929127,AKT2,5.0
10461815,DCAMKL3,5.346787486224656
25127112,VRK2,5.3979400086720375
156422,KIT(D816V),5.0
10461815,CDK5,5.0
25243800,ULK1,5.0
4908365,RIOK2,5.0
24180719,DAPK1,5.0
9929127,ULK3,5.0
123631,CAMKK1,5.0
9809715,BMPR1B,5.0
5494449,CHEK2,5.0
10184653,YES,5.0
11427553,SRPK1,7.259637310505756
5291,CAMKK1,5.0
11626560,HIPK1,5.0
11667893,CHEK2,5.0
51004351,YSK1,5.744727494896694
11667893,ADCK3,5.0
9809715,MST1,8.045757490560675
10427712,TLK1,5.0
9915743,CAMKK1,5.0
5328940,JAK3(JH1domain-catalytic),5.920818753952375
16722836,EPHB6,6.522878745280337
24889392,MEK3,5.0
5329102,CDKL3,5.0
176155,STK33,5.0
153999,CASK,5.0
176167,MKNK1,5.0
6918454,BTK,5.0
10461815,WEE2,5.0
10138260,TAOK2,5.0
11667893,MET(Y1235D),5.0
25127112,EGFR(G719C),5.0
11338033,LKB1,5.0
5494449,MAP3K4,5.6020599913279625
11409972,SRPK1,5.0
176155,ULK1,5.0
11712649,MARK2,5.0
11485656,ICK,5.0
6918454,HCK,5.0
11656518,RSK3(KinDom.2-C-terminal),5.0
11712649,YANK3,5.0
11626560,MST4,5.552841968657781
4908365,EPHA8,5.0
44259,EGFR,6.431798275933005
10074640,ABL1,8.67778070526608
3062316,EPHA4,8.920818753952375
11656518,ABL1(T315I),5.214670164989233
9915743,RET(V804M),5.0
5291,FGFR3(G697C),5.0
9926054,FLT3(N841I),5.0
11409972,STK39,5.823908740944319
9884685,MAP4K2,5.0
16038120,TGFBR1,6.721246399047171
9926791,TYK2(JH2domain-pseudokinase),5.0
11717001,CSNK1A1,5.0
123631,RAF1,5.0
9929127,DCAMKL3,5.0
11364421,CDC2L1,5.0
11314340,ZAP70,5.0
25127112,SRPK2,5.0
9929127,FGFR3,5.0
11667893,FLT3(R834Q),5.42021640338319
11364421,GSK3A,5.0
11617559,ULK2,5.0
6450551,ERK8,5.0
5329102,MEK4,6.154901959985743
11314340,CAMK2G,6.050609993355088
11485656,QSK,5.0
644241,MKNK2,5.0
9929127,MTOR,5.0
5329102,STK16,6.6020599913279625
16007391,EGFR(E746A750del),5.0
10138260,SIK2,6.1249387366083
6918454,FGFR4,5.0
9884685,CASK,5.0
16722836,ICK,5.721246399047171
11667893,CDKL2,5.0
9809715,FGFR3(G697C),6.853871964321762
3038522,IGF1R,5.0
25127112,CSNK2A1,5.376750709602099
5287969,ICK,9.161150909262744
11667893,STK33,5.0
9884685,ERBB4,5.0
153999,ZAK,5.0
5494449,RIPK2,5.0
11234052,LCK,5.958607314841775
5291,EGFR(L747T751del),5.0
6450551,FYN,5.0
156414,MARK1,5.0
24180719,MAP4K2,5.0
11984591,RSK2(KinDom.1-N-terminal),5.096910013008056
10074640,AKT3,5.0
151194,CSNK2A2,5.0
3062316,EGFR(T790M),5.638272163982407
16007391,MST4,5.0
11338033,ROCK1,5.0
11984591,RIPK2,6.013228265733755
9809715,JAK2(JH1domain-catalytic),7.853871964321762
156422,ACVR1B,5.0
10113978,CDKL1,5.0
156414,EPHA8,5.698970004336019
9926054,SRPK3,5.0
11234052,ADCK4,5.0
123631,CDKL5,5.0
9926054,STK36,5.187086643357144
3081361,RIOK2,5.0
10127622,MLK3,5.0
156422,LOK,7.920818753952375
176167,CDK8,5.0
6450551,ZAP70,5.0
5494449,RIOK3,6.221848749616356
3038525,FGFR3,5.0
9809715,MEK1,8.0
5291,ERK4,5.0
16007391,RSK1(KinDom.2-C-terminal),5.0
5291,BRAF,5.0
16007391,DCAMKL1,5.0
6918454,CLK3,5.0
153999,TRKC,5.0
11409972,CDKL2,9.2839966563652
10184653,MKNK1,5.744727494896694
10074640,SGK3,5.0
3038522,EGFR,6.3872161432802645
10113978,TSSK1B,5.0
24889392,SNARK,5.0
42642645,CDKL5,5.568636235841013
447077,AURKA,5.0
153999,CDKL5,5.3872161432802645
24180719,BRSK1,5.0
208908,TRKA,5.0
216239,GCN2(KinDom2S808G),5.0
176870,FLT3(D835H),6.455931955649724
126565,QSK,6.920818753952375
9915743,FLT3,5.267606240177032
11717001,DAPK3,5.0
9929127,ARK5,5.0
17755052,INSRR,5.0
10184653,PYK2,5.0
156422,HPK1,5.0
11338033,ERBB3,5.0
16038120,TLK1,5.0
9809715,MST3,6.958607314841775
10138260,FGFR3(G697C),6.42021640338319
9926054,ABL1(Q252H)p,5.0
176167,ABL1(H396P)p,5.0
156414,RSK1(KinDom.2-C-terminal),5.2076083105017466
9809715,YES,7.096910013008056
3062316,CDC2L1,5.0
5329102,YANK2,5.0
16038120,RSK3(KinDom.2-C-terminal),6.795880017344075
3062316,TNIK,5.698970004336019
10113978,RET,6.508638306165728
10113978,TNK1,5.0
11485656,ACVR2A,5.0
9929127,BRSK1,5.0
176167,VEGFR2,5.0
9933475,CDK11,5.0
16725726,FLT3,5.0
11338033,IKK-beta,5.0
9926054,LRRK2,5.0
3038522,CSNK1A1L,5.0
24180719,ERK4,5.0
10427712,ABL1(T315I),5.10790539730952
9809715,EPHA3,5.0655015487564325
3081361,EPHB1,6.537602002101044
447077,CSF1R,9.173925197299171
11427553,CLK1,7.1938200260161125
11626560,GSK3B,5.0
10113978,CDK3,5.0
216239,CAMK2B,5.0
9809715,MEK2,7.376750709602099
16725726,FGFR1,5.0
3062316,MAPKAPK5,5.0
42642645,DLK,7.657577319177794
126565,ERN1,8.244125144327509
10184653,BMPR1B,5.0
42642645,ABL1(H396P)p,6.958607314841775
42642645,RIOK2,5.0
447077,MEK6,5.3872161432802645
3038525,HIPK3,5.0
10127622,DCAMKL1,5.0
3038525,PYK2,5.0
176167,EGFR(L858R),5.0
123631,EPHA7,5.0
447077,WEE1,7.1487416512809245
216239,CSF1R,7.552841968657781
208908,GRK1,5.0
44259,CSNK1A1,6.013228265733755
151194,ACVRL1,5.0
11234052,TEC,5.0
176167,MEK6,5.0
6450551,TSSK1B,5.0
16038120,CSNK1A1,5.0
10138260,MET,5.0
10127622,MAP3K3,5.0
11717001,SLK,5.886056647693163
16725726,FGFR3,5.0
16038120,CDKL1,5.0
151194,CAMK4,5.0
11485656,HCK,5.0
25243800,FLT3(N841I),5.920818753952375
4908365,DAPK2,5.468521082957745
11712649,ERBB4,5.0
10427712,MST1R,5.0
9809715,SRC,6.236572006437063
11314340,DYRK1B,8.4089353929735
9926791,DCAMKL2,5.0
216239,MET(Y1235D),5.0
151194,S6K1,5.0
10127622,TRPM6,5.0
5291,MEK5,5.0
6450551,CAMKK2,5.823908740944319
11626560,CDKL3,5.0
11656518,CDK7,5.0
11485656,ERBB2,5.0
24779724,IKK-epsilon,5.0
10127622,LZK,5.0
10461815,ABL1(F317L),5.0
16722836,HCK,5.6777807052660805
3062316,EGFR(L747T751del),6.795880017344075
644241,ABL1(T315I),6.180456064458132
10461815,MAK,6.050609993355088
10138260,ERK4,5.0
9933475,ABL1(M351T),7.251811972993799
3081361,CDK5,5.0
10184653,STK36,5.0
9926791,ACVRL1,5.0
3025986,STK33,5.0
156414,MEK1,5.744727494896694
51004351,ARK5,7.387216143280264
44150621,ABL1(Q252H)p,7.236572006437063
17755052,DCAMKL2,5.0
16722836,RAF1,5.0
9926791,BLK,5.0
447077,FLT3(D835Y),5.508638306165728
3062316,TYK2(JH2domain-pseudokinase),6.958607314841775
16038120,DCAMKL1,8.309803919971486
16007391,SRC,5.0
123631,DDR1,5.0
24779724,EPHA3,5.0
17755052,MKK7,5.0
10461815,CAMK2G,5.698970004336019
11234052,LZK,5.0
24889392,EGFR(L747S752del),5.0
16007391,TNK2,5.0
9884685,MAP4K3,5.0
44150621,MRCKA,5.0
16038120,FLT4,6.769551078621726
447077,EGFR(L747S752del),5.769551078621726
11626560,EPHA3,6.154901959985743
16007391,TRKB,5.0
9926791,MKNK2,5.795880017344075
11234052,RPS6KA4(KinDom.1-N-terminal),5.0
123631,SYK,5.0
9929127,JAK3(JH1domain-catalytic),5.0
5291,ABL1(H396P)p,7.187086643357144
5328940,MARK2,5.0
3062316,EGFR,6.920818753952375
176155,CSNK1A1L,5.769551078621726
176155,DYRK1B,5.0
9915743,SLK,7.180456064458132
3025986,IKK-beta,5.0
176155,EGFR(G719S),5.886056647693163
3038522,ACVR1B,5.0
9884685,MEK4,5.0
10427712,RIPK4,7.013228265733755
10113978,DCAMKL3,5.0
176870,ABL1,6.481486060122113
9933475,MAP4K3,5.698970004336019
11485656,RET,7.0
10127622,BMX,5.0
16038120,LZK,7.244125144327507
16722836,JAK3(JH1domain-catalytic),7.130768280269024
10461815,MAP4K2,5.443697499232713
6450551,STK39,5.0
6918454,ARK5,5.0
126565,TNIK,8.267606240177031
123631,EGFR(L861Q),8.853871964321762
156422,CAMK2A,5.0
10138260,MAK,5.0
176167,ACVR2B,5.0
44259,BTK,6.6777807052660805
11338033,MLK3,5.0
11427553,MEK2,6.070581074285707
11656518,CAMK2G,5.0
5287969,FLT3,5.0
10184653,ABL1,5.886056647693163
126565,INSR,5.958607314841775
24889392,ERBB4,5.0
11364421,FER,5.0
16038120,ERBB2,6.267606240177032
5328940,GSK3A,5.0
25127112,EGFR(L747T751del),5.0
208908,STK39,5.0
24889392,EGFR(G719C),5.0
5494449,MARK3,5.6020599913279625
11364421,MTOR,5.0
10113978,SYK,5.327902142064283
11617559,SGK3,5.0
25127112,MAP4K4,5.0
6918454,MET(Y1235D),5.0
11338033,MAP3K2,5.0
5494449,SRC,6.769551078621726
42642645,EPHB4,7.920818753952375
123631,MARK2,5.0
5328940,CTK,5.236572006437063
11617559,CSNK1A1,5.0
10113978,RPS6KA4(KinDom.1-N-terminal),5.0
10461815,PYK2,6.040958607678906
44150621,CDK2,5.0
176155,SIK,5.0
10074640,EGFR(L747E749del),6.096910013008056
9926791,BRK,5.0
3062316,GRK7,5.0
176167,CAMK1,5.0
10427712,ERBB4,5.6777807052660805
3062316,EPHB3,8.161150909262744
11234052,STK33,5.494850021680094
25127112,FLT3(R834Q),5.0
9809715,JAK1(JH1domain-catalytic),5.6020599913279625
5328940,CAMK2A,5.346787486224656
9929127,EPHB6,5.0
4908365,EPHA5,5.259637310505756
11409972,HUNK,5.0
11427553,FLT3(D835Y),7.886056647693163
44150621,HIPK3,5.292429823902063
25243800,TYK2(JH2domain-pseudokinase),5.468521082957745
24180719,CSNK1G2,5.3872161432802645
9929127,RSK1(KinDom.2-C-terminal),5.0
5329102,RET,7.886056647693163
6918454,SRMS,5.0
10138260,CAMK2B,5.638272163982407
44259,SRPK1,8.259637310505756
208908,KIT(D816V),5.0
11234052,CSNK2A2,5.0
151194,CDKL2,5.0
11314340,MET(M1250T),5.0
176167,CSNK1G3,5.0
644241,CLK3,5.0
176167,ZAP70,5.0
16725726,LRRK2(G2019S),5.0
11338033,BRSK1,5.0
16722836,TSSK1B,5.886056647693163
10427712,MLK2,5.0
24779724,EPHB3,5.0
9929127,TRKC,5.0
11234052,TNK2,5.0
44259,AMPK-alpha1,8.431798275933005
3038522,MKK7,5.0
44259,EPHB1,6.619788758288394
11667893,DCAMKL2,5.0
10113978,MEK1,5.0
11364421,MKNK1,5.0
11712649,EIF2AK1,5.0
156414,HPK1,5.0
11427553,RET,6.823908740944319
9929127,EGFR(G719C),5.0
11984591,LATS1,5.0
11984591,CSNK1E,5.0
11667893,LZK,5.0
11656518,RSK4(KinDom.1-N-terminal),5.0
156422,CDKL3,5.0
6918454,RIOK3,5.0
176167,MLK3,5.0
176167,AURKC,5.0
11712649,JAK2(JH1domain-catalytic),5.0
3062316,MAP3K2,6.853871964321762
151194,ICK,5.0
25127112,FLT3(D835H),5.0
10184653,ADCK4,5.0
16038120,ALK,8.958607314841775
11338033,GCN2(KinDom2S808G),5.0
24180719,MLK2,5.0
9933475,CASK,5.0
11485656,MAP4K2,5.0
6918454,ALK,5.0
10074640,CSNK1A1,5.0
5287969,ABL2,5.0
4908365,DCAMKL2,5.0
3081361,CAMK2A,5.0
3038522,PYK2,5.0
10184653,ERN1,5.0
10127622,DMPK2,5.0
156414,BMPR2,5.0
9915743,LTK,5.0
3025986,ERK2,5.0
176155,ABL1(Y253F),5.0
11667893,TAOK1,5.0
16725726,RPS6KA4(KinDom.1-N-terminal),5.0
156422,RSK3(KinDom.1-N-terminal),5.0
10461815,ERK2,5.0
11984591,TXK,6.853871964321762
11314340,YSK4,6.638272163982407
123631,RET,5.0
3038525,MAP4K2,5.0
3025986,JAK1(JH2domain-pseudokinase),5.0
9926791,MET(Y1235D),5.0
5329102,MAPKAPK2,5.0
3025986,LATS1,5.0
11409972,MAP3K4,5.0
11717001,DCAMKL1,5.0
11427553,MAP4K2,7.958607314841775
10113978,EGFR(L858R),5.0
176870,TAK1,5.0
176870,MET,5.42021640338319
16038120,EPHA2,6.050609993355088
3038522,BRAF(V600E),5.0
156422,JNK2,8.136677139879545
25243800,LRRK2,6.537602002101044
42642645,CDKL3,5.356547323513813
156422,CIT,5.6777807052660805
25243800,TAOK3,6.309803919971486
24180719,GRK4,5.0
10113978,CSNK1A1,5.0
24889392,CSNK2A1,5.0
16007391,ACVR1B,5.0
176167,ERK2,5.0
6918454,CDC2L5,5.0
5494449,CAMK2A,5.0
176155,MAPKAPK5,5.0
176155,TTK,5.6020599913279625
16725726,MEK4,5.0
9929127,LRRK2,5.0
153999,SIK2,5.0
151194,WEE1,5.0
123631,MAP3K3,5.6777807052660805
44259,LKB1,7.214670164989233
176155,FYN,5.0
447077,DCAMKL1,5.0
3025986,MST1R,5.0
126565,LTK,6.309803919971486
153999,CDKL3,5.0
5494449,LATS2,5.187086643357144
4908365,ACVRL1,5.721246399047171
5291,HCK,5.0
10184653,YANK1,5.0
5329102,EGFR(L747E749del),5.0
11617559,ERK4,5.0
25127112,EPHB1,5.0
51004351,EPHA8,5.0
11626560,ULK1,6.0
11485656,CDKL2,5.0
51004351,S6K1,5.886056647693163
176155,MARK4,5.0
11364421,MEK3,5.0
9926054,SRC,5.0
11234052,EGFR(L858R),5.292429823902063
126565,ANKK1,7.494850021680094
6450551,LATS1,5.0
16038120,ACVR2A,5.657577319177793
9926791,ERK1,5.0
9929127,ULK1,5.0
208908,LRRK2(G2019S),5.0
10184653,RIPK2,5.568636235841013
9809715,AKT2,5.0
6918454,MLK3,5.0
10427712,TLK2,5.0
24180719,ERBB3,5.0
10461815,LRRK2,5.0
5287969,EGFR(E746A750del),5.920818753952375
11364421,TIE2,5.0
11717001,EPHB6,5.0
151194,JNK2,5.0
9926054,ITK,5.0
5328940,BRAF(V600E),5.0
10138260,GAK,7.356547323513813
11485656,JAK1(JH2domain-pseudokinase),5.0
25127112,EPHA7,5.0
3038525,TGFBR1,5.0
11364421,YES,5.0
11984591,VRK2,5.0
644241,TNIK,5.0
126565,VEGFR2,6.657577319177793
11409972,RIPK4,6.744727494896694
3081361,YSK1,5.0
9809715,MELK,8.309803919971486
24180719,SNRK,5.0
3025986,ABL2,5.0
644241,MINK,5.0
3062316,FLT3(D835H),5.091514981121351
208908,DCAMKL2,5.0
9926791,DCAMKL1,5.173925197299174
17755052,ABL1(H396P),5.0
10427712,ASK1,5.0
24889392,CDK7,5.0
3062316,CSNK1E,5.823908740944319
447077,GCN2(KinDom2S808G),7.585026652029182
10461815,MEK1,5.958607314841775
42642645,EPHA6,8.958607314841775
123631,GSK3A,5.0
10127622,CDKL2,5.0
11409972,ABL1(M351T),7.468521082957745
11712649,FGR,6.657577319177793
11617559,MAP4K2,5.0
44259,ITK,7.721246399047171
208908,TIE2,5.0
156414,MAP4K4,5.0
9933475,KIT(V559D),9.568636235841012
3038522,ULK1,5.0
11626560,EGFR(G719C),5.568636235841013
5494449,ERK4,5.0
11364421,FLT3(K663Q),5.0
10138260,FLT4,7.301029995663981
5494449,BTK,5.356547323513813
11667893,TTK,5.0
447077,IKK-alpha,5.0
5291,TYK2(JH1domain-catalytic),5.0
24180719,KIT(V559D-V654A),5.318758762624413
5291,EGFR(L861Q),5.0
9926791,DYRK2,5.0
3062316,BLK,9.67778070526608
3081361,CDK7,5.3872161432802645
216239,FLT4,7.022276394711152
5291,RSK4(KinDom.1-N-terminal),5.0
16725726,MET(Y1235D),5.0
11314340,CDK2,5.0
644241,CSNK1E,5.0
16038120,MKNK1,5.0
11667893,HCK,5.0655015487564325
9884685,DYRK1B,5.2441251443275085
6450551,HUNK,5.823908740944319
11617559,EGFR(L747S752del),5.0
24779724,MELK,5.0
5291,MINK,5.0
10074640,ABL1(M351T),6.853871964321762
3038525,SgK110,5.0
3081361,AURKA,5.0
11427553,MEK3,6.823908740944319
44150621,ITK,6.275724130399211
11485656,RET(V804M),7.267606240177032
5494449,ABL1(F317I),5.142667503568732
10184653,CSNK1A1,5.0
24180719,FAK,5.0
11712649,ABL1(H396P),6.292429823902063
447077,BLK,8.823908740944319
176155,ULK2,5.0
3025986,VRK2,5.0
156414,MTOR,5.0
10074640,ROCK2,5.0
11314340,VEGFR2,5.0
644241,ABL1(F317I),7.744727494896694
10138260,CDK3,5.0
44150621,HCK,5.481486060122113
123631,DDR2,5.0
5328940,SGK3,5.0
176155,DAPK2,5.0
151194,EIF2AK1,5.0
123631,ARK5,5.0
6450551,EPHB3,5.0
24779724,S6K1,5.0
10427712,SIK,5.0
16007391,GRK1,5.0
176870,MLK1,5.0
11656518,EGFR(T790M),5.0
153999,EGFR(L747T751del),5.0
44259,TXK,6.638272163982407
216239,SGK3,5.0
16722836,ABL1(Y253F),7.251811972993799
3038522,EPHB1,5.0
16007391,EPHA3,5.0
5291,FES,5.0
10138260,DYRK1A,6.585026652029182
176870,MEK6,5.0
11338033,ERK2,5.0
24889392,AAK1,5.0
25243800,TYRO3,5.0
10113978,SRPK1,5.0
11656518,ZAP70,5.0
644241,AAK1,5.0
5287969,DCAMKL3,5.958607314841775
16007391,AAK1,5.522878745280337
216239,DCAMKL1,5.0
42642645,SLK,8.522878745280337
3038522,EIF2AK1,5.0
11409972,CSNK1G1,6.0
16007391,CSNK1G2,5.0
5329102,MRCKA,5.0
24180719,SIK2,5.721246399047171
5291,PYK2,5.0
10113978,FLT3,5.958607314841775
9915743,FLT3(D835Y),5.508638306165728
123631,FLT3(D835H),5.958607314841775
25243800,GSK3A,5.0
9915743,HUNK,5.0
644241,AURKC,5.0
25243800,JAK3(JH1domain-catalytic),7.0655015487564325
5287969,EPHB1,5.823908740944319
5328940,RIPK2,5.431798275933005
123631,TRKA,5.0
9915743,FER,6.292429823902063
6918454,DMPK2,5.0
11485656,KIT(D816H),5.958607314841775
16038120,MEK4,6.823908740944319
11712649,FLT3,5.0
123631,CAMK2A,5.0
9926054,RET(V804L),5.0
11712649,EPHB1,6.481486060122113
644241,EGFR,5.0
208908,TNIK,5.0
51004351,KIT(A829P),7.366531544420414
25127112,TAOK1,5.886056647693163
44150621,EPHA8,5.0
123631,FLT3(ITD),5.537602002101044
16007391,EPHB1,5.0
6918454,TGFBR1,5.0
42642645,RET,9.130768280269024
10113978,TNK2,5.0
11984591,ABL1(M351T),6.4089353929735005
11427553,MST1,6.251811972993799
176870,AKT3,5.0
24180719,CAMK2B,5.0
176155,TRKC,5.0
3062316,CSNK1G2,5.0
3025986,DAPK3,5.0
11364421,CAMK2B,5.376750709602099
9915743,IRAK4,5.0
11314340,TRKA,5.0
644241,ZAP70,5.0
5287969,MEK1,5.0
44259,EGFR(L747S752del),6.522878745280337
11485656,MRCKA,5.0
11617559,JAK1(JH1domain-catalytic),5.0
10113978,ICK,5.0
216239,CAMK2G,5.0
5494449,QSK,5.0
11427553,ACVR2A,6.494850021680094
24180719,EPHB1,5.0
123631,INSRR,5.0
11314340,MARK3,5.0
10461815,EGFR(S752I759del),5.0
11234052,JNK2,5.0
208908,ADCK3,5.0
151194,CASK,5.0
9926054,HIPK3,5.0
24779724,CSNK2A2,5.0
3038525,CLK3,5.0
3038522,CDK2,5.0
11984591,FLT1,7.795880017344075
10184653,HPK1,5.0
6450551,CDK3,5.0
5329102,ABL2,6.0
6450551,DMPK,5.0
11717001,MAP3K4,5.0
156414,ABL1(T315I)p,7.161150909262744
153999,RSK1(KinDom.2-C-terminal),5.0
11338033,ABL1,5.0
42642645,AURKA,6.356547323513813
44259,JAK2(JH1domain-catalytic),8.008773924307505
11427553,DMPK2,5.6777807052660805
11314340,CDKL2,6.154901959985743
5328940,SRPK1,5.0
51004351,BLK,6.301029995663981
16007391,MELK,5.0
10461815,ABL1(Q252H)p,5.031517051446065
5494449,STK35,5.0
11427553,SRPK3,6.698970004336019
11656518,EIF2AK1,5.0
11485656,AURKC,7.1487416512809245
6918454,ABL1(F317L)p,5.0
11409972,TTK,6.638272163982407
9884685,TYK2(JH2domain-pseudokinase),5.229147988357856
3062316,MAP3K4,6.508638306165728
5287969,MAP3K15,5.0
51004351,CIT,5.0
9929127,LYN,5.0
17755052,LIMK2,5.0
24889392,EPHA3,5.187086643357144
24779724,LIMK2,5.0
9929127,MAP3K15,5.0
208908,STK16,5.0
644241,ALK,5.0
44259,LATS2,7.769551078621726
216239,EGFR(L861Q),5.0
9926791,MTOR,5.0
10074640,CSNK1A1L,5.0
10138260,EPHB2,5.0
10461815,CAMKK2,7.136677139879544
216239,RSK4(KinDom.1-N-terminal),5.0
5329102,MAP4K4,6.853871964321762
5291,SBK1,5.0
51004351,HIPK4,6.022276394711152
9926054,GRK7,5.0
9926054,ROS1,5.0
156422,HIPK1,5.0
5287969,LTK,5.657577319177793
11338033,DDR2,5.0
3081361,TNNI3K,5.552841968657781
123631,TNK1,5.0
24779724,MEK6,5.0
10184653,ABL1(Y253F),6.080921907623926
11712649,ANKK1,5.0
42642645,ADCK3,5.0
10138260,TYK2(JH2domain-pseudokinase),6.119186407719209
3038522,CDK7,5.508638306165728
3038525,SRC,5.259637310505756
11427553,TAOK1,5.744727494896694
11984591,TNK1,7.602059991327962
5287969,ABL1(Q252H),5.508638306165728
3038522,AXL,5.200659450546419
11667893,EPHA2,5.0
644241,KIT(V559D-T670I),6.823908740944319
5329102,MST1R,5.0
9884685,ERBB2,5.0
11626560,TGFBR2,5.0
126565,MAP4K3,6.958607314841775
9884685,CAMK4,5.0
24180719,BMPR1B,5.508638306165728
17755052,KIT(V559D),5.0
156422,SLK,6.823908740944319
42642645,YES,7.318758762624413
3025986,ULK1,5.552841968657781
126565,ABL1(H396P)p,6.060480747381382
447077,ABL1(T315I),5.6777807052660805
51004351,EPHA1,5.0
16725726,EGFR(E746A750del),5.0
11712649,TAK1,5.0
123631,ULK3,5.0
11364421,SGK3,5.0
11626560,TRKB,7.431798275933005
44150621,BRAF(V600E),5.0
11667893,KIT(D816H),6.744727494896694
42642645,ABL1p,7.251811972993799
11314340,KIT(D816V),6.0
24779724,MST2,5.0
24180719,FLT3,5.886056647693163
123631,CDK3,5.0
5291,ACVR1B,5.0
17755052,MAP3K15,5.0
3081361,EGFR(L858R),8.060480747381382
11984591,TYRO3,5.721246399047171
5329102,ALK,6.769551078621726
5328940,EPHA1,5.638272163982407
16038120,WEE1,5.522878745280337
3062316,SIK2,8.193820026016112
11364421,BIKE,5.0
216239,TRKB,5.6777807052660805
42642645,RSK1(KinDom.2-C-terminal),5.0
51004351,ULK2,5.0
9809715,JNK1,6.200659450546419
11656518,LTK,5.0
11667893,GAK,5.0
9926791,HUNK,5.0
10184653,ERK1,5.0
156414,TIE1,5.657577319177793
6450551,TNIK,6.744727494896694
9809715,BMX,5.0
208908,MST1,5.0
3025986,TYK2(JH2domain-pseudokinase),5.0
25127112,CSNK1G3,5.0
9809715,TESK1,5.0
17755052,FAK,5.0
11984591,CSK,6.795880017344075
156422,JAK1(JH1domain-catalytic),5.0
11712649,RIOK1,5.0
11712649,MINK,5.0
644241,DCAMKL3,5.0
11667893,SRC,5.0
9915743,CAMK2A,5.0
176870,CAMK2A,5.0
16007391,BRAF(V600E),5.0
11667893,CAMKK2,5.0
10184653,INSR,5.0
447077,S6K1,5.0
24180719,ABL1(Y253F),5.721246399047171
24889392,TYRO3,5.0
4908365,CDC2L5,5.0
5287969,GSK3A,5.886056647693163
44150621,MINK,8.040958607678906
11712649,CLK3,5.638272163982407
9915743,ABL2,5.0
3081361,HIPK1,5.0
9915743,SYK,5.292429823902063
3062316,DCAMKL3,5.0
16007391,AMPK-alpha2,5.0
151194,FLT3,5.0
9926054,CDK3,5.0
10461815,RSK4(KinDom.2-C-terminal),5.0
24779724,ABL1(H396P)p,5.0
24180719,SBK1,5.0
11717001,ABL1(T315I),5.0
3038525,CDK7,5.0
11984591,MRCKA,5.0
16725726,ERK1,5.0
10113978,MEK4,6.229147988357856
11485656,FGFR1,5.0
11485656,AAK1,5.0
153999,ABL2,5.0
9915743,MAP3K4,7.4089353929735005
3062316,MET(M1250T),5.0
10138260,CSNK1E,6.468521082957745
42642645,FYN,7.055517327849832
123631,MRCKB,5.0
11667893,ITK,5.0
9929127,TYK2(JH1domain-catalytic),5.0
126565,TBK1,7.744727494896694
11667893,RPS6KA5(KinDom.1-N-terminal),5.0
51004351,KIT,6.657577319177793
5291,CSNK2A2,5.0
9809715,TRKC,7.494850021680094
208908,FLT3(R834Q),5.0
208908,ABL1(H396P)p,5.0
16725726,ASK2,5.0
24779724,TXK,5.0
644241,GRK4,5.0
11717001,HIPK4,5.0
24180719,EPHB6,6.0655015487564325
5494449,STK16,6.214670164989233
3081361,MLK1,5.0
3038522,MARK4,5.0
16038120,ABL1p,6.769551078621726
447077,CIT,5.0
16725726,ULK3,5.0
644241,DRAK1,5.0
5291,HIPK4,6.017728766960432
16007391,GCN2(KinDom2S808G),5.0
5291,RET,5.0
24779724,ACVRL1,5.0
44259,ADCK3,5.0
11667893,CDK9,5.0
51004351,AURKA,6.920818753952375
156414,AKT3,5.0
11667893,CDK11,5.0
24180719,MERTK,5.0
156422,CAMK2D,5.0
10074640,LIMK2,5.0
16007391,CAMK1G,5.0
4908365,FLT4,6.154901959985743
11234052,ABL1(M351T),6.346787486224656
216239,CSNK1D,5.0
5329102,MEK3,5.769551078621726
126565,MLCK,7.920818753952375
9933475,RPS6KA4(KinDom.1-N-terminal),5.0
11626560,CSNK2A1,5.0
44150621,MLK2,5.0
10184653,MAP4K4,5.0
11717001,CDC2L5,5.0
644241,LOK,5.167491087293763
16722836,ABL1(Q252H)p,7.267606240177032
126565,ACVRL1,5.657577319177793
3081361,ERK5,5.0
153999,DYRK1A,6.6020599913279625
42642645,KIT,8.602059991327963
5494449,EGFR(G719C),5.0
11626560,FAK,6.508638306165728
44259,EGFR(L858R),6.568636235841013
11667893,ABL1(H396P),5.853871964321762
644241,ABL1p,7.886056647693163
176155,CAMK2B,5.0
16038120,ERBB3,5.0
9884685,LATS1,5.0
11712649,TAOK2,5.0
176870,YSK1,5.0
9926791,RIPK5,5.0
3038525,LIMK2,5.0
16038120,MAP3K3,6.494850021680094
11314340,DLK,5.0
25243800,HPK1,5.6777807052660805
24779724,AKT3,5.0
10138260,VEGFR2,8.638272163982407
216239,FRK,6.292429823902063
5291,TNNI3K,5.366531544420414
126565,MLK3,7.744727494896694
51004351,TNK1,7.080921907623926
11617559,MET(M1250T),5.0
5287969,SNRK,5.0
3081361,CLK3,5.0
11314340,SNRK,5.0
44150621,CAMK2A,5.0
9933475,CSF1R,7.886056647693163
3038525,ERBB2,5.0
10184653,CDK2,5.0
11314340,EGFR(E746A750del),5.0
5287969,SBK1,5.0
151194,KIT(D816H),5.0
25243800,ULK3,5.00436480540245
6918454,RSK1(KinDom.2-C-terminal),5.0
176167,JNK1,5.0
644241,SNRK,5.0
11409972,GRK7,5.0
9915743,CHEK2,6.070581074285707
24779724,ABL1,5.0
11656518,MRCKA,5.0
153999,SNARK,6.494850021680094
5329102,PYK2,7.086186147616283
3038522,CAMK1G,5.0
11626560,RSK1(KinDom.1-N-terminal),5.0
44150621,FLT3(ITD),8.443697499232712
126565,DDR2,6.3979400086720375
10461815,MEK6,5.0
25243800,CDK11,5.6020599913279625
42642645,MAP3K15,5.0
11409972,ABL1(F317L)p,7.886056647693163
6450551,ERK3,5.0
156414,FLT3(ITD),5.522878745280337
6918454,ABL1(Q252H),5.0
25127112,MAP3K4,5.0
3038522,RSK3(KinDom.1-N-terminal),5.0
16725726,DCAMKL2,5.0
5329102,RSK1(KinDom.2-C-terminal),5.301029995663981
10461815,EPHA4,5.0
16725726,MST2,5.0
126565,RET,7.698970004336019
176870,MRCKA,5.0
11485656,MARK1,5.0
644241,CDKL2,5.0
6918454,CDKL3,5.0
42642645,BLK,8.267606240177031
5329102,TGFBR2,5.0
9926054,FAK,5.0
16722836,MRCKB,5.0
16007391,YANK1,5.0
9915743,FLT4,5.0
11667893,INSRR,5.0
447077,ERK4,5.958607314841775
24180719,INSR,5.0
176870,STK16,5.0
17755052,ERK8,5.0
10427712,DDR1,5.0
11338033,BRSK2,5.0
51004351,EGFR(G719S),5.275724130399211
11667893,WEE1,5.0
11712649,ERK3,5.0
51004351,EGFR(L858R),6.119186407719209
24180719,IKK-alpha,5.0
5291,MST2,5.0
216239,ICK,5.0
16722836,BRAF,5.008773924307505
11364421,MARK1,5.0
9933475,KIT(L576P),9.267606240177033
216239,PYK2,5.0
153999,ROCK2,5.0
11656518,RIPK1,5.267606240177032
6450551,MLK3,5.0
447077,RET(V804L),5.0
9933475,TAK1,5.0
11712649,MEK6,5.0
11617559,IKK-epsilon,5.0
9915743,ULK1,5.0
16038120,ABL1(H396P)p,6.795880017344075
11717001,ABL1p,5.0
5329102,BLK,7.187086643357144
176870,DYRK1B,5.0
6450551,ERBB4,5.0
42642645,IGF1R,6.366531544420414
123631,CHEK1,5.0
156422,LATS2,5.0
10427712,LRRK2(G2019S),5.0
156414,KIT(A829P),6.154901959985743
9933475,MINK,6.267606240177032
16038120,BIKE,5.721246399047171
3062316,MLCK,5.0
151194,IKK-beta,5.0
151194,IRAK1,5.0
10461815,DRAK1,5.3979400086720375
4908365,BIKE,6.853871964321762
11314340,EGFR(L747E749del),5.0
11984591,CSNK1A1L,5.0
10113978,YANK2,5.0
25243800,RIOK1,5.0
16722836,DDR2,6.022276394711152
16725726,HIPK4,5.0
3038522,TYRO3,5.0
24889392,MEK6,5.0
24180719,ULK1,5.0
16038120,DYRK1B,5.346787486224656
25127112,TIE2,5.0
644241,MAP3K4,5.0
24180719,CAMK2D,5.0
11667893,CDK2,5.0
11617559,GAK,5.0
11617559,JAK3(JH1domain-catalytic),5.0
6450551,EGFR(L747S752del),5.0
10461815,CASK,5.769551078621726
123631,FLT3(K663Q),5.292429823902063
10138260,MARK4,5.698970004336019
123631,MET(M1250T),5.0
156422,SRC,5.0
25127112,ADCK3,5.0
11617559,TAOK1,5.0
44150621,FGFR1,6.823908740944319
9926054,SRPK1,5.0
176870,ACVR2B,5.0
5329102,ABL1(Q252H),6.619788758288394
25243800,RIPK4,6.537602002101044
126565,RSK1(KinDom.2-C-terminal),5.619788758288394
17755052,MAP3K2,5.0
24180719,TNK2,5.958607314841775
24180719,CDK8,5.721246399047171
11984591,CSNK1A1,5.0
10113978,FGFR3,6.130768280269024
176155,QSK,5.4089353929735005
5329102,TLK2,6.481486060122113
9926791,RIPK2,5.0
6918454,LIMK2,5.0
6450551,CHEK1,5.0
11314340,MST4,5.0
176167,DMPK,5.657577319177793
9884685,ALK,5.0
3038525,ITK,5.0
11656518,HUNK,5.0
176155,FLT3(R834Q),5.0
11427553,DAPK3,6.508638306165728
11717001,ABL1(E255K),5.0
176870,ABL1(M351T),7.180456064458132
51004351,EGFR(L747E749del),6.2076083105017466
51004351,TESK1,5.0
151194,BRAF,5.0
11712649,TRKC,5.0
6450551,SIK2,5.0
44259,ABL1(M351T),7.2839966563652
11338033,CAMK2A,5.0
3081361,ABL1(F317L)p,7.481486060122113
151194,CSNK1D,5.0
11427553,DDR2,5.6777807052660805
151194,ROCK1,5.0
24180719,BLK,5.958607314841775
11656518,KIT(A829P),6.00436480540245
17755052,ERK2,5.0
5287969,STK16,5.0
16007391,EPHB2,5.0
10461815,DDR1,7.154901959985743
5329102,EGFR,5.0
151194,CDK9,5.0
17755052,ABL1(T315I),5.0
10127622,CSNK1A1L,5.0
153999,CSNK1A1L,5.0
44150621,JNK2,5.0
6918454,STK33,5.0
9929127,DAPK2,5.0
5329102,DYRK2,6.167491087293763
10127622,ERN1,5.0
9915743,ZAP70,5.0
156422,CSNK1G1,5.0
10184653,FLT3(R834Q),5.0
51004351,DLK,5.0
5494449,CAMK1G,5.187086643357144
3062316,DCAMKL2,5.0
10427712,IRAK3,5.0
11485656,RIOK2,5.0
6918454,ROCK2,5.0
447077,FYN,8.309803919971486
11617559,CSF1R,8.657577319177793
176155,EGFR(L858R),5.721246399047171
156414,MAP3K15,5.0
123631,EPHA1,5.3979400086720375
156422,YANK2,5.0
10127622,HCK,5.0
216239,ROCK1,5.0
25127112,KIT(A829P),5.200659450546419
5328940,GCN2(KinDom2S808G),6.568636235841013
16725726,MARK2,6.142667503568732
10113978,BMPR1B,6.0
9929127,FGR,5.0
11656518,TYK2(JH2domain-pseudokinase),5.0
17755052,MAST1,5.0
10427712,FGFR3,5.0
42642645,HIPK2,6.657577319177793
11364421,CAMKK2,7.638272163982407
11485656,SYK,5.0
24779724,TYK2(JH1domain-catalytic),5.0
11667893,CLK4,5.0
9926054,ABL1(M351T),5.0
11409972,RAF1,6.031517051446065
11626560,RSK1(KinDom.2-C-terminal),5.0
10113978,TIE1,6.154901959985743
11667893,QSK,5.0
3081361,TAK1,5.0
51004351,FLT3(D835Y),7.823908740944319
11314340,CSNK1E,6.920818753952375
25243800,BTK,5.494850021680094
11364421,FGFR3(G697C),5.0
11314340,STK39,5.0
10074640,RSK4(KinDom.1-N-terminal),5.0
16725726,MAP3K1,5.0
11656518,CLK2,5.0
156414,MKNK1,6.585026652029182
9809715,JAK1(JH2domain-pseudokinase),8.318758762624412
9926791,MST1,5.0
16038120,MARK1,7.508638306165728
10138260,ABL1(F317L)p,5.920818753952375
151194,KIT(A829P),5.0
3025986,MAK,5.638272163982407
3081361,MAPKAPK5,5.0
176870,TGFBR1,5.0
16722836,EPHA5,5.0
123631,CAMK1D,5.0
16722836,RIOK2,5.585026652029182
10184653,EPHA6,6.468521082957745
3025986,ALK,5.0
10138260,S6K1,6.823908740944319
3081361,MEK1,5.744727494896694
5494449,CSNK1D,5.0
123631,KIT(V559D-V654A),5.0
3062316,RIOK3,5.0
5287969,MAP3K3,5.00436480540245
16038120,GAK,8.275724130399212
25127112,MST4,5.508638306165728
156414,MEK3,5.0
9884685,FGFR2,5.0
3038522,CAMK2D,5.0
11617559,IGF1R,5.0
10184653,DYRK1B,5.552841968657781
42642645,MRCKA,6.180456064458132
126565,ERK3,5.0
9809715,LOK,7.060480747381382
10427712,CSNK1E,5.920818753952375
5494449,ERBB2,5.0
11314340,JAK1(JH1domain-catalytic),5.0
10113978,MERTK,5.481486060122113
11656518,MAST1,5.0
5328940,MAP4K5,9.30102999566398
9929127,CSF1R,5.0
16038120,MELK,7.00436480540245
156422,YSK1,5.0
11656518,KIT,6.698970004336019
11338033,CAMK4,5.0
10074640,FGFR3,5.0
17755052,JAK2(JH1domain-catalytic),5.0
5494449,ADCK4,5.0
156414,FLT4,5.0
176870,FGFR3,5.0
5287969,RET(V804L),5.0
16722836,GRK4,6.769551078621726
44150621,GSK3B,6.455931955649724
216239,MKNK1,6.638272163982407
5328940,CAMKK2,6.107905397309519
10127622,EPHA1,5.0
10127622,GSK3A,5.0
10461815,MKK7,5.0
153999,MLK3,5.0
3038525,TAK1,5.0
11712649,LATS1,5.0
3038522,HUNK,5.0
5329102,FYN,6.2839966563652006
10184653,CDK3,5.0
10127622,SRPK1,5.0
11626560,CLK4,5.0
176167,RSK1(KinDom.2-C-terminal),5.0
5287969,TRKC,5.0
11314340,LZK,5.0
447077,BMPR1B,8.397940008672037
11717001,BMPR1B,5.744727494896694
9915743,SIK2,5.481486060122113
4908365,STK39,5.0
51004351,RSK3(KinDom.2-C-terminal),5.0
10138260,KIT(D816H),6.508638306165728
10113978,ERN1,5.0
17755052,STK16,5.958607314841775
11717001,ABL1(F317L)p,5.0
11656518,BRSK1,5.0
11617559,RET(V804L),5.0
9926054,RIOK2,5.0
6450551,TRKB,5.0
644241,YES,5.958607314841775
6450551,JAK2(JH1domain-catalytic),5.481486060122113
447077,ERN1,5.0
16038120,SRMS,6.795880017344075
5329102,CSNK1G1,6.031517051446065
17755052,ERN1,5.0
11717001,RSK3(KinDom.1-N-terminal),5.0
6450551,CDKL2,6.275724130399211
16722836,YSK1,5.142667503568732
11717001,FLT3(D835Y),5.0
3025986,GRK4,5.0
151194,LATS1,5.0
208908,CAMK2B,5.0
3038525,EPHA6,5.0
6450551,FLT3(D835Y),6.568636235841013
25243800,BMPR1B,8.67778070526608
123631,JAK1(JH2domain-pseudokinase),5.0
11667893,ROS1,5.0
6450551,RIOK3,6.0
10113978,TBK1,5.0
5328940,MET(Y1235D),5.508638306165728
51004351,CDC2L1,5.0
3062316,MEK2,5.853871964321762
16725726,ABL1(M351T),5.0
44259,FLT3(R834Q),9.657577319177792
644241,ULK2,5.0
5329102,SRC,5.6777807052660805
44259,KIT(V559D-T670I),8.022276394711152
25127112,DYRK1A,6.040958607678906
126565,TAOK3,7.0655015487564325
3038522,EGFR(L861Q),6.060480747381382
151194,ANKK1,5.0
4908365,SRC,5.619788758288394
16038120,GRK7,6.443697499232713
9929127,BMPR1A,5.0
24889392,GSK3A,5.0
208908,ERK3,5.0
126565,TEC,5.920818753952375
153999,YSK4,7.318758762624413
5291,CLK2,5.0
11427553,CLK3,5.2076083105017466
10461815,ABL1,5.585026652029182
11984591,MEK6,6.318758762624413
9929127,EGFR(L861Q),5.0
10461815,IRAK3,6.214670164989233
11656518,CHEK1,5.0
156414,FGFR4,5.0
11427553,IGF1R,6.036212172654444
11717001,MAP4K4,5.638272163982407
24180719,SRPK1,5.0
9933475,YSK1,5.0
11667893,IRAK4,5.0
51004351,SGK3,5.853871964321762
11314340,LRRK2,5.721246399047171
11364421,LIMK1,5.0
10074640,SBK1,5.0
16007391,EGFR,6.346787486224656
10074640,BRSK1,5.0
11984591,EGFR(L858R),6.6020599913279625
11314340,ABL1(F317I)p,5.0
16007391,RSK4(KinDom.1-N-terminal),5.0
9929127,TNIK,5.0
42642645,CSNK1A1,5.0
9933475,RIPK1,5.0
44150621,EPHA2,5.0
151194,MST1,5.0
44259,CLK3,6.040958607678906
51004351,CSNK1A1,5.0
24779724,FGFR2,5.0
10427712,EPHA1,5.0
11617559,FLT3(N841I),5.0
24180719,TRKA,5.0
11234052,RIOK3,5.0
16007391,CAMK1D,5.0
9926791,RPS6KA4(KinDom.1-N-terminal),5.0
11364421,INSRR,5.0
10127622,MET(M1250T),5.0
16722836,ADCK3,5.154901959985743
11984591,CDK5,5.0
11485656,YANK2,6.568636235841013
10074640,CAMK4,5.0
156422,KIT(L576P),6.585026652029182
156422,RET,6.301029995663981
10113978,FLT3(D835H),5.958607314841775
644241,TAOK2,5.0
11717001,GSK3B,5.0
11234052,EGFR(G719S),5.585026652029182
5291,CDK11,5.259637310505756
11656518,MAP4K5,6.080921907623926
11617559,GRK4,5.0
16722836,CSNK1G1,5.0
11234052,TNNI3K,5.0
16007391,SRPK1,5.0
16725726,ITK,5.0
123631,ADCK3,5.0
4908365,CDK3,5.0
5287969,DYRK1B,7.075720713938118
9929127,MET,5.0
176167,BMPR1A,5.0
10113978,HCK,5.2441251443275085
10113978,ARK5,5.0
9929127,ADCK3,5.0
5287969,RPS6KA4(KinDom.2-C-terminal),5.0
11338033,DRAK2,5.0
16722836,CSNK1A1,5.0
16722836,CDKL3,5.0
10138260,CTK,5.2076083105017466
176155,S6K1,5.0
11427553,LRRK2(G2019S),7.346787486224656
447077,ROS1,5.0
151194,CSNK1G2,5.0
5287969,GCN2(KinDom2S808G),5.0
16722836,MET(Y1235D),5.0
10127622,CLK2,5.0
5291,SRPK1,5.0
3062316,TRKA,5.0
16725726,FLT3(R834Q),5.0
11427553,RPS6KA4(KinDom.2-C-terminal),5.958607314841775
447077,RIOK2,5.0
176155,ABL1(F317I)p,5.0
156422,SRPK2,5.0
126565,ABL1(F317I),5.0
11485656,LRRK2,5.0
11427553,EGFR(L858RT790M),6.1938200260161125
3062316,MAP4K5,7.346787486224656
6918454,LCK,5.0
208908,KIT(V559D-V654A),5.0
11656518,HPK1,5.0
9915743,IGF1R,5.0
11656518,SBK1,5.0
644241,RPS6KA4(KinDom.1-N-terminal),5.0
9915743,MINK,7.537602002101044
16722836,MEK3,5.455931955649724
9884685,ERBB3,5.0
126565,CDK4-cyclinD1,7.522878745280337
5494449,ABL1(M351T),8.275724130399212
216239,FLT3(D835H),7.522878745280337
10127622,ABL1p,5.0
123631,JAK2(JH1domain-catalytic),5.0
3081361,EGFR(T790M),7.0
3081361,EGFR(L747T751del),8.050609993355087
11364421,EPHA1,5.0
11984591,LTK,6.096910013008056
3025986,RSK3(KinDom.2-C-terminal),5.0
11712649,ABL1(F317L)p,5.0
11234052,ABL1(F317L)p,5.638272163982407
10074640,JNK3,5.0
11485656,STK33,5.42021640338319
10427712,TEC,5.0
5329102,SIK2,6.236572006437063
3038522,KIT(V559D),8.42021640338319
126565,CDK11,5.0
176155,EPHA3,5.0
11656518,ABL2,5.721246399047171
11617559,CAMK2D,5.0
11712649,CLK2,5.494850021680094
6918454,CHEK1,5.0
216239,ABL1(H396P),6.2839966563652006
447077,ACVR1,6.795880017344075
10127622,ALK,5.0
16007391,ROCK2,5.0
10074640,EPHA3,5.6020599913279625
10127622,DLK,5.0
10127622,PYK2,5.0
6450551,LIMK2,5.0
5287969,CDK11,7.244125144327507
44150621,AKT1,5.0
11717001,TNK2,5.0
11314340,CHEK1,5.0
11409972,CAMKK1,6.657577319177793
11314340,ADCK4,5.0
44259,LCK,7.522878745280337
216239,ERBB4,5.0
5328940,TGFBR2,5.0
11712649,SRPK1,5.0
11667893,SNRK,5.0
51004351,JNK3,5.443697499232713
9915743,RSK4(KinDom.2-C-terminal),5.0
11656518,RPS6KA4(KinDom.1-N-terminal),5.0
5291,CSF1R,7.958607314841775
16722836,RPS6KA5(KinDom.2-C-terminal),5.657577319177793
10138260,TRKA,6.318758762624413
5287969,BRSK2,5.0
25243800,ABL1p,7.161150909262744
25127112,MEK1,5.721246399047171
9933475,SLK,7.657577319177794
5287969,CDK4-cyclinD3,8.481486060122112
24779724,CLK3,5.0
10074640,ACVR1B,5.0
42642645,KIT(V559D-V654A),8.119186407719209
16722836,INSRR,5.795880017344075
6918454,ERBB2,5.0
176870,JNK2,5.698970004336019
5287969,EIF2AK1,6.060480747381382
11712649,RIPK1,5.0
11667893,YSK1,5.0
11617559,ANKK1,5.0
3038525,CSNK1A1,5.0
9933475,ERBB3,6.744727494896694
9926054,FLT3(ITD),5.0
11626560,FLT3(D835H),6.301029995663981
17755052,DRAK1,5.0
9926054,TXK,5.0
6450551,EGFR(L747T751del),5.0
11617559,EGFR(T790M),5.0
5287969,CSNK2A2,5.0
44150621,CAMKK2,5.0
156414,ERBB4,8.187086643357144
16722836,BMX,5.920818753952375
9926054,JNK2,5.0
4908365,FGFR3,5.958607314841775
11717001,ITK,5.0
16038120,MAP4K2,6.721246399047171
5287969,MST4,5.0
10184653,RIOK2,5.0
123631,HIPK1,5.0
11712649,MEK2,5.0
11234052,PYK2,5.0
24180719,HCK,5.568636235841013
11314340,FRK,5.0
25243800,IKK-epsilon,5.0
11314340,VRK2,5.3979400086720375
9915743,MAP4K2,6.657577319177793
11485656,DLK,5.0
5291,BMPR1A,5.0
16722836,GSK3B,5.0
10074640,ZAP70,5.0
153999,RSK1(KinDom.1-N-terminal),6.3979400086720375
11234052,MLK2,5.0
11338033,MKNK2,5.0
9929127,HIPK1,5.0
11234052,MAP3K1,5.0
11656518,ERK5,5.0
42642645,RAF1,5.356547323513813
11338033,MRCKA,5.0
176167,FGFR1,5.3979400086720375
16722836,CDK7,6.920818753952375
126565,BRSK1,7.602059991327962
10427712,ZAP70,5.0
11364421,ABL1(E255K),5.229147988357856
5287969,KIT(L576P),5.0
5328940,EPHA5,7.568636235841013
11626560,CLK2,5.0
11364421,FGFR3,5.0
11984591,CSF1R,7.508638306165728
447077,GSK3B,5.0
16722836,ROCK2,5.657577319177793
10074640,TIE1,5.0
17755052,MAP4K5,5.0
9933475,RIOK3,5.0
11984591,ERK5,5.0
16038120,AXL,7.920818753952375
9915743,LATS2,5.0
10113978,AURKA,5.1487416512809245
25243800,TAOK2,6.4089353929735005
3062316,TAOK2,5.267606240177032
126565,MEK5,8.154901959985743
6918454,BRAF(V600E),5.0
3025986,ADCK4,5.537602002101044
126565,EGFR(L858R),6.0655015487564325
3038522,MINK,5.0
11667893,SLK,5.886056647693163
11626560,DCAMKL3,5.0
9915743,WEE1,5.3872161432802645
10113978,TLK1,5.0
216239,CAMK4,5.0
11485656,CAMK1D,5.0
10427712,RAF1,5.0
16038120,SRC,6.552841968657781
11717001,MLK1,5.0
11617559,DMPK2,5.0
10461815,SNARK,6.040958607678906
51004351,RET(V804M),7.698970004336019
5291,MAP3K1,5.0
9933475,CDK2,5.0
16038120,INSRR,8.207608310501746
11409972,CDK3,6.853871964321762
11626560,MEK3,5.481486060122113
24779724,LTK,5.0
5291,SGK3,5.0
11314340,ABL1p,5.0
10074640,ERK8,5.0
10184653,CSNK1G1,5.0
44150621,TSSK1B,5.0
25243800,TIE2,5.657577319177793
24889392,TYK2(JH2domain-pseudokinase),5.0
9915743,SRPK1,5.0
44150621,ABL1(T315I),6.958607314841775
11617559,MEK5,5.0
10427712,CSF1R,5.0
25243800,FGFR2,6.6777807052660805
25243800,TRPM6,5.0
11314340,INSRR,5.0
11409972,MAP4K4,7.823908740944319
156414,EGFR(L858RT790M),9.55284196865778
24889392,CAMK2A,5.0
3038522,RIOK3,5.0
5494449,CSNK2A1,5.0
11364421,ABL1(F317I),5.0
9926791,MLK3,5.0
42642645,JAK3(JH1domain-catalytic),5.0
10461815,TLK1,5.0
5328940,GSK3B,5.0
3038525,DYRK1B,5.0
126565,TAOK1,7.154901959985743
9926054,STK33,5.0
24889392,RSK1(KinDom.2-C-terminal),5.0
123631,SLK,6.036212172654444
176870,DDR1,6.102372908709559
11314340,RIOK2,5.275724130399211
5291,KIT(A829P),7.823908740944319
9915743,RIOK1,5.0
176167,LRRK2(G2019S),5.0
9809715,CDKL5,5.0
11712649,SRC,6.096910013008056
176155,EGFR(L861Q),5.494850021680094
11617559,AKT1,5.0
44150621,CSF1R,7.221848749616356
10427712,DAPK3,5.0
24180719,MEK3,5.0
5291,EGFR(L747E749del),5.119186407719209
11427553,EPHA1,6.823908740944319
11314340,CSNK1G2,6.42021640338319
9926791,YSK1,5.0
9809715,CSNK2A2,6.050609993355088
11485656,TEC,5.0
44150621,CDK3,5.0
10113978,TYRO3,5.0
10138260,MEK5,7.1249387366083
153999,LRRK2(G2019S),5.013228265733755
11712649,ABL1,5.958607314841775
10184653,RPS6KA4(KinDom.2-C-terminal),5.0
176167,IKK-epsilon,5.0
216239,LOK,6.823908740944319
9884685,IRAK1,5.0
176167,STK35,5.0
447077,MAP3K3,6.366531544420414
3025986,RPS6KA5(KinDom.2-C-terminal),5.0
9933475,BTK,5.366531544420414
153999,FLT4,5.0
11712649,TRKA,5.0
11667893,ABL1(F317L)p,5.113509274827518
24180719,HIPK4,5.267606240177032
44150621,MERTK,5.744727494896694
9929127,DYRK1A,5.6777807052660805
6918454,MARK3,5.0
10427712,RSK3(KinDom.1-N-terminal),5.0
176155,CAMK2A,5.0
9933475,SRMS,5.0
10074640,EPHA1,5.0
11485656,ABL1(F317L)p,5.0
9809715,RET(V804M),8.017728766960431
5328940,ABL1,9.920818753952377
3025986,CHEK2,5.0
10138260,ABL1(F317I)p,5.619788758288394
9929127,TSSK1B,5.0
9809715,DAPK1,5.0
17755052,ABL1,5.0
447077,YANK2,5.920818753952375
11712649,ULK2,5.0
51004351,IRAK1,5.0
16722836,MAP4K3,5.744727494896694
3038522,MAP3K15,5.0
11617559,MST1,5.0
11338033,LIMK2,5.0
11617559,DAPK1,5.0
9926054,EPHB2,5.0
9929127,EPHA5,5.0
10127622,MERTK,5.0
24779724,DYRK1A,6.107905397309519
11485656,ASK2,5.0
17755052,WEE2,5.0
25243800,ROS1,5.920818753952375
216239,ARK5,5.0
44259,EGFR(L861Q),6.221848749616356
16725726,JAK1(JH2domain-pseudokinase),5.0
208908,HIPK4,5.0
216239,RPS6KA5(KinDom.2-C-terminal),5.0
11712649,CSNK1G3,5.0
176870,SLK,7.585026652029182
24779724,AKT1,5.0
156422,MLK1,5.0
44150621,ERK8,5.0
11656518,VRK2,5.0
9915743,TAK1,5.0
3081361,MARK2,5.0
10184653,CIT,5.537602002101044
3038525,AURKB,5.0
176167,CAMK2A,5.0
5291,MST3,5.0
25127112,YSK1,5.200659450546419
16722836,RSK4(KinDom.2-C-terminal),6.443697499232713
42642645,ASK2,5.0
3038522,CTK,5.0
3062316,BRSK2,5.0
24180719,CSNK1D,5.0
3081361,SNARK,5.0
4908365,CSNK1A1,5.0
10127622,INSR,5.0
11712649,MERTK,6.136677139879544
51004351,ACVR2A,5.0
153999,ACVRL1,5.0
3081361,ACVR2A,5.0
42642645,HUNK,5.267606240177032
5494449,EGFR,5.0
3025986,MAP3K1,5.0
123631,TLK1,5.0
9809715,CAMK2D,5.0
10113978,EPHB4,5.0
151194,MRCKB,5.0
3025986,WEE1,5.0
11409972,SBK1,5.0
3081361,MAP3K15,5.0
16725726,TRKC,5.0
10113978,MAP3K15,5.0
10074640,ULK2,5.0
6450551,DYRK2,5.0
123631,EGFR(G719S),8.958607314841775
6918454,AURKA,5.0
11364421,ABL1,5.0
447077,DAPK2,5.0
3025986,CDKL1,5.0
10427712,MLK1,5.0
10184653,ABL1(F317L)p,6.638272163982407
11626560,ERK4,5.0
176870,ABL1(F317I)p,5.958607314841775
10074640,AMPK-alpha2,5.0
11409972,IKK-epsilon,5.0
11485656,ULK2,5.0
9926054,MEK1,5.0
9933475,CAMK1G,5.0
6918454,CSK,5.0
11485656,CAMK2A,5.0
9915743,LRRK2(G2019S),5.0
11626560,MAP3K4,5.0
5287969,GRK1,6.187086643357144
11485656,IKK-alpha,5.0
17755052,RPS6KA4(KinDom.2-C-terminal),5.0
16038120,ABL1(T315I),7.2839966563652
9929127,TBK1,5.0
11485656,ACVRL1,5.0
151194,LKB1,5.0
9929127,BRAF,5.0
5494449,DCAMKL3,5.443697499232713
9926054,GSK3A,5.0
6918454,EGFR,5.0
3081361,IRAK1,5.920818753952375
16007391,BLK,5.823908740944319
9926791,DRAK2,5.0
11712649,ULK3,5.0
208908,FRK,5.0
11234052,SRC,5.795880017344075
42642645,TNNI3K,6.886056647693163
9809715,MST1R,5.0
151194,DYRK1A,5.0
9915743,YANK3,5.0
17755052,CAMKK1,5.0
5291,RIOK3,5.0
24180719,EGFR(G719S),5.0
11485656,MEK4,5.0
156414,MLCK,5.0
11234052,TXK,5.0
176167,ULK1,5.0
24779724,TNK2,5.0
176155,CDK4-cyclinD3,5.0
156414,GSK3A,5.0
151194,MLK3,5.0
5329102,DLK,7.0
16007391,MAP4K4,5.0
9926791,MEK4,5.0
10184653,MAP4K3,5.0
156422,CDKL5,5.0
16007391,CDK5,5.0
11984591,KIT,8.167491087293763
5287969,RET(V804M),5.0
6918454,WEE2,5.0
11667893,EPHB2,5.0
9809715,GRK1,6.0
11234052,DYRK1B,5.0
447077,DCAMKL3,5.0
24889392,FER,5.0
176870,MELK,5.0
3081361,EGFR(L861Q),7.958607314841775
10138260,TIE1,5.2441251443275085
10138260,CDK7,6.031517051446065
10184653,BMX,5.0
5287969,SgK110,5.0
5291,DDR2,7.823908740944319
11617559,ADCK3,5.0
11717001,ROS1,5.0
11427553,CAMK1G,5.6777807052660805
11617559,AMPK-alpha1,5.0
9809715,CDC2L2,5.0
9926054,YES,5.0
11364421,CAMK4,5.0
153999,IKK-beta,5.0
6918454,CAMK2A,5.468521082957745
156414,DCAMKL2,5.0
24779724,MERTK,5.0
5328940,FGFR1,5.0
16038120,YES,7.638272163982407
42642645,BRSK2,5.0
176167,EPHA4,5.0
216239,MINK,5.0
10074640,FLT1,5.0
3038525,CAMK2D,5.0
5328940,DCAMKL2,5.0
17755052,BMPR2,5.0
11712649,MET(Y1235D),5.0
447077,IGF1R,5.0
5329102,SRPK1,6.6020599913279625
6450551,EGFR(G719S),5.2076083105017466
25127112,RAF1,5.0
16725726,ABL1(Q252H)p,5.0
9926054,RIPK1,5.0
9926791,RIPK1,5.0
3038522,EGFR(T790M),5.0
9933475,SGK3,5.0
153999,EGFR(L858RT790M),5.0
9809715,KIT(L576P),8.568636235841012
5328940,FLT3(D835H),6.0
3038522,CLK2,5.187086643357144
3038522,LRRK2,5.0
11485656,FGFR2,5.0
5291,FER,5.0
44150621,LKB1,5.431798275933005
5329102,CAMK2D,6.376750709602099
9915743,ULK2,5.0
11712649,INSR,5.0
11656518,SIK,5.0
9926791,MAP3K1,5.0
176167,DDR1,5.0
5291,ASK2,5.0
11626560,ABL1(Q252H)p,7.0
11667893,ERK4,5.0
126565,ZAK,5.173925197299174
10127622,BRSK2,5.0
156414,MAP4K3,5.0
5287969,MLCK,5.0
16725726,ERBB3,5.0
644241,DAPK3,5.0
153999,FGR,5.0
156414,MST3,5.0
9915743,MERTK,6.3979400086720375
156422,IKK-beta,5.0
11656518,BIKE,5.0
11314340,FES,5.0
6918454,CDC2L2,5.0
11364421,JNK1,5.0
11314340,TNK1,5.0
11314340,MAP4K2,5.721246399047171
9929127,MAP3K4,5.0
10074640,EGFR(E746A750del),5.0
3038522,TNK1,5.0
51004351,ERK4,5.0
5287969,RPS6KA5(KinDom.2-C-terminal),5.0
6450551,SRPK3,5.638272163982407
9809715,RPS6KA5(KinDom.1-N-terminal),6.698970004336019
153999,LKB1,5.229147988357856
42642645,AURKB,7.366531544420414
10184653,ANKK1,5.0
4908365,LTK,5.0
11626560,FGFR3,5.568636235841013
16038120,CASK,6.036212172654444
11314340,CAMK4,6.1487416512809245
16007391,TXK,5.0
11314340,YSK1,5.0
9915743,IKK-epsilon,5.0
156414,TNK2,5.0
3038522,EPHB3,5.0
9926054,YANK1,5.0
11485656,MKNK1,5.309803919971486
5329102,MERTK,7.585026652029182
644241,TGFBR1,5.0
16038120,SIK,7.823908740944319
153999,AKT2,5.060480747381382
9915743,SRPK3,5.0
176167,YANK1,5.0
5494449,IKK-beta,5.0
156414,SNARK,5.0
11364421,MST3,5.0
9929127,MERTK,5.0
11717001,HCK,5.0
176167,ARK5,5.0
11656518,MLCK,5.0
25243800,MET(M1250T),5.0
3025986,CDK7,7.508638306165728
10138260,LOK,6.638272163982407
447077,EPHB1,8.356547323513812
10427712,EPHB4,5.0
11234052,RPS6KA5(KinDom.2-C-terminal),5.0
4908365,CAMK1G,5.2076083105017466
10127622,DYRK2,5.0
9884685,TTK,5.0
151194,IKK-alpha,5.0
176870,RIPK4,5.309803919971486
11314340,MARK4,5.0
3038522,MST3,5.0
11667893,DCAMKL3,5.0
123631,BTK,5.0
176167,GRK1,5.769551078621726
9809715,ROS1,5.431798275933005
51004351,TGFBR2,5.0
3038525,AURKC,5.0
44150621,CAMK4,5.0
9884685,JAK1(JH1domain-catalytic),5.0
24180719,FGFR1,5.275724130399211
11485656,MRCKB,5.0
11667893,MST3,5.0
644241,STK33,5.0
9915743,LYN,6.086186147616283
11656518,CASK,5.0
176155,CSF1R,5.0
216239,SRC,5.0
10427712,MRCKA,5.0
10184653,EIF2AK1,5.0
10074640,VEGFR2,5.0
25243800,DMPK,6.853871964321762
208908,ROCK2,5.0
11626560,EGFR(L747S752del),5.0
208908,ABL1(Q252H)p,5.0
151194,ROS1,5.0
10113978,STK16,6.443697499232713
9926054,STK39,5.0
9884685,SRPK2,5.0
11667893,JAK1(JH1domain-catalytic),5.2839966563652006
11712649,SRPK3,5.0
9884685,YSK1,5.0
16722836,MTOR,5.0
11667893,CSNK1G3,5.0
9884685,DDR2,5.0
24180719,FLT3(D835Y),5.187086643357144
16722836,TGFBR1,5.0
25243800,TNK1,5.920818753952375
447077,ABL1(H396P)p,8.853871964321762
9926054,ERK3,5.366531544420414
11427553,ASK2,5.0
11338033,STK35,5.0
3038522,DLK,5.0
176155,CDK11,5.0
11427553,INSR,6.3979400086720375
11409972,MEK2,5.0
16722836,CDK8,5.0
11234052,CDK8,5.0
16725726,MTOR,5.0
44259,ADCK4,5.0
11427553,AMPK-alpha2,6.356547323513813
9915743,CDK8,5.0
17755052,MLCK,5.0
44259,KIT(A829P),9.221848749616356
11338033,MARK3,5.0
6450551,YANK1,5.0
5291,TNK1,5.0
42642645,DMPK2,6.744727494896694
5287969,FLT3(K663Q),5.0
9926054,DCAMKL2,5.0
44259,YSK1,6.958607314841775
11717001,FGFR4,5.0
16725726,YANK3,5.0
25127112,MELK,5.657577319177793
16725726,EGFR(G719C),5.0
17755052,CSNK1G3,5.0
11617559,BRK,5.0
44150621,YANK1,5.0
10127622,JNK3,5.0
16038120,CDK7,6.721246399047171
10184653,CSNK1A1L,5.0
11712649,TNNI3K,5.0
208908,TGFBR1,5.0
3038522,ULK2,5.0
11667893,DAPK2,5.0
176167,LTK,5.0
5287969,AKT2,5.0
11717001,JAK1(JH2domain-pseudokinase),5.10790539730952
123631,ERBB4,6.3872161432802645
4908365,TRKC,7.167491087293763
11712649,ACVRL1,5.0
126565,MEK6,7.356547323513813
176155,TRPM6,5.0
10184653,ACVRL1,5.0
216239,TNK2,5.0
151194,RAF1,5.0
6918454,MST1,5.0
9884685,BMPR1B,5.0
11314340,GAK,6.744727494896694
9929127,ERK3,5.0
10461815,RSK3(KinDom.1-N-terminal),5.0
176870,IRAK3,5.0
11364421,MEK6,5.0
9884685,EIF2AK1,5.0
123631,RSK1(KinDom.2-C-terminal),5.0
11717001,ASK1,5.0
176870,TAOK2,5.0
17755052,EPHB4,5.0
9809715,DMPK,5.0
176155,BTK,5.0
11626560,CAMK2A,5.0
9926054,ERK2,5.0
11427553,YANK1,5.356547323513813
9926791,BRSK1,5.0
11617559,RSK3(KinDom.2-C-terminal),5.0
25243800,CSF1R,5.481486060122113
9933475,EGFR(L861Q),6.920818753952375
10113978,CDC2L5,5.0
10138260,ICK,5.920818753952375
11427553,DCAMKL3,7.0655015487564325
10461815,CAMK2B,5.0
156414,CDK9,5.0
11712649,RET,5.0
176155,YANK2,5.6777807052660805
208908,SLK,5.481486060122113
9933475,HCK,6.229147988357856
5329102,ABL1(F317L)p,6.431798275933005
5328940,DCAMKL1,5.0
9929127,MST4,5.0
25127112,EGFR(S752I759del),5.0
9926054,MAP4K4,5.0
156414,MARK3,5.0
11712649,TGFBR1,5.0
16725726,IRAK1,5.0
10138260,EGFR(G719C),5.045757490560675
3062316,MET,5.0
10113978,IRAK3,6.096910013008056
10113978,CSK,5.0
153999,EPHA8,5.0
24889392,FLT3(K663Q),8.657577319177793
25243800,AURKC,5.0
6450551,AKT3,5.0
176155,MLK2,5.0
176167,ERN1,5.0
11409972,TAOK3,8.236572006437063
24779724,KIT,5.0
10138260,TXK,5.0
11234052,MEK1,5.0
10138260,CSNK1G2,6.102372908709559
5329102,RPS6KA4(KinDom.2-C-terminal),5.698970004336019
4908365,AMPK-alpha1,6.698970004336019
153999,BIKE,6.366531544420414
11717001,S6K1,5.0
11234052,JAK1(JH1domain-catalytic),5.0
11712649,MARK3,5.0
11656518,EGFR(G719C),5.0
11338033,CAMK2B,5.0
10113978,AURKC,6.1249387366083
11409972,MRCKA,5.0
6450551,PYK2,5.0
3025986,MAP3K15,5.0
176870,SYK,5.0
24889392,GRK1,5.0
16007391,MST2,5.0
5328940,CSF1R,6.42021640338319
176870,RIPK1,5.0
153999,ERK5,5.0
644241,IKK-beta,5.0
44150621,JAK1(JH1domain-catalytic),5.0
10461815,ALK,5.568636235841013
11234052,GRK4,5.0
16038120,FAK,8.958607314841775
16038120,SRPK1,5.318758762624413
3038522,RIPK4,5.0
16038120,YANK2,7.619788758288394
9926791,CDK9,5.0
151194,MEK6,5.0
9926791,YANK2,5.0
176870,CAMK1D,5.0
126565,MEK2,8.4089353929735
156414,STK36,5.346787486224656
5329102,SNRK,6.1938200260161125
5287969,VRK2,7.200659450546419
17755052,ALK,5.0
10138260,TRPM6,5.0
9915743,TGFBR2,5.0
10113978,HIPK3,5.0
3062316,ERK2,5.0
16038120,IRAK1,7.346787486224656
10461815,ULK2,5.823908740944319
9929127,EPHA8,5.0
9915743,TNK1,5.0
156422,AKT2,5.0
176870,CSNK1A1,5.0
11485656,CDK8,7.022276394711152
11712649,ABL1(T315I)p,5.552841968657781
126565,SRPK2,7.292429823902063
9884685,ROCK2,5.0
9884685,CSNK1D,5.0
156422,EGFR(L747S752del),5.0
216239,EGFR(S752I759del),5.0
3038522,DYRK1B,5.0
10074640,MAP3K4,5.0
11717001,CDKL2,5.0
176167,MET(M1250T),5.0
9933475,CLK1,5.0
176870,MINK,5.886056647693163
3025986,ZAK,5.0
176870,SNARK,5.0
10113978,GRK4,5.0
11314340,EGFR(S752I759del),5.0
11984591,EIF2AK1,5.0
3038525,ERBB3,5.0
11234052,TLK1,5.0
11656518,YSK4,7.267606240177032
3038525,RET(M918T),5.0
10461815,CSF1R,6.154901959985743
3081361,SYK,5.0
11656518,RAF1,6.4089353929735005
24889392,KIT(V559D),8.301029995663981
44150621,FLT3(K663Q),8.958607314841775
11717001,MEK2,5.0
11338033,FLT3(R834Q),5.0
51004351,MEK6,5.187086643357144
11712649,CAMK2G,5.0
9933475,AMPK-alpha1,5.0
208908,AXL,5.0
6918454,S6K1,5.0
10427712,DYRK1B,6.136677139879544
208908,RSK1(KinDom.1-N-terminal),5.0
10427712,CAMK1D,5.0
5494449,RPS6KA4(KinDom.1-N-terminal),5.0
9809715,CSNK2A1,5.1249387366083
44150621,MEK3,5.0
25243800,LATS1,5.0
176870,HIPK4,6.017728766960432
11364421,KIT(V559D-V654A),5.0
123631,BMPR1A,5.0
44150621,CDKL2,6.744727494896694
9809715,INSR,7.619788758288394
9926791,ERK3,5.0
11427553,VRK2,5.0
153999,QSK,5.0
176167,CSNK1A1L,5.0
3081361,ABL1(T315I)p,7.698970004336019
9929127,HPK1,5.0
3025986,ABL1(Q252H),5.0
5287969,EPHB6,5.0
11667893,TBK1,5.0
9926054,CDKL5,5.0
10184653,MEK4,5.0
126565,RSK4(KinDom.1-N-terminal),6.958607314841775
9915743,JAK1(JH2domain-pseudokinase),5.0
44259,EGFR(G719S),5.958607314841775
11338033,FGFR3,5.0
208908,ABL2,5.0
5329102,CASK,5.0
42642645,VEGFR2,7.920818753952375
3038525,BMX,5.0
153999,TNK2,5.0
9929127,CSNK1G2,5.0
11427553,FGFR2,6.070581074285707
16007391,CDK4-cyclinD3,5.0
5494449,BRAF,5.0
176167,CDKL5,5.0
11667893,ADCK4,5.0
10461815,SIK,5.0
4908365,CSF1R,8.494850021680094
10461815,RSK1(KinDom.2-C-terminal),5.0
156414,MET,5.251811972993799
151194,MLK2,5.0
9926791,ABL1(H396P)p,5.173925197299174
151194,JAK2(JH1domain-catalytic),5.0
25243800,YANK1,6.161150909262744
10113978,CIT,5.0
10427712,LCK,5.455931955649724
11626560,TNK2,6.119186407719209
11338033,AURKB,5.0
11984591,DYRK1A,6.585026652029182
156414,RIPK2,6.522878745280337
10427712,TGFBR2,5.0
176167,TNK2,5.0
5328940,RIPK1,5.0
447077,EPHB2,7.721246399047171
11617559,KIT(D816H),5.0
44150621,BRSK1,5.0
11617559,CSNK1D,5.0
11234052,RSK1(KinDom.2-C-terminal),5.0
10427712,HIPK4,5.0
11667893,SRPK3,5.0
16007391,DCAMKL3,5.0
24889392,AXL,5.0
5494449,FLT3(ITD),7.346787486224656
9915743,MKNK1,5.0
3038522,FLT3(R834Q),6.3872161432802645
123631,ABL1(Q252H),5.958607314841775
24180719,TBK1,5.0
9915743,VRK2,5.0
11617559,ACVR2A,5.0
208908,CDKL3,5.0
5287969,TLK1,5.0
5329102,ABL1(T315I)p,7.259637310505756
16725726,ABL1(T315I),5.0
16038120,DAPK3,5.657577319177793
126565,EIF2AK1,5.0
42642645,CAMK1G,5.0
5291,DAPK1,5.0
17755052,TLK1,5.0
16722836,ULK1,6.568636235841013
156422,EGFR(G719S),5.040958607678906
6918454,IGF1R,5.0
9929127,KIT(V559D-T670I),5.0
16722836,ADCK4,6.522878745280337
9884685,YANK3,5.0
644241,CLK2,5.0
126565,TYK2(JH2domain-pseudokinase),6.040958607678906
5328940,ADCK4,5.0
44150621,MEK6,5.0
25127112,GAK,7.00436480540245
51004351,ABL1(F317L)p,5.0
11984591,WEE2,5.026872146400302
3038522,CHEK1,5.0
51004351,FYN,5.6777807052660805
11717001,ABL1(Q252H)p,5.0
11427553,LYN,5.508638306165728
10074640,RSK2(KinDom.1-N-terminal),5.0
51004351,BMPR2,5.0
5291,MAPKAPK5,5.0
5329102,CDK3,5.0
17755052,ACVR1B,5.0
176155,EGFR(L747E749del),5.769551078621726
16007391,DYRK1A,5.0
176870,LOK,7.721246399047171
11427553,STK36,5.0
123631,EGFR(L858RT790M),6.853871964321762
3038525,EGFR(E746A750del),5.0
10461815,TIE2,5.173925197299174
51004351,AURKC,6.769551078621726
11234052,AURKA,5.0
9926054,DRAK1,5.0
9926054,DAPK1,5.0
11364421,JNK2,5.0
11617559,MAK,5.0
3062316,RSK3(KinDom.2-C-terminal),5.0
9926791,HIPK3,5.0
153999,STK39,5.0
10184653,ZAK,5.0
156414,CDK8,5.0
11364421,HPK1,5.0
51004351,LRRK2,6.2441251443275085
11409972,EPHA8,7.744727494896694
11626560,SIK2,6.698970004336019
216239,ULK2,5.0
3062316,ABL1(Y253F),10.236572006437065
644241,ASK1,5.0
5287969,TTK,5.0
16038120,CDK2,5.2839966563652006
11364421,MLK2,5.0
644241,ERK3,5.0
16007391,CDKL5,5.0
156422,CSK,5.0
10113978,YANK1,5.0
5291,CDC2L5,5.0
9926791,EPHA1,5.0
156422,JAK1(JH2domain-pseudokinase),5.0
11485656,RIOK1,5.0
44259,ABL1(T315I)p,8.537602002101044
11984591,MAP4K5,5.0
156414,FLT3(D835Y),6.136677139879544
6918454,KIT(L576P),5.0
176167,INSR,5.0
5328940,ROCK2,6.443697499232713
10127622,SIK,5.0
11364421,ERK1,5.0
10127622,CSNK1G2,5.0
3025986,ASK2,5.0
11409972,MET,5.356547323513813
16725726,ABL1(F317L),5.0
4908365,ERBB3,5.0
447077,MST1R,5.6020599913279625
10461815,EPHB4,5.0
11667893,EIF2AK1,5.0
10113978,EPHB3,5.0
11364421,ABL1(F317L),5.0
208908,CSNK2A2,5.0
11656518,FLT4,5.698970004336019
5287969,SRC,5.0
9915743,MAP3K2,6.346787486224656
447077,FAK,5.0
11485656,EPHB2,5.853871964321762
10184653,SYK,5.0
5291,CLK3,5.0
10427712,ASK2,5.0
156422,ACVR2B,5.0
9933475,EGFR(L858R),6.853871964321762
11717001,TLK1,5.0
9926791,RPS6KA5(KinDom.1-N-terminal),5.0
11338033,CAMK1,5.0
16725726,DRAK2,5.0
3081361,SRPK1,5.0
17755052,LKB1,5.0
10427712,MST1,5.0
176870,VEGFR2,5.2441251443275085
17755052,ROCK2,5.0
3038525,BMPR1B,5.0
3038525,CSNK2A2,5.0
16722836,SNRK,6.638272163982407
5494449,RET(M918T),7.585026652029182
126565,DCAMKL3,5.958607314841775
644241,MRCKA,5.0
447077,HIPK2,5.0
16007391,MRCKA,5.0
5328940,ERBB3,9.113509274827518
44150621,KIT(V559D-V654A),8.508638306165727
44259,YES,7.2839966563652
10113978,MST3,5.0
6450551,TLK1,5.0
3062316,KIT(V559D-V654A),8.568636235841012
11485656,RET(M918T),6.920818753952375
9915743,MKNK2,5.0
10113978,CAMK2D,5.0
5287969,YSK4,5.0
11626560,MAP3K2,7.142667503568732
3025986,CSK,5.0
11667893,MAP3K2,5.161150909262744
11485656,LOK,6.337242168318426
3038525,ABL1(F317I),5.0
156414,DCAMKL1,5.0
44150621,LOK,6.259637310505756
25243800,STK36,5.0
10138260,ERBB3,5.0
51004351,WEE1,5.337242168318426
42642645,LTK,6.958607314841775
11984591,BMPR1B,6.142667503568732
9809715,EPHA7,5.0
11234052,ABL1(Y253F),5.958607314841775
17755052,INSR,5.0
9933475,MRCKB,5.0
10461815,ROS1,5.522878745280337
11234052,MRCKB,5.0
44259,ABL1p,7.657577319177794
11234052,CLK3,5.0
16007391,DYRK2,5.0
44150621,DAPK2,5.0
156414,TNK1,5.0
11984591,CDKL5,5.0
153999,AURKC,5.0
3025986,LKB1,5.0
11712649,KIT(V559D-V654A),5.0
9915743,EGFR(L747E749del),9.214670164989233
10127622,CDK7,5.0
11338033,CSNK1A1L,5.0
3081361,GAK,7.0655015487564325
10427712,FAK,5.0
6450551,CSNK2A2,5.552841968657781
6918454,EGFR(T790M),5.0
123631,FLT3(R834Q),5.455931955649724
11485656,CDK11,7.130768280269024
16725726,ERK5,5.0
24779724,MLK3,5.0
11364421,EGFR(L747S752del),5.200659450546419
44259,JAK3(JH1domain-catalytic),7.920818753952375
3025986,BIKE,5.0
16038120,KIT(L576P),7.309803919971486
9933475,TAOK1,5.0
10184653,CDK4-cyclinD1,5.0
4908365,TLK2,5.0
11656518,ANKK1,5.0
11626560,MKNK1,5.0
11485656,ALK,5.795880017344075
123631,BLK,5.920818753952375
176870,MAP3K1,5.0
11338033,FLT3(D835H),5.0
44150621,DCAMKL3,5.886056647693163
4908365,CAMKK2,5.0
10461815,MST4,5.42021640338319
42642645,YANK3,5.0
10427712,CDK4-cyclinD1,5.0
44150621,HPK1,7.356547323513813
11409972,BLK,7.522878745280337
16725726,DDR2,5.0
11234052,SRPK1,5.0
24779724,ERK4,5.0
11234052,EPHA3,5.0
151194,DMPK,5.0
644241,ERK8,5.0
11984591,QSK,5.0
11485656,EPHA4,5.0
176167,CAMKK1,5.0
11717001,ACVR1B,5.619788758288394
9929127,FLT3(K663Q),5.0
24180719,SNARK,5.0
24180719,EPHA1,5.0
10113978,ABL1(Q252H),6.275724130399211
11427553,ERK2,5.0
4908365,MAP3K3,6.657577319177793
176167,ROCK1,5.0
3025986,EGFR,5.0
11667893,KIT(V559D-T670I),7.886056647693163
16725726,BIKE,5.0
126565,CSNK1G3,5.0
11409972,MLK3,5.3979400086720375
5291,CDC2L1,5.0
5291,DYRK1A,5.0
4908365,ABL1(F317I)p,5.346787486224656
176870,CAMKK1,5.0
3038525,FGFR2,5.0
11485656,ABL1(F317L),5.0
5291,JAK2(JH1domain-catalytic),5.0
16725726,FYN,5.0
3062316,INSRR,5.0
9926054,MARK3,5.0
25243800,MAP4K4,5.886056647693163
11617559,RET(V804M),5.0
11485656,EIF2AK1,5.0
4908365,CSNK2A1,5.0
51004351,CDKL5,5.0
11656518,IGF1R,5.0
51004351,MAP3K15,5.0
24889392,CDKL5,5.0
447077,CAMK2B,5.0
3062316,MERTK,5.0
5329102,BTK,5.6777807052660805
11234052,FGR,5.0
5494449,FLT3,8.187086643357144
5287969,MAP4K3,5.346787486224656
208908,ERK5,5.0
151194,YES,5.0
6450551,CAMK2B,5.0
9933475,AURKB,5.494850021680094
25243800,RAF1,5.0
16038120,JNK2,6.552841968657781
16725726,CSNK1G1,5.0
16722836,ERK8,6.292429823902063
10138260,STK16,6.136677139879544
10113978,MARK3,5.3979400086720375
9926791,FGR,5.0
24779724,EGFR,5.0
3038522,SGK3,5.0
11314340,SYK,5.0
44150621,ALK,5.455931955649724
16007391,RAF1,5.0
3062316,ADCK4,5.0
3062316,HIPK2,5.0
3081361,QSK,5.4089353929735005
11712649,MAPKAPK5,5.0
16038120,YSK4,5.552841968657781
11409972,AMPK-alpha2,5.0
10461815,ERBB4,5.0
176870,ABL1(F317L),6.1938200260161125
16725726,DAPK2,5.0
9933475,TNK2,5.0
176167,MST3,5.0
447077,EGFR(L858RT790M),5.0
156422,ACVR2A,5.0
3025986,IGF1R,5.0
24779724,GRK1,5.0
24779724,BIKE,5.0
11617559,AURKB,5.0
17755052,TXK,5.0
11338033,JAK1(JH2domain-pseudokinase),5.0
9884685,SYK,5.0
208908,MEK2,5.0
10127622,MET(Y1235D),5.0
25243800,EGFR(T790M),5.619788758288394
16007391,MAP3K3,5.0
3025986,RSK2(KinDom.1-N-terminal),5.0
5287969,MAK,7.552841968657781
176155,FGFR3,5.0
5287969,KIT(D816V),5.337242168318426
9915743,KIT(V559D),5.0
11712649,ULK1,5.0
10461815,TNK1,5.0
5494449,RIOK1,6.443697499232713
6450551,ABL1(F317I)p,6.096910013008056
5287969,DYRK2,5.0
126565,ABL1(Q252H)p,6.080921907623926
11617559,CDKL1,5.0
11234052,MELK,5.0
11617559,ABL1(F317I)p,5.0
11234052,STK39,5.0
11656518,DAPK1,5.0
44259,WEE2,5.0
3081361,MEK6,5.0
11984591,CIT,6.356547323513813
16038120,MLK2,5.958607314841775
5287969,ABL1(F317I),5.0
9809715,DDR1,7.920818753952375
5328940,DDR1,6.920818753952375
9915743,RET(M918T),5.0
24779724,TSSK1B,5.0
11364421,ERK5,5.494850021680094
11427553,ROCK2,6.6020599913279625
126565,RPS6KA4(KinDom.2-C-terminal),5.886056647693163
10184653,MET(M1250T),5.221848749616356
11427553,ERBB2,5.0
44150621,CDK7,5.585026652029182
5328940,CASK,6.080921907623926
11667893,ZAK,8.096910013008056
4908365,MAPKAPK2,5.0
5328940,EGFR(G719S),7.585026652029182
10127622,DRAK1,5.0
153999,RIPK2,5.0
9926054,ERK4,5.0
24779724,CAMKK1,5.0
9926791,RSK4(KinDom.2-C-terminal),6.267606240177032
42642645,CLK4,6.070581074285707
5287969,JNK3,5.259637310505756
3081361,SgK110,5.0
24889392,MAP4K4,5.6020599913279625
11656518,GRK4,5.0
5329102,ABL1(M351T),6.920818753952375
5328940,ULK1,5.920818753952375
644241,CIT,5.0
4908365,ITK,6.309803919971486
3025986,CDK2,7.161150909262744
6918454,ADCK3,5.0
11984591,STK16,8.769551078621726
176870,ERBB3,5.958607314841775
44259,CASK,7.721246399047171
11712649,MET(M1250T),5.0
10461815,CDK7,6.886056647693163
5494449,TIE2,6.346787486224656
6918454,CDKL5,5.0
447077,JNK2,5.0
123631,RPS6KA4(KinDom.2-C-terminal),5.920818753952375
44259,STK36,5.173925197299174
176870,DYRK1A,5.0
42642645,PYK2,7.853871964321762
10113978,DCAMKL1,5.0
123631,TAOK2,5.0
16722836,EGFR(L747T751del),5.42021640338319
11617559,ERBB2,5.0
176155,ABL1(T315I)p,5.0
156422,TNNI3K,5.0
176870,LRRK2,5.537602002101044
17755052,CSNK1E,5.920818753952375
9809715,VEGFR2,8.537602002101044
151194,CDC2L5,5.0
176167,ASK1,5.0
5287969,FGR,5.0
126565,ABL1,5.494850021680094
5291,LIMK1,5.0
208908,SNARK,5.0
44150621,DYRK1A,5.0
17755052,MEK5,5.0
44150621,DAPK1,5.0
208908,MKNK1,5.0
24180719,LIMK1,5.619788758288394
9929127,WEE1,5.0
5328940,FYN,7.958607314841775
11338033,TGFBR1,5.0
24180719,ALK,5.0
176167,CAMK2D,5.552841968657781
3081361,ACVRL1,6.327902142064283
5291,LRRK2,5.0
176870,EGFR(L747S752del),9.327902142064282
644241,MERTK,5.0
44259,KIT,7.721246399047171
9926054,BRSK2,5.0
3081361,AKT2,5.0
4908365,CDKL5,5.0
16007391,FER,5.0
216239,SIK2,5.0
11984591,CAMK1G,6.337242168318426
10113978,HUNK,5.0
156414,CDKL5,5.0
44150621,RIOK3,6.161150909262744
11338033,RSK3(KinDom.1-N-terminal),5.0
10427712,MAP4K2,5.0
11984591,RPS6KA4(KinDom.1-N-terminal),5.0
10074640,KIT(D816H),5.823908740944319
3025986,RSK1(KinDom.1-N-terminal),5.0
4908365,EPHA7,5.173925197299174
11314340,TYK2(JH1domain-catalytic),5.0
6918454,MAP3K2,5.0
156422,RPS6KA4(KinDom.2-C-terminal),5.0
176155,EPHA2,5.0
10461815,CDKL5,5.0
25127112,ERK4,5.0
11626560,MLK3,5.0
3025986,STK39,5.0
16725726,ZAK,5.0
208908,EPHA3,5.0
9929127,FRK,5.0
156422,MAP3K4,5.0
11717001,CAMK1,5.0
11617559,CLK4,5.0
11314340,DAPK3,5.920818753952375
9929127,TAOK3,5.0
3081361,ACVR1B,5.0
51004351,LIMK2,5.0
5329102,DAPK1,6.920818753952375
9926791,MKK7,5.0
126565,STK35,6.091514981121351
208908,ULK1,5.0
11984591,ABL1(F317L)p,5.0
5329102,INSRR,6.366531544420414
11617559,AXL,5.0
24889392,CAMK2B,5.0
11234052,CLK1,5.0
10427712,RET,5.0
9809715,S6K1,6.721246399047171
9915743,TYK2(JH1domain-catalytic),5.0
5287969,AMPK-alpha2,5.0
9929127,RIPK5,5.0
10427712,ROCK1,5.0
153999,MAP3K4,5.0
11234052,RIOK2,5.0
4908365,TAOK3,5.657577319177793
16038120,EGFR(L747S752del),6.958607314841775
10074640,EPHA4,5.0
42642645,RIPK1,6.070581074285707
42642645,ACVR1B,5.0
24889392,ACVR1B,5.0
51004351,TNIK,5.795880017344075
11626560,FYN,5.886056647693163
151194,CIT,5.055517327849832
44259,SIK2,8.958607314841775
447077,FER,5.455931955649724
51004351,ABL1(E255K),5.0
51004351,EGFR(E746A750del),5.154901959985743
3038525,FGR,5.886056647693163
11427553,EGFR(L747E749del),5.0
10074640,MAP4K5,5.0
123631,EPHA6,6.229147988357856
10074640,CAMK2B,5.0
11617559,ACVRL1,5.0
126565,CDK9,6.275724130399211
11485656,CDK9,5.522878745280337
11314340,MLK3,5.0
5291,GAK,6.0
9933475,CSNK1A1L,5.0
208908,CDK7,5.0
11338033,FLT3(D835Y),5.0
11364421,TAK1,5.0
6918454,TRKC,5.0
44150621,BMPR1A,5.0
153999,GCN2(KinDom2S808G),5.0
9926791,TEC,5.0
11717001,ERBB2,5.0
11234052,FGFR1,7.00436480540245
10127622,CSNK1E,5.0
44259,BMPR2,5.638272163982407
11712649,MKNK2,5.0
3038522,YSK4,5.229147988357856
24889392,TRKB,6.2076083105017466
10074640,ERK5,5.0
9884685,EGFR(T790M),5.0
216239,FGFR2,5.568636235841013
3062316,CAMK2A,5.0
216239,KIT,7.552841968657781
9809715,HIPK4,5.920818753952375
6450551,CAMK1D,5.0
5287969,FYN,5.0
10461815,MRCKA,5.0
5494449,FGFR1,6.259637310505756
25127112,KIT(L576P),5.0
153999,LOK,6.552841968657781
9884685,MLK2,5.0
11314340,BLK,5.0
6450551,CDK9,5.0
11712649,BRAF(V600E),5.0
11667893,MST1R,5.0
11485656,HIPK3,5.638272163982407
3025986,KIT(V559D-T670I),5.0
11338033,CAMKK2,5.619788758288394
3038525,JNK2,5.0
11485656,DRAK2,5.0
11617559,PYK2,5.0
9933475,CSNK1G2,5.0
5328940,RSK3(KinDom.2-C-terminal),5.0
9809715,EPHB1,6.259637310505756
11667893,MST1,5.0
24180719,ACVR2B,5.494850021680094
156414,HIPK2,5.0
44150621,CDK8,5.0
24779724,MAP3K2,5.0
51004351,KIT(V559D-V654A),5.795880017344075
11338033,BMPR1B,5.0
3038525,EPHA7,5.0
9926791,SRMS,5.0
3038525,STK16,5.0
3025986,EIF2AK1,5.0
10113978,TRKB,5.0
11338033,MKNK1,5.0
9884685,CLK4,5.0
10184653,MKK7,5.0
42642645,CAMK2B,5.0
5328940,RPS6KA4(KinDom.1-N-terminal),5.0
3025986,S6K1,5.0
5329102,TGFBR1,5.0
5291,ASK1,5.0
9926791,HIPK4,5.0
4908365,DRAK2,5.1249387366083
10074640,MLCK,5.0
3038525,YSK1,5.0
644241,ERK2,5.0
11984591,DCAMKL2,5.0
11427553,EPHA6,5.823908740944319
10461815,MERTK,5.886056647693163
11656518,RIOK2,5.0
153999,MEK1,5.0
5494449,VEGFR2,5.698970004336019
9926791,CDC2L2,5.0
25243800,RSK1(KinDom.2-C-terminal),5.0
153999,YES,5.0
11717001,BIKE,5.0
156422,RIOK2,5.0
123631,BIKE,5.0
25243800,DRAK1,5.0
644241,BMPR1A,5.0
16725726,SRMS,5.0
5329102,ABL1(F317I),5.443697499232713
11717001,SRPK2,5.0
10138260,ERN1,5.721246399047171
216239,RPS6KA5(KinDom.1-N-terminal),5.0
5328940,ABL1(E255K),10.327902142064282
447077,KIT(V559D-V654A),7.167491087293763
42642645,CSNK2A1,5.0
16038120,MEK3,6.769551078621726
9926054,EPHA4,5.0
24889392,GCN2(KinDom2S808G),5.0
16038120,CDK4-cyclinD1,5.853871964321762
11712649,DYRK1A,5.0
9915743,EPHB1,5.0
3038522,ABL1(F317L),5.0
44150621,LRRK2,5.823908740944319
11617559,MAP3K2,5.0
208908,CDK9,5.0
208908,RIOK2,5.0
4908365,ANKK1,5.853871964321762
25243800,MEK3,7.036212172654444
6918454,TBK1,5.0
25127112,RIOK2,5.920818753952375
3038522,YANK3,5.0
5328940,JNK1,5.0
151194,KIT(V559D-V654A),6.6777807052660805
11485656,EGFR(G719C),5.187086643357144
176167,ABL1(F317I)p,5.0
9884685,BRSK1,5.0
3038525,ASK2,5.0
16725726,ULK1,5.229147988357856
51004351,MST3,5.0
11338033,ZAP70,5.0
11984591,MLK2,8.42021640338319
42642645,BIKE,5.0
3038522,MST1R,5.0
153999,CAMK2D,5.337242168318426
3038522,CSF1R,8.309803919971486
25243800,JNK2,5.0
24180719,LRRK2,5.0
11427553,RSK4(KinDom.2-C-terminal),5.0
11667893,CAMK2A,5.0
216239,TGFBR2,5.161150909262744
3025986,CAMKK2,5.0
16725726,QSK,5.0
10461815,ACVRL1,5.0
10113978,ACVR1,5.0
11314340,KIT(V559D-T670I),5.0
10461815,CIT,5.0
6450551,IKK-beta,5.0
151194,CHEK2,5.0
151194,MAP4K5,5.0
17755052,CDKL5,5.0
5494449,CDK4-cyclinD1,5.0
6450551,ASK2,5.0
10138260,MAP3K15,5.920818753952375
5329102,ASK2,5.0
11656518,ARK5,5.0
11617559,FES,5.0
51004351,AKT3,5.356547323513813
11667893,MEK4,5.0
10113978,EGFR(G719C),5.0
6918454,INSRR,5.0
3025986,ERK1,5.0
51004351,LIMK1,5.0
25127112,MAP3K2,7.387216143280264
5328940,TAOK1,5.886056647693163
10113978,YANK3,5.0
24779724,CIT,5.0
16038120,HIPK3,5.161150909262744
25243800,ERK3,5.0
51004351,YANK2,5.0
44259,STK33,8.744727494896694
11234052,S6K1,5.0
4908365,YANK2,5.0
126565,RIPK5,8.275724130399212
11409972,FLT4,6.920818753952375
176167,ABL1,5.0
16007391,MEK1,5.721246399047171
44259,TNNI3K,6.0
3025986,CAMK2B,5.0
5328940,IRAK4,6.443697499232713
10184653,CSNK1G3,5.0
3038525,TTK,5.0
25243800,HIPK3,6.886056647693163
208908,HIPK3,5.0
10184653,ARK5,5.0
3038525,RSK1(KinDom.2-C-terminal),5.0
9884685,TAK1,5.0
5287969,LIMK1,5.0
6450551,HCK,5.0
6918454,TGFBR2,5.0
42642645,DRAK2,5.0
11427553,TXK,6.236572006437063
5328940,AURKC,5.0
25127112,HIPK3,5.920818753952375
176155,ABL1(Q252H)p,5.0
5291,DLK,5.0
123631,CSNK2A2,5.0
156414,MST4,5.0
11717001,KIT(V559D-T670I),5.0
11656518,ABL1(F317I)p,5.0
10074640,EGFR,5.0
10427712,HIPK2,5.0
3038522,MEK5,5.508638306165728
10074640,SRPK3,5.0
24180719,MET,5.0
9926791,ASK2,5.0
123631,ICK,5.0
4908365,CSNK1G3,5.0
10074640,SNARK,5.0
11984591,TYK2(JH2domain-pseudokinase),5.0
156414,TYK2(JH1domain-catalytic),5.0
11427553,CDC2L1,5.0
11617559,ERBB3,5.0
11409972,ERK8,7.026872146400302
126565,MKNK1,7.251811972993799
11717001,FLT3,5.0
9926054,MAPKAPK2,5.0
11717001,TESK1,5.0
3025986,MST1,5.0
11338033,BMX,5.0
447077,IRAK3,5.0
176155,LTK,5.0
6450551,MLK2,5.0
3062316,EPHA2,9.070581074285707
51004351,STK16,6.552841968657781
4908365,TYK2(JH2domain-pseudokinase),6.327902142064283
216239,ALK,5.0
9926791,FGFR1,5.0
10138260,MST4,6.481486060122113
10113978,LZK,5.0
11617559,CDK11,5.0
156414,MAK,5.0
11984591,ERK4,5.0
10427712,ERN1,5.0
24889392,TEC,5.0
5287969,ABL1(F317L)p,6.050609993355088
6450551,SgK110,5.0
16007391,ABL1p,5.259637310505756
11234052,MKK7,5.0
176870,INSRR,5.0
10074640,ERBB3,5.0
51004351,CSNK1A1L,5.0
6450551,AXL,6.376750709602099
3062316,CDC2L2,5.0
11617559,YANK3,5.0
5291,ITK,5.0
176155,EPHB1,5.0
3062316,BMX,8.853871964321762
11338033,RSK3(KinDom.2-C-terminal),5.0
51004351,FRK,5.619788758288394
176167,MARK2,5.0
11427553,EIF2AK1,5.0
11314340,IRAK4,5.6020599913279625
5494449,CAMK2D,5.0
3025986,HCK,5.0
5328940,YANK1,5.744727494896694
644241,RIOK1,5.0
10138260,IKK-epsilon,6.318758762624413
16038120,ABL1(E255K),6.721246399047171
447077,ABL1(E255K),9.259637310505756
3038522,SLK,5.0
16038120,DRAK1,5.537602002101044
51004351,SRPK3,7.096910013008056
16007391,CDK11,5.0
11717001,DYRK1A,5.0
10127622,MAPKAPK5,5.0
5287969,LIMK2,5.0
3025986,LOK,5.0
9926791,MEK3,5.0
10184653,LATS2,5.0
151194,MEK4,5.0
11338033,MST1,5.0
42642645,AKT3,5.0
11338033,JAK2(JH1domain-catalytic),5.0
44150621,CLK2,5.769551078621726
9926791,ABL1p,5.0
42642645,CAMK1D,5.275724130399211
9929127,HCK,5.0
11617559,HUNK,5.0
9933475,CTK,5.0
153999,CDK5,5.0
10461815,TGFBR2,5.0
9929127,MLK2,5.0
11984591,RIPK1,5.0
16725726,ERN1,5.0
42642645,DAPK2,5.0
6450551,TAOK1,5.0
10138260,STK39,6.366531544420414
126565,MST1R,5.086186147616283
42642645,ABL1(F317L)p,6.769551078621726
9809715,MERTK,8.070581074285707
11314340,DCAMKL1,5.0
11234052,RET(V804M),5.0
25243800,RPS6KA4(KinDom.2-C-terminal),7.187086643357144
151194,CDK4-cyclinD1,5.0
10127622,IKK-alpha,5.0
6918454,SRC,5.0
9915743,ERK3,5.0
5328940,RIOK1,5.657577319177793
208908,LATS2,5.0
16725726,MST4,5.267606240177032
5291,LKB1,5.0
6450551,TAK1,5.0
208908,ACVR1B,5.0
9809715,TNK1,6.6777807052660805
176870,CSNK1G2,5.0
11617559,MAP4K5,5.0
44259,S6K1,8.886056647693163
16038120,SIK2,7.769551078621726
10113978,BLK,5.585026652029182
17755052,EGFR(L858R),5.0
9933475,EPHB1,5.0
3038525,MINK,5.0
5329102,MARK2,6.508638306165728
9884685,AMPK-alpha1,5.0
5287969,RIPK4,5.0
11427553,ZAK,6.236572006437063
644241,STK35,5.0
153999,ICK,6.619788758288394
24889392,ERBB3,5.0
11409972,TRKA,6.494850021680094
11409972,DRAK2,5.0
123631,AURKA,5.0
3081361,CSNK1A1,5.0
24180719,GRK1,5.0
3038525,INSR,5.0
16725726,JNK3,5.0
10184653,CAMKK1,5.0
126565,FES,6.431798275933005
25127112,IRAK4,5.0
11712649,TLK1,5.0
10461815,SGK3,5.0
123631,MAP4K3,5.0
25127112,EGFR(G719S),5.0
5494449,CSK,5.318758762624413
208908,SNRK,5.0
3025986,CSNK2A1,5.0
176155,TRKB,5.0
11485656,HIPK2,5.0
11364421,RIPK1,5.0
5328940,ABL1(H396P)p,10.244125144327509
3025986,ERBB3,5.0
11485656,ULK1,5.0
9915743,ASK1,5.0
24779724,CLK4,5.0
44259,AMPK-alpha2,7.920818753952375
644241,RIOK3,5.0
447077,JAK3(JH1domain-catalytic),6.292429823902063
9915743,ADCK3,5.0
3025986,MAP4K5,5.0
25243800,LIMK2,5.0
9915743,SRPK2,5.0
10127622,MET,5.0
216239,CSNK1A1L,5.0
5329102,IRAK4,7.180456064458132
123631,ABL1(F317L)p,6.107905397309519
11485656,IRAK1,5.0
10127622,YSK4,5.0
447077,SRPK1,5.0
176167,MAST1,5.0
3038525,LIMK1,5.0
11667893,BMPR1A,5.0
447077,SRPK2,5.0
6450551,INSR,5.0
5329102,DCAMKL1,6.431798275933005
11617559,DDR2,5.0
44150621,SIK2,5.431798275933005
208908,JNK2,5.0
151194,TAOK3,5.0
10127622,MAP3K4,5.0
3062316,CDK3,5.0
156422,AMPK-alpha1,5.0
17755052,CDC2L2,5.0
447077,DMPK2,6.6020599913279625
11234052,ACVRL1,5.0
126565,TAK1,8.537602002101044
16722836,STK39,5.795880017344075
176870,TIE2,5.0
16725726,DMPK2,5.0
11984591,CAMK2D,5.522878745280337
24889392,TRPM6,5.0
9809715,TLK1,5.0
25127112,CSF1R,5.0
11234052,MEK6,5.0
10461815,EGFR(E746A750del),5.0
9884685,CSF1R,5.0
11234052,CDC2L2,5.0
17755052,RSK4(KinDom.2-C-terminal),5.0
216239,CTK,5.0
11364421,EGFR(L861Q),5.568636235841013
11712649,IGF1R,5.0
11626560,ABL1p,6.958607314841775
10184653,LTK,5.0
25243800,DDR1,6.130768280269024
3081361,CDK11,5.0
11314340,RSK2(KinDom.1-N-terminal),5.0
11656518,CLK3,5.0
6450551,FLT4,6.769551078621726
10461815,ROCK1,5.0
16725726,YSK1,5.0
25243800,EPHA4,6.008773924307505
44150621,SYK,5.0
25243800,ARK5,5.0
9926791,ABL1(F317I)p,5.0
11314340,IKK-epsilon,5.0
10427712,ABL1(Y253F),5.0
208908,TYRO3,5.0
10138260,ABL1(T315I),6.657577319177793
11314340,MERTK,5.0
3025986,MRCKB,5.0
9929127,SRMS,5.0
5287969,ABL1,5.468521082957745
3025986,HUNK,5.0
11984591,HUNK,5.0
11409972,RSK4(KinDom.2-C-terminal),5.468521082957745
151194,TNK2,5.0
5291,MLK1,5.0
44259,ERBB2,6.721246399047171
5287969,ASK2,5.0
11409972,ACVR1B,5.0
9929127,TXK,5.0
10184653,CAMK1,5.0
9915743,CSNK1G1,5.0
3038522,EPHB2,5.0
176870,CDKL3,5.0
3025986,CLK1,6.3872161432802645
11427553,TRKB,6.853871964321762
153999,BRK,5.0
25243800,ACVR1B,7.236572006437063
11656518,RIPK2,6.022276394711152
10113978,FLT3(K663Q),6.130768280269024
11427553,AKT2,5.0
11617559,CAMK1D,5.0
9926791,ERK4,5.0
156422,EPHA7,6.0655015487564325
10127622,KIT(V559D-T670I),5.0
11712649,MAP4K4,5.0
44259,HIPK1,5.568636235841013
5328940,DYRK1A,5.0
11364421,RPS6KA5(KinDom.1-N-terminal),5.0
5287969,RPS6KA5(KinDom.1-N-terminal),5.0
10113978,MINK,5.0
9926791,CDKL3,5.0
42642645,FLT3(ITD),8.585026652029182
11617559,CIT,5.0
24180719,CAMK1D,5.0
16038120,ERK8,6.6777807052660805
11234052,MARK1,5.0
11717001,KIT(D816V),5.0
10138260,CDKL1,5.0
11485656,YES,5.0
151194,SYK,5.0
11427553,ABL1(F317L),6.443697499232713
9933475,CDC2L1,5.0
9933475,MELK,5.0
208908,TYK2(JH2domain-pseudokinase),5.0
11314340,SGK3,5.292429823902063
10113978,TRPM6,5.0
24180719,TAK1,5.0
5291,CDC2L2,5.0
16722836,EGFR(G719C),5.0
11717001,AURKA,5.0
447077,RET(M918T),7.275724130399211
3062316,RIPK4,5.0
25127112,CSNK1A1L,5.0
5328940,TGFBR1,5.0
151194,CSK,5.0
9915743,ABL1(M351T),5.0
3038525,WEE1,5.0
25243800,ERK1,5.0
11667893,FRK,7.00436480540245
5328940,FLT3(N841I),5.468521082957745
3025986,RPS6KA5(KinDom.1-N-terminal),5.045757490560675
3038525,CDK11,5.0
5291,MEK3,5.0
6918454,TIE2,5.0
10127622,BRSK1,5.0
44259,AURKA,7.769551078621726
10461815,CAMK2A,5.468521082957745
11409972,VEGFR2,6.698970004336019
11427553,CSK,5.356547323513813
16038120,KIT(A829P),6.657577319177793
24180719,CAMK2A,5.0
5329102,KIT(V559D),9.387216143280265
10074640,TEC,5.0
176155,HIPK3,5.0
10184653,EGFR(L747E749del),9.853871964321762
44259,CDC2L1,5.0
51004351,WEE2,5.0
25127112,EPHA8,5.0
3038525,YSK4,5.0
9933475,LYN,6.568636235841013
16007391,SRPK2,5.0
9809715,TAOK1,5.0
24779724,FLT3(N841I),5.0
42642645,AXL,10.031517051446064
5328940,ACVR2B,5.0
208908,MAP4K2,5.0
10113978,CDK11,5.0
4908365,BMPR1B,6.431798275933005
24779724,CDC2L1,5.0
644241,MAPKAPK2,5.0
11427553,ERBB3,5.0
9929127,BMPR1B,5.0
4908365,STK36,5.0
11626560,MEK5,5.0
447077,YSK4,6.619788758288394
11617559,SNARK,5.0
24889392,DCAMKL1,5.0
176870,TYK2(JH2domain-pseudokinase),5.619788758288394
44259,LIMK2,5.036212172654444
10461815,DYRK2,5.0
10427712,RIOK1,5.236572006437063
11234052,EGFR(G719C),5.522878745280337
447077,TNK1,6.443697499232713
3025986,HIPK1,5.769551078621726
153999,TYK2(JH1domain-catalytic),5.0
11485656,GCN2(KinDom2S808G),5.0
11409972,ABL1(E255K),7.1249387366083
17755052,CAMK4,5.0
6450551,EIF2AK1,5.0
156422,LRRK2(G2019S),5.0
6918454,EPHA4,5.0
11617559,EGFR,5.0
176870,AMPK-alpha1,5.0
5494449,GCN2(KinDom2S808G),5.721246399047171
156414,MEK6,5.0
9915743,PYK2,5.096910013008056
16725726,CDK9,5.0
9926054,CDC2L2,6.4089353929735005
5329102,RPS6KA4(KinDom.1-N-terminal),7.017728766960432
11234052,RIPK4,5.0
153999,EPHA1,5.0
11667893,CDKL1,5.0
9933475,TNIK,6.091514981121351
24779724,CSK,5.0
216239,TGFBR1,5.0
3038525,FGFR3(G697C),5.0
5329102,RET(M918T),7.721246399047171
24180719,EGFR(L747S752del),5.0
16007391,ERK2,5.0
10184653,KIT(A829P),5.0
24779724,DLK,5.0
208908,ERK4,5.0
9809715,ERN1,5.698970004336019
11314340,FLT3(ITD),7.080921907623926
11617559,ULK1,5.0
51004351,MAP3K3,6.6777807052660805
11409972,LCK,7.958607314841775
3062316,DAPK1,5.0
9915743,TRKC,5.0
16007391,ABL1(M351T),5.657577319177793
5494449,BRK,5.0
9929127,CIT,5.0
10427712,TESK1,5.0
4908365,MAP3K4,5.173925197299174
3025986,YSK4,5.0
6918454,MEK2,6.431798275933005
51004351,ALK,6.568636235841013
11626560,CDC2L1,6.119186407719209
9884685,BMPR2,5.0
5328940,AKT3,5.0
16722836,DDR1,5.721246399047171
11626560,ANKK1,6.107905397309519
3081361,CDC2L2,5.0
17755052,ABL1(E255K),5.0
16725726,CDC2L5,5.0
24779724,AXL,5.0
5329102,EPHA7,5.619788758288394
44150621,EGFR(L747E749del),5.0
10427712,ACVR1B,5.0
24889392,MAP4K5,6.356547323513813
3081361,AXL,6.6020599913279625
6450551,MTOR,5.0
16038120,RSK1(KinDom.2-C-terminal),6.187086643357144
208908,EGFR(E746A750del),8.065501548756432
11364421,CDK5,5.0
3038522,FGFR3,5.0
156414,TRKA,5.0
11338033,STK39,5.0
10127622,ABL1(Q252H),5.0
11234052,YANK3,5.0
11234052,LKB1,5.0
9915743,GRK1,5.0
153999,BRAF,5.0
11234052,FLT3(ITD),5.0
25127112,STK33,5.0
11485656,BLK,5.0
11712649,BLK,7.167491087293763
11667893,MKNK1,5.0
5291,FGR,5.619788758288394
447077,MTOR,5.0
644241,TEC,5.0
44259,ASK1,6.958607314841775
16038120,CSNK1G2,5.0
3025986,DAPK2,5.0
24180719,CTK,5.0
4908365,ASK2,5.096910013008056
5291,BMPR2,5.0
5328940,DRAK1,5.0
6450551,ABL1,7.075720713938118
151194,SIK2,5.0
9915743,FLT3(N841I),5.1938200260161125
5287969,S6K1,5.431798275933005
4908365,MEK1,6.698970004336019
24180719,ACVRL1,5.0
447077,EPHA6,7.154901959985743
447077,CDK4-cyclinD3,5.0
5287969,AKT3,5.0
447077,EGFR(E746A750del),6.744727494896694
3081361,MEK5,7.309803919971486
4908365,RSK1(KinDom.1-N-terminal),5.6777807052660805
9915743,DDR2,5.0
17755052,AXL,5.0
10184653,MAP3K3,5.0
11364421,MARK3,5.0
11717001,EPHA7,5.0
644241,DLK,5.0
10184653,FLT3(K663Q),5.0
11364421,GRK1,5.0
3081361,JAK1(JH1domain-catalytic),5.0
11667893,RIPK1,5.0
11364421,GRK7,6.070581074285707
153999,SRPK2,5.958607314841775
11667893,CDC2L5,5.0
11338033,ERK3,5.0
16725726,ABL1p,5.0
176167,ABL2,5.0
11409972,LATS2,5.522878745280337
11667893,LYN,6.795880017344075
11234052,AMPK-alpha1,5.0
11427553,FGFR4,5.638272163982407
11617559,EGFR(G719S),5.0
11314340,DCAMKL3,5.0
10074640,MET(M1250T),5.0
9926791,CAMK1D,5.795880017344075
5328940,INSRR,5.0
6918454,ROCK1,5.0
216239,GAK,5.0
9929127,MEK4,5.0
11234052,ABL1(F317I)p,5.0
9926791,ABL1(H396P),5.346787486224656
3081361,TAOK3,5.0
11712649,CSNK1G2,5.0
9809715,CDKL3,5.0
126565,CHEK2,6.6777807052660805
11656518,FGFR2,5.0
6450551,AMPK-alpha2,5.0
10427712,CDKL2,5.0
42642645,ABL1(F317I)p,6.6020599913279625
10461815,AKT2,5.0
3038522,EGFR(G719S),6.638272163982407
3062316,CDK9,5.0
10113978,CAMKK1,5.0
644241,ERBB2,5.0
11712649,TNK2,5.0
11626560,ERN1,5.0
25127112,RIPK4,5.6777807052660805
3038522,LATS2,5.0
156414,INSR,5.0
10113978,MEK2,5.0
9933475,MAP3K3,5.0
11364421,MET(M1250T),5.0
3038522,GRK4,5.0
11234052,CSNK1D,5.0
16038120,SNRK,6.522878745280337
10461815,YSK4,7.10790539730952
126565,FGFR3(G697C),6.136677139879544
10138260,ABL1(Q252H),6.060480747381382
9933475,QSK,5.0
9926791,FAK,5.0
153999,TRPM6,5.0
11234052,CDK9,5.0
9884685,EPHB2,5.0
44259,TNK2,7.795880017344075
6918454,IKK-beta,5.0
10074640,CDC2L1,5.0
3062316,CTK,5.0
10074640,CAMK1,5.0
24779724,CSF1R,5.0
11485656,WEE2,5.0
24779724,TAOK2,5.0
24779724,CAMK4,5.0
11712649,RPS6KA4(KinDom.1-N-terminal),5.0
44259,FER,7.619788758288394
10427712,MKNK2,6.142667503568732
3038525,ABL1(M351T),5.0
9926054,CTK,5.0
24180719,STK35,5.0
25243800,MST1,5.0
11717001,TYRO3,5.0
9926054,MEK4,5.0
44259,BLK,7.823908740944319
25127112,TEC,5.0
16722836,CAMK4,5.0
9809715,ULK2,6.42021640338319
11234052,STK36,5.0
16038120,LRRK2(G2019S),9.065501548756432
11656518,FLT3(D835H),5.0
3025986,JAK2(JH1domain-catalytic),5.0
16007391,TAOK2,5.0
11626560,DAPK1,5.0
153999,AURKB,5.0
51004351,CAMK4,5.0
10127622,ITK,5.0
25127112,MINK,5.0
17755052,RIPK1,5.0
3081361,KIT(V559D),6.744727494896694
176155,EPHA4,5.0
176870,CAMK4,5.0
25127112,AMPK-alpha1,5.0
11712649,CDKL3,5.0
11656518,TRKB,5.0
44259,ROCK2,9.619788758288394
123631,BRK,5.0
9926791,EGFR(L747S752del),5.0
208908,CSNK1G1,5.0
24779724,RPS6KA4(KinDom.2-C-terminal),5.0
151194,ERK8,5.0
216239,ABL1(Y253F),6.180456064458132
16007391,MLCK,5.0
153999,ULK2,5.0
176167,DDR2,5.0
11338033,EGFR(E746A750del),5.0
16725726,FGFR2,5.0
5329102,AURKB,6.42021640338319
4908365,TNK1,5.657577319177793
11364421,DMPK2,5.0
3038525,MKNK2,5.0
11712649,MLK3,5.0
11984591,GSK3B,6.920818753952375
216239,FGR,5.10790539730952
9809715,LATS2,6.42021640338319
11712649,MLK1,5.0
11234052,CSNK1A1L,5.0
25243800,IKK-alpha,5.0
151194,MAP4K4,5.0
3025986,BMPR1B,5.0
17755052,ITK,5.0
9933475,EGFR,6.638272163982407
644241,DMPK,5.0
10113978,IKK-epsilon,5.0
11314340,WEE1,5.0
5328940,TTK,5.0
156422,FRK,5.920818753952375
16007391,KIT(V559D),7.823908740944319
16725726,EGFR(L858R),5.0
4908365,STK33,6.107905397309519
9884685,AXL,5.0
176155,MARK2,5.0
10184653,TLK2,5.0
216239,ADCK3,5.0
10427712,JNK3,5.0
16007391,ABL1(E255K),5.017728766960432
3038522,TNNI3K,5.0
11626560,BRAF,5.0
216239,FLT1,7.508638306165728
176167,LOK,5.0
24889392,MKK7,5.0
24889392,ERN1,5.0
9809715,MAST1,5.337242168318426
153999,VEGFR2,5.0
5287969,CSNK1G2,5.0
24889392,ASK2,5.0
9926791,TESK1,5.0
156422,CDK9,5.0
10184653,LYN,5.0
11626560,ABL1,7.10790539730952
44150621,MEK5,7.494850021680094
11409972,MAP3K15,5.0
11409972,MARK3,5.0
3038525,YANK1,5.0
447077,TYK2(JH1domain-catalytic),6.366531544420414
10138260,MST1R,5.0
151194,CDK5,5.0
11234052,KIT(D816V),5.3979400086720375
6450551,GRK1,5.0
644241,CSNK1D,5.0
126565,MAP3K4,5.585026652029182
5494449,MLK2,5.744727494896694
3025986,TYRO3,5.0
51004351,LKB1,6.455931955649724
9929127,MST2,5.0
126565,LCK,6.366531544420414
11717001,ERK4,5.0
5291,DYRK2,5.0
24779724,AAK1,5.0
176167,IGF1R,5.0
3081361,STK16,5.0
156422,RET(V804L),5.0
11234052,TRPM6,5.0
44150621,LTK,5.0
24889392,CAMK1D,5.0
16722836,EGFR(T790M),6.236572006437063
447077,CAMK2D,5.0
25127112,MET(M1250T),5.0
447077,INSRR,5.0
156414,BMPR1B,5.585026652029182
51004351,DCAMKL1,5.0
126565,RSK4(KinDom.2-C-terminal),5.040958607678906
42642645,RIOK3,5.0
123631,CSNK1E,6.366531544420414
9929127,FYN,5.0
10184653,CLK1,5.0
11712649,EPHA1,5.744727494896694
208908,ROS1,5.0
11485656,MERTK,6.060480747381382
11717001,SIK,5.0
5494449,ERBB3,5.1487416512809245
11712649,DAPK1,5.0
42642645,MAPKAPK2,5.0
3038522,ANKK1,5.0
16725726,CAMK2B,5.0
11626560,IKK-beta,5.259637310505756
216239,MAK,5.0
9929127,TAOK2,5.0
3038522,SYK,5.0
151194,CDKL5,5.0
5291,YES,5.0
24889392,CDC2L1,5.0
156414,SRPK3,5.0
10127622,DRAK2,5.0
447077,SIK2,7.585026652029182
6918454,MAP4K3,5.0
9926054,JAK3(JH1domain-catalytic),5.0
44150621,DDR2,5.0655015487564325
16007391,GRK4,5.0
3038525,FRK,5.0
9929127,SGK3,5.0
176167,EGFR(L747E749del),5.0
24779724,DYRK1B,5.744727494896694
11485656,BRAF,5.0
5291,MAP3K3,5.0
9926054,MST1R,5.0
11984591,MARK1,6.568636235841013
5287969,EGFR(L747S752del),5.657577319177793
176167,DAPK3,5.0
11984591,CDK7,5.113509274827518
11617559,AURKC,5.0
16725726,ALK,5.0
6918454,CSNK1A1,5.0
9926054,ERBB4,5.0
6450551,MKNK1,5.0
16722836,ABL1(F317L),6.346787486224656
10138260,CSK,5.0
11338033,LATS2,5.0
447077,LYN,8.657577319177793
9884685,ACVR2B,5.0
11364421,MEK2,5.0
153999,ARK5,5.744727494896694
10427712,ULK3,5.0
16725726,KIT(D816H),6.443697499232713
9926791,FLT1,5.0
16038120,TBK1,6.327902142064283
17755052,ERK5,5.0
11656518,RPS6KA4(KinDom.2-C-terminal),5.0
208908,HPK1,5.0
11427553,SNARK,7.267606240177032
11667893,ERK5,5.0
5329102,KIT(V559D-V654A),9.67778070526608
11656518,VEGFR2,5.886056647693163
216239,LCK,5.568636235841013
11667893,RSK3(KinDom.1-N-terminal),5.0
3081361,CIT,5.744727494896694
11314340,INSR,5.0
176167,LZK,5.0
6918454,CAMK2B,5.0
5291,MAK,5.0
11409972,ROCK2,6.4089353929735005
156422,ALK,5.0
176167,CLK2,6.366531544420414
3038522,MAP3K2,5.0
24180719,LIMK2,6.2076083105017466
44150621,WEE2,5.0
9929127,CDK2,5.0
11485656,FGFR4,5.0
3081361,TAOK2,5.0
5494449,IRAK1,5.0
11717001,CDK5,5.0
11234052,ERK8,5.0
3038522,HIPK4,5.619788758288394
216239,TNIK,5.102372908709558
10113978,BIKE,5.055517327849832
176167,CSNK2A2,5.0
25127112,RSK4(KinDom.2-C-terminal),6.823908740944319
42642645,CHEK1,5.0
11667893,FYN,5.552841968657781
3038522,TSSK1B,5.0
156422,CHEK2,5.0
153999,ERK8,7.055517327849832
11984591,MAP3K1,5.0
123631,SBK1,6.251811972993799
126565,MARK2,7.853871964321762
216239,IRAK3,5.0
16007391,RPS6KA5(KinDom.1-N-terminal),5.0
10127622,MEK5,5.0
16725726,STK36,5.585026652029182
11427553,GRK1,5.0
44259,WEE1,5.795880017344075
4908365,FLT1,7.275724130399211
156422,RIPK5,5.0
9933475,CAMKK2,5.0
5287969,CDK2,6.259637310505756
10127622,ZAK,5.0
9926054,ACVR1,5.0
11617559,IKK-beta,5.0
126565,CSNK2A1,5.585026652029182
25243800,ABL2,5.920818753952375
11984591,FGFR2,7.136677139879544
51004351,GSK3A,5.6020599913279625
11409972,ROS1,5.769551078621726
42642645,TAOK1,5.431798275933005
10184653,EGFR(L858RT790M),8.958607314841775
44259,AXL,8.167491087293763
11617559,EPHA6,5.0
9929127,FGFR3(G697C),5.0
10074640,MAP4K4,5.0
123631,ABL1(F317I),5.0
10461815,ADCK4,5.0
11427553,LRRK2,6.455931955649724
24779724,LATS1,5.0
216239,ABL1(F317I),5.769551078621726
5287969,JAK2(JH1domain-catalytic),5.259637310505756
42642645,GSK3B,5.0
156422,MAPKAPK2,5.0
123631,CDK11,5.0
9884685,DMPK,5.0
9926054,CDK9,5.721246399047171
3081361,CLK1,5.0
151194,ABL1,5.0
11234052,CSNK1E,5.0
44150621,MST1R,5.0
9926791,QSK,5.0
3038525,DCAMKL2,5.0
5291,MARK1,5.0
10138260,MET(Y1235D),5.0
151194,MEK1,5.0
176167,STK16,5.6020599913279625
11409972,CHEK2,6.443697499232713
176167,SBK1,5.0
24779724,MST1R,5.0
153999,ERBB2,5.0
11485656,RSK2(KinDom.1-N-terminal),5.0
10427712,CLK3,5.1487416512809245
10127622,DAPK2,5.0
216239,CDK9,5.0
3038525,ABL2,5.721246399047171
5291,ERBB2,5.0
24779724,MAPKAPK5,5.0
11717001,AXL,5.0
9915743,TIE2,5.522878745280337
16725726,AURKB,5.0
153999,CDK2,5.0
123631,EPHB3,5.0
16007391,MET(Y1235D),5.2441251443275085
10074640,FRK,7.060480747381382
11338033,MLK2,5.0
9926791,FLT4,5.0
447077,CAMKK2,5.0
11656518,LIMK2,5.0
11717001,CDK2,5.0
11409972,MKNK1,7.585026652029182
447077,MET,6.080921907623926
11314340,HPK1,5.0
17755052,AURKA,5.0
5329102,EGFR(L858RT790M),6.0655015487564325
3062316,KIT(V559D),9.167491087293763
11485656,ABL1(T315I)p,5.0
176155,MTOR,5.0
9929127,ACVRL1,5.0
11717001,FLT3(K663Q),5.0
11338033,MKK7,5.0
3038525,LZK,5.0
208908,BRK,5.0
156414,EGFR(L858R),9.619788758288394
9915743,QSK,5.0
10127622,HIPK4,5.0
11984591,ABL1(T315I),6.173925197299174
25243800,MAPKAPK2,5.0
5287969,IGF1R,5.0
24180719,IRAK4,5.0
644241,CSNK1G1,5.0
10138260,ABL1(M351T),6.301029995663981
44150621,EGFR(L747T751del),5.0
51004351,VEGFR2,5.494850021680094
11338033,LYN,5.0
11234052,ADCK3,5.0
10427712,CDK3,5.0
153999,RSK4(KinDom.1-N-terminal),5.638272163982407
447077,MRCKB,5.958607314841775
10127622,ERBB3,5.0
16722836,LRRK2,6.060480747381382
447077,DAPK1,5.0
16038120,ULK3,7.958607314841775
11617559,DLK,5.0
11409972,TLK1,5.0
3062316,GSK3A,5.0
10074640,ABL1(Q252H)p,8.337242168318426
3038525,ADCK3,5.0
10138260,BRK,5.0
11314340,KIT,5.0
5291,SIK,5.0
3038522,ABL1(M351T),5.0
10127622,GAK,5.0
3062316,DLK,5.0
5291,TAOK3,5.0
25243800,TAOK1,6.886056647693163
5287969,FLT3(D835H),5.301029995663981
3062316,DDR1,9.161150909262744
44150621,CLK1,5.167491087293763
44150621,AMPK-alpha2,6.086186147616283
16722836,WEE1,6.4089353929735005
151194,CAMK1G,5.0
42642645,BTK,7.119186407719209
151194,ERK5,5.0
5291,HUNK,5.0
11667893,TESK1,5.0
123631,ABL1(Y253F),6.443697499232713
9926054,MLK2,5.0
644241,EPHA1,6.229147988357856
11667893,MEK3,5.0
44259,IRAK4,8.769551078621726
51004351,RAF1,5.0
151194,FLT3(N841I),5.0
24889392,IRAK4,5.0
16038120,MEK5,6.698970004336019
11338033,DAPK2,5.0
16722836,MST1R,5.0
9933475,MAP3K15,5.0
11667893,FER,5.0
176870,SIK,5.0
5329102,MKNK2,5.2441251443275085
447077,GRK1,5.0
216239,CLK3,5.0
9929127,DRAK1,5.0
5291,MLK3,5.0
3038525,ABL1(Q252H),5.0
10113978,EGFR(S752I759del),5.0
3025986,DDR2,5.0
10461815,CAMK2D,5.537602002101044
25127112,ABL1(H396P)p,5.0
16038120,MRCKA,5.0
4908365,RPS6KA5(KinDom.2-C-terminal),5.0
11667893,MET(M1250T),5.0
11427553,CDK3,5.0
51004351,SgK110,5.0
51004351,MRCKB,5.0
10184653,EPHA3,5.0
11427553,FLT3(D835H),7.886056647693163
3038525,DMPK2,5.0
216239,ABL1(M351T),5.920818753952375
11712649,ERK8,5.0
5329102,TSSK1B,5.200659450546419
11626560,BRSK1,5.0
3062316,LIMK1,6.2441251443275085
5328940,MAK,5.0
24779724,SNARK,5.0
216239,SRPK3,5.0
11717001,CTK,5.0
24180719,MEK5,9.795880017344077
176155,TGFBR2,5.744727494896694
11617559,AURKA,5.0
123631,AMPK-alpha2,5.0
10184653,MARK3,5.0
208908,ABL1,5.0
16007391,TIE2,5.721246399047171
16038120,MAK,5.0
3038522,RSK1(KinDom.2-C-terminal),5.0
9926054,EPHB6,5.0
16007391,GAK,5.0
10427712,HIPK3,5.0
9926791,KIT(A829P),5.0
16722836,EIF2AK1,6.0
3038522,STK39,5.0
10113978,MET,5.698970004336019
216239,KIT(D816V),6.508638306165728
4908365,TRKA,7.251811972993799
9933475,MLK2,5.0
6918454,TIE1,5.0
644241,TXK,5.0
6918454,MAP3K1,5.0
11427553,CHEK1,6.1487416512809245
11984591,CSNK1G2,5.0
11485656,S6K1,5.552841968657781
10427712,VRK2,5.0
10138260,SRPK3,6.920818753952375
42642645,EGFR(T790M),6.327902142064283
25243800,FER,5.0
176155,ERK5,5.0
11656518,CHEK2,5.0
5287969,TRKA,5.0
4908365,AKT3,5.0
16725726,MARK4,5.0
24180719,MAP3K4,5.0
11712649,ABL1(H396P)p,6.026872146400302
11364421,TRKC,5.0
216239,RSK3(KinDom.2-C-terminal),5.0
11409972,ITK,6.00436480540245
16038120,ERK3,5.0
151194,LRRK2,5.0
17755052,EPHA8,5.0
11409972,EPHB3,5.0
176155,GSK3B,5.769551078621726
216239,CLK4,5.0
11485656,RSK3(KinDom.2-C-terminal),5.0
11617559,EGFR(L858RT790M),5.0
3025986,EGFR(L747E749del),5.0
24889392,DYRK1A,5.0
11617559,FLT3,5.0
151194,CAMK1D,5.0
10138260,EGFR(S752I759del),5.0
9884685,ERK5,5.0
11656518,EPHA3,5.0
25127112,DLK,5.0
9884685,BMX,5.0
10138260,ABL1p,6.2076083105017466
447077,CAMK1,5.0
644241,MLK1,5.0
17755052,SNRK,5.0
5291,MELK,5.721246399047171
11712649,DCAMKL3,5.0
176870,MAP4K4,5.0
42642645,SRPK2,5.0
11717001,YANK3,5.0
11656518,ERK4,5.0
5287969,JAK3(JH1domain-catalytic),5.795880017344075
25243800,YANK3,5.0
6450551,DMPK2,5.0
11485656,TAOK2,5.0
11234052,ABL1(H396P)p,6.1938200260161125
11984591,CDK8,5.0
51004351,MAP4K5,5.958607314841775
4908365,CAMKK1,5.552841968657781
16007391,BRAF,5.0
16722836,MST1,5.0
153999,FER,5.0
11485656,DYRK1B,5.0
11617559,FAK,5.0
9933475,LTK,5.366531544420414
9884685,ACVR1,5.0
11712649,CHEK2,5.0
176870,YANK3,5.0
3062316,INSR,5.0
447077,CAMK2A,5.0
126565,EGFR(L747E749del),6.494850021680094
44259,SRC,7.0655015487564325
5287969,TAOK3,7.00436480540245
9926791,RPS6KA4(KinDom.2-C-terminal),5.0
10127622,TYK2(JH1domain-catalytic),5.0
156422,EGFR(G719C),5.221848749616356
156422,TESK1,5.0
5329102,ERBB3,5.0
11617559,EPHB1,5.0
10184653,ERK5,5.0
5494449,DAPK2,5.0
42642645,FLT3(N841I),8.823908740944319
10461815,BMX,5.0
3038522,TTK,5.0
16722836,ULK3,6.537602002101044
176167,STK36,5.0
9933475,ERK3,5.0
126565,KIT(A829P),7.455931955649724
3038525,JAK3(JH1domain-catalytic),5.0
44150621,STK16,5.823908740944319
176870,BRAF,5.0
10427712,SGK3,5.0
11427553,HPK1,7.200659450546419
51004351,JNK2,5.301029995663981
24779724,TEC,5.0
123631,FER,5.0
16007391,DDR1,5.744727494896694
3025986,FGFR3(G697C),5.0
10461815,YANK2,5.0
10461815,SYK,5.0
5329102,MRCKB,5.0
3062316,MEK3,5.0
11485656,FES,5.0
11338033,DDR1,5.0
176155,SRC,5.275724130399211
5328940,MEK6,5.886056647693163
11427553,AXL,6.744727494896694
208908,EGFR,8.619788758288394
24180719,DLK,5.0
25243800,MST3,5.0
156414,INSRR,5.0
42642645,MARK1,5.0
176155,CHEK1,5.0
10427712,ADCK3,7.026872146400302
3062316,HCK,9.455931955649724
44150621,ABL1(F317I),5.0
153999,GRK4,6.229147988357856
16722836,ACVR1B,5.173925197299174
6918454,BRSK1,5.0
25127112,DYRK1B,5.0
5494449,CDK11,5.0
10127622,KIT,5.0
11364421,KIT(D816V),5.0
11485656,MST3,5.0
3038522,EPHA6,5.0
10427712,ABL1(Q252H)p,5.0
123631,ERK3,5.795880017344075
16725726,ABL1(E255K),5.0
6918454,DYRK1B,5.0
16038120,QSK,5.886056647693163
11626560,ABL1(Q252H),7.013228265733755
10138260,CDK4-cyclinD3,5.1487416512809245
176155,ROCK2,5.0
11656518,FLT3(N841I),5.0
11364421,MAP3K2,5.0
126565,KIT(D816V),8.148741651280925
11712649,TNIK,5.0
16038120,EPHB2,5.823908740944319
3081361,ABL1(Q252H)p,7.795880017344075
16038120,CSNK1G1,5.0
24779724,JAK2(JH1domain-catalytic),5.0
9933475,KIT(V559D-T670I),9.494850021680094
11364421,YANK1,5.0
25243800,CASK,5.795880017344075
11712649,RPS6KA4(KinDom.2-C-terminal),5.0
51004351,ERK3,5.0
153999,RIOK1,6.091514981121351
11364421,RIOK3,5.356547323513813
10074640,ACVR1,5.0
156422,EPHA2,5.2076083105017466
25127112,AKT3,5.0
25127112,DRAK2,5.455931955649724
6450551,CAMKK1,5.853871964321762
11667893,KIT(D816V),6.3872161432802645
25127112,ERBB3,5.0
5328940,BMX,6.698970004336019
16007391,YES,5.42021640338319
25243800,TRKA,5.0655015487564325
123631,TTK,5.0
11656518,RIPK5,5.0
3038522,ASK1,5.0
11364421,TRPM6,5.0
9933475,TBK1,5.0
16722836,ABL1(H396P),7.346787486224656
11409972,EPHA3,7.096910013008056
11427553,FGFR3(G697C),6.552841968657781
24779724,MKK7,5.0
11234052,EGFR(L858RT790M),5.0
11234052,CDKL5,5.0
216239,MAP4K3,5.0
11234052,LATS2,5.0
11626560,MARK2,5.0
3038522,ULK3,5.0
156422,DYRK1B,5.0
5329102,GRK1,6.537602002101044
4908365,BTK,7.113509274827519
51004351,EGFR(L747T751del),5.721246399047171
208908,GRK7,5.0
25127112,CDK4-cyclinD3,5.0
25127112,EGFR(L747S752del),5.0
6918454,CDK3,5.0
156414,CSNK1E,6.376750709602099
44150621,DCAMKL2,5.0
151194,AKT1,5.0
11314340,LCK,5.0
3081361,EPHA6,7.301029995663981
11717001,FLT3(R834Q),5.0
6918454,IRAK3,5.0
10127622,KIT(L576P),5.0
11364421,CDK9,5.0
5494449,MAP3K3,5.721246399047171
176870,ACVR1,5.0
10113978,RSK1(KinDom.2-C-terminal),5.0
11364421,HIPK4,5.698970004336019
10461815,IRAK4,5.6020599913279625
10074640,CDC2L2,5.0
11984591,MAST1,5.0
9809715,HPK1,7.455931955649724
3062316,EGFR(E746A750del),6.886056647693163
11314340,MARK2,5.0
24779724,BRSK2,5.0
16725726,EGFR(L858RT790M),5.0
9915743,GSK3B,5.0
11626560,FLT3,6.070581074285707
123631,VEGFR2,5.0
123631,ABL1(E255K),6.3979400086720375
6918454,CAMK1,5.0
10427712,QSK,5.0
10113978,JAK1(JH1domain-catalytic),5.0
11234052,IRAK3,5.0
3081361,ERK3,5.823908740944319
11717001,MLK2,5.0
10113978,FGFR4,5.552841968657781
5329102,BMX,5.0
151194,MAP3K1,5.0
156414,ALK,5.113509274827518
10113978,MLK1,6.537602002101044
11314340,AMPK-alpha2,5.0
9926791,LTK,5.0
44259,MAP4K4,7.619788758288394
3025986,MRCKA,5.0
123631,ZAK,5.0
216239,IRAK4,5.0
156414,TIE2,5.0
176155,DCAMKL3,5.0
24180719,VEGFR2,5.6777807052660805
5328940,WEE2,7.026872146400302
10127622,DAPK1,5.0
11409972,FRK,7.585026652029182
11984591,CHEK2,5.0
126565,S6K1,7.161150909262744
5291,ABL1(M351T),7.356547323513813
10427712,ACVRL1,5.0
16038120,CDK5,5.795880017344075
9926791,MEK2,5.0
176155,WEE2,5.0
4908365,SRPK2,5.657577319177793
11409972,ALK,5.853871964321762
644241,GSK3B,5.0
44150621,MET(Y1235D),5.0
6450551,CDKL1,5.0
126565,ASK2,6.769551078621726
3038525,MAP3K1,5.0
11617559,MKK7,5.0
24779724,SRPK2,5.0
5291,MAP4K3,5.0
10427712,KIT(D816H),5.0
24180719,TAOK1,5.0
9884685,KIT(V559D-V654A),5.0
5328940,EGFR(L861Q),7.1487416512809245
25243800,MARK1,5.0
5494449,ABL1(Q252H)p,8.0268721464003
11409972,MEK3,5.657577319177793
16722836,AURKB,6.309803919971486
5328940,ABL1(Q252H),10.065501548756432
10461815,ERBB3,5.0
11234052,GAK,5.0
3038522,MLK3,5.0
9884685,GCN2(KinDom2S808G),5.0
16038120,RPS6KA4(KinDom.1-N-terminal),5.6020599913279625
11984591,CTK,5.0
9926791,RET(V804M),5.0
11626560,RPS6KA5(KinDom.1-N-terminal),5.0
9915743,MKK7,6.275724130399211
11656518,ABL1(H396P),6.036212172654444
25127112,ERK5,5.0
176870,FLT3(ITD),6.086186147616283
16722836,MAP4K4,5.0
24779724,RPS6KA4(KinDom.1-N-terminal),5.0
156414,AAK1,5.0
3062316,KIT(D816V),8.585026652029182
51004351,CDK4-cyclinD1,5.0
44150621,CDK4-cyclinD3,5.537602002101044
10184653,SGK3,5.0
11409972,INSR,5.657577319177793
11656518,CAMK1G,5.0
11485656,CSF1R,8.468521082957745
3038522,CSNK1E,5.0
10074640,RIOK1,5.0
5494449,CIT,5.0
3038525,MAP3K15,5.0
24889392,TSSK1B,5.0
24779724,GCN2(KinDom2S808G),5.0
25243800,RET,8.318758762624412
24180719,ZAP70,5.0
44150621,RIOK1,6.376750709602099
16725726,ICK,5.0
208908,RET,5.0
5291,BLK,6.2839966563652006
126565,ULK2,7.221848749616356
44259,DAPK2,8.795880017344075
156422,CDK5,5.698970004336019
11427553,TNIK,7.552841968657781
10427712,CASK,5.0
6918454,ERK2,5.0
11314340,ACVRL1,5.0
11626560,AKT3,5.0
3038522,FGFR3(G697C),5.0
9809715,ABL1(E255K),7.200659450546419
42642645,CHEK2,7.244125144327507
11617559,BTK,5.0
11717001,CHEK1,5.0
11427553,TEC,5.0
25243800,GRK7,5.853871964321762
11984591,AURKB,6.958607314841775
4908365,ALK,6.075720713938118
156414,HIPK4,5.958607314841775
11617559,LIMK2,5.0
153999,JAK3(JH1domain-catalytic),5.920818753952375
208908,TAOK2,5.0
5287969,EPHA5,5.455931955649724
11617559,LATS1,5.0
11427553,ABL1(H396P)p,7.619788758288394
10427712,EPHA4,5.0
11717001,EGFR(T790M),5.0
5291,LTK,5.0
11717001,EPHB1,5.0
11427553,MINK,7.602059991327962
153999,TAOK1,5.744727494896694
11409972,ABL2,8.468521082957745
11427553,ABL1(Q252H)p,7.657577319177794
24779724,TAOK1,5.0
10113978,RPS6KA4(KinDom.2-C-terminal),5.0
25243800,KIT(A829P),5.795880017344075
11234052,ABL1(H396P),6.4089353929735005
44150621,TNK1,5.0
151194,TESK1,5.0
11656518,SgK110,5.0
42642645,SNARK,5.0
5329102,DMPK,5.0
4908365,EGFR(E746A750del),5.0
156422,FLT3(D835H),5.0
11314340,ABL1(Y253F),5.0
10138260,AMPK-alpha1,7.0
5287969,TAOK2,6.6020599913279625
44259,MAP4K5,7.744727494896694
9929127,STK33,5.0
156414,MLK1,5.0
11617559,HIPK1,5.0
156414,RSK2(KinDom.1-N-terminal),5.0
216239,CSNK1G3,5.0
208908,MERTK,5.0
156414,ADCK3,5.823908740944319
156422,ABL1(T315I)p,6.259637310505756
156414,SNRK,5.0
123631,MEK4,5.0
151194,RIOK1,5.0
17755052,CAMK1G,5.167491087293763
24779724,DYRK2,5.0
3062316,SgK110,5.0
17755052,DDR2,5.0
3038525,EPHB6,5.0
11364421,ADCK3,5.0
5494449,LYN,6.187086643357144
11234052,INSRR,5.0
44150621,CSK,5.0
42642645,FLT1,8.42021640338319
10127622,RIPK1,5.0
11626560,IKK-epsilon,6.1487416512809245
156414,ACVR2B,5.0
156422,DCAMKL2,5.0
644241,IRAK1,5.0
6918454,LATS2,5.0
11984591,SgK110,6.721246399047171
10074640,MAP3K15,5.0
9933475,CHEK2,5.0
447077,YSK1,5.568636235841013
3038525,BRSK2,5.0
10113978,RIOK1,5.0
447077,CDK11,5.0
11364421,CDKL3,5.0
216239,EIF2AK1,5.0
9933475,DDR2,7.318758762624413
9915743,ABL1p,5.0
25127112,ABL1(Y253F),5.0
153999,EPHA2,5.0
11314340,MEK6,5.0
9933475,SNRK,5.0
9929127,CAMK2G,5.0
9884685,CDK3,5.0
4908365,IRAK1,6.657577319177793
11667893,AKT2,5.0
10113978,BRAF,6.136677139879544
44259,GSK3B,7.161150909262744
11717001,HIPK1,5.0
16722836,CLK2,5.638272163982407
25243800,DAPK2,7.026872146400302
176167,CDK4-cyclinD3,5.0
9884685,FGFR3,5.0
3038525,FLT3(D835Y),5.0
3081361,RSK4(KinDom.2-C-terminal),6.619788758288394
9933475,EGFR(G719C),6.823908740944319
11626560,TYRO3,6.096910013008056
44150621,BRSK2,5.0
9884685,CDKL5,5.0
6918454,FAK,5.0
16007391,DAPK3,5.0
24180719,RIOK3,5.0
3062316,MARK4,5.0
44259,MRCKB,7.376750709602099
11338033,KIT,5.0
9809715,LCK,8.207608310501746
16007391,BMX,5.0
6450551,S6K1,5.0
11427553,EPHB1,5.6020599913279625
11427553,FLT3,7.823908740944319
3062316,JNK1,5.0
44259,BRAF(V600E),5.0
11984591,TAOK3,5.337242168318426
9929127,ANKK1,5.0
11364421,ASK2,5.0
208908,MEK6,5.0
11712649,LIMK1,5.0
10427712,YSK4,5.3979400086720375
208908,ZAK,5.0
11667893,JNK3,5.0
9809715,ARK5,6.795880017344075
10113978,DDR2,7.008773924307505
216239,AMPK-alpha2,5.0
42642645,EPHA5,8.18045606445813
11656518,INSRR,5.0
11656518,ASK2,5.0
10074640,ERBB4,5.0
17755052,MAPKAPK2,5.0
5287969,JAK1(JH2domain-pseudokinase),5.0
10184653,VEGFR2,5.0
5494449,CAMK2G,5.0
176167,YANK3,5.0
216239,CDK4-cyclinD1,5.0
156414,SLK,5.744727494896694
10074640,YANK3,5.0
156422,YES,5.309803919971486
11717001,CLK3,5.0
10461815,TBK1,6.013228265733755
51004351,MST4,5.0
156422,RIOK1,5.0
4908365,AURKA,5.0
11984591,TBK1,7.638272163982407
11314340,AURKB,5.0
3038522,EGFR(G719C),6.6777807052660805
42642645,ACVR2A,5.0
42642645,LIMK1,6.167491087293763
9915743,FYN,5.1938200260161125
11667893,MEK2,5.0
11717001,ULK2,5.0
9884685,RSK4(KinDom.1-N-terminal),5.0
9933475,DAPK3,5.0
644241,BMPR1B,5.0
153999,AKT3,5.853871964321762
153999,HPK1,5.585026652029182
447077,EGFR(S752I759del),5.638272163982407
6450551,CTK,5.0
10113978,PYK2,5.0
126565,TSSK1B,7.008773924307505
9915743,ABL1(E255K),5.0
16722836,CIT,6.853871964321762
11667893,MERTK,5.0
16038120,JAK2(JH1domain-catalytic),7.795880017344075
9926054,AKT2,5.0
11617559,HIPK4,5.0
11234052,TRKA,5.0
5328940,RIOK3,5.795880017344075
3038525,TESK1,5.0
5291,ADCK3,5.0
176155,TYRO3,5.0
16725726,SGK3,5.721246399047171
10113978,CDK2,5.0
176167,TYRO3,5.0
6450551,RSK2(KinDom.1-N-terminal),5.0
4908365,ABL1(Q252H),6.468521082957745
10138260,CDK8,5.0
447077,ANKK1,5.0
9915743,FGFR4,5.0
5291,EGFR(L858RT790M),5.0
644241,BMPR2,5.0
11234052,MEK4,5.0
6450551,FLT3(K663Q),7.508638306165728
11626560,DRAK1,5.0
3038525,BMPR2,5.0
9933475,ACVRL1,5.0
16007391,CLK3,5.0
5494449,SIK,5.6020599913279625
10427712,ACVR2A,5.0
24180719,PYK2,5.0
11656518,ERBB3,5.0
11617559,WEE2,5.0
156414,DYRK2,5.173925197299174
44150621,MAST1,7.397940008672037
9929127,EGFR(L858RT790M),5.0
17755052,MTOR,6.698970004336019
3025986,EPHB4,5.0
6918454,AMPK-alpha2,5.0
16725726,CAMK1G,5.0
24180719,FGFR3(G697C),5.0
9926791,CSF1R,5.0
11667893,MELK,5.0
208908,MAP3K15,5.0
6450551,DYRK1A,5.0
44259,TGFBR1,5.698970004336019
9929127,CDK3,5.0
123631,MEK5,6.221848749616356
11314340,EPHB4,5.0
16725726,EPHA3,5.0
3038525,BRAF,5.0
24889392,WEE1,5.0
16007391,EPHA7,5.0
6918454,CSF1R,5.0
151194,CSNK1G1,5.0
10184653,CAMK2D,5.0
17755052,MST4,5.0
10461815,MET,9.568636235841012
11364421,TAOK2,5.0
11485656,KIT(V559D-V654A),7.67778070526608
3038525,MET(Y1235D),5.0
176167,MKK7,5.0
9884685,EPHA8,5.0
5494449,MAPKAPK2,5.42021640338319
11717001,GSK3A,5.0
11667893,LIMK1,5.0
51004351,SYK,7.055517327849832
5328940,FLT3(D835Y),5.958607314841775
176870,IKK-alpha,5.0
151194,ABL2,5.0
11617559,AKT3,5.0
24889392,RSK1(KinDom.1-N-terminal),5.0
176167,ABL1(T315I),5.0
11427553,ULK3,6.920818753952375
123631,YANK1,5.0
11717001,MET(Y1235D),5.0
16722836,TRKC,5.0655015487564325
25243800,MAPKAPK5,5.0
123631,TGFBR2,5.0
11338033,CDK4-cyclinD1,7.698970004336019
51004351,ACVR1,5.0
5328940,YSK4,7.795880017344075
9929127,LTK,5.0
4908365,AMPK-alpha2,8.387216143280265
176167,TYK2(JH2domain-pseudokinase),5.0
3038525,SNARK,5.0
11485656,AXL,6.468521082957745
11712649,LRRK2,5.0
11338033,FLT3(ITD),5.0
9926054,RAF1,5.0
9929127,CAMK2A,5.0
176167,PYK2,5.0
10127622,MARK1,5.0
11717001,CDK3,5.0
16007391,AURKC,8.356547323513812
24180719,CDKL5,5.0
9929127,JNK2,5.0
11314340,ULK1,5.096910013008056
9809715,DYRK1A,5.0
151194,YANK2,5.0
11626560,EPHA4,6.443697499232713
5329102,ABL1,6.568636235841013
11485656,MLK2,5.0
51004351,JAK1(JH1domain-catalytic),6.173925197299174
10427712,CIT,5.0
4908365,KIT(A829P),7.221848749616356
10138260,ANKK1,6.795880017344075
153999,SgK110,5.0
25127112,JAK1(JH1domain-catalytic),8.468521082957745
10127622,YANK2,5.0
9884685,WEE2,5.0
9926791,CAMK2A,5.455931955649724
10138260,MKNK1,5.292429823902063
5329102,EPHB2,5.0
11409972,ABL1(T315I),8.55284196865778
6918454,ITK,5.0
16007391,ERK1,5.0
11667893,CSNK2A2,5.0
216239,TYRO3,5.0
644241,MELK,5.0
4908365,MAP4K2,7.187086643357144
176870,EGFR(L747T751del),9.455931955649724
6450551,AAK1,5.920818753952375
447077,LOK,5.744727494896694
151194,JNK1,5.0
216239,FGFR1,5.552841968657781
9809715,ABL1(T315I)p,8.0
11656518,EPHA1,5.10790539730952
9915743,FGR,5.721246399047171
9933475,CAMK2G,5.0
11717001,TGFBR2,5.0
9884685,RSK4(KinDom.2-C-terminal),5.0
208908,MST3,5.0
24779724,MAP3K4,5.0
16038120,CLK2,7.086186147616283
9809715,FAK,6.6777807052660805
11617559,JAK2(JH1domain-catalytic),5.0
156422,ACVR1,5.0
11717001,EPHA8,5.0
11656518,EPHB4,5.0
11485656,MST1R,5.119186407719209
5328940,MERTK,6.958607314841775
10127622,ANKK1,5.0
176167,DAPK2,5.0
10113978,TNIK,6.508638306165728
11364421,KIT(V559D-T670I),5.0
11617559,TAK1,5.0
9926791,STK35,5.0
447077,DLK,5.0
447077,TAOK2,6.356547323513813
9926791,HIPK2,5.0
16725726,MLK1,5.0
9929127,CAMK1,5.0
11617559,ABL1(F317L)p,5.0
11427553,CASK,5.0
16722836,RPS6KA4(KinDom.2-C-terminal),6.853871964321762
16722836,FYN,7.42021640338319
11717001,MAP4K2,5.0
24889392,FRK,5.744727494896694
10138260,RIPK2,5.0
25243800,MARK2,5.2076083105017466
10074640,CDK4-cyclinD3,5.0
11364421,EGFR(G719S),5.886056647693163
5494449,EGFR(L858RT790M),5.0
10113978,ERBB3,5.0
16722836,TAOK1,5.886056647693163
4908365,TSSK1B,5.494850021680094
3062316,IRAK1,5.0
44259,ABL1(F317L)p,7.337242168318426
5329102,RPS6KA5(KinDom.2-C-terminal),5.769551078621726
9884685,CDK11,5.0
10113978,MEK5,6.318758762624413
10427712,KIT(L576P),5.0
156422,DMPK,5.0
10184653,IKK-epsilon,5.0
11717001,IKK-epsilon,5.0
10127622,IKK-beta,5.0
42642645,CDK5,5.0
11717001,RET,5.0
16722836,S6K1,5.698970004336019
11717001,MST1R,5.0
208908,DMPK,5.0
5494449,ROCK2,5.0
9929127,SIK,5.0
5494449,RSK1(KinDom.1-N-terminal),5.102372908709558
11626560,CASK,6.853871964321762
16725726,IGF1R,5.0
11717001,ERK8,5.0
11427553,ZAP70,6.026872146400302
176155,EGFR(L747T751del),5.823908740944319
5329102,TAK1,7.031517051446065
123631,TEC,5.0
447077,MINK,6.221848749616356
4908365,DAPK3,5.327902142064283
25127112,MAPKAPK2,5.0
3062316,MEK5,8.481486060122112
9929127,MEK2,5.0
9809715,TXK,6.0655015487564325
4908365,CAMK2D,5.0
11485656,MEK2,5.0
3081361,RSK1(KinDom.1-N-terminal),5.0
11485656,RSK4(KinDom.2-C-terminal),5.0
51004351,IKK-epsilon,6.795880017344075
5291,RPS6KA5(KinDom.2-C-terminal),5.0
6450551,ALK,5.0
123631,SIK2,5.6777807052660805
11427553,RIPK1,7.1938200260161125
10113978,AAK1,5.537602002101044
9926791,CLK2,5.0
9915743,ERBB4,8.619788758288394
5328940,QSK,7.1938200260161125
10138260,HIPK4,6.013228265733755
10138260,DAPK2,6.3979400086720375
3025986,RIOK3,5.0
11427553,MAP3K4,5.795880017344075
9915743,TAOK3,5.376750709602099
24889392,EPHA8,5.0
24180719,JAK1(JH1domain-catalytic),5.0
156422,DMPK2,5.920818753952375
151194,ABL1(H396P),5.0
5291,CDK3,5.0
6918454,FGR,5.0
5329102,DDR2,5.537602002101044
10113978,TNNI3K,5.0
126565,MEK1,8.455931955649724
11626560,CSNK1A1L,5.0
9926054,MINK,5.0
11338033,TXK,5.0
16038120,MLCK,5.0
3062316,CLK3,5.0
5291,FGFR4,5.0
9884685,MAPKAPK5,5.0
9915743,IKK-beta,5.0
6918454,DLK,5.0
11626560,CSNK1G1,5.0
25127112,CTK,5.0
11617559,TLK1,5.0
16007391,RET(V804M),6.619788758288394
25127112,DAPK1,7.142667503568732
11364421,GSK3B,5.0
9915743,RSK3(KinDom.2-C-terminal),5.0
3062316,STK16,5.0
10184653,RSK1(KinDom.1-N-terminal),5.0
216239,DYRK2,5.0
11626560,MRCKA,5.0
24779724,BRK,5.0
10184653,AKT2,5.0
176870,BRSK2,5.0
156422,DLK,5.0
447077,KIT(D816V),7.455931955649724
5494449,ABL1(T315I)p,8.031517051446064
208908,YSK4,5.0
25127112,RET(V804M),6.721246399047171
5494449,RSK3(KinDom.1-N-terminal),5.698970004336019
156414,DYRK1B,5.0
11667893,ABL1(T315I)p,5.0
10427712,HCK,5.0
208908,ARK5,5.0
11712649,MST4,5.0
447077,CDC2L1,5.0
9884685,ABL1(F317L),5.0
24889392,LOK,5.6777807052660805
17755052,CLK3,5.0
10127622,EPHA6,5.0
44150621,SLK,6.522878745280337
10427712,MARK3,5.0
3038525,EGFR(L747S752del),5.0
5329102,MST2,7.251811972993799
9926791,MEK6,5.0
11234052,CSK,5.0
5291,VRK2,5.0
11656518,CAMK2A,5.0
11338033,YSK4,5.0
9933475,EPHB4,5.958607314841775
10427712,RSK1(KinDom.2-C-terminal),6.657577319177793
3062316,SRC,9.67778070526608
11712649,ASK1,5.0
10127622,TGFBR2,5.0
9915743,CAMK2D,5.0
3038522,WEE2,5.0
51004351,FLT4,6.173925197299174
5494449,TTK,5.091514981121351
176167,EPHB4,5.0
6918454,AKT3,5.0
3038525,HIPK2,5.0
25243800,YSK4,8.292429823902063
176167,EGFR(L747T751del),5.0
11234052,JAK3(JH1domain-catalytic),5.0
3062316,AKT3,5.0
156414,LTK,5.292429823902063
11984591,EPHA1,7.173925197299174
5287969,LATS1,5.0
216239,MEK6,5.0
16007391,CDK4-cyclinD1,5.0
9915743,INSR,5.522878745280337
10138260,DMPK2,5.0
4908365,JAK3(JH1domain-catalytic),7.744727494896694
3081361,CHEK1,5.0
5291,DRAK2,5.0
11717001,ALK,5.0
3062316,EPHB4,9.468521082957745
10113978,STK35,5.0
151194,RSK3(KinDom.1-N-terminal),5.0
176155,GRK7,5.0
16007391,EGFR(L747S752del),5.055517327849832
153999,KIT(L576P),5.102372908709558
9926054,CAMKK1,5.0
9926791,MLK1,5.0
9915743,ABL1,5.0
6918454,JNK2,5.0
10074640,TIE2,5.0
3038525,MRCKB,5.0
25243800,CSNK2A1,5.920818753952375
5494449,DRAK2,5.0
644241,SYK,5.0
11427553,ABL1(Y253F),7.443697499232713
10074640,MAPKAPK2,5.0
9933475,MAP4K4,5.698970004336019
51004351,ABL1(F317I)p,5.0
25243800,IKK-beta,5.0
11364421,JAK3(JH1domain-catalytic),5.0
3038525,ERK8,5.0
5291,TYK2(JH2domain-pseudokinase),5.060480747381382
11234052,ERK1,5.0
216239,ULK3,5.0
11234052,RSK3(KinDom.1-N-terminal),5.0
51004351,BMPR1B,5.0
10127622,ABL1(H396P),5.0
6450551,JAK3(JH1domain-catalytic),5.508638306165728
156414,FLT3,5.568636235841013
3062316,DMPK2,5.920818753952375
11712649,INSRR,5.0
11667893,JNK2,5.0
11712649,ADCK3,5.0
11409972,JAK3(JH1domain-catalytic),6.585026652029182
9929127,ACVR2A,5.0
44150621,KIT(V559D-T670I),7.585026652029182
6450551,FLT3(N841I),6.698970004336019
25127112,TAOK3,6.229147988357856
24779724,SIK,5.0
11717001,EPHA3,5.0
51004351,STK33,6.721246399047171
3038522,FLT1,5.508638306165728
176870,ASK2,5.0
644241,MAP4K5,5.0
10138260,STK35,8.086186147616283
123631,MET(Y1235D),5.455931955649724
126565,CTK,6.013228265733755
3038525,ABL1(Q252H)p,5.0
11712649,TESK1,5.0
447077,HUNK,5.0
447077,MET(Y1235D),6.070581074285707
25127112,RIOK1,5.6020599913279625
5329102,CSF1R,8.602059991327963
11427553,MAPKAPK5,5.920818753952375
5291,TAOK2,5.0
44150621,MAP3K3,5.0
176167,ERK1,5.0
4908365,GAK,6.060480747381382
208908,STK35,5.0
11626560,HIPK4,5.443697499232713
10113978,MET(M1250T),5.468521082957745
644241,CAMK1G,5.0
5329102,TAOK2,5.0
216239,AAK1,5.0
10427712,WEE1,5.0
156414,TRKB,5.0
216239,ROCK2,5.0
9926791,EGFR(S752I759del),5.0
44259,CSNK1A1L,6.6020599913279625
11427553,BRSK1,5.721246399047171
176167,FLT4,5.42021640338319
11617559,MINK,5.0
208908,ADCK4,5.0
9809715,SNARK,7.67778070526608
9926054,CDK4-cyclinD3,5.0
24779724,LRRK2,5.0
11617559,MET,5.0
10184653,CAMK2B,5.0
44259,MKNK2,7.769551078621726
11626560,HUNK,5.0
176870,SNRK,5.0
11364421,LIMK2,5.0
11667893,EPHA7,5.0
4908365,GRK1,5.769551078621726
24889392,FES,5.0
644241,MEK2,5.0
5494449,CSNK1G3,5.0
208908,TNK2,5.0
10184653,BIKE,5.0
16722836,BMPR1A,5.0
11656518,EGFR(L747E749del),5.0
644241,ACVRL1,5.0
16038120,MLK3,6.376750709602099
11984591,MTOR,5.0
156414,ADCK4,5.468521082957745
24779724,KIT(A829P),5.0
24889392,HIPK2,5.0
126565,GCN2(KinDom2S808G),8.387216143280265
176155,TYK2(JH1domain-catalytic),5.0
3081361,CSF1R,5.920818753952375
10461815,MST2,5.721246399047171
644241,SIK,5.0
156422,GRK4,5.0
9809715,CDK7,6.522878745280337
24779724,ABL2,5.0
11234052,CAMKK1,5.0
11717001,CDC2L2,5.0
16007391,TNIK,5.070581074285707
11667893,PYK2,5.0
16725726,CAMKK1,5.0
44150621,FAK,5.0
16725726,ABL1(Y253F),5.0
10138260,CSNK1G3,6.2441251443275085
11314340,ADCK3,5.0
11234052,CAMK2D,5.0
644241,JAK1(JH1domain-catalytic),5.0
11626560,MEK4,5.0
11626560,EPHA7,6.327902142064283
176167,FLT3(K663Q),6.376750709602099
11667893,MKNK2,5.0
24889392,EPHA7,5.431798275933005
17755052,IKK-epsilon,5.0
208908,MAK,5.0
4908365,MST2,6.795880017344075
9933475,MARK1,5.0
11717001,MTOR,5.0
5328940,AKT2,5.0
24779724,MRCKB,5.0
10184653,MERTK,5.0
42642645,JAK2(JH1domain-catalytic),5.823908740944319
10127622,RET,5.0
51004351,ERK8,5.0
5328940,TYK2(JH2domain-pseudokinase),5.346787486224656
3081361,MINK,5.468521082957745
24889392,EGFR(L858R),5.0
176167,EGFR(L861Q),5.0
44150621,CSNK1D,5.0
16038120,IRAK4,7.113509274827519
11338033,ERN1,5.0
10113978,BMPR2,5.0
24779724,DRAK1,5.0
3025986,TRKC,5.0
25127112,BMPR1B,5.744727494896694
3038525,ABL1(H396P),5.0
9809715,ALK,7.508638306165728
447077,MRCKA,5.886056647693163
3025986,TESK1,5.0
25243800,CLK4,6.096910013008056
156422,RSK4(KinDom.2-C-terminal),5.0
6450551,CSK,5.958607314841775
3025986,ERK8,6.920818753952375
5494449,MST3,5.443697499232713
10461815,CDK9,5.744727494896694
16007391,TGFBR1,5.0
10427712,BMPR1A,5.0
44150621,GAK,6.309803919971486
176155,MARK1,5.0
9884685,STK33,5.0
11314340,ERK3,5.0
153999,MST4,5.0
4908365,CAMK2G,5.0
644241,LTK,5.0
9926054,ERK1,5.0
156414,EGFR(S752I759del),9.721246399047171
3025986,MARK3,5.0
10427712,EGFR(T790M),5.161150909262744
11656518,RSK3(KinDom.1-N-terminal),5.0
16722836,LOK,5.537602002101044
11667893,ERN1,5.0
3062316,WEE1,5.154901959985743
447077,BRAF(V600E),8.356547323513812
24180719,FER,5.0
176870,RPS6KA4(KinDom.1-N-terminal),5.0
11984591,ABL1(T315I)p,6.721246399047171
3062316,EPHA7,5.0
44259,CDK7,7.346787486224656
44259,BRAF,5.0
126565,EPHA4,5.769551078621726
11656518,RET(V804L),6.494850021680094
9933475,HUNK,5.0
16038120,STK36,5.853871964321762
11485656,MAPKAPK5,5.0
10074640,CDK2,5.0
9915743,CDKL3,5.0
3038525,LOK,5.0
9926054,WEE2,5.0
16725726,CLK3,5.0
16722836,DCAMKL3,7.886056647693163
16007391,GSK3A,5.0
153999,MST2,6.017728766960432
208908,MAPKAPK2,5.0
9933475,CLK3,5.0
9884685,MAP3K1,5.0
156414,CHEK1,5.0
3081361,HIPK4,5.0
11656518,STK33,5.0
176155,MAK,5.0
6450551,ERK1,5.0
11314340,AXL,5.0
42642645,DDR1,9.69897000433602
10427712,CAMK2B,5.0
11617559,CDKL5,5.0
9933475,CSNK1G1,5.0
24889392,MEK2,5.0
11656518,HIPK1,5.0
3038525,SNRK,5.0
4908365,YANK1,5.0
9884685,TNK1,5.0
5291,TRKC,5.0
10074640,MEK3,5.0
24180719,MINK,5.1487416512809245
5291,EGFR(L858R),5.0
44150621,KIT(A829P),7.346787486224656
10138260,MEK3,5.657577319177793
11717001,ABL1(T315I)p,5.0
126565,KIT,6.823908740944319
10461815,CSNK2A1,5.0
5329102,EGFR(S752I759del),5.0
17755052,EGFR(G719S),5.0
11364421,ERBB2,5.0
153999,YANK2,5.0
3025986,FLT3(ITD),5.0
10127622,AURKA,5.0
9933475,ULK3,5.0
10138260,RIOK3,5.013228265733755
5329102,CSNK1A1,7.00436480540245
9926054,TLK2,5.0
11234052,GRK1,5.0
16038120,ABL1(H396P),7.136677139879544
10427712,MERTK,5.0
11667893,AKT3,5.0
51004351,TSSK1B,5.318758762624413
216239,CHEK1,5.0
156422,DAPK1,5.0
3081361,DCAMKL2,5.0
11409972,ERK2,5.0
16038120,CAMK4,7.522878745280337
9933475,ERK8,5.0
24779724,CTK,5.0
16725726,DYRK1B,5.0
3038525,RPS6KA4(KinDom.2-C-terminal),5.0
24889392,MAST1,5.0
126565,FAK,5.958607314841775
3025986,CDK9,7.119186407719209
153999,ABL1p,5.0
11427553,CAMK2A,5.3979400086720375
5494449,RIOK2,6.6020599913279625
3062316,CAMK2B,5.0
176870,EPHA1,5.0
156414,EPHA6,6.568636235841013
9809715,TGFBR2,5.0
9884685,ROCK1,5.0
5328940,EPHB3,6.6777807052660805
10138260,STK36,5.0
10427712,RET(V804L),5.0
42642645,FLT3,9.045757490560677
208908,BMX,5.0
10127622,AKT2,5.0
16722836,LZK,6.229147988357856
11338033,FLT3(N841I),5.0
10138260,GSK3B,5.0
10113978,MAP4K3,5.795880017344075
16007391,DAPK1,5.0
176155,BMPR2,5.0
16722836,DMPK,6.0
10461815,AURKC,6.522878745280337
10427712,RPS6KA4(KinDom.2-C-terminal),5.0
42642645,LKB1,5.0
44259,KIT(D816H),9.366531544420411
4908365,INSR,6.481486060122113
5328940,VEGFR2,5.0
11984591,CSNK1G3,5.0
156414,MRCKB,5.0
9933475,TSSK1B,5.0
16722836,TRKA,6.075720713938118
5291,CAMK2A,5.0
153999,DYRK2,5.0
3062316,EPHB6,10.4089353929735
176155,MEK6,5.0
16722836,ACVR2A,5.0
11234052,MKNK1,5.0
11234052,MARK4,5.0
208908,AMPK-alpha2,5.0
11717001,RPS6KA5(KinDom.1-N-terminal),5.0
9926791,MARK4,5.0
16007391,MEK5,8.55284196865778
5287969,ABL1(Y253F),5.795880017344075
11717001,KIT(L576P),5.0
11427553,BTK,6.0
10074640,TAOK3,5.0
156422,MET(M1250T),5.0
11656518,MAP3K1,5.0
16038120,ABL1(T315I)p,8.267606240177031
11656518,FLT3(ITD),5.0
176870,TYK2(JH1domain-catalytic),5.0
5291,LRRK2(G2019S),5.0
17755052,LYN,5.0
16722836,BIKE,7.494850021680094
447077,CSNK1G1,5.0
5328940,CDK2,5.0
153999,EPHB6,5.0
176155,RSK1(KinDom.2-C-terminal),6.494850021680094
9933475,FLT3(D835Y),5.0
11667893,BTK,5.0
11364421,JNK3,5.958607314841775
9933475,ABL1p,7.10790539730952
11338033,FES,5.0
644241,TRKB,6.309803919971486
11485656,ERBB4,5.0
208908,GSK3B,5.0
9915743,ITK,5.0
156414,ULK3,5.327902142064283
9809715,MAP3K2,8.0268721464003
216239,TRKA,5.200659450546419
11314340,RSK4(KinDom.1-N-terminal),5.0
10113978,EPHA6,5.0
9926791,ABL1(F317L),5.0
11338033,STK16,5.0
11617559,TNK1,5.0
9884685,IKK-alpha,5.769551078621726
10184653,SIK,5.0
9884685,RIPK2,5.0
3038522,MST4,5.0
9915743,ROCK2,5.0
4908365,STK35,5.494850021680094
9933475,GSK3B,5.0
10184653,MAP3K2,5.0
11314340,TAOK1,6.327902142064283
3062316,MTOR,5.0
5494449,CHEK1,5.060480747381382
10074640,CAMKK2,5.0
176870,JAK1(JH2domain-pseudokinase),5.0
153999,ROS1,5.236572006437063
17755052,CSNK2A1,5.0
24180719,BRK,7.318758762624413
447077,FLT3(D835H),5.795880017344075
10427712,TRPM6,8.102372908709558
11617559,CSK,5.0
11409972,TAOK2,7.356547323513813
11712649,IRAK3,5.853871964321762
11364421,MAP3K1,5.0
151194,FGFR2,5.0
156422,CSNK2A1,5.0
16725726,ASK1,5.0
11234052,CSNK1G2,5.0
9926054,TYK2(JH1domain-catalytic),5.0
10127622,CDK2,5.0
3038522,HCK,5.0
11338033,SNRK,5.0
11984591,FLT3(R834Q),8.356547323513812
176167,DLK,5.0
126565,CDK4-cyclinD3,7.455931955649724
51004351,AKT1,6.022276394711152
11427553,CDK11,5.0
208908,TRKB,5.0
3038522,RET(M918T),5.0
153999,ABL1(H396P)p,5.0
10427712,FER,5.0
16007391,SgK110,5.0
4908365,DCAMKL3,5.0
11617559,ACVR1,5.0
208908,CAMK2A,5.0
16725726,CDC2L2,5.0
5328940,EPHA7,5.0
447077,AURKB,5.0
11314340,MRCKA,6.42021640338319
9884685,DAPK1,5.619788758288394
11427553,LIMK2,5.0
447077,MARK3,6.130768280269024
10184653,EGFR(L747S752del),9.920818753952377
10113978,MTOR,5.0
5494449,YES,6.327902142064283
44259,MEK3,8.301029995663981
10127622,FAK,5.0
16038120,HIPK2,5.356547323513813
3081361,ABL1,7.318758762624413
10461815,TRKA,6.494850021680094
5291,CLK1,5.346787486224656
123631,IKK-epsilon,5.0
25243800,HIPK4,5.657577319177793
176155,RSK3(KinDom.2-C-terminal),5.0
24779724,CAMK1,5.0
3081361,CSNK1D,5.0
9929127,ABL1(F317I)p,5.0
11667893,MAP3K1,5.0
151194,CAMKK1,5.0
11626560,YES,6.113509274827519
156414,EGFR(T790M),10.0
5287969,CAMKK2,6.366531544420414
126565,EGFR,5.958607314841775
3038525,EPHA4,5.0
17755052,MEK1,5.0
11338033,RIOK3,5.0
11364421,VEGFR2,5.0
5329102,CAMKK2,5.823908740944319
9933475,RPS6KA5(KinDom.2-C-terminal),5.0
644241,STK16,5.0
11617559,MAP3K4,5.0
123631,LRRK2(G2019S),5.0
11234052,ALK,5.0
10074640,RIPK5,5.0
17755052,AKT1,5.0
11427553,IKK-beta,6.366531544420414
151194,BLK,5.0
644241,LIMK2,5.0
3038522,ABL1(H396P)p,5.0
9884685,ERK3,5.0
11656518,AKT2,5.0
25243800,MEK5,8.136677139879545
3081361,FRK,6.769551078621726
5329102,FLT1,8.744727494896694
208908,EPHB4,5.0
11717001,MST3,5.0
9926054,FYN,5.0
11338033,BMPR2,5.0
3038522,AMPK-alpha2,5.0
9926054,AXL,5.0
644241,BRSK1,5.0
10427712,IRAK1,5.0
11617559,STK35,5.0
447077,CDC2L5,5.0
153999,RSK2(KinDom.1-N-terminal),5.443697499232713
10184653,LATS1,5.0
9929127,MINK,5.0
5291,FLT3(ITD),5.200659450546419
3025986,SRPK3,5.0
11667893,SRMS,5.0
44259,FRK,7.346787486224656
9926791,CDKL1,5.0
16722836,ANKK1,5.366531544420414
9809715,TIE2,5.853871964321762
11364421,DYRK1A,5.0
11338033,FLT1,5.0
10138260,CLK1,6.443697499232713
17755052,MARK1,5.0
11485656,ACVR1B,5.0
9809715,GAK,5.0
11656518,KIT(D816V),5.2076083105017466
51004351,TAOK1,5.0
10461815,TSSK1B,5.6777807052660805
9915743,CTK,5.0
6918454,JAK3(JH1domain-catalytic),5.0
11234052,ZAK,5.0
3038525,CAMK2G,5.0
10127622,TSSK1B,5.0
10074640,RSK1(KinDom.2-C-terminal),5.0
11984591,SRPK2,5.0
11234052,KIT(A829P),5.0
25127112,LZK,5.0
16038120,TYRO3,5.142667503568732
10138260,RSK3(KinDom.2-C-terminal),5.017728766960432
9915743,ACVR1B,5.0
9884685,MAP3K2,5.0
3038525,CSNK2A1,5.0
16007391,EGFR(S752I759del),5.2839966563652006
11364421,IGF1R,5.0
11712649,IKK-epsilon,5.0
153999,ABL1,5.0
11427553,EGFR(S752I759del),5.0
10427712,GRK7,5.0
24779724,IRAK3,5.0
11234052,ABL1(T315I),5.769551078621726
10113978,TAK1,5.0
156422,SRPK3,5.0
9926791,TAK1,5.0
3081361,LCK,7.769551078621726
9915743,CSNK1A1L,5.0
11338033,AKT2,5.0
10427712,DYRK1A,6.173925197299174
9933475,ERK1,5.0
447077,RPS6KA4(KinDom.2-C-terminal),5.0
11314340,CSNK1G3,6.040958607678906
4908365,RIPK5,6.130768280269024
10127622,LATS2,5.0
3062316,FGFR3,5.4089353929735005
44150621,FGR,6.721246399047171
9926791,RAF1,5.0
9926054,KIT(L576P),5.4089353929735005
4908365,YSK4,7.4089353929735005
156414,LZK,5.0
16007391,JNK3,5.0
9884685,JAK3(JH1domain-catalytic),5.0
11427553,EPHB6,6.886056647693163
3081361,RIPK4,6.2076083105017466
16725726,GAK,5.0
11409972,MST1R,6.318758762624413
24779724,RET(M918T),5.0
9809715,MAP4K2,6.537602002101044
9884685,CDC2L2,5.0
10184653,FLT3(N841I),5.2076083105017466
10074640,IRAK3,5.0
11427553,ABL1(Q252H),7.327902142064283
9915743,ABL1(F317L)p,5.0
11409972,MST3,5.886056647693163
5494449,LCK,7.214670164989233
11617559,CAMK4,5.0
4908365,CLK4,5.886056647693163
16038120,TXK,6.318758762624413
5329102,SLK,7.251811972993799
176870,MST4,5.0
10127622,RSK4(KinDom.1-N-terminal),5.0
10461815,EPHA5,5.0
11338033,STK33,5.0
3062316,RPS6KA4(KinDom.2-C-terminal),5.0
3038525,ACVR1B,5.0
11656518,MEK3,5.0
51004351,CLK4,6.3872161432802645
11364421,EIF2AK1,5.0
11656518,SNARK,5.0
176870,AMPK-alpha2,5.0
9926791,CDK4-cyclinD1,5.0
10138260,CSNK2A2,6.522878745280337
25127112,RIPK5,5.0
11617559,ABL1(Q252H),5.0
9929127,IRAK4,5.0
123631,IKK-alpha,5.0
11656518,ITK,5.0
24180719,DRAK1,5.0
44259,EPHA8,6.721246399047171
9809715,BLK,6.42021640338319
42642645,ERN1,5.0
9926054,ABL1(H396P),5.0
9926054,SGK3,5.0
11234052,VRK2,5.0
51004351,JNK1,5.356547323513813
208908,IKK-alpha,5.0
44259,AKT2,7.356547323513813
16722836,IRAK4,5.920818753952375
16038120,RET(V804L),6.920818753952375
151194,EPHA2,5.0
644241,CDKL5,5.0
5328940,BRAF,5.0
11485656,MTOR,5.0
42642645,ANKK1,5.823908740944319
24889392,EGFR,5.0
176155,TLK2,5.0
176167,ASK2,5.0
10184653,MST1R,5.0
176167,CDKL3,5.0
9933475,EPHA2,5.0
4908365,FAK,5.431798275933005
10074640,EPHB1,5.0
11338033,ADCK3,5.0
5494449,CDK3,5.0
11234052,TESK1,5.0
9884685,BIKE,5.0
11712649,CDK11,5.0
4908365,ACVR1,6.4089353929735005
11338033,KIT(L576P),5.0
176870,WEE2,5.0
9884685,RPS6KA4(KinDom.1-N-terminal),5.0
644241,DYRK1A,5.0
208908,EGFR(L747T751del),8.455931955649724
5291,ULK3,5.0
176167,EGFR(S752I759del),5.0
176870,CASK,5.0
3038522,ABL1(F317I),5.0
6918454,BRAF,5.0
5291,SRPK3,5.0
16722836,TESK1,5.494850021680094
5287969,MLK2,5.2839966563652006
11338033,IKK-epsilon,5.0
3062316,MAP3K15,5.0
156422,IKK-epsilon,5.0
156422,CDKL1,5.0
176167,CAMK1G,5.0
3038525,EPHB3,5.0
11364421,CSNK2A2,5.0
51004351,ABL1(H396P)p,5.251811972993799
11485656,GSK3A,5.0
9884685,LYN,5.0
11427553,ABL1,7.200659450546419
11427553,MARK2,6.356547323513813
151194,MEK3,5.0
3038522,CSNK1G1,5.0
126565,CDK3,6.376750709602099
5328940,TIE2,5.4089353929735005
11984591,CSNK1G1,5.0
51004351,MST1R,5.0
3081361,CSNK1A1L,5.0
42642645,YSK1,5.2441251443275085
123631,PYK2,5.0
11667893,ERBB4,5.0
3038525,CDKL2,5.0
17755052,ADCK4,5.0
11667893,ARK5,5.0
17755052,TRKC,5.0
10184653,RPS6KA5(KinDom.1-N-terminal),5.0
10427712,BRK,5.301029995663981
126565,ADCK3,5.0
11712649,ERK2,5.0
51004351,RPS6KA4(KinDom.1-N-terminal),6.585026652029182
5494449,SRMS,5.0
24779724,BRAF(V600E),5.0
5328940,RSK1(KinDom.2-C-terminal),5.0
156422,ZAK,6.0655015487564325
11314340,TESK1,5.0
9809715,CDK2,5.853871964321762
44259,JNK3,6.958607314841775
10113978,BRSK2,5.0
9884685,ABL1(E255K),5.0
25127112,EGFR(L858R),5.0
6450551,STK33,5.0
10113978,LIMK1,6.142667503568732
126565,SgK110,6.920818753952375
6450551,MET,6.086186147616283
16007391,ACVRL1,5.0
10184653,SLK,5.431798275933005
11667893,JAK2(JH1domain-catalytic),5.0
123631,RIPK2,6.275724130399211
24779724,MARK2,5.0
11656518,BRK,5.443697499232713
10427712,EGFR(L747S752del),5.6020599913279625
9933475,CAMKK1,5.0
16007391,EPHA1,5.0
176155,AMPK-alpha2,5.0
5287969,AURKA,5.0
176167,RAF1,5.0
11338033,CSNK1G1,5.0
24180719,MARK4,5.0
9809715,FLT1,7.200659450546419
11712649,RET(V804M),5.0
10113978,MAP3K4,5.0
9809715,SIK2,6.552841968657781
11234052,DLK,5.0
5494449,EPHB2,5.251811972993799
24889392,WEE2,5.0
156422,AURKB,5.0
11314340,EGFR(L858R),5.0
176870,ANKK1,5.0
151194,TYK2(JH1domain-catalytic),5.0
4908365,MLCK,7.376750709602099
123631,EPHB6,5.494850021680094
5328940,MKK7,5.275724130399211
10461815,CDKL3,5.0
24180719,DDR2,5.3872161432802645
10461815,JNK2,5.0
151194,CDK2,5.0
176870,DDR2,5.0
9926791,MLCK,5.0
123631,ACVR2B,5.0
176870,SBK1,5.920818753952375
11234052,GCN2(KinDom2S808G),5.0
11364421,CSNK1A1,5.508638306165728
156414,ITK,5.251811972993799
16007391,MEK2,5.376750709602099
11314340,EGFR(G719C),5.0
24180719,ULK3,5.0
44150621,TAK1,6.200659450546419
9933475,TIE2,6.853871964321762
10113978,MLK3,6.130768280269024
24779724,STK33,5.0
51004351,JAK2(JH1domain-catalytic),7.026872146400302
447077,EPHB3,6.468521082957745
25127112,FES,5.0
9884685,MST3,5.0
11667893,BMX,5.0
11234052,RET(V804L),5.0
11485656,GRK7,5.0
176870,YANK1,5.0
24889392,MST2,5.0
44150621,EGFR(E746A750del),5.0
11338033,ARK5,5.0
11234052,FLT3(D835Y),5.0
4908365,FLT3(R834Q),7.10790539730952
5494449,TESK1,5.251811972993799
11712649,ZAP70,5.0
3038522,MAPKAPK2,5.0
208908,BRAF(V600E),5.0
5494449,CDK9,5.0
11314340,LTK,5.0
3081361,RPS6KA4(KinDom.2-C-terminal),5.0
176870,LTK,6.050609993355088
176155,CLK2,5.0
3062316,EGFR(L858R),6.920818753952375
123631,AKT1,5.0
3062316,LRRK2(G2019S),5.0
11338033,SRPK3,5.0
447077,LZK,5.0
3062316,ROS1,5.0
123631,MAST1,5.0
11427553,IKK-alpha,6.744727494896694
11656518,PYK2,5.0
11984591,FLT3,9.148741651280924
5494449,SIK2,5.769551078621726
10427712,JAK2(JH1domain-catalytic),5.0
216239,CSNK1A1,5.0
11234052,CDKL3,5.0
11338033,ABL1(F317I)p,5.0
16722836,ABL1(Q252H),6.958607314841775
25127112,ALK,5.823908740944319
11409972,ERBB4,5.0
3025986,MARK2,5.0
10113978,WEE2,5.0
11338033,ACVR1,5.0
176870,BRK,5.0
447077,EGFR(G719S),6.200659450546419
24889392,IKK-alpha,5.0
51004351,EGFR(S752I759del),5.744727494896694
208908,BTK,5.0
123631,RSK4(KinDom.1-N-terminal),5.0
9884685,EGFR(L747S752del),5.0
5329102,LATS2,6.337242168318426
11656518,CDK5,5.0
11667893,RIOK1,5.0
11712649,CDKL5,5.0
16038120,CDC2L2,5.0
16038120,DMPK2,5.022276394711152
176167,RIOK1,5.0
3062316,MARK3,5.0
11364421,FAK,6.823908740944319
16722836,VRK2,5.0
5291,RIOK2,5.0
3038522,GCN2(KinDom2S808G),5.0
11626560,AAK1,5.638272163982407
11485656,AKT2,5.0
5494449,ERK2,5.0
126565,CSK,6.585026652029182
10184653,FGFR1,5.0
151194,ABL1(H396P)p,5.0
11234052,EPHA2,5.0
3038525,BMPR1A,5.0
10461815,BLK,5.721246399047171
24180719,CSNK1G1,5.0
156414,BLK,7.346787486224656
9933475,EGFR(S752I759del),5.823908740944319
9926054,DLK,5.0
6918454,ERK5,5.0
3081361,ABL1(F317I)p,6.769551078621726
10074640,SRC,6.045757490560675
3081361,GSK3A,5.0
11485656,ABL1(H396P),5.0
4908365,ABL1(M351T),6.638272163982407
3062316,GSK3B,5.0
51004351,SNRK,5.0
11427553,EPHB4,5.537602002101044
24779724,EGFR(G719C),5.0
176167,ZAK,5.0
11717001,MAK,5.0
10113978,YSK4,6.026872146400302
11717001,MLK3,5.0
6918454,QSK,5.0
11364421,TBK1,5.0
9884685,EPHA1,5.0
5287969,ULK2,6.327902142064283
16722836,FLT1,5.366531544420414
11617559,CLK2,5.0
25243800,CSNK1D,6.494850021680094
5328940,DMPK,7.040958607678906
5329102,BMPR2,6.2441251443275085
5329102,CLK1,7.657577319177794
11314340,CTK,5.0
4908365,ROCK2,5.0
11656518,MET(M1250T),5.0
3062316,ABL1(H396P)p,10.337242168318426
25127112,CSNK1A1,5.744727494896694
5494449,GSK3B,5.0
644241,TSSK1B,5.0
176155,KIT(V559D-V654A),5.0
5494449,AMPK-alpha2,6.455931955649724
42642645,FRK,8.42021640338319
17755052,GRK4,5.0
51004351,MET(Y1235D),6.251811972993799
216239,KIT(V559D),7.795880017344075
5329102,MAP3K1,5.0
10127622,MLCK,5.0
51004351,MET,6.161150909262744
11338033,EGFR(L858R),5.0
9933475,LOK,7.638272163982407
123631,RET(V804L),5.0
4908365,TIE1,5.0
9884685,ABL1(T315I)p,5.0
10127622,ABL1(F317L)p,5.0
10113978,ULK1,5.0
176870,FLT3(D835Y),6.886056647693163
11427553,FGR,6.356547323513813
9933475,EPHA6,7.443697499232713
11234052,EGFR(S752I759del),5.0
16725726,KIT(L576P),5.585026652029182
17755052,GRK1,5.0
11617559,LOK,5.0
11717001,BLK,5.0
51004351,CSNK1D,5.0
151194,CAMKK2,5.0
10074640,MRCKA,5.0
24889392,LTK,5.0
16007391,STK35,5.0
3025986,FGFR4,5.0
9933475,TRPM6,5.0
11984591,TEC,5.795880017344075
44259,STK16,6.568636235841013
151194,TGFBR1,5.0
5328940,EGFR(E746A750del),7.744727494896694
3025986,TXK,5.0
176870,MAK,5.0
9933475,MARK2,5.0
44259,TESK1,6.494850021680094
11314340,SIK2,5.0
17755052,EGFR(L861Q),5.0
126565,SGK3,8.236572006437063
10138260,MTOR,5.0
11656518,IRAK3,5.0
9926791,CAMKK2,5.0
3081361,MEK3,5.0
11364421,RSK1(KinDom.1-N-terminal),5.267606240177032
176870,EGFR(E746A750del),9.318758762624412
153999,MELK,5.0
123631,YANK2,5.0
151194,SRMS,5.0
5287969,RIOK1,5.0
51004351,MKNK2,6.022276394711152
11656518,BRAF(V600E),6.481486060122113
3081361,DAPK1,5.0
16007391,MAP4K5,6.795880017344075
11617559,SRMS,5.0
151194,CDK8,5.346787486224656
6450551,SLK,6.0
3038525,KIT(L576P),5.0
3062316,EPHB2,9.4089353929735
5494449,MET(Y1235D),6.443697499232713
11717001,IRAK3,5.0
11667893,TAK1,5.886056647693163
176870,BRSK1,5.0
126565,AXL,7.455931955649724
208908,RIPK5,5.0
16725726,RET(V804L),5.0
44150621,RSK4(KinDom.2-C-terminal),5.0
24889392,BRK,5.0
3038522,JNK2,5.0
176155,HIPK2,5.0
5329102,ERK8,5.0
17755052,FLT1,5.0
5287969,ALK,6.173925197299174
3038522,ABL2,5.0
9933475,DRAK2,5.0
25127112,CLK3,5.0
11314340,MET,5.0
10138260,MELK,6.468521082957745
644241,ABL1(M351T),7.823908740944319
6450551,INSRR,5.0
25127112,WEE1,5.0
11656518,TLK2,5.0
9884685,RSK3(KinDom.1-N-terminal),5.0
3038525,TNIK,5.0
24889392,GAK,5.0
9933475,MET(Y1235D),6.251811972993799
3062316,ERK4,5.0
6918454,ZAP70,5.0
151194,TYRO3,5.0
11409972,FGFR1,6.2076083105017466
16722836,FRK,6.698970004336019
5287969,EGFR(S752I759del),5.853871964321762
16722836,FER,5.958607314841775
10138260,EPHB1,5.366531544420414
176155,GRK1,5.0
10461815,STK33,6.075720713938118
10184653,DLK,5.0
9884685,ABL1(M351T),5.0
11485656,TYRO3,5.0
10138260,EGFR(L858R),5.0
156414,RSK3(KinDom.2-C-terminal),5.0
16038120,ABL1(F317I),7.031517051446065
11234052,TGFBR2,5.0
11234052,DMPK,5.0
9809715,MST2,7.42021640338319
5328940,CHEK2,6.920818753952375
9884685,SBK1,5.0
156414,EPHB4,5.744727494896694
3062316,FLT3(N841I),5.154901959985743
5328940,BMPR1B,5.0
5328940,CDC2L1,5.0
9929127,ABL1(E255K),5.0
10461815,DAPK2,5.0
9929127,EPHA6,5.0
11338033,TSSK1B,5.0
5291,TNK2,5.0
11427553,DRAK1,8.537602002101044
10138260,FLT3(K663Q),9.154901959985745
10138260,ABL1(Y253F),6.236572006437063
25243800,KIT(D816H),5.455931955649724
176155,ACVRL1,5.0
176167,ALK,5.0
11656518,SRPK3,5.0
10184653,HIPK3,5.0
10461815,EPHB6,5.537602002101044
9926791,LZK,5.0
156414,WEE1,5.0
3081361,EPHB3,5.0
176155,AURKC,5.0
25243800,KIT,6.443697499232713
10138260,BRAF(V600E),5.0
123631,AURKC,5.0
16725726,STK16,5.0
16038120,VRK2,5.0
11712649,LIMK2,5.0
156422,TYK2(JH2domain-pseudokinase),5.0
126565,BMPR1A,6.022276394711152
4908365,HIPK2,5.443697499232713
11338033,DYRK1B,6.537602002101044
3081361,TESK1,5.431798275933005
3062316,MAK,5.0
5329102,CDC2L5,5.0
156422,RSK3(KinDom.2-C-terminal),5.0
17755052,CDK11,5.0
11712649,MLK2,5.0
644241,HPK1,6.050609993355088
3062316,SGK3,5.0
10184653,JAK2(JH1domain-catalytic),5.0
10138260,ROS1,5.0
44150621,JAK3(JH1domain-catalytic),6.3872161432802645
11712649,RIPK4,5.0
9915743,MARK3,5.0
4908365,HPK1,6.431798275933005
3025986,TTK,5.0
10127622,LATS1,5.0
11712649,CSNK1E,5.0
11234052,ICK,5.0
176155,EPHB6,5.508638306165728
216239,STK35,5.0
25127112,CAMK1D,6.920818753952375
11656518,RET(V804M),7.050609993355088
176870,TNNI3K,6.2441251443275085
176155,ABL1(E255K),5.0
16007391,ZAK,5.769551078621726
11409972,ADCK3,5.0
5494449,CAMKK2,5.0
5329102,EGFR(L747T751del),5.0
176155,LATS2,5.0
9884685,MKNK2,5.0
3081361,MEK2,5.958607314841775
11717001,LATS2,5.0
9929127,MAPKAPK2,5.0
24180719,MKNK2,5.0
156422,MEK1,5.0
16722836,JAK2(JH1domain-catalytic),8.958607314841775
9933475,CDKL2,5.0
11626560,EPHB1,6.920818753952375
9933475,TRKA,5.0
11712649,RSK4(KinDom.1-N-terminal),5.0
151194,MTOR,5.0
24779724,LZK,5.0
10127622,LYN,5.0
10184653,RIPK1,5.0
6918454,EPHA8,5.0
24180719,MKK7,5.0
11712649,MRCKB,5.0
208908,DRAK2,5.0
126565,STK39,5.958607314841775
3062316,TXK,8.67778070526608
11717001,MET(M1250T),5.0
6450551,EPHA4,5.0
10184653,MTOR,5.0
176155,TAOK2,5.0
5287969,RSK3(KinDom.2-C-terminal),5.823908740944319
176870,DCAMKL3,5.0
10461815,CAMK1D,5.823908740944319
4908365,KIT(V559D-V654A),8.221848749616356
176155,ICK,5.0
6450551,STK16,6.431798275933005
44150621,RIOK2,6.585026652029182
151194,FLT3(D835Y),5.0
10461815,JAK1(JH2domain-pseudokinase),5.568636235841013
51004351,FGFR3,5.769551078621726
6918454,AAK1,5.0
10184653,DAPK2,5.0
208908,YANK1,5.0
44259,AKT3,6.769551078621726
10127622,WEE2,5.0
24889392,AKT1,5.0
44150621,MRCKB,5.0
4908365,CLK3,5.0
3038525,GCN2(KinDom2S808G),5.0
10184653,MAP4K5,5.0
3025986,ABL1(E255K),5.0
11717001,STK39,5.0
10113978,ABL1(M351T),6.251811972993799
11984591,PYK2,7.537602002101044
9809715,EGFR(L858RT790M),5.0
17755052,EGFR(L858RT790M),5.0
16007391,ICK,5.0
44150621,IRAK1,6.769551078621726
176870,TSSK1B,5.0
9809715,RAF1,5.0
5287969,ERK2,5.0
208908,PYK2,5.0
3038522,CDK11,5.0
44150621,ZAP70,5.0
10127622,TESK1,5.0
216239,SNRK,5.0
216239,IKK-alpha,5.0
11617559,BMPR1B,5.0
10127622,RSK3(KinDom.1-N-terminal),5.0
10127622,IKK-epsilon,5.0
44259,KIT(V559D-V654A),7.42021640338319
16722836,RET(M918T),6.823908740944319
11667893,DAPK1,5.0
9926054,ASK1,5.0
3038522,SgK110,5.0
3062316,TEC,7.886056647693163
5494449,GSK3A,5.0
9926054,BLK,5.0
10074640,GRK7,5.0
6918454,VEGFR2,5.0
16725726,GRK7,6.42021640338319
123631,HIPK4,6.508638306165728
11409972,TSSK1B,5.0
5287969,LOK,5.0
447077,ABL1(H396P),9.200659450546418
5494449,S6K1,5.0
16725726,BRSK1,5.0
5291,CAMK4,5.0
10427712,MLCK,5.0
4908365,CSNK2A2,5.2076083105017466
3038525,EGFR(L747E749del),5.0
9933475,YSK4,6.6020599913279625
11617559,ERK1,5.0
11712649,CAMK2D,5.0
25243800,ACVR1,8.397940008672037
156414,SRPK1,5.0
3038522,KIT(V559D-T670I),5.958607314841775
25243800,MST1R,5.0
11485656,MKK7,5.0
11427553,TSSK1B,5.638272163982407
10127622,MST4,5.0
11364421,SNRK,5.0
24180719,EPHA8,5.0
5328940,CAMK2D,5.0
9915743,ERK4,5.0
11712649,FGFR3,5.920818753952375
11427553,MARK3,5.886056647693163
3038522,DMPK,5.0
16038120,ERN1,6.744727494896694
3038525,TLK2,5.0
24779724,TIE2,5.0
3062316,MELK,5.0
42642645,ERK1,5.0
16725726,MLK2,5.0
4908365,SNARK,6.886056647693163
24180719,BRAF,6.481486060122113
4908365,FRK,5.259637310505756
176167,GRK4,5.0
24889392,SGK3,5.0
123631,IRAK4,6.267606240177032
156414,HIPK3,5.0
24180719,CHEK2,5.0
42642645,EGFR(S752I759del),5.958607314841775
208908,EPHB2,5.0
126565,RIPK2,6.1938200260161125
11656518,CAMKK1,5.0
9929127,YANK1,5.0
11617559,FGR,5.0
16722836,CHEK1,5.42021640338319
11717001,CHEK2,5.0
176155,DCAMKL1,5.0
156422,BRAF(V600E),5.0
24889392,LKB1,5.0
3081361,TNIK,5.638272163982407
10138260,RET(M918T),7.619788758288394
4908365,CDKL2,5.0
11364421,LRRK2,5.0
11712649,GRK1,5.0
3038522,KIT(D816H),6.920818753952375
156422,KIT(D816H),5.0
42642645,CDK8,6.886056647693163
44259,CDKL2,6.292429823902063
5291,IKK-alpha,5.0
11485656,ARK5,5.0
16725726,SgK110,5.0
5328940,TRPM6,5.0
11626560,EPHB4,6.2441251443275085
3038522,HIPK1,5.0
5328940,ABL1(Q252H)p,10.4089353929735
11338033,RIOK1,5.0
9933475,MST1R,5.537602002101044
9926054,CAMKK2,5.0
11485656,FLT3(D835H),8.568636235841012
216239,HIPK1,5.481486060122113
11314340,AKT1,7.119186407719209
9809715,EPHA6,6.026872146400302
9915743,KIT(V559D-T670I),5.0
10427712,LATS2,5.744727494896694
9929127,CSNK2A1,5.0
208908,SYK,5.0
176155,TYK2(JH2domain-pseudokinase),5.698970004336019
153999,ABL1(F317I),5.0
9884685,MEK3,5.0
11617559,MAP4K3,5.0
11656518,YANK1,5.0
5287969,TEC,5.0
11338033,EPHA7,5.0
11712649,ABL1(Q252H)p,5.886056647693163
3062316,TBK1,5.0
24889392,JNK3,5.0
6450551,FER,5.0
3038525,TBK1,5.0
5291,ACVR2A,5.0
5329102,MKK7,5.0
17755052,MLK2,5.0
208908,ERBB2,8.154901959985743
11626560,BRAF(V600E),5.0
9915743,MTOR,5.0
11626560,FLT3(K663Q),6.045757490560675
216239,ACVR1,5.0
10184653,EPHB2,5.0
25243800,RIPK2,7.113509274827519
9884685,ASK2,5.0
17755052,STK33,5.0
10074640,HIPK4,5.0
9926054,CLK3,5.0
44150621,INSRR,5.0
176167,FGFR3,5.0
126565,EGFR(L861Q),6.096910013008056
3038525,DRAK2,5.0
11338033,IRAK3,5.0
10113978,CDK9,5.0
16722836,MAST1,5.0
5329102,TNIK,7.602059991327962
6918454,KIT(A829P),5.0
11364421,FLT3(N841I),5.0
176155,MAP3K4,5.0
11667893,ERK3,5.0
11314340,CHEK2,5.008773924307505
11338033,YANK2,5.0
44150621,CDKL1,5.0
5287969,ADCK4,5.0
447077,EPHA1,8.187086643357144
208908,FES,5.0
10127622,ADCK3,5.0
156414,RPS6KA4(KinDom.1-N-terminal),5.0
176155,BRAF(V600E),6.275724130399211
176870,MEK2,5.0
5287969,JAK1(JH1domain-catalytic),5.0
5291,TLK2,5.0
153999,FLT1,5.0
156414,ERK1,5.0
11617559,INSRR,5.0
5329102,SRMS,5.0
9929127,ULK2,5.0
123631,MST3,5.0
3025986,CSNK1G2,5.0
9933475,BRAF(V600E),5.0
11656518,RIOK3,5.0
16007391,AKT1,5.0
123631,MAK,5.0
25243800,CAMK1,5.0
5287969,CASK,5.0
5328940,SNARK,6.657577319177793
11485656,ANKK1,5.0
24889392,GRK4,5.0
17755052,FGFR3,5.0
16038120,RAF1,5.0
4908365,FLT3(N841I),7.886056647693163
24889392,AURKA,5.0
24180719,TLK2,5.0
11234052,CAMKK2,5.0
9915743,DDR1,5.0
11712649,ROCK2,5.0
11314340,ACVR1,5.0
17755052,ERK4,5.0
10461815,DCAMKL2,6.00436480540245
11656518,TRKC,5.0
3038522,MAP4K4,5.0
176155,IKK-alpha,5.0
10113978,ACVR1B,5.0
10127622,GRK7,5.0
5494449,JAK1(JH2domain-pseudokinase),5.0
3038522,AKT3,5.0
176167,CDK11,5.0
17755052,JAK1(JH1domain-catalytic),5.0
3081361,RAF1,5.0
10427712,FLT3,5.0
10184653,GSK3B,5.0
24779724,HIPK1,5.0
16722836,ERBB2,5.0
10427712,ABL1(T315I)p,6.050609993355088
176870,ABL1(H396P)p,7.236572006437063
24889392,RIPK5,5.0
11234052,QSK,5.0
9926791,AURKB,5.0
11712649,BMPR2,5.0
11667893,RSK4(KinDom.2-C-terminal),5.0
3025986,TAOK2,5.744727494896694
24889392,TAOK3,5.0
208908,DMPK2,5.0
5494449,EPHB3,5.0
9809715,YANK3,5.0
5287969,TBK1,6.327902142064283
11984591,EGFR(S752I759del),6.346787486224656
16725726,MKNK2,5.0
10138260,CSNK1G1,6.0
16007391,EGFR(L747T751del),5.455931955649724
42642645,AKT2,5.0
156414,DAPK1,5.0
11314340,GRK1,5.0
151194,TRKC,5.0
11712649,MAP4K3,5.0
11984591,ROS1,7.537602002101044
9929127,CDKL2,5.0
3081361,TSSK1B,5.0
3038522,FLT3(D835H),6.508638306165728
9933475,ITK,5.0
216239,MST4,5.0
6450551,TYK2(JH2domain-pseudokinase),5.0
11617559,MRCKA,5.0
156414,CTK,5.0
5328940,RIPK4,5.0
51004351,RET(V804L),7.568636235841013
16725726,TTK,5.0
16038120,IKK-beta,5.0
176870,RSK3(KinDom.1-N-terminal),5.0
11338033,VRK2,5.0
16725726,CAMK2G,5.0
16722836,ERBB3,5.0
24889392,TNIK,5.552841968657781
11338033,DCAMKL2,5.585026652029182
25127112,LYN,5.0
10138260,ERK2,5.0
3038522,CDK5,5.0
6918454,FLT3(D835Y),5.0
3025986,TNK2,5.0
9809715,SRPK1,7.431798275933005
11427553,ERK3,5.259637310505756
156414,ZAP70,5.0
5291,CSNK2A1,5.0
9809715,YSK1,5.0
208908,ERBB3,5.259637310505756
11364421,RIPK4,5.0
208908,DLK,5.0
42642645,RIPK4,6.045757490560675
176167,BTK,5.0
3081361,JAK2(JH1domain-catalytic),5.0
10184653,SRPK1,5.0
51004351,IRAK3,6.744727494896694
44259,DRAK1,7.853871964321762
42642645,TIE1,9.102372908709558
24180719,MEK4,6.721246399047171
3025986,SRMS,5.0
3025986,BRAF(V600E),5.795880017344075
11656518,CLK4,5.0
3062316,HIPK4,5.0
51004351,MAP3K1,5.0
16038120,FGR,6.920818753952375
3025986,HIPK3,5.698970004336019
3038525,ABL1(E255K),5.0
644241,CSNK1G3,5.0
3081361,RIOK1,5.0
10113978,LRRK2(G2019S),5.0
3081361,CDK4-cyclinD3,5.0
11626560,EPHA1,6.853871964321762
3062316,CSNK2A1,5.0
11314340,RIPK4,5.0
123631,MEK3,5.0
9929127,ABL1p,5.0
9926791,FGFR3,5.0
11234052,ERBB2,5.0
11364421,FLT3(R834Q),5.0
10138260,ASK2,5.0
51004351,TAOK2,5.0
44259,ERK8,7.455931955649724
123631,RIPK5,5.0
9915743,CSNK1G3,5.10790539730952
3038525,FGFR4,5.0
42642645,DAPK3,5.508638306165728
11364421,DDR2,5.0
216239,MRCKB,5.0
123631,MRCKA,5.0
24889392,TAK1,5.070581074285707
10184653,TLK1,5.0
11234052,CASK,5.0
447077,AURKC,5.292429823902063
24180719,ABL1(F317L),6.026872146400302
16038120,EPHB6,6.455931955649724
3025986,STK36,6.585026652029182
208908,CLK3,5.0
24889392,RSK3(KinDom.1-N-terminal),5.0
176155,IRAK1,5.0
3062316,KIT(D816H),8.795880017344075
16722836,CAMKK2,5.3979400086720375
6450551,ROCK1,5.0
44259,CAMKK2,9.795880017344077
644241,ABL1(F317I)p,7.251811972993799
3038522,AMPK-alpha1,5.0
11314340,MEK1,5.0
11485656,EGFR,5.0
51004351,FLT1,6.346787486224656
17755052,TRPM6,5.0
3038525,EGFR(L747T751del),5.0
5328940,ITK,5.769551078621726
208908,JAK2(JH1domain-catalytic),5.0
16722836,ABL1(T315I),6.619788758288394
9926791,ABL1(Q252H),5.0
9926791,MAP3K15,5.0
25243800,TYK2(JH1domain-catalytic),6.552841968657781
11485656,CSNK1D,5.0
16038120,HPK1,6.853871964321762
5329102,AMPK-alpha1,7.721246399047171
5494449,SNARK,6.275724130399211
5328940,TYK2(JH1domain-catalytic),5.187086643357144
16038120,BMPR1A,6.769551078621726
10127622,EGFR(L861Q),5.050609993355088
6918454,CDK11,5.0
11485656,LTK,6.259637310505756
11712649,DCAMKL2,5.0
11427553,INSRR,6.376750709602099
25243800,SIK2,6.2839966563652006
11712649,EGFR(S752I759del),5.0
17755052,SRMS,5.0
156422,ULK3,5.0
5287969,LRRK2,6.0
11656518,CDK11,5.292429823902063
5329102,MARK4,5.443697499232713
9933475,ERBB4,5.853871964321762
9929127,MEK5,5.0
5328940,HPK1,7.823908740944319
25127112,AAK1,6.920818753952375
123631,RET(V804M),5.0
176870,FLT3,5.920818753952375
10184653,TNNI3K,5.0
10074640,DMPK2,5.0
9926791,CDK3,5.0
11667893,CAMK1G,5.0
11485656,SgK110,5.0
44150621,AURKA,5.0
16722836,ABL1(H396P)p,7.214670164989233
151194,ASK1,5.0
153999,SRC,5.0
126565,ZAP70,7.795880017344075
176155,CDK5,5.0
3062316,RAF1,6.2441251443275085
24889392,MLCK,6.3872161432802645
156422,IKK-alpha,5.0
24889392,ABL1(F317I)p,5.0
11712649,EGFR,5.0
44259,ZAP70,7.356547323513813
4908365,TAK1,8.142667503568731
11712649,CAMK1D,5.0
11656518,ERK2,5.0
11712649,AMPK-alpha1,5.0
9915743,ABL1(F317L),5.0
176167,LIMK1,5.0
9926054,IRAK3,5.0
10113978,CAMK1,5.6777807052660805
11626560,TLK2,5.0
5494449,AXL,6.6777807052660805
3038525,KIT(D816V),5.0
11364421,SLK,5.3872161432802645
9926054,RIPK4,5.0
176870,CDK2,5.0
9926054,IKK-alpha,5.769551078621726
9926791,TAOK2,5.0
11338033,JAK1(JH1domain-catalytic),5.0
11338033,MARK1,5.0
44259,ABL1(H396P)p,7.443697499232713
11427553,EGFR(G719S),5.337242168318426
3062316,CSK,9.0
11984591,HIPK2,5.318758762624413
11314340,CIT,7.886056647693163
44150621,FYN,6.356547323513813
24889392,EIF2AK1,5.0
151194,RSK3(KinDom.2-C-terminal),5.0
208908,LZK,5.0
10074640,FGFR4,5.0
5329102,MET(Y1235D),5.327902142064283
156414,EGFR(L747T751del),9.585026652029182
11667893,MAP4K5,5.0
10461815,FLT3(ITD),7.236572006437063
11984591,MST1R,6.327902142064283
11656518,MARK3,5.0
176167,CLK4,5.795880017344075
25127112,SRPK1,5.6777807052660805
126565,VRK2,5.0
11667893,RSK4(KinDom.1-N-terminal),5.0
42642645,MLK2,6.275724130399211
11626560,STK33,5.0
644241,LATS1,5.0
156422,ROCK1,5.0
176155,RIPK4,5.0
151194,MKK7,5.0
644241,ERK1,5.0
11427553,SRMS,5.568636235841013
9926054,CDC2L1,6.376750709602099
10113978,CDKL5,5.0
16722836,TNK1,6.443697499232713
3025986,ROCK1,5.0
5494449,TSSK1B,5.0
5329102,ACVR1B,5.0
10138260,MAP4K4,6.585026652029182
6450551,LOK,5.920818753952375
24889392,STK33,5.0
24779724,EGFR(L747E749del),5.0
3081361,TRKB,5.0
644241,TIE2,6.0
11409972,YSK1,5.920818753952375
9929127,JAK1(JH1domain-catalytic),5.0
9933475,ZAK,5.0
156414,BRAF(V600E),5.0
42642645,SGK3,5.0
11717001,BRAF,9.721246399047171
11234052,CTK,5.0
3025986,IRAK1,5.0
156422,CAMK1G,5.0
10427712,FGR,5.0
24180719,MARK1,5.0
11617559,SLK,5.0
176155,DRAK2,5.0
3081361,MET(Y1235D),5.3872161432802645
16725726,CSNK1A1,5.0
156414,CDKL2,5.0
9933475,ABL1(T315I),6.958607314841775
10184653,CDKL3,5.0
11717001,CAMK1D,5.0
25127112,RPS6KA4(KinDom.1-N-terminal),5.0
151194,EGFR(S752I759del),5.0
11409972,RSK2(KinDom.1-N-terminal),5.0
42642645,MKNK1,7.142667503568732
126565,FLT3(D835Y),9.244125144327509
3025986,MAP3K4,5.0
11314340,ACVR2A,5.0
5291,KIT(V559D-V654A),7.040958607678906
9884685,ULK3,5.0
11667893,MAP3K4,5.0
126565,CDK2,7.698970004336019
644241,IKK-epsilon,5.0
9926791,BIKE,5.1487416512809245
42642645,EGFR(L747S752del),6.6777807052660805
6450551,YSK1,5.0
123631,TYK2(JH1domain-catalytic),5.0
5329102,RIOK1,7.455931955649724
10427712,S6K1,5.0
153999,MAST1,5.0
11409972,ABL1(F317I)p,7.886056647693163
16722836,IKK-alpha,6.080921907623926
16722836,ITK,6.309803919971486
11717001,CDK8,5.0
10138260,BIKE,7.568636235841013
10113978,ZAK,5.0
153999,RIPK5,5.0
11338033,FER,5.0
17755052,CDK3,5.0
11656518,YSK1,5.167491087293763
16725726,MST1,5.0
6918454,FGFR3(G697C),5.0
25127112,SNRK,5.0
3038522,YES,5.0
176870,EPHB6,5.769551078621726
9915743,HIPK2,5.0
11338033,SGK3,5.0
16038120,EIF2AK1,5.0
11712649,RET(M918T),5.0
44150621,EPHB1,5.0
25243800,ABL1(E255K),7.251811972993799
9884685,CDK2,5.0
153999,TBK1,6.013228265733755
5494449,RSK4(KinDom.1-N-terminal),5.0
4908365,CDK2,5.0
11485656,TLK2,5.0
6918454,TLK1,5.0
10427712,DAPK2,5.0
6450551,ABL1(M351T),7.443697499232713
51004351,ERK2,5.0
6450551,ADCK3,5.0
11617559,STK16,5.0
216239,MAP3K4,5.0
11338033,SRC,5.0
11617559,ABL1p,5.0
16038120,RPS6KA5(KinDom.1-N-terminal),5.0
11314340,TAK1,6.1938200260161125
5494449,KIT(V559D-T670I),6.366531544420414
44150621,MKNK2,5.0
51004351,SIK,6.795880017344075
10184653,MARK1,5.0
9929127,BRAF(V600E),5.0
176155,TAK1,5.0
11712649,TAOK3,5.0
11667893,DYRK1B,5.0
3081361,CHEK2,5.0
24889392,ABL1p,5.0
153999,CDK4-cyclinD3,6.552841968657781
5494449,SRPK2,6.167491087293763
24779724,LYN,5.0
3025986,KIT(V559D),5.0
176155,SRPK2,5.0
156414,GAK,7.0
11667893,HUNK,5.0
17755052,ACVR2B,5.0
4908365,MERTK,7.0655015487564325
11984591,TLK2,6.42021640338319
11712649,CHEK1,5.0
123631,DMPK2,5.0
10427712,TSSK1B,5.0
24180719,SIK,6.2839966563652006
10184653,ABL1(E255K),6.376750709602099
25243800,RSK3(KinDom.2-C-terminal),5.0
6918454,GRK4,5.0
11364421,ABL1(F317L)p,5.619788758288394
5291,IGF1R,5.0
208908,AKT2,5.0
3038522,FER,5.0
16722836,TIE2,5.721246399047171
11984591,BRAF,6.619788758288394
11626560,CDKL2,5.6777807052660805
17755052,KIT(D816V),5.0
6450551,MAP3K15,5.0
3025986,SYK,5.0
4908365,MST1,7.318758762624413
126565,FGFR1,6.508638306165728
151194,RPS6KA5(KinDom.2-C-terminal),5.0
24889392,KIT,8.318758762624412
10113978,MET(Y1235D),5.6777807052660805
6918454,CAMK2D,5.0
11364421,BRAF(V600E),5.0
16725726,EGFR(S752I759del),5.0
5329102,ACVR2B,5.0
24779724,SRPK3,5.0
4908365,VEGFR2,6.337242168318426
11984591,TESK1,6.443697499232713
16722836,RSK1(KinDom.1-N-terminal),5.920818753952375
25243800,ITK,5.0
25243800,GRK4,5.0
16038120,EPHA5,5.431798275933005
11409972,RIPK5,6.443697499232713
6918454,BIKE,5.0
44150621,CSNK1E,5.0
10427712,FLT3(ITD),5.0
9809715,RIPK5,5.0
156422,TXK,5.0
24180719,TTK,5.0
3038522,FLT4,5.142667503568732
9915743,STK36,5.275724130399211
11338033,EGFR(G719C),5.0
51004351,CHEK2,5.0
42642645,MAP3K2,5.721246399047171
156422,BIKE,5.0
176167,STK33,5.309803919971486
9884685,EGFR(L858RT790M),5.0
44150621,MLCK,8.698970004336019
16007391,CAMK1,5.0
6450551,BMPR1B,5.537602002101044
153999,MAP4K4,5.0
9933475,DCAMKL2,5.0
10427712,EGFR(L747T751del),5.823908740944319
3062316,FES,5.0
10138260,FLT1,8.327902142064282
644241,TAK1,5.0
9884685,RSK3(KinDom.2-C-terminal),5.0
644241,CDK4-cyclinD3,5.0
3038525,CSNK1A1L,5.0
51004351,TYK2(JH2domain-pseudokinase),5.0
644241,ACVR1,5.0
11984591,GRK4,6.346787486224656
153999,CDK8,5.0
153999,CLK2,6.376750709602099
11617559,TIE1,5.0
644241,RPS6KA5(KinDom.1-N-terminal),5.0
10138260,MAP3K2,7.136677139879544
10427712,ABL1(F317I)p,5.0
5329102,SRPK3,7.229147988357856
10127622,TRKA,5.0
9809715,EGFR(L858R),5.0
9933475,HIPK3,5.0
16038120,EGFR(T790M),8.148741651280925
5328940,EPHB4,8.036212172654444
4908365,FYN,6.468521082957745
16725726,ERBB4,5.0
9926054,EPHB1,5.0
10427712,EGFR(L858RT790M),5.657577319177793
10184653,CDKL1,5.0
156422,IRAK3,5.0
176167,FLT3(N841I),6.6020599913279625
11712649,RIPK5,5.0
24779724,MAP3K15,5.0
16007391,RET(M918T),6.920818753952375
3062316,YSK1,5.468521082957745
44259,SBK1,8.494850021680094
6450551,MARK2,5.0
16725726,IKK-beta,5.0
11364421,RPS6KA5(KinDom.2-C-terminal),6.568636235841013
11364421,ACVR1,5.0
11364421,ROCK1,5.0
6918454,WEE1,5.0
5328940,FLT1,5.0
5494449,TRPM6,5.0
24180719,MLK1,5.0
176155,TAOK1,5.0
3038525,ERK2,5.0
44150621,EPHB4,5.0
11427553,ADCK3,5.0
10138260,ALK,6.309803919971486
16722836,HIPK2,6.0
11427553,FLT3(N841I),7.886056647693163
11656518,TAOK1,5.4089353929735005
16007391,MRCKB,5.0
11667893,FLT3,7.1487416512809245
447077,KIT(V559D-T670I),5.0
644241,GRK7,5.0
176155,ERBB4,5.318758762624413
44259,HCK,7.698970004336019
44150621,MAPKAPK5,5.0
10461815,TEC,5.0
44259,CDK8,6.292429823902063
42642645,SNRK,5.0
9929127,FGFR4,5.0
126565,MAP4K2,8.327902142064282
9929127,IRAK3,5.0
44150621,DLK,5.6777807052660805
11656518,FLT1,6.096910013008056
16722836,DCAMKL1,6.721246399047171
6450551,ITK,5.920818753952375
44259,LIMK1,6.318758762624413
42642645,EPHA2,8.443697499232712
11338033,GSK3A,7.638272163982407
644241,JAK2(JH1domain-catalytic),5.0
9915743,ICK,5.0
11626560,QSK,5.0
151194,IRAK3,5.0
24889392,MAK,5.0
10074640,DYRK1B,5.0
151194,INSR,5.0
126565,ITK,6.537602002101044
9926791,DAPK2,5.0
42642645,EPHB3,7.070581074285707
4908365,FLT3,7.769551078621726
5329102,CIT,5.4089353929735005
24779724,YES,5.0
44150621,ABL1(H396P)p,7.221848749616356
11409972,WEE1,5.0
176155,LYN,5.0
10113978,GSK3A,5.0
6450551,FAK,5.0
9933475,MAK,5.0
3038522,FLT3(D835Y),5.744727494896694
6450551,RIPK4,5.853871964321762
5494449,ZAP70,5.0
17755052,KIT,5.0
3081361,ABL1(T315I),6.823908740944319
3038525,CDC2L2,5.0
6450551,RET,6.920818753952375
176870,CSNK2A2,5.0
6450551,BLK,5.508638306165728
10461815,RPS6KA4(KinDom.2-C-terminal),5.0
51004351,ASK2,5.0
16725726,EPHB2,5.0
123631,EPHA5,5.823908740944319
9884685,GSK3A,5.0
11656518,TAOK3,6.142667503568732
11984591,DYRK2,6.327902142064283
11626560,LRRK2(G2019S),5.0
126565,FGFR3,6.236572006437063
11656518,DYRK1A,5.0
10184653,MET(Y1235D),5.585026652029182
25127112,TSSK1B,5.0
10138260,MAPKAPK2,5.0
156414,CASK,5.0
216239,EPHA8,5.619788758288394
9884685,EPHA2,5.0
24180719,BMX,5.0
216239,S6K1,5.0
9933475,DYRK1A,5.0
3025986,MET,5.0
176167,IRAK3,5.0
10127622,CDK4-cyclinD3,5.0
11427553,MAP4K4,7.481486060122113
10127622,JAK1(JH1domain-catalytic),5.0
5329102,IGF1R,5.585026652029182
17755052,KIT(A829P),5.0
153999,KIT(V559D),5.0
11364421,CDK2,5.0
9915743,CDC2L2,5.0
10427712,MTOR,6.2076083105017466
126565,MET(Y1235D),7.387216143280264
447077,CDK9,5.0
10127622,ERK1,5.0
5291,RPS6KA5(KinDom.1-N-terminal),5.0
3081361,CSNK1G3,5.0
4908365,MEK3,6.443697499232713
11409972,DAPK1,5.0
9915743,ABL1(T315I)p,5.0
11717001,IGF1R,5.0
5328940,KIT(L576P),6.2839966563652006
151194,CLK4,5.0
447077,MELK,5.0
9933475,ARK5,5.0
156414,MELK,5.0
10113978,ABL1(T315I)p,5.6777807052660805
5329102,CSNK1G3,6.619788758288394
644241,IGF1R,5.0
126565,YANK3,5.096910013008056
16007391,EPHB6,7.301029995663981
9915743,EGFR(T790M),8.823908740944319
208908,AAK1,5.0
9884685,FLT3(R834Q),5.0
447077,CAMKK1,5.0
44150621,CSNK1G3,5.0
44259,ACVR2B,5.337242168318426
216239,TIE2,5.6777807052660805
126565,TIE1,6.167491087293763
6918454,ADCK4,5.0
3038525,KIT(V559D-T670I),5.0
9884685,ITK,5.0
153999,FLT3(D835H),6.6777807052660805
3062316,CDK5,5.0
24180719,TLK1,5.0
16722836,MET(M1250T),5.356547323513813
44259,CDK4-cyclinD3,7.698970004336019
153999,GAK,5.958607314841775
6450551,MARK1,5.0
16007391,MAP3K15,5.0
10074640,ERK1,5.0
4908365,BRK,5.0
5494449,ABL1(T315I),8.013228265733755
11617559,ROS1,5.0
216239,ASK1,5.0
208908,ABL1(M351T),5.0
10127622,EGFR(L747S752del),5.275724130399211
3081361,CDK9,5.0
11485656,EPHA6,6.481486060122113
156422,DDR1,8.721246399047171
6918454,EGFR(L747T751del),5.0
9926791,CSNK2A2,5.0
42642645,CSF1R,8.744727494896694
24779724,ABL1p,5.0
11712649,EGFR(L747T751del),5.0
5328940,TEC,5.494850021680094
644241,ROCK1,5.0
447077,ERBB4,6.026872146400302
16725726,MET(M1250T),5.0
5494449,KIT(L576P),6.638272163982407
17755052,SRPK2,5.0
10427712,FLT3(D835H),5.0
11338033,YSK1,5.0
17755052,YANK3,5.0
16722836,MAP3K1,5.0
11409972,IRAK4,5.0
176870,FRK,5.698970004336019
10461815,ABL1(H396P)p,5.045757490560675
176870,MST1,5.0
51004351,ANKK1,5.0
5329102,FLT3(R834Q),7.958607314841775
11656518,RIOK1,5.0
11485656,CDK4-cyclinD1,5.0
44150621,BLK,6.721246399047171
11338033,CDC2L2,8.2839966563652
5291,IKK-epsilon,5.0
11617559,CHEK1,5.0
153999,LTK,5.0
42642645,FGFR3(G697C),5.795880017344075
17755052,MAP4K3,5.0
10184653,CHEK2,5.0
42642645,TTK,6.366531544420414
24779724,STK39,5.0
5328940,MEK2,8.00436480540245
4908365,MELK,5.958607314841775
10138260,MAP3K4,5.0
176167,HCK,5.0
44259,TAOK3,9.657577319177792
126565,MST3,6.119186407719209
24779724,CDK4-cyclinD3,5.0
11485656,ASK1,5.0
11338033,FLT3(K663Q),5.0
16725726,ULK2,5.638272163982407
10127622,KIT(D816V),5.0
25127112,TLK2,5.0
6450551,MELK,5.0
16038120,MST2,6.508638306165728
10184653,EPHA2,5.0
11712649,JNK2,5.0
11338033,ERK8,6.920818753952375
123631,CDK2,5.0
4908365,EGFR(S752I759del),5.0
176155,ADCK4,5.508638306165728
156414,TAOK2,5.0
5328940,LKB1,5.0
10138260,JNK1,5.0
644241,AXL,5.0
216239,BTK,5.0
156414,MAP3K1,5.0
10074640,EGFR(L858R),5.0
16038120,TIE2,7.337242168318426
208908,TYK2(JH1domain-catalytic),5.0
156414,ABL1(Q252H)p,7.657577319177794
5329102,TESK1,5.0
16038120,ULK2,8.744727494896694
644241,CHEK2,5.0
9929127,IGF1R,5.0
9809715,ITK,6.6777807052660805
25127112,ERK2,5.0
6918454,TAK1,5.0
25243800,ALK,5.958607314841775
3038522,CASK,5.0
5494449,RPS6KA5(KinDom.2-C-terminal),5.0
3038522,BMPR1A,5.0
3081361,CDKL3,5.0
9884685,MST1,5.0
153999,RAF1,5.0
11427553,RIPK4,6.886056647693163
9884685,EPHA3,5.0
156414,SRPK2,5.0
10113978,ACVR2A,5.0
216239,TLK2,5.0
208908,DCAMKL1,5.0
9926054,QSK,5.0
176167,EPHA5,5.0
11364421,CTK,5.0
5494449,TYK2(JH1domain-catalytic),6.292429823902063
11234052,KIT(V559D-T670I),7.769551078621726
3062316,FGFR4,5.0
25127112,CAMKK2,5.0
25243800,MRCKA,5.0
3081361,BIKE,5.0
3081361,MAP3K4,5.522878745280337
11712649,EGFR(T790M),5.0
9809715,SRMS,5.0
176870,CLK2,5.0
126565,CAMK1D,7.327902142064283
5291,RPS6KA4(KinDom.2-C-terminal),5.0
10074640,IRAK1,5.0
11364421,FGFR1,5.0
3038525,MLK3,5.0
11314340,CLK1,8.853871964321762
3025986,JNK2,5.0
11485656,FLT3,9.200659450546418
644241,TLK2,5.0
156422,ERBB3,5.0
10184653,ERK8,5.0
11338033,ROCK2,5.0
24889392,ROCK1,5.0
24180719,CDK2,5.0
6450551,RIPK2,5.00436480540245
11409972,TIE2,7.721246399047171
3038525,MST3,5.0
9929127,PYK2,5.0
16722836,LIMK2,5.102372908709558
10138260,MLK2,5.0
24779724,ABL1(Q252H),5.0
216239,DMPK2,5.0
3038525,HUNK,5.0
9929127,RPS6KA5(KinDom.2-C-terminal),5.0
17755052,JAK1(JH2domain-pseudokinase),6.366531544420414
10074640,CTK,5.0
208908,MINK,5.0
11626560,EGFR,5.0
9929127,TTK,5.0
10113978,ITK,5.0
644241,MLK3,5.0
24889392,TIE2,5.0
10427712,FES,5.0
17755052,CAMK1,5.327902142064283
216239,MEK1,5.0
5287969,ROCK1,5.920818753952375
16722836,GSK3A,5.0
644241,MST1R,5.0
10184653,GRK4,5.0
156422,CTK,5.0
9915743,STK33,6.026872146400302
16007391,TLK1,5.0
447077,CSNK2A1,5.0
447077,KIT(L576P),8.431798275933005
11314340,MAP3K2,5.0
3081361,CSNK2A1,5.0
3081361,MEK4,5.0
11485656,INSRR,5.4089353929735005
24180719,TGFBR1,5.0
10074640,TYRO3,5.0
6450551,AURKC,8.886056647693163
3038522,ACVR2A,5.0
11314340,CDKL3,5.958607314841775
9915743,TTK,5.0
24779724,MARK1,5.0
11485656,YANK1,6.1938200260161125
11984591,TRKB,6.045757490560675
24779724,ACVR1B,5.0
6918454,RIPK5,5.0
11338033,CDK11,5.481486060122113
5329102,FAK,6.356547323513813
10138260,MEK6,5.259637310505756
42642645,ERK4,5.0
11617559,TIE2,5.0
11427553,CSNK1A1L,5.0
11427553,HIPK3,6.236572006437063
216239,TESK1,5.0
11626560,ABL1(F317L)p,6.229147988357856
11314340,RSK1(KinDom.2-C-terminal),5.0
208908,EGFR(G719S),8.67778070526608
9915743,ERBB3,8.113509274827518
3081361,MLCK,5.0
5291,BRSK2,5.0
11314340,MLK2,5.0
5291,LIMK2,5.0
11338033,ABL1p,5.0
11338033,CDK8,5.0
9926054,GCN2(KinDom2S808G),5.0
10461815,TAOK2,5.920818753952375
42642645,MEK3,5.0
153999,SIK,5.0
9926054,MRCKB,5.0
11338033,AKT1,5.0
5329102,RET(V804M),8.236572006437063
9929127,RSK3(KinDom.2-C-terminal),5.0
10427712,STK36,5.0
44259,MARK4,8.267606240177031
24889392,RET(V804L),7.886056647693163
176167,RET,5.0
153999,FGFR4,5.0
16007391,RIOK3,5.0
9929127,KIT(V559D),5.0
123631,TIE1,5.0
11712649,MAK,5.0
10427712,RSK1(KinDom.1-N-terminal),5.0
11717001,YSK1,5.0
6918454,ULK3,5.0
6450551,MARK4,5.0
208908,CAMKK2,5.0
3038522,FGFR2,5.0
10138260,EGFR(E746A750del),5.0
10138260,SGK3,6.6020599913279625
644241,FLT4,5.0
644241,RAF1,5.4089353929735005
44150621,GRK7,5.886056647693163
9926791,JAK1(JH1domain-catalytic),8.795880017344075
126565,BRAF(V600E),5.0
9929127,CAMKK1,5.0
24180719,HIPK2,5.301029995663981
5494449,BLK,5.657577319177793
216239,RSK3(KinDom.1-N-terminal),5.0
208908,EPHA8,5.0
17755052,EGFR(T790M),5.0
11717001,JAK1(JH1domain-catalytic),5.0
5328940,EGFR(T790M),6.468521082957745
447077,MAP4K5,6.638272163982407
17755052,AKT2,5.0
9809715,DLK,6.853871964321762
9915743,KIT(D816V),5.0
208908,ROCK1,5.0
208908,CAMK2G,5.0
11234052,MAK,5.0
176167,SgK110,5.0
5494449,ZAK,5.552841968657781
9915743,CDK7,5.292429823902063
3062316,DYRK1A,5.0
10461815,LATS2,5.0
11338033,CHEK1,5.0
44259,RET,7.823908740944319
44259,EPHB6,6.6777807052660805
644241,KIT(D816V),6.113509274827519
3025986,CDKL3,5.853871964321762
5494449,EPHA4,5.366531544420414
9926054,TNK2,5.0
25243800,CSK,5.698970004336019
6450551,DRAK2,5.0
10113978,SgK110,5.0
42642645,FGFR4,5.0
11427553,CIT,6.187086643357144
151194,ACVR1B,5.0
10184653,MST2,5.0
25127112,TRKC,6.481486060122113
5287969,RIPK5,5.376750709602099
9933475,ZAP70,5.0
11667893,MAK,5.0
123631,SGK3,5.0
44259,MRCKA,7.244125144327507
11717001,VEGFR2,5.0
11314340,EIF2AK1,5.0
10184653,MAST1,5.0
16038120,RIPK2,5.017728766960432
176167,KIT(V559D-T670I),5.0
11338033,BRAF(V600E),5.0
126565,TGFBR2,6.267606240177032
3038522,KIT(D816V),7.537602002101044
11409972,MLCK,5.0
42642645,ULK1,5.0
5329102,DMPK2,5.0
176167,ABL1(Y253F),5.0
9926054,ADCK3,5.0
10184653,HIPK4,6.443697499232713
644241,CTK,5.0
208908,RSK4(KinDom.2-C-terminal),5.0
156422,DRAK1,5.0
10461815,MARK2,5.443697499232713
9915743,IRAK3,5.0
9929127,TYK2(JH2domain-pseudokinase),6.301029995663981
11485656,ABL1(F317I),5.0
11667893,TEC,5.0
51004351,EPHB4,5.0
3081361,MAP3K1,5.0
25127112,EPHA6,5.0
11712649,CDK8,5.0
11626560,EGFR(L861Q),5.568636235841013
16038120,RSK4(KinDom.2-C-terminal),6.795880017344075
24180719,MEK6,5.0
11667893,CLK1,5.0
17755052,ZAK,5.0
11712649,BIKE,5.0
24889392,ADCK4,5.0
216239,INSR,5.0
156422,YSK4,5.0
10427712,TRKC,5.0
11427553,IKK-epsilon,6.468521082957745
3081361,FLT3(D835H),6.251811972993799
11626560,CDK7,6.481486060122113
44259,FAK,7.1938200260161125
208908,CDK3,5.0
11234052,JAK1(JH2domain-pseudokinase),5.0
10427712,IKK-epsilon,5.0
5329102,MLK1,5.468521082957745
11626560,TAOK3,6.309803919971486
24779724,CHEK1,5.0
9884685,STK39,5.0
9933475,ADCK4,5.0
10138260,ERK3,5.0
9926054,AMPK-alpha1,5.0
10461815,SRMS,5.0
16725726,TIE2,5.0
9926791,YSK4,5.0
208908,EPHB1,5.0
123631,HPK1,5.0
25127112,MST3,5.0
42642645,EGFR(E746A750del),6.508638306165728
3062316,LRRK2,5.0
5291,DYRK1B,5.0
17755052,RIOK3,5.0
3038522,DAPK3,5.0
156422,EGFR(L747E749del),5.275724130399211
11314340,CDK5,5.0
11656518,MERTK,5.0
11626560,RIPK4,5.6777807052660805
644241,CAMK1D,5.0
153999,LZK,5.0
11427553,TRKA,6.568636235841013
9915743,DCAMKL2,5.0
11364421,ANKK1,5.0
156422,LRRK2,5.0
216239,CSNK1G2,5.0
11364421,YSK4,6.318758762624413
123631,AMPK-alpha1,5.0
44259,ASK2,6.585026652029182
11427553,ACVR1,6.853871964321762
25243800,CAMK2G,5.0
216239,ABL1p,5.853871964321762
3038522,ABL1(Y253F),5.0
16007391,SYK,5.0
176167,IRAK1,5.0
5328940,MLK2,5.0
9926791,IGF1R,5.0
4908365,CAMK2A,5.0
5329102,MAP3K15,5.886056647693163
5328940,MARK4,5.0
9926054,FGR,5.0
10184653,ABL1(T315I)p,6.060480747381382
156422,TAK1,6.823908740944319
17755052,ASK1,5.0
10427712,SgK110,5.0
3038525,CDC2L5,5.0
156414,CDK11,5.0
156422,FLT1,6.3872161432802645
11717001,CDK9,5.0
10427712,ACVR2B,5.0
11717001,ABL1(F317L),5.0
24180719,TIE1,5.0
9933475,MAP3K4,5.0
153999,DMPK2,5.0
5494449,MAP4K5,7.080921907623926
11712649,YSK4,5.0
11485656,KIT,8.698970004336019
176870,MAP3K2,5.6020599913279625
44150621,FLT3,9.193820026016112
11656518,CDKL3,5.0
16038120,FGFR3,7.022276394711152
44150621,CAMK1D,5.0
11656518,ACVR1B,5.0
10113978,FLT3(N841I),5.795880017344075
153999,MAP4K2,6.537602002101044
11234052,CAMK1G,5.0
447077,CAMK2G,5.0
9926054,ACVR2B,5.0
11626560,EGFR(E746A750del),5.0
11656518,EGFR(S752I759del),5.0
9809715,ERK3,5.0
11314340,FLT3(D835Y),7.366531544420414
11364421,RSK4(KinDom.2-C-terminal),5.886056647693163
216239,TAOK1,5.508638306165728
16007391,LTK,5.494850021680094
16722836,CSNK1A1L,5.0
11984591,MST4,5.0
176167,MELK,5.251811972993799
11234052,FGFR4,6.221848749616356
123631,RSK3(KinDom.2-C-terminal),5.0
10461815,EGFR(L747T751del),5.0
9884685,FGFR4,5.0
11656518,MAP4K2,5.301029995663981
9915743,MAP4K3,8.113509274827518
11338033,JNK2,5.0
10127622,ABL1(F317L),5.0
176167,ADCK4,5.0
156422,TIE1,8.080921907623926
3038525,EGFR(G719C),5.0
6918454,MARK4,5.0
5328940,AKT1,5.0
11485656,STK39,5.0
4908365,FGR,6.657577319177793
11234052,FRK,5.0
16038120,RSK1(KinDom.1-N-terminal),6.795880017344075
5494449,CSNK1E,5.0
156422,MEK2,5.0
126565,AMPK-alpha1,7.602059991327962
4908365,DYRK2,5.0
42642645,RIPK5,6.292429823902063
5287969,CSNK1A1,5.508638306165728
16007391,CDKL3,5.0
5291,RSK1(KinDom.1-N-terminal),5.0
11712649,ARK5,5.0
51004351,RSK2(KinDom.1-N-terminal),6.130768280269024
5291,RPS6KA4(KinDom.1-N-terminal),5.0
5494449,KIT(A829P),6.42021640338319
11617559,DYRK1B,5.0
6450551,EPHA2,5.0
10184653,CDC2L1,5.0
51004351,EPHA5,5.0
11485656,SRPK1,5.0
3062316,MST1,5.42021640338319
11617559,ABL1(H396P),5.0
151194,TIE2,5.0
16722836,ABL1(M351T),7.301029995663981
11667893,TYRO3,5.0
9926054,WEE1,5.0
11409972,BRK,5.0
11364421,EPHA5,5.0
9884685,GSK3B,5.0
25243800,LKB1,5.0
24889392,EPHB3,5.0
3081361,AMPK-alpha1,5.522878745280337
9809715,YSK4,8.2839966563652
11314340,MAP3K4,5.0
44150621,LCK,6.6020599913279625
16038120,KIT(D816V),7.585026652029182
126565,CSNK1G2,5.0
11667893,CDC2L2,5.0
24180719,FYN,5.638272163982407
216239,ASK2,5.0
11617559,ERBB4,5.0
10427712,ABL1(H396P)p,5.42021640338319
25243800,FGR,6.795880017344075
3062316,ZAK,7.346787486224656
3038525,MAP4K4,5.0
42642645,RSK3(KinDom.1-N-terminal),5.292429823902063
151194,KIT(L576P),6.958607314841775
644241,SRPK2,5.0
3025986,MKNK1,5.42021640338319
216239,CDK11,6.6020599913279625
11656518,IKK-beta,5.0
156414,CHEK2,5.0
9915743,CSNK2A1,5.0
11626560,CSNK2A2,5.0
24180719,STK33,5.0
6450551,BRSK2,5.0
25127112,ABL1(Q252H),5.698970004336019
11717001,LCK,5.0
176870,MST2,5.0
9926054,DYRK2,5.6777807052660805
9926791,FER,5.0
16725726,GSK3B,7.0
156422,TYRO3,5.0
5494449,IKK-alpha,5.0
10074640,TRKA,5.0
3025986,MARK1,5.0
9809715,ERBB4,5.0
10184653,CAMKK2,5.0
44150621,MAP4K4,6.795880017344075
5328940,ZAK,7.096910013008056
10113978,ERK5,5.0
9884685,SLK,5.0
25243800,QSK,5.537602002101044
5291,RSK4(KinDom.2-C-terminal),5.0
25243800,ABL1(Y253F),6.455931955649724
11626560,EPHA5,6.0
5494449,MAP3K2,5.958607314841775
10184653,CAMK2A,5.0
6450551,CDK2,5.0
4908365,ZAP70,5.0
4908365,SRPK3,5.221848749616356
5328940,CAMKK1,5.0
3025986,MET(Y1235D),5.0
10427712,ITK,5.0
9809715,TSSK1B,5.214670164989233
10138260,GRK4,6.431798275933005
6918454,RSK1(KinDom.1-N-terminal),5.0
10427712,LOK,5.0
156422,MST3,5.0
123631,LIMK1,5.0
10184653,MRCKA,5.0
156422,CSNK1G2,5.0
9915743,LZK,6.130768280269024
11712649,ABL1(T315I),5.795880017344075
9884685,TIE2,5.0
16725726,ABL1,5.0
11485656,MARK2,5.0
11338033,HIPK2,5.0
9926791,TRKC,5.0
9933475,EGFR(E746A750del),6.356547323513813
11427553,GCN2(KinDom2S808G),6.481486060122113
4908365,EPHA6,5.356547323513813
16007391,BMPR2,5.0
24889392,CDK9,5.0
5328940,RPS6KA5(KinDom.2-C-terminal),5.0
10427712,SRPK1,5.2839966563652006
42642645,RET(V804M),8.55284196865778
25127112,STK39,5.721246399047171
9884685,EPHA4,5.0
9929127,HUNK,5.0
51004351,MAP3K2,6.853871964321762
11427553,EGFR(T790M),6.251811972993799
156422,BLK,6.167491087293763
42642645,SRMS,7.744727494896694
16722836,HIPK3,5.886056647693163
11485656,TNK2,5.0
10427712,MEK1,5.0
5287969,EPHA1,5.638272163982407
11234052,MEK2,5.0
44259,EPHA5,7.022276394711152
126565,MET(M1250T),6.318758762624413
11712649,AKT1,5.0
176155,CDK7,5.0
5291,ABL1(F317I),8.080921907623926
42642645,FLT3(R834Q),7.958607314841775
176155,TNNI3K,5.455931955649724
126565,CDK5,6.3872161432802645
9926791,IKK-alpha,5.0
11626560,RET,5.0
9926054,TRKC,5.0
11427553,CSNK1G2,6.236572006437063
51004351,DDR1,5.142667503568732
11314340,JNK2,5.0
5291,MKNK2,5.0
644241,EGFR(T790M),5.0
9929127,RPS6KA5(KinDom.1-N-terminal),5.0
11626560,IRAK1,7.309803919971486
11364421,IRAK4,5.6777807052660805
44259,MAP3K4,5.920818753952375
10138260,RSK1(KinDom.1-N-terminal),6.744727494896694
11314340,DAPK1,5.795880017344075
11656518,IKK-epsilon,5.0
5291,ROCK1,5.0
9884685,JNK2,5.0
4908365,CAMK2B,5.0
9926054,HIPK4,5.091514981121351
11712649,TTK,5.0
51004351,DDR2,5.0
42642645,MKK7,5.0
9809715,AURKC,6.721246399047171
11485656,EPHA5,5.823908740944319
3081361,LRRK2(G2019S),5.0
176155,FAK,5.0
44259,FLT1,6.823908740944319
16725726,CIT,6.698970004336019
11234052,RSK2(KinDom.1-N-terminal),5.0
16722836,ABL1(E255K),7.397940008672037
176167,HPK1,5.744727494896694
11364421,CDKL5,5.0
44259,CSNK1G3,5.0
123631,FGFR3,5.0
10074640,AKT2,5.0
156414,MET(Y1235D),6.080921907623926
11314340,PYK2,5.0
126565,CLK4,8.522878745280337
51004351,MEK5,5.0
11364421,DAPK2,6.031517051446065
44259,EGFR(G719C),5.958607314841775
24889392,VRK2,5.0
10427712,KIT(V559D),5.0
16725726,KIT(V559D),5.136677139879544
6450551,ERBB2,5.0
11626560,CDK9,5.0
6918454,YSK1,5.0
11667893,MKK7,5.0
24180719,ERN1,5.0
5287969,ASK1,5.0
42642645,LZK,7.795880017344075
11626560,DAPK2,5.0
176155,CIT,6.376750709602099
153999,DRAK2,5.0
176167,YES,5.0
9915743,ANKK1,5.0
11712649,S6K1,5.0
9933475,DCAMKL1,5.0
10184653,IRAK4,5.0
10074640,SLK,5.0
11314340,BRSK1,5.0
9884685,CSNK2A2,5.537602002101044
44259,IGF1R,6.6777807052660805
10138260,EGFR,5.0
17755052,DCAMKL3,5.0
9926054,MEK6,5.0
11617559,ABL1(T315I),5.0
11717001,ERK2,5.0
9926791,CAMK2D,5.568636235841013
11364421,ABL1(H396P),5.698970004336019
11712649,CSF1R,5.0
3038525,DAPK2,5.0
10461815,CSK,5.0
9809715,AXL,7.920818753952375
3038522,BLK,5.0
3038525,MLCK,5.0
5291,AMPK-alpha2,5.0
16038120,LTK,9.022276394711152
156422,MLK3,5.0
151194,MARK1,5.0
11234052,MARK3,5.0
216239,CASK,5.0
6918454,IKK-epsilon,5.0
11626560,GCN2(KinDom2S808G),5.0
9926791,FLT3(N841I),5.0
3081361,ITK,5.0
176167,KIT(V559D-V654A),5.0
9929127,MAST1,5.0
10074640,RIPK2,5.0
11364421,CAMK1,5.0
44150621,EGFR(L858R),5.0
24779724,FLT3(D835H),5.0
6918454,EGFR(L858RT790M),5.0
9926054,CHEK1,5.0
126565,CSNK2A2,6.013228265733755
153999,CAMK1,5.0
11409972,MAP4K2,7.0
10427712,EPHB1,5.0
42642645,GCN2(KinDom2S808G),5.0
5287969,GRK7,6.008773924307505
176870,MEK5,7.017728766960432
9926054,ABL2,5.0
16725726,FLT4,5.0
11427553,BMPR1A,5.721246399047171
6918454,YANK2,5.0
10184653,MET,5.657577319177793
44259,ABL1(F317I)p,6.886056647693163
11427553,JAK1(JH2domain-pseudokinase),6.721246399047171
5287969,MKNK1,5.0
9933475,JAK1(JH2domain-pseudokinase),5.0
11617559,TNNI3K,5.0
208908,ABL1(T315I),5.0
9926791,ALK,5.0
11617559,EGFR(L858R),5.0
10184653,CAMK1G,5.0
16038120,DLK,7.376750709602099
44150621,YANK3,5.0
11338033,VEGFR2,5.0
11409972,EGFR(L747E749del),6.657577319177793
5494449,BRSK1,5.075720713938119
3038525,ARK5,5.0
9915743,ABL1(Q252H)p,5.221848749616356
16007391,RIPK1,5.0
11717001,DDR2,5.0
11717001,MARK2,5.0
176155,SgK110,5.0
11656518,KIT(V559D-T670I),6.619788758288394
176155,CSNK1G1,5.0
5329102,YANK1,5.0
16007391,CSNK1E,5.0
11617559,DYRK2,5.0
9915743,ULK3,5.0
44259,GRK1,9.013228265733757
11338033,CIT,5.0
11717001,FAK,5.0
42642645,ACVR1,5.0
11485656,HPK1,6.080921907623926
44259,EPHA7,6.200659450546419
44150621,HUNK,6.3872161432802645
10184653,EGFR(E746A750del),9.958607314841776
16722836,CLK3,5.0
9809715,RSK2(KinDom.1-N-terminal),7.187086643357144
44259,MLK2,7.2839966563652
447077,AMPK-alpha2,5.0
24889392,MERTK,5.0
24889392,ERK2,5.0
156414,TAOK1,5.0
9933475,FGFR1,7.275724130399211
10184653,MEK2,5.0
9929127,FLT1,5.0
11617559,FLT3(R834Q),5.0
5329102,ADCK3,5.0
10138260,EGFR(L747T751del),5.0
11617559,KIT(V559D),5.0
10427712,TNIK,5.0
9884685,SRMS,5.0
5329102,ABL1p,6.823908740944319
24779724,MKNK2,5.0
11667893,IGF1R,5.0
51004351,GCN2(KinDom2S808G),7.4089353929735005
16038120,GRK4,5.455931955649724
216239,HIPK2,5.769551078621726
16722836,RIPK2,5.214670164989233
10113978,CAMK2B,5.0
11626560,ASK1,5.0
156422,KIT(A829P),5.853871964321762
11626560,INSRR,6.221848749616356
3025986,CAMK1,5.0
644241,ITK,5.0
10127622,IRAK1,5.0
10138260,CASK,5.0
5329102,MARK3,6.3872161432802645
51004351,ZAP70,5.585026652029182
9926054,MERTK,5.0
10127622,SYK,5.0
10138260,DAPK1,6.568636235841013
9926791,ULK1,5.0
4908365,ZAK,5.0
11984591,DYRK1B,5.0
156414,DAPK3,5.0
10427712,DRAK1,5.0
10113978,LATS2,5.0
10184653,MAP3K4,5.0
9933475,FGR,5.958607314841775
24779724,CDK9,5.0
42642645,BMX,6.698970004336019
9926054,DDR1,5.0
24180719,MARK3,5.0
5328940,INSR,5.0
44259,CAMK1D,8.958607314841775
11626560,ACVR2B,5.0
10461815,AKT1,5.0
11409972,IKK-beta,6.958607314841775
10427712,TNNI3K,5.853871964321762
176155,MST2,5.0
216239,FGFR4,5.0
156414,TTK,5.0
153999,HIPK4,5.0
10184653,GAK,7.102372908709558
11314340,ERBB3,5.0
25243800,EPHA6,6.6777807052660805
9926054,AMPK-alpha2,5.0
208908,RPS6KA5(KinDom.2-C-terminal),5.0
9929127,ERK1,5.0
42642645,ICK,5.0
17755052,SRC,5.0
11427553,JAK2(JH1domain-catalytic),7.119186407719209
9933475,AKT1,5.0
10184653,STK33,5.0
151194,ERN1,5.0
17755052,ABL1(F317L)p,5.0
10184653,MEK5,5.886056647693163
176155,ABL1,5.0
5328940,DRAK2,5.0
6450551,DCAMKL1,5.0
176155,MAP4K4,5.431798275933005
11338033,CAMK2G,5.0
24180719,CDK4-cyclinD1,5.0
176167,SRC,5.0
156414,ABL1(Y253F),7.376750709602099
25243800,FGFR1,6.2441251443275085
16038120,TNNI3K,5.698970004336019
3025986,EGFR(L858RT790M),5.0
11364421,RIPK2,5.0
123631,IKK-beta,5.0
5494449,ACVR2B,5.0
4908365,KIT(V559D),8.113509274827518
156422,TAOK2,5.0
153999,FRK,5.0
10113978,STK36,6.327902142064283
10427712,AURKB,5.0
10074640,DCAMKL3,5.0
151194,GRK7,5.0
123631,TGFBR1,5.0
11626560,TSSK1B,5.0
9809715,EGFR,5.0
5291,QSK,5.0
5494449,EPHA6,5.327902142064283
216239,ADCK4,5.0
3081361,ULK2,5.0
11314340,SNARK,5.376750709602099
5494449,EIF2AK1,5.0
6918454,CDK7,5.0
16725726,AKT2,8.67778070526608
10127622,TYRO3,5.0
4908365,RET(M918T),8.193820026016112
216239,EPHA3,5.721246399047171
176167,RPS6KA5(KinDom.2-C-terminal),5.0
11234052,FYN,5.0
16722836,CDK9,5.055517327849832
24180719,ADCK4,5.0
9915743,CSK,6.259637310505756
5329102,CSNK1A1L,6.259637310505756
11427553,ANKK1,7.086186147616283
11314340,CDC2L5,5.508638306165728
24779724,CDK5,5.0
11617559,CSNK1A1L,5.0
24889392,FGFR3,5.0
447077,MST2,5.823908740944319
153999,TNK1,5.0
11617559,DMPK,5.0
156414,SGK3,5.0
11717001,ABL1,5.0
5287969,CDC2L2,5.0
3038525,ZAK,5.0
126565,CAMK2A,8.0
11234052,CAMK2A,5.0
25243800,ERK8,5.0
151194,MARK4,5.0
11617559,LYN,5.0
9933475,IKK-alpha,5.0
9809715,SRPK2,7.443697499232713
11656518,MEK2,5.0
17755052,IRAK1,5.0
151194,EPHB4,5.0
208908,CDK2,5.0
11617559,TNK2,5.0
9809715,TNK2,5.795880017344075
16038120,FLT3(K663Q),8.086186147616283
5329102,ABL1(H396P)p,6.853871964321762
9915743,MAP4K5,9.187086643357144
25243800,MAP3K4,5.0
11409972,HIPK2,8.136677139879545
11314340,CDKL5,6.698970004336019
17755052,MKNK1,5.0
153999,IRAK1,5.0
9926054,MET(M1250T),5.0
176155,ERK1,5.0
9929127,TNNI3K,5.0
16007391,FLT1,6.958607314841775
153999,GRK1,6.096910013008056
9915743,DCAMKL3,5.0
11626560,KIT(V559D-V654A),5.0
447077,ASK1,5.0
25243800,EPHA3,6.4089353929735005
24180719,CDKL3,5.0
11712649,DRAK1,6.721246399047171
11717001,RPS6KA4(KinDom.1-N-terminal),5.0
10138260,JAK1(JH2domain-pseudokinase),7.013228265733755
16038120,TNK2,8.698970004336019
3081361,AKT1,5.0
10138260,JAK3(JH1domain-catalytic),6.236572006437063
10074640,TRKB,5.0
16725726,MAPKAPK5,5.0
176870,ERN1,5.0
11626560,ROCK2,5.481486060122113
9809715,DCAMKL2,5.0
10074640,LTK,5.0
11984591,BRSK2,5.0
11667893,IKK-alpha,5.0
16725726,CAMK2A,5.0
24180719,JAK1(JH2domain-pseudokinase),5.0
6918454,ABL1,5.0
9926054,RIPK5,5.0
10427712,MET,5.0
644241,LYN,7.0
208908,LKB1,5.0
5291,BMPR1B,5.0
10127622,BMPR1A,5.0
153999,ABL1(E255K),5.0
9915743,ACVR2B,5.0
176167,HIPK3,5.0
216239,DCAMKL3,5.0
11364421,ACVR1B,5.0
156414,FLT3(K663Q),5.795880017344075
17755052,CDC2L5,5.0
10427712,DAPK1,5.0
11717001,RPS6KA5(KinDom.2-C-terminal),5.0
16007391,MLK2,5.0
24889392,RPS6KA4(KinDom.2-C-terminal),5.0
123631,ABL1(Q252H)p,6.638272163982407
3038522,MEK4,5.0
644241,AMPK-alpha2,5.0
9926791,FES,5.0
3062316,FLT3(R834Q),5.0
151194,FLT3(D835H),5.0
153999,CDC2L2,5.0
156414,HUNK,5.1938200260161125
11485656,LATS2,5.769551078621726
10138260,FGR,6.4089353929735005
208908,SIK2,5.0
44259,DMPK2,7.431798275933005
11314340,IRAK3,5.0
11712649,ERK5,5.0
25127112,TGFBR2,5.0
44150621,AKT3,5.0
5287969,GRK4,5.0
11314340,EGFR(L747S752del),5.0
3025986,FES,5.0
10427712,CDKL5,5.0
16722836,MST2,5.0
176870,KIT(L576P),5.455931955649724
3038522,GSK3A,5.0
156422,ABL1,6.096910013008056
10138260,CIT,7.026872146400302
17755052,ABL1(F317I),5.0
44259,GSK3A,6.853871964321762
5287969,DMPK,6.187086643357144
11427553,EPHA8,5.0
5328940,CDK5,5.0
10113978,WEE1,5.0
9933475,EPHA5,5.0
156422,JNK1,5.040958607678906
16725726,CSNK1A1L,5.0
208908,TAOK3,5.0
5291,RSK2(KinDom.1-N-terminal),5.0
11712649,DMPK2,5.0
153999,MKNK1,5.1487416512809245
11984591,LKB1,5.468521082957745
10461815,MLK3,5.0
11656518,EPHB1,5.0
9884685,SRC,5.0
44259,JAK1(JH2domain-pseudokinase),5.0
126565,CIT,7.070581074285707
10138260,RPS6KA5(KinDom.2-C-terminal),5.823908740944319
151194,CSNK2A1,5.0
16007391,KIT(D816V),5.337242168318426
6918454,HIPK1,5.0
10184653,CHEK1,5.0
11626560,MAPKAPK2,5.0
10074640,BMPR1B,5.0
644241,TYK2(JH2domain-pseudokinase),5.0
44259,SGK3,8.468521082957745
126565,GSK3A,5.638272163982407
25243800,EGFR(L861Q),5.853871964321762
151194,STK35,5.0
17755052,DAPK1,5.3979400086720375
11338033,ABL1(Q252H)p,5.0
5494449,TRKB,6.619788758288394
11409972,FLT1,7.0655015487564325
10074640,GRK4,5.0
156414,TYRO3,6.0
10074640,LZK,5.0
151194,SRPK1,5.0
24180719,MAP4K5,5.494850021680094
10184653,FAK,5.0
44259,RPS6KA4(KinDom.2-C-terminal),5.657577319177793
44150621,SRPK1,6.376750709602099
9926791,PYK2,5.0
5494449,DMPK,5.0
123631,MEK2,5.0
447077,KIT,8.744727494896694
10461815,TGFBR1,5.0
176167,CLK1,6.292429823902063
9926054,JAK1(JH2domain-pseudokinase),5.0
17755052,TAOK3,5.0
42642645,CDKL1,5.0
5494449,MINK,5.958607314841775
11364421,CDKL1,5.0
9884685,HCK,5.0
11338033,CTK,5.0
25243800,ASK2,5.0
16007391,RSK1(KinDom.1-N-terminal),5.0
11656518,CAMKK2,5.0
24180719,RIPK4,5.0
5328940,MAP3K3,7.267606240177032
10184653,TIE1,5.0
9926791,IRAK4,5.0
10427712,CDC2L2,5.0
11667893,TNIK,5.0
11984591,AMPK-alpha2,6.1249387366083
10138260,ROCK1,5.920818753952375
156414,STK33,5.0
10427712,HIPK1,5.0
3081361,CSNK1E,5.522878745280337
11712649,MAP3K1,5.0
176870,CDK7,5.0
16038120,MARK3,7.920818753952375
11338033,ALK,5.0
44259,IKK-alpha,8.236572006437063
11656518,TLK1,5.0
9809715,EPHB2,5.0
11626560,TEC,5.0
3038522,TAOK1,5.0
176155,EPHA5,5.0
156422,ABL1p,5.0
3081361,TNK2,5.0
176167,AKT3,6.0
11984591,TNK2,7.154901959985743
176155,TRKA,5.0
44259,MET(M1250T),6.886056647693163
176155,MEK4,5.0
10138260,ULK1,7.086186147616283
5494449,AURKC,8.200659450546418
10113978,FGFR2,6.6777807052660805
16725726,ERK2,5.0
11338033,CSNK2A2,5.0
16725726,CDKL1,5.0
9933475,DYRK1B,5.0
11364421,MLCK,5.0
16038120,MLK1,6.3872161432802645
11427553,EPHA5,5.0
11485656,MEK3,5.0
4908365,ERK3,5.0
156422,KIT(V559D),6.638272163982407
126565,AKT3,5.2076083105017466
176167,CDK4-cyclinD1,5.0
10074640,CLK4,5.0
123631,EGFR(G719C),8.698970004336019
156422,EGFR(L858RT790M),5.0
24889392,RSK3(KinDom.2-C-terminal),5.0
25127112,ABL1,5.431798275933005
156422,AAK1,5.0
123631,HUNK,5.0
42642645,EPHA1,8.207608310501746
216239,HIPK4,8.481486060122112
6918454,CAMK1D,5.0
4908365,GRK4,5.657577319177793
11234052,CDK2,5.0
24889392,JAK1(JH1domain-catalytic),5.0
16722836,CDC2L1,5.0
176167,EGFR(T790M),5.0
6918454,DAPK3,5.0
24779724,ABL1(T315I)p,5.0
10138260,BLK,6.1249387366083
44150621,AKT2,5.0
3038522,MTOR,5.0
11984591,ADCK4,7.1938200260161125
9929127,KIT(A829P),5.0
10127622,AURKC,5.0
10138260,MRCKA,5.0
11338033,WEE1,5.0
3081361,ABL1(E255K),7.886056647693163
5329102,DCAMKL2,5.568636235841013
9933475,CDK3,5.0
156414,BMPR1A,5.0
11338033,ACVR1B,5.0
11712649,SIK2,5.0
3038525,FLT1,5.0
11717001,ADCK3,5.0
16007391,ABL1(T315I)p,5.318758762624413
11626560,MST1,6.236572006437063
176167,ABL1(H396P),5.0
644241,MAP4K4,5.0
9915743,GCN2(KinDom2S808G),7.017728766960432
5329102,ERBB2,5.0
16038120,ACVR1,7.537602002101044
11667893,FGFR4,5.167491087293763
11409972,FLT3(N841I),8.638272163982407
9933475,AXL,6.309803919971486
6450551,MAPKAPK5,5.0
16007391,KIT(V559D-T670I),8.102372908709558
153999,KIT(D816H),5.823908740944319
51004351,ABL1(F317I),5.0
16007391,AKT3,5.0
17755052,MAK,5.0
9884685,MAP3K15,5.0
42642645,ABL1(Q252H)p,6.920818753952375
447077,MST4,5.3872161432802645
6918454,BRK,5.0
11338033,TLK2,5.0
9915743,LOK,7.886056647693163
9929127,ACVR1B,5.0
11338033,MAP4K2,5.0
126565,HIPK2,6.431798275933005
216239,CAMKK2,5.0
5494449,DYRK2,5.0
10074640,VRK2,5.0
5329102,JNK3,5.366531544420414
9933475,RSK1(KinDom.2-C-terminal),5.0
11364421,MAP4K2,5.0
10127622,RSK2(KinDom.1-N-terminal),5.0
447077,RIPK1,5.455931955649724
156422,FYN,5.0
5291,MTOR,5.0
17755052,ANKK1,5.0
16038120,MARK2,7.356547323513813
44150621,CASK,5.0
11485656,FLT3(R834Q),7.795880017344075
25127112,BLK,5.0
5291,FAK,5.0
24889392,HIPK4,6.494850021680094
3081361,ULK1,5.0
10113978,SBK1,5.0
11984591,GRK7,5.698970004336019
9915743,KIT(A829P),5.0
126565,EGFR(G719C),5.920818753952375
16725726,ADCK3,5.0
3081361,TGFBR2,5.0
216239,DAPK2,5.0
11234052,ULK3,5.0
216239,TBK1,5.0
11626560,RAF1,5.0
6918454,RET(V804M),5.0
151194,FGFR3,5.0
176870,EGFR(G719S),9.2839966563652
51004351,FLT3(D835H),8.167491087293763
11427553,WEE1,5.552841968657781
5287969,HIPK3,5.366531544420414
9884685,CDK4-cyclinD3,5.0
10113978,LYN,5.958607314841775
16007391,VEGFR2,6.301029995663981
5328940,MAPKAPK2,5.0
5329102,MARK1,5.920818753952375
11626560,GRK7,5.0
3038522,EGFR(L747T751del),6.327902142064283
10074640,MAPKAPK5,5.0
25127112,CAMK1,6.327902142064283
44259,CTK,6.585026652029182
44259,CDKL5,6.468521082957745
11984591,CLK3,5.721246399047171
51004351,RIPK4,5.0
11427553,TYK2(JH1domain-catalytic),6.795880017344075
3025986,FLT3(K663Q),5.0
11364421,RSK3(KinDom.1-N-terminal),5.0
9933475,MEK3,5.0
153999,SRPK1,5.920818753952375
3025986,FLT3(D835Y),5.522878745280337
4908365,RPS6KA5(KinDom.1-N-terminal),5.0
644241,YANK2,5.0
3025986,AXL,5.0
10074640,CDK9,5.0
5291,LOK,5.0
11667893,CDK7,5.0
11667893,GCN2(KinDom2S808G),5.356547323513813
11427553,TTK,6.958607314841775
11364421,ERK2,5.0
5328940,TNK2,7.537602002101044
4908365,SBK1,5.508638306165728
156414,ROCK1,5.0
9926054,ABL1(T315I),5.0
11626560,ERK1,5.0
11717001,MARK3,5.0
16722836,TAOK3,5.721246399047171
44150621,ABL1p,7.267606240177032
10074640,ABL1(Q252H),8.221848749616356
9915743,RIPK2,5.0
9929127,ERK5,5.0
11338033,CDK9,8.236572006437063
11364421,EPHB3,5.0
5291,WEE1,5.0
6918454,BLK,5.0
9929127,MKK7,5.0
5329102,TAOK1,6.050609993355088
9884685,CAMK2A,5.0
5494449,KIT,6.619788758288394
4908365,LCK,6.744727494896694
24779724,FAK,5.0
126565,LRRK2,8.443697499232712
44259,SRMS,6.130768280269024
9809715,FLT3(R834Q),7.769551078621726
11409972,SGK3,6.823908740944319
16038120,GRK1,6.3872161432802645
24779724,FLT3(D835Y),5.0
153999,CHEK2,5.431798275933005
126565,LYN,6.721246399047171
126565,ERK5,5.958607314841775
176167,CDK5,5.0
6450551,TGFBR1,5.0
9929127,EPHB4,5.0
10427712,EGFR(L858R),5.853871964321762
156414,ABL1(F317I)p,6.0
24779724,RET(V804L),5.0
5494449,CSNK1A1,5.0
447077,CDK8,5.0
16007391,CAMK2D,5.0
9926054,HIPK1,5.0
16007391,MET,5.0
156414,MAST1,5.0
3025986,MAP4K4,5.0
153999,ERBB4,5.0
25127112,TGFBR1,5.0
11656518,BLK,5.102372908709558
10127622,RIOK1,5.0
10427712,ULK1,5.0
644241,RSK2(KinDom.1-N-terminal),5.0
10127622,EPHA2,5.0
11617559,EPHA2,5.0
24889392,FGFR4,5.0
176870,ERBB4,6.638272163982407
17755052,TLK2,5.0
10138260,TNIK,7.045757490560675
10461815,FLT4,5.853871964321762
24779724,ASK1,5.0
3038525,HIPK4,5.0
51004351,MAPKAPK2,5.0
10113978,EGFR(L747E749del),5.0
9915743,ERK5,5.0
11338033,DYRK1A,6.920818753952375
208908,GSK3A,5.0
17755052,CAMKK2,5.0
208908,CLK1,5.0
44259,FLT3(D835Y),8.602059991327963
216239,IKK-epsilon,5.0
24779724,DMPK2,5.0
10138260,BRSK2,5.3872161432802645
11626560,BMPR2,5.0
11656518,MAK,5.0
447077,RIOK1,5.0
16007391,TYK2(JH1domain-catalytic),5.0
9933475,ABL1,7.0
10461815,AAK1,6.494850021680094
17755052,CLK1,5.958607314841775
44150621,INSR,5.0
44259,MAPKAPK5,6.568636235841013
11617559,MST4,5.0
44259,CDK3,7.522878745280337
44259,MST2,9.744727494896694
17755052,EGFR(G719C),5.0
11656518,LATS2,5.0
16725726,LATS1,5.0
5291,CAMK1D,5.0
11626560,FGFR3(G697C),5.455931955649724
3025986,TLK1,5.0
126565,CAMK4,5.522878745280337
11427553,MAK,5.0
10113978,MARK1,5.0
11626560,FLT1,5.638272163982407
10138260,RIPK5,6.031517051446065
156422,MARK3,5.0
11338033,RIPK5,5.0
208908,MRCKA,5.0
11234052,FGFR3,6.795880017344075
3062316,LOK,5.920818753952375
5291,DMPK,5.0
10138260,KIT(V559D-T670I),9.2518119729938
11427553,WEE2,5.327902142064283
126565,RIOK2,5.173925197299174
3062316,ERK3,5.0
156414,VRK2,5.0
216239,TIE1,7.167491087293763
11234052,DRAK2,5.0
3062316,IRAK4,5.0
9926791,SIK,5.0
11656518,MRCKB,5.0
176870,GRK1,5.0
44150621,RET(M918T),7.327902142064283
44259,RIPK1,5.0
208908,FGFR4,5.0
5494449,CLK2,5.0
10427712,AMPK-alpha1,5.0
4908365,VRK2,5.0
11485656,RIPK2,5.0
11667893,ULK3,5.0
9933475,GRK4,5.0
156414,ANKK1,5.0
447077,RIOK3,5.0
16038120,ACVRL1,7.244125144327507
208908,SgK110,5.0
9915743,AXL,6.721246399047171
11427553,MKK7,5.0
11656518,CSNK1E,5.0
11338033,CSNK2A1,5.0
10113978,STK33,5.0
6450551,CAMK1,5.0
9809715,FER,7.136677139879544
9915743,CAMK2G,5.0
25243800,FLT3(R834Q),5.017728766960432
25243800,ERK5,5.0
11712649,SGK3,5.0
153999,DCAMKL2,5.0
176870,GCN2(KinDom2S808G),5.356547323513813
16038120,MAST1,5.481486060122113
10184653,QSK,5.0
11364421,FLT3,5.0
51004351,CLK3,5.443697499232713
9926791,AMPK-alpha1,5.0
11234052,DYRK1A,5.0
10113978,IRAK4,5.0
11712649,EPHA2,6.431798275933005
9926054,CSNK1G3,5.0
5494449,STK39,5.0
17755052,CHEK1,5.0
25243800,DYRK1B,5.0
151194,MAPKAPK2,5.0
25127112,ULK1,6.522878745280337
9884685,TAOK2,5.0
10113978,SRPK3,5.0
16007391,CSNK1G3,5.0
156414,RPS6KA5(KinDom.2-C-terminal),5.0
447077,LCK,8.958607314841775
16722836,CLK4,5.698970004336019
5291,MLK2,5.0
208908,EGFR(S752I759del),8.3767507096021
10127622,ERBB4,5.0
24779724,MEK4,5.0
16007391,STK33,5.0
5494449,LIMK1,5.585026652029182
151194,ZAK,5.356547323513813
11427553,CDKL2,5.853871964321762
11617559,KIT,5.0
42642645,MST1R,8.522878745280337
11717001,ICK,5.0
3038525,DAPK3,5.0
123631,EPHB2,5.0
176155,JNK1,5.958607314841775
11234052,CSF1R,5.721246399047171
4908365,WEE1,5.0
11364421,LKB1,5.0
10461815,BRAF,5.0
11984591,ZAP70,7.67778070526608
5329102,FER,5.958607314841775
5291,SRC,5.0
16725726,ROCK1,6.552841968657781
10074640,KIT(V559D-V654A),8.327902142064282
176870,TRPM6,5.0
6918454,FLT4,5.0
11338033,IRAK4,5.0
10138260,AAK1,7.180456064458132
11717001,DLK,5.0
151194,DYRK2,5.0
447077,RAF1,7.638272163982407
25243800,EGFR(E746A750del),6.657577319177793
11984591,FGR,7.481486060122113
5291,MAP3K15,5.0
10138260,ABL1(T315I)p,6.795880017344075
5287969,TESK1,5.0
11338033,ULK3,5.0
11717001,ADCK4,5.0
156414,EPHA2,5.0
4908365,FLT3(D835Y),8.823908740944319
11656518,ABL1(Q252H),6.356547323513813
644241,DAPK2,5.0
11656518,CDC2L1,5.0
5287969,TAK1,5.537602002101044
10113978,MRCKA,5.0
6450551,RET(M918T),7.0
176167,HIPK4,5.920818753952375
25243800,TSSK1B,5.0
10138260,IGF1R,5.0
25127112,RPS6KA5(KinDom.1-N-terminal),5.0
5328940,MAP3K4,6.958607314841775
9915743,AMPK-alpha1,5.0
42642645,CDC2L1,6.1938200260161125
3038522,RPS6KA5(KinDom.1-N-terminal),5.0
10138260,ULK3,7.376750709602099
10127622,DCAMKL2,5.0
5287969,ABL1(T315I),5.0
3038525,ROCK1,5.0
16725726,MARK3,5.0
17755052,FGFR1,5.0
16722836,CAMK1G,5.494850021680094
11364421,TNK1,5.0
25243800,CTK,5.0
156414,EGFR(E746A750del),9.585026652029182
208908,FER,5.0
4908365,BRAF,5.0
126565,ABL1(T315I)p,6.795880017344075
176167,SLK,5.508638306165728
24180719,LRRK2(G2019S),5.0
9929127,RIPK1,5.0
11234052,ABL1p,6.1938200260161125
24180719,QSK,5.0
6918454,ASK1,5.0
11427553,TAK1,7.443697499232713
44150621,EPHB3,5.0
156422,CDK4-cyclinD1,5.0
4908365,LRRK2(G2019S),6.431798275933005
151194,FRK,5.744727494896694
153999,BTK,5.0
5494449,ITK,6.455931955649724
16722836,FLT3(R834Q),7.537602002101044
9926054,TNIK,5.0
156422,EPHA5,5.853871964321762
11984591,TIE1,7.119186407719209
4908365,ERK4,5.0
16038120,ZAK,5.0
10138260,HIPK2,7.036212172654444
10138260,MARK3,5.958607314841775
42642645,TNK2,6.698970004336019
11338033,DCAMKL1,5.0
11617559,STK33,5.0
4908365,ACVR2A,5.0
9929127,MAP3K2,5.0
11409972,MLK2,5.0
11984591,CDK11,5.0
24779724,ARK5,5.0
11626560,CDC2L5,5.0
11409972,HIPK1,6.769551078621726
3038525,CAMK1D,5.0
25127112,SGK3,5.0
11234052,SGK3,5.0
176155,WEE1,5.0
10127622,CIT,5.0
3062316,MET(Y1235D),5.0
10427712,YANK3,5.0
25127112,RSK1(KinDom.1-N-terminal),5.0
5291,SNARK,5.0
5287969,FLT4,5.0
11427553,HIPK4,6.0
10127622,FLT3(K663Q),5.0
25127112,ABL1(F317I),5.0
6918454,ABL1(F317L),5.0
9933475,ACVR2B,5.0
16038120,MERTK,7.721246399047171
6450551,CSNK1G3,5.0
10113978,CDK7,5.0
3038522,TRKA,6.346787486224656
24889392,DMPK,5.0
25243800,KIT(D816V),6.522878745280337
11656518,YANK2,5.0
10138260,AKT3,5.0
3062316,MKK7,5.0
6918454,SNARK,5.0
44259,BRK,5.638272163982407
11485656,EGFR(L747T751del),5.0
5329102,FES,6.017728766960432
6918454,CSNK1D,5.0
44150621,MAP3K1,5.0
123631,ERK5,5.0
24180719,IKK-beta,5.0
25243800,RPS6KA5(KinDom.1-N-terminal),5.0
9915743,GAK,6.6020599913279625
644241,TLK1,5.0
5287969,ADCK3,5.0
156414,CLK3,5.0
16725726,BRK,5.0
11656518,ROS1,5.0
176870,EPHB4,5.657577319177793
11485656,STK16,5.0
6918454,ANKK1,5.0
11712649,HIPK2,5.0
5329102,CAMKK1,6.376750709602099
44259,FGFR3(G697C),6.508638306165728
10184653,ACVR1B,5.0
24779724,HIPK4,5.0
9926791,ITK,5.0
176870,ADCK4,5.6020599913279625
24180719,ASK2,5.0
11234052,SIK,5.0
3025986,TIE2,5.0
10461815,CDK4-cyclinD3,6.42021640338319
9933475,CAMK1,5.0
25127112,AMPK-alpha2,5.0
16007391,TGFBR2,5.0
16007391,CLK1,5.0
10184653,MAPKAPK5,5.0
24180719,KIT(D816V),5.508638306165728
44150621,CSNK1G2,5.0
176167,TXK,5.0
10138260,ACVR1B,5.0
176870,CDKL2,5.0
11427553,RSK1(KinDom.1-N-terminal),5.468521082957745
11364421,YANK2,5.0
42642645,JNK1,5.2441251443275085
11617559,LZK,5.0
11717001,ACVRL1,5.0
9926791,DAPK1,5.0
17755052,TGFBR2,5.0
11314340,MST1,5.0
25243800,TNK2,5.017728766960432
10113978,AKT1,5.0
208908,RIPK1,5.0
176870,STK39,5.0
9929127,SYK,5.0
24779724,STK16,5.0
3038522,TBK1,5.0
11234052,HIPK3,5.0
3025986,DYRK1A,6.468521082957745
10427712,IKK-alpha,5.0
4908365,DDR1,8.0268721464003
5287969,HIPK4,5.698970004336019
6918454,LATS1,5.0
3038522,ICK,5.0
9809715,IRAK3,5.275724130399211
151194,DCAMKL3,5.0
11314340,SLK,5.0
447077,TGFBR2,6.568636235841013
9884685,FLT3(D835Y),5.0
10427712,MEK6,5.0
216239,CDK5,5.080921907623926
9915743,CLK3,5.0
11717001,CSNK2A2,5.0
153999,ADCK4,5.0
24779724,MST4,5.0
11314340,CAMK1,5.0
10427712,ERBB3,5.0
10127622,ACVRL1,5.0
123631,LCK,6.200659450546419
216239,MAP3K3,5.0
11314340,MAP3K1,5.0
9915743,HIPK3,5.0
3038525,MEK3,5.0
11626560,CAMKK1,5.0
11626560,DDR2,5.0
6918454,RSK3(KinDom.2-C-terminal),5.0
11409972,DYRK1B,5.0
447077,RPS6KA4(KinDom.1-N-terminal),5.0
9915743,RIPK4,5.0
153999,TRKB,5.0
123631,ABL1(M351T),6.2839966563652006
44259,GCN2(KinDom2S808G),7.795880017344075
17755052,FYN,5.0
6450551,GCN2(KinDom2S808G),5.0
51004351,MINK,6.769551078621726
11667893,STK35,5.267606240177032
51004351,BRAF(V600E),5.0
10074640,WEE1,5.0
3081361,LRRK2,5.0
5291,RIPK5,5.0
11656518,DMPK,5.0
11984591,ACVRL1,5.0
44150621,TYK2(JH1domain-catalytic),6.823908740944319
10074640,BIKE,5.0
9926054,CDK8,5.0
16038120,MST3,5.537602002101044
3038522,DRAK2,5.0
44259,MINK,9.0
11409972,CSNK1D,5.6020599913279625
10427712,CDC2L5,5.0
208908,ACVRL1,5.0
11712649,CAMK2B,5.0
11409972,CDC2L1,5.853871964321762
17755052,BRK,5.0
11712649,WEE1,5.0
25127112,RIPK2,5.0
9884685,CSK,5.0
11712649,CAMK2A,5.0
5328940,MEK5,8.086186147616283
10127622,BRK,5.0
9929127,ABL1(M351T),5.0
153999,EPHA4,5.0
5328940,FGFR3(G697C),5.0
11485656,DYRK2,5.0
447077,SBK1,5.0
11314340,STK33,6.657577319177793
10127622,LKB1,5.0
10074640,GSK3A,5.0
5287969,FLT3(R834Q),5.0
24779724,KIT(V559D-T670I),5.0
4908365,CAMK1,5.0
9933475,RSK1(KinDom.1-N-terminal),5.0
5494449,BMPR2,5.1487416512809245
6450551,LKB1,5.0
176870,EPHA5,6.1487416512809245
5291,ZAP70,5.0
10138260,AURKA,5.0
208908,SRPK2,5.0
11314340,MAPKAPK5,5.0
151194,TEC,5.0
16722836,RSK3(KinDom.1-N-terminal),5.113509274827518
208908,YANK2,5.0
16007391,CDK3,5.0
11485656,ERK1,5.0
6450551,EGFR(L858RT790M),5.0
10127622,LTK,5.0
216239,RET(M918T),8.130768280269024
126565,EPHA2,6.102372908709559
3081361,KIT(L576P),6.853871964321762
5291,EGFR(T790M),5.0
126565,YES,6.795880017344075
11314340,ICK,6.259637310505756
11338033,IGF1R,5.0
51004351,RIPK1,5.0
216239,ABL1,6.886056647693163
3038522,EGFR(L858R),6.3979400086720375
153999,MRCKA,5.0
216239,YANK2,5.0
3038522,AKT1,5.0
10184653,JAK1(JH1domain-catalytic),5.0
3025986,CSNK1A1L,5.0
176870,EGFR(L747E749del),9.2839966563652
9926791,AKT3,5.0
6918454,TAOK3,5.0
5287969,EGFR(G719C),6.2839966563652006
151194,CDKL3,5.0
3025986,ABL1(F317L)p,5.0
16725726,RIPK1,5.0
5287969,DRAK1,5.3872161432802645
447077,RSK2(KinDom.1-N-terminal),5.0
24889392,YSK1,5.0
151194,RIOK2,5.0
11717001,ERBB4,5.0
156414,YES,5.795880017344075
16007391,IRAK3,5.102372908709558
16725726,IKK-alpha,5.0
126565,CDC2L1,5.0
44150621,CSNK2A2,6.698970004336019
24889392,ANKK1,5.0
16725726,BRSK2,5.0
11427553,SgK110,6.638272163982407
5287969,LYN,5.0
126565,AKT2,5.6777807052660805
11409972,LIMK2,5.744727494896694
10127622,FLT1,5.0
16007391,FAK,5.0
3062316,ZAP70,5.0
3081361,VRK2,5.0
24779724,MST3,5.0
11234052,FLT3(D835H),5.0
10074640,HUNK,5.0
3038525,TRKC,5.0
5328940,EPHA6,5.958607314841775
3038525,CTK,5.0
644241,PYK2,5.0
176155,STK39,5.0
5328940,FLT3(K663Q),5.657577319177793
156422,IGF1R,5.0
11712649,ABL1(Y253F),6.0
24180719,MARK2,5.0
156414,ERBB2,7.251811972993799
5329102,AURKC,6.657577319177793
11656518,EGFR(L747T751del),5.0
10138260,EGFR(L861Q),5.0
10427712,ABL1(M351T),5.0
9884685,TAOK3,5.0
644241,DRAK2,5.0
644241,EPHB4,6.136677139879544
11667893,EPHA4,5.0
176870,HCK,5.744727494896694
216239,WEE1,5.0
11984591,CLK1,5.920818753952375
11617559,CSNK1G2,5.0
208908,ICK,5.0
3038525,RIPK5,5.0
3081361,BMPR1B,6.619788758288394
11234052,ASK1,5.0
5494449,ACVRL1,5.022276394711152
11984591,MAPKAPK5,5.0
11712649,DCAMKL1,5.0
11656518,MLK2,5.0
9926054,KIT(D816V),5.0
5329102,ASK1,5.0
25127112,SgK110,5.236572006437063
9926791,IRAK1,5.0
11667893,RSK1(KinDom.1-N-terminal),5.0
447077,TIE2,6.552841968657781
156414,DRAK1,5.0
156422,ERK4,5.0
156414,ABL1(F317L),5.823908740944319
151194,YSK1,5.0
11626560,CSNK1E,5.0
3025986,RIPK5,5.0
42642645,DCAMKL1,5.0
11427553,KIT(V559D),7.638272163982407
6918454,CAMK2G,5.0
11364421,MEK4,5.0
11234052,YANK2,5.4089353929735005
3038522,DYRK1A,5.0
24889392,MAP3K15,5.0
11617559,FLT3(D835Y),5.0
10138260,CAMK2D,6.119186407719209
151194,MAP3K2,5.0
5291,CDK9,5.0
10113978,SGK3,5.0
447077,CHEK2,5.0
216239,RIPK5,5.0
11314340,TLK1,5.0
10127622,BRAF(V600E),5.0
11667893,MAP4K2,5.0
10138260,GRK7,6.327902142064283
11427553,EPHB3,5.0
3038522,CAMK1,5.0
10113978,TYK2(JH1domain-catalytic),5.468521082957745
11667893,JAK3(JH1domain-catalytic),5.0
11717001,FER,5.0
123631,MLK1,5.0
44150621,ABL1(H396P),7.376750709602099
447077,DCAMKL2,5.0
156422,TNK2,5.0
10113978,EPHA1,5.0
11409972,CDK5,6.259637310505756
4908365,EPHB2,5.481486060122113
11717001,TRKC,5.0
3081361,LATS2,5.0
176155,KIT(V559D),5.0
11485656,CDKL1,5.0
51004351,RET(M918T),6.886056647693163
5291,CTK,5.0
16722836,RSK2(KinDom.1-N-terminal),5.091514981121351
16722836,CDK11,5.0
4908365,CDK8,5.0
5287969,CSF1R,5.552841968657781
176155,ERK4,5.0
24779724,ERK2,5.0
11712649,YSK1,5.0
16722836,PYK2,6.657577319177793
3038525,RSK3(KinDom.1-N-terminal),5.0
9915743,MEK4,5.0
16038120,CDK4-cyclinD3,6.3979400086720375
5329102,TRKC,5.292429823902063
24779724,DRAK2,5.0
9915743,RAF1,5.0
5329102,YANK3,5.0
51004351,KIT(D816V),8.113509274827518
5328940,ABL1(F317I)p,9.744727494896694
25127112,JAK2(JH1domain-catalytic),10.443697499232712
9933475,MERTK,5.585026652029182
5328940,EPHA2,7.744727494896694
16007391,TAK1,6.187086643357144
25127112,FLT3(D835Y),5.0
176870,JNK3,5.366531544420414
10074640,MAP4K2,5.0
3081361,ASK2,5.0
10074640,BRAF(V600E),5.744727494896694
3081361,LIMK1,5.0
11427553,MARK1,6.508638306165728
156414,IKK-alpha,5.0
176167,TNNI3K,5.0
4908365,CDK4-cyclinD1,5.301029995663981
44259,CAMK2D,9.494850021680094
6450551,CDC2L1,5.0
216239,BRAF,6.267606240177032
44150621,MARK3,5.468521082957745
10427712,ABL1(F317L)p,5.075720713938119
123631,CASK,5.0
10184653,ABL1(H396P)p,6.301029995663981
10427712,CAMK2D,5.0
5329102,EPHB6,6.0
44150621,CAMK1G,5.0
208908,MARK4,5.0
5328940,ABL1(Y253F),10.443697499232712
5329102,MET,5.142667503568732
9926054,FLT1,5.0
16725726,SNARK,7.0655015487564325
9926054,RET,5.0
10074640,FGR,6.1938200260161125
24889392,MET,5.0
176155,ERBB2,5.0
123631,ABL1(F317I)p,5.327902142064283
11667893,CAMK4,5.0
25243800,SIK,6.494850021680094
24889392,LRRK2,5.0
11667893,BRAF(V600E),6.552841968657781
11485656,DCAMKL2,5.0
11485656,CAMK2G,5.0
42642645,LRRK2,5.0
11427553,BRK,5.0
3038525,BRAF(V600E),5.0
156422,FLT3(K663Q),6.050609993355088
176155,MST1,5.0
9915743,RSK1(KinDom.1-N-terminal),5.130768280269024
9926054,ERK8,5.346787486224656
3062316,IKK-alpha,5.0
216239,STK39,5.0
16038120,MAPKAPK5,5.0
25243800,S6K1,5.318758762624413
16725726,TRPM6,5.0
11667893,EGFR(L861Q),5.4089353929735005
10184653,DMPK2,5.0
24779724,TRKA,5.0
153999,INSRR,5.0
25243800,RSK4(KinDom.1-N-terminal),6.214670164989233
10074640,FES,5.0
9926791,TRPM6,5.0
17755052,MARK3,5.0
5287969,CSK,5.0
24779724,FGFR3,5.0
11712649,ICK,5.0
11984591,EPHA6,6.920818753952375
42642645,JNK3,5.4089353929735005
5329102,CDK2,5.0
176167,JAK2(JH1domain-catalytic),5.0
447077,SRPK3,5.0
5328940,MKNK2,5.0
10074640,FLT4,5.0
10113978,IKK-alpha,5.0
25243800,ADCK4,5.455931955649724
156422,MAP3K1,5.0
10138260,ACVR2A,5.0
11364421,TESK1,5.0
208908,MAST1,5.0
5291,EGFR(S752I759del),5.0
447077,TLK2,5.0
11314340,MINK,7.0
10138260,ABL1(H396P),6.619788758288394
156414,MEK2,5.795880017344075
11656518,CDKL1,5.0
6450551,KIT(L576P),8.769551078621726
3038522,HPK1,5.0
176167,EPHA2,5.0
11984591,RPS6KA5(KinDom.2-C-terminal),6.823908740944319
10427712,SNRK,5.0
6450551,EPHA5,5.0
5287969,DLK,5.0
3081361,DMPK2,5.657577319177793
16038120,EPHA4,6.040958607678906
5287969,EGFR(L747E749del),5.638272163982407
9915743,ABL1(F317I),5.0
11314340,MEK4,5.0
24180719,MST1,5.0
3025986,GCN2(KinDom2S808G),5.0
10127622,FRK,5.0
9915743,YSK4,7.795880017344075
10184653,FLT3(D835H),5.744727494896694
11314340,TLK2,5.0
447077,QSK,7.00436480540245
151194,HIPK1,5.0
11984591,EGFR(L858RT790M),7.214670164989233
10184653,TBK1,5.0
208908,AMPK-alpha1,5.0
153999,ABL1(T315I)p,5.0
5287969,CSNK1D,5.0
10461815,ABL1(T315I),5.42021640338319
24779724,MEK3,5.0
5328940,RET,5.318758762624413
6450551,MAP3K1,5.0
11984591,EGFR(E746A750del),5.958607314841775
208908,CAMK1,5.0
42642645,AKT1,5.0
10113978,STK39,5.0
11364421,EPHB1,5.0
5291,CAMK1G,5.0
9884685,CLK3,5.229147988357856
10184653,ABL1(Q252H),6.102372908709559
176870,CDC2L2,5.0
151194,CDC2L2,5.0
11409972,RET,7.769551078621726
11667893,SRPK1,5.0
9933475,VEGFR2,8.958607314841775
16722836,DMPK2,5.0
176155,EPHA8,5.0
11485656,CSNK2A2,5.0
3025986,ASK1,5.0
10138260,FLT3(D835H),8.200659450546418
10461815,EGFR(L747S752del),5.0
5291,ABL1(F317I)p,6.236572006437063
10427712,RET(M918T),5.0
9926791,SRPK3,5.0
25127112,BRAF(V600E),5.376750709602099
24180719,DYRK1B,5.0
10184653,DYRK2,5.744727494896694
25243800,STK39,5.0
216239,FGFR3(G697C),5.229147988357856
9926791,GCN2(KinDom2S808G),5.0
11712649,CDK2,5.0
11617559,DCAMKL2,5.0
3081361,EGFR(S752I759del),7.920818753952375
24889392,TGFBR1,5.0
3062316,MAP4K3,6.1938200260161125
11626560,IGF1R,6.107905397309519
42642645,LATS2,5.0
10461815,IKK-epsilon,6.154901959985743
9809715,ABL1(Y253F),7.431798275933005
151194,MAP4K3,5.0
9884685,JAK2(JH1domain-catalytic),5.0
3081361,ASK1,5.0
9926791,SBK1,5.0
156422,CSNK1D,5.0
9929127,SNRK,5.0
176155,FLT3(ITD),5.0
25243800,CDKL1,5.0
10184653,AAK1,5.0
11617559,TRKA,6.200659450546419
3038525,MAPKAPK2,5.0
5291,ERK2,5.0
153999,HIPK2,6.853871964321762
9884685,RIPK4,5.0
123631,YSK1,5.0
151194,BRAF(V600E),5.0
123631,CDC2L1,5.0
16725726,HPK1,5.0
10184653,ASK2,5.0
3062316,BRK,8.10790539730952
156414,CIT,5.886056647693163
10184653,FGR,5.0
156422,CLK1,5.0
24779724,WEE2,5.0
24889392,TGFBR2,5.0
25127112,FLT3(K663Q),5.0
16007391,ERN1,5.0
126565,INSRR,5.744727494896694
5494449,MEK1,5.744727494896694
11234052,ROS1,5.0
42642645,TEC,6.508638306165728
16725726,FGFR4,5.0
42642645,LCK,8.221848749616356
11314340,TRKB,5.0
5494449,GRK7,5.0
176155,RSK1(KinDom.1-N-terminal),5.0
9926054,TNNI3K,5.0
5328940,HIPK1,6.2839966563652006
11234052,LYN,5.0
5329102,ERBB4,5.0
176167,ROCK2,5.0
3025986,YANK1,5.0
6450551,CAMK2A,5.0
10074640,IKK-beta,5.0
24779724,KIT(V559D),5.0
11712649,YES,6.585026652029182
11717001,TRKA,5.0
644241,ACVR1B,5.0
16038120,ABL2,6.42021640338319
11485656,CDK5,5.0
3038525,DAPK1,5.0
6918454,CDK9,5.0
11485656,CSNK1G3,5.0
176167,ABL1p,5.0
126565,CDKL3,6.366531544420414
44150621,TBK1,6.886056647693163
10113978,LIMK2,6.4089353929735005
3062316,MRCKB,5.6777807052660805
123631,CLK3,5.0
11656518,LZK,5.0
11984591,IKK-beta,7.1487416512809245
5494449,LRRK2,5.0
123631,MST4,5.0
447077,JAK1(JH2domain-pseudokinase),5.0
11617559,TSSK1B,5.0
6918454,CSNK2A1,5.0
151194,YANK1,5.0
3025986,MEK2,5.0
11617559,TTK,5.0
3038522,IKK-beta,5.0
42642645,TXK,6.275724130399211
151194,ROCK2,5.0
9926054,SRMS,5.0
5287969,KIT,5.0
9884685,ABL1(H396P),5.0
3038525,MST2,5.0
51004351,MLCK,5.638272163982407
156414,KIT(V559D),5.102372908709558
176870,ACVR1B,5.0
10074640,ERK2,5.0
5494449,FGFR2,6.2441251443275085
5287969,CDKL1,5.0
9926791,GRK1,5.0
153999,DLK,5.0
4908365,JAK1(JH2domain-pseudokinase),6.853871964321762
11617559,CSNK1E,5.0
10127622,ULK1,5.0
11717001,LKB1,5.0
24180719,MTOR,5.0
3025986,JAK1(JH1domain-catalytic),5.0
11409972,EIF2AK1,5.0
10074640,EGFR(L861Q),5.327902142064283
11626560,CHEK1,5.0
11234052,ABL1(Q252H),5.823908740944319
5287969,FGFR3,5.0
5328940,ABL1(F317L),9.958607314841776
24180719,ROCK2,5.0
10113978,QSK,5.0
17755052,MAP3K3,5.0
10427712,MAP3K4,5.0
447077,LRRK2(G2019S),5.292429823902063
25243800,TIE1,5.0
10127622,SNRK,5.0
11409972,CDKL3,8.4089353929735
5328940,ABL1(T315I)p,8.443697499232712
5328940,ANKK1,5.6777807052660805
51004351,MAP4K4,6.187086643357144
216239,SBK1,5.0
9926791,TGFBR1,5.0
216239,RAF1,6.638272163982407
16038120,BRSK1,6.508638306165728
176167,ABL1(F317I),5.0
9809715,MAP4K4,6.823908740944319
10113978,CAMK1G,5.431798275933005
9926054,RPS6KA4(KinDom.2-C-terminal),5.638272163982407
11667893,MAP3K3,5.6777807052660805
10113978,BRSK1,5.0
10138260,MKK7,5.0
11717001,DCAMKL3,5.0
11364421,EPHA4,5.0
5494449,CAMK1D,5.309803919971486
176870,EGFR,9.173925197299171
5494449,CLK1,5.0
11712649,ERBB3,5.0
9926054,LIMK2,5.0
9926791,TBK1,5.0
10074640,DCAMKL1,5.0
11409972,MST2,6.0655015487564325
5328940,SLK,8.327902142064282
9809715,CDK9,5.0
4908365,RSK4(KinDom.2-C-terminal),5.0
10461815,CLK3,5.443697499232713
4908365,TNK2,6.060480747381382
11626560,GAK,5.0
6918454,RPS6KA4(KinDom.1-N-terminal),5.0
153999,TAOK2,5.4089353929735005
44259,BIKE,8.2518119729938
5494449,JNK2,5.0
3038522,SIK,5.0
10427712,CAMK1,5.0
3025986,ABL1(Y253F),5.0
24779724,FGFR1,5.0
6450551,GSK3A,5.0
11409972,RPS6KA5(KinDom.2-C-terminal),5.0
153999,ZAP70,5.0
9933475,RET(M918T),8.1249387366083
153999,S6K1,6.6777807052660805
123631,LZK,5.0
24889392,FLT3(D835H),8.431798275933005
11427553,MTOR,5.0
51004351,TEC,5.0
156414,CSNK2A2,5.0
16007391,STK16,5.0
11712649,DDR2,5.0
447077,FGFR1,7.207608310501746
24779724,KIT(D816V),5.0
42642645,CSNK1D,5.0
9884685,FLT1,5.0
9929127,EPHA7,5.0
447077,CDKL2,5.0
10461815,ABL1p,5.086186147616283
16007391,TLK2,5.0
11717001,TNK1,5.0
17755052,EIF2AK1,5.0
16007391,EGFR(T790M),5.823908740944319
3025986,MLK3,5.0
6918454,RIPK1,5.0
11427553,MAST1,5.0
24889392,CAMK4,5.0
9926054,CHEK2,5.0
11712649,CDC2L1,5.0
153999,EGFR(L747S752del),5.0
176870,HIPK1,5.0
44150621,EPHA4,5.0
24779724,IRAK4,5.0
10138260,CDC2L1,5.0
5291,AURKB,5.0
10138260,HPK1,7.823908740944319
24889392,TIE1,5.494850021680094
11617559,KIT(D816V),5.0
10138260,AURKB,6.468521082957745
5494449,TAK1,5.638272163982407
156414,RAF1,5.0
156414,GSK3B,5.0
11984591,DDR1,8.031517051446064
16038120,SgK110,7.267606240177032
208908,TGFBR2,5.0
208908,MAP4K4,5.0
11485656,CAMK4,5.0
9926054,FRK,5.0
176155,STK35,5.0
25127112,KIT(V559D-T670I),5.0
5287969,IRAK1,6.267606240177032
25127112,RET(V804L),6.552841968657781
11656518,FGR,5.0
24889392,TTK,5.0
156422,FGFR2,5.0
151194,ULK3,5.0
6918454,KIT(D816H),5.0
156414,IKK-epsilon,5.0
17755052,CLK2,6.221848749616356
11626560,MTOR,5.0
176870,CDC2L5,5.0
10427712,EGFR(L747E749del),5.886056647693163
5291,CDKL3,5.0
11667893,EGFR(T790M),5.0
9809715,MLK3,6.154901959985743
9884685,CDK5,5.0
123631,VRK2,5.0
156414,CAMK4,5.0
176167,FLT3(D835Y),7.397940008672037
10184653,LCK,6.2441251443275085
4908365,ARK5,5.638272163982407
3081361,ABL2,7.161150909262744
11338033,MAP3K15,5.0
3062316,CASK,5.0
208908,IKK-epsilon,5.0
44259,MKNK1,6.769551078621726
176870,LKB1,5.0
16007391,AMPK-alpha1,5.0
3025986,IRAK3,5.537602002101044
44150621,RPS6KA4(KinDom.1-N-terminal),6.229147988357856
3038525,TXK,5.0
9809715,KIT(D816H),6.508638306165728
126565,DYRK2,7.657577319177794
5329102,ULK1,7.638272163982407
5291,FLT3(K663Q),5.0
42642645,ITK,7.161150909262744
16007391,ERBB3,5.0
5329102,CDK7,6.481486060122113
11984591,LYN,7.585026652029182
10113978,ABL1p,6.187086643357144
16007391,LIMK1,5.0
11338033,MARK2,5.0
24889392,YANK1,5.0
9915743,LCK,6.920818753952375
447077,MLK2,5.275724130399211
9926054,ROCK1,5.0
44259,MLK3,7.698970004336019
16725726,CDK4-cyclinD3,5.0
10461815,CDK4-cyclinD1,5.6020599913279625
5287969,SNARK,5.853871964321762
3081361,CLK4,5.0
10184653,ACVR2B,5.0
3025986,RET(V804M),5.0
156422,RSK1(KinDom.2-C-terminal),5.0
16725726,LIMK2,5.0
11485656,TRPM6,5.0
5287969,DMPK2,5.0
24180719,TRPM6,5.0
42642645,MAST1,5.0
24889392,ABL1(T315I),5.585026652029182
51004351,EPHB6,5.508638306165728
10184653,LOK,5.366531544420414
16038120,TAOK3,7.356547323513813
156422,CAMK2B,5.0
9933475,CDC2L5,5.0
123631,CSNK1A1,5.0
11314340,DYRK2,7.200659450546419
5287969,MAP3K1,5.0
11409972,ABL1(H396P)p,7.508638306165728
11409972,EPHA2,6.795880017344075
16722836,STK16,8.18045606445813
6918454,CDK8,5.0
17755052,ERBB3,5.0
24889392,EGFR(L861Q),5.0
176155,DCAMKL2,5.0
6450551,IKK-epsilon,5.0
3038522,RSK1(KinDom.1-N-terminal),5.0
25243800,CHEK2,5.537602002101044
156422,ABL1(T315I),7.229147988357856
16007391,S6K1,5.552841968657781
3025986,FGFR2,5.0
11234052,BRSK1,5.0
3081361,RET(V804M),5.0
24180719,CAMK2G,5.0
42642645,MEK6,5.0
16722836,ZAK,6.187086643357144
11338033,TBK1,5.0
3038522,TEC,5.0
5494449,DCAMKL1,5.0
11338033,WEE2,5.0
10427712,AAK1,6.060480747381382
11338033,HIPK3,5.0
10461815,MEK4,5.0
5329102,FLT3,9.387216143280265
10074640,MET,5.0
51004351,FER,5.920818753952375
11712649,MEK3,5.0
176870,CAMK1G,5.0
11409972,RSK3(KinDom.1-N-terminal),5.0
644241,FLT3(ITD),5.0
16038120,IKK-alpha,5.0
4908365,MKNK1,5.0
4908365,ULK2,6.346787486224656
11314340,EPHA8,5.0
176155,CASK,5.0
151194,ALK,5.0
5328940,MAP3K15,5.0
9929127,TGFBR1,5.0
9929127,FLT3(D835H),5.0
6450551,RPS6KA4(KinDom.2-C-terminal),5.0
11314340,CSNK1A1,5.6777807052660805
11485656,FLT3(N841I),8.585026652029182
5328940,FRK,8.853871964321762
5328940,MAPKAPK5,5.0
11234052,ACVR1,5.0
11667893,SNARK,5.0
6450551,DAPK1,5.0
3038522,ACVR2B,5.0
10127622,ABL1,5.0
16725726,JNK2,5.0
176870,ROCK2,5.0
16722836,MKNK1,5.136677139879544
156422,WEE2,5.0
6918454,SRPK1,5.0
126565,CAMK2G,7.585026652029182
3081361,JNK1,5.0
3038522,LTK,5.0
6450551,MST1R,5.0
123631,GAK,7.886056647693163
156422,EPHB2,6.356547323513813
176167,LKB1,5.0
10074640,SRPK1,5.0
10138260,ADCK3,5.0
3038525,KIT(D816H),5.0
11485656,BMPR1A,5.0
44259,DAPK3,9.0
10074640,EPHB6,5.0
3025986,DYRK2,5.769551078621726
10138260,ABL1(F317L),5.481486060122113
11338033,MELK,5.0
123631,ABL1(H396P)p,6.337242168318426
11234052,ERBB3,5.0
11617559,MARK3,5.0
11617559,STK36,5.0
11485656,GRK1,5.0
10113978,FES,5.853871964321762
11656518,TTK,5.0
11409972,DCAMKL1,5.0
24779724,RSK2(KinDom.1-N-terminal),5.0
6450551,FGFR2,6.958607314841775
153999,LRRK2,5.0
156414,LYN,6.091514981121351
126565,CSNK1A1L,5.1487416512809245
3025986,ERK3,6.301029995663981
447077,AKT3,5.0
151194,CDK4-cyclinD3,5.0
176870,BIKE,5.920818753952375
11409972,AXL,6.2441251443275085
176155,ABL1(H396P)p,5.4089353929735005
11409972,CAMK1G,5.0
16722836,LYN,6.301029995663981
10427712,EPHA7,5.0
5291,CSNK1G2,5.0
216239,TYK2(JH1domain-catalytic),5.0
151194,JNK3,5.0
10074640,ACVRL1,5.0
24889392,AMPK-alpha1,5.0
9809715,ERK8,5.0
447077,LTK,5.0
25127112,CSNK1E,5.0
9809715,KIT(V559D),8.200659450546418
3025986,LRRK2(G2019S),5.0
5494449,INSR,6.200659450546419
156414,ASK2,5.0
10074640,AMPK-alpha1,5.0
9926054,LCK,5.0
11667893,RIOK2,5.0
6450551,ABL1(F317L),6.080921907623926
10127622,RPS6KA5(KinDom.1-N-terminal),5.0
9926791,STK39,5.0
176870,RPS6KA5(KinDom.2-C-terminal),5.0
126565,AMPK-alpha2,7.251811972993799
447077,MAK,5.0
24779724,MET(M1250T),9.086186147616283
10113978,BRK,5.638272163982407
24889392,EPHB4,5.0
11656518,EPHA2,5.537602002101044
24180719,YANK3,5.0
16722836,AMPK-alpha2,5.327902142064283
3038525,HPK1,5.0
126565,EPHB2,5.161150909262744
10461815,ABL1(Q252H),5.0
3081361,RPS6KA5(KinDom.1-N-terminal),5.0
11234052,BRAF,5.0
216239,EPHB4,5.744727494896694
176155,IKK-beta,5.0
11984591,ROCK2,6.251811972993799
10461815,TNK2,5.0
3038525,DRAK1,5.0
10127622,MKK7,5.0
10427712,CAMK4,5.0
10127622,EPHB6,5.0
156414,YANK2,5.0
11364421,TAOK3,5.769551078621726
11364421,AMPK-alpha2,5.0
51004351,CSK,5.060480747381382
11409972,MARK2,5.0
11626560,CSNK1G3,5.0
16725726,CDC2L1,5.0
11656518,ALK,5.0
176167,S6K1,5.744727494896694
3062316,AURKA,5.031517051446065
151194,DAPK1,5.0
16722836,EPHA6,5.4089353929735005
51004351,DRAK1,5.721246399047171
42642645,CSNK1A1L,5.0
16038120,ERK1,6.366531544420414
176167,MRCKA,5.0
3062316,AKT1,5.0
3062316,YSK4,7.102372908709558
11234052,BMPR1A,5.0
11712649,CLK4,5.0
24889392,JNK1,5.0
9809715,CAMK1,5.229147988357856
176155,IRAK4,5.0
3025986,RIPK1,5.0
16038120,BRK,7.443697499232713
25243800,SLK,7.075720713938118
11234052,MLCK,5.0
9809715,CDK4-cyclinD1,6.795880017344075
10074640,TNNI3K,5.0
3062316,DMPK,5.886056647693163
16722836,JNK1,6.585026652029182
176155,LIMK1,5.0
11667893,TRKA,5.0
42642645,TNK1,7.67778070526608
644241,ACVR2A,5.0
44259,IKK-epsilon,8.292429823902063
11667893,DDR1,6.585026652029182
447077,EPHA8,8.229147988357855
24779724,EGFR(T790M),5.0
11717001,CAMKK1,5.0
9933475,RSK2(KinDom.1-N-terminal),5.0
16007391,IKK-beta,5.0
156422,MLCK,5.0
11338033,BTK,5.0
5291,JAK1(JH1domain-catalytic),5.0
11626560,DAPK3,5.0
17755052,ERK1,5.0
644241,ULK1,5.0
11717001,RSK1(KinDom.1-N-terminal),5.0
11427553,ROS1,5.0
10184653,EGFR(G719S),9.721246399047171
10127622,CSNK2A1,5.0
10184653,FLT3(ITD),5.0
153999,INSR,5.0
44150621,DYRK1B,5.0
4908365,BMX,6.107905397309519
25127112,CAMK2G,7.0
9926791,KIT(D816H),5.0
11626560,MAST1,5.0
11617559,MEK2,5.0
16725726,SBK1,5.0
5287969,ERBB4,5.301029995663981
5494449,FLT3(N841I),8.366531544420413
176167,TGFBR2,5.0
11485656,TIE2,6.346787486224656
16725726,ZAP70,5.0
11427553,EGFR(L861Q),5.0
11338033,CLK4,5.154901959985743
10184653,AURKA,5.0
153999,MAP3K15,5.0
10127622,EGFR,5.154901959985743
11712649,JAK3(JH1domain-catalytic),5.0
176155,BMX,5.0
24180719,ACVR2A,5.0
9809715,RSK4(KinDom.2-C-terminal),5.0
3038525,LTK,5.0
10127622,SIK2,5.0
10074640,FLT3(R834Q),5.0
44259,KIT(V559D),7.823908740944319
11427553,CDK2,5.0
24889392,RET(V804M),8.040958607678906
11712649,AURKA,8.187086643357144
9926054,IRAK1,5.0
9884685,ZAP70,5.0
9884685,PYK2,5.0
11656518,CSNK1D,5.0
153999,STK16,5.0
9926791,BRAF(V600E),5.0
3025986,TGFBR1,5.0
3081361,RPS6KA4(KinDom.1-N-terminal),5.0
51004351,LZK,5.552841968657781
176167,MST1,5.0
25127112,ERBB4,5.0
11617559,LCK,5.0
5291,STK36,5.0
17755052,FLT3(D835H),5.769551078621726
11409972,DMPK2,5.0
24889392,ERK5,5.0
176167,RET(V804L),5.0
5494449,EPHB4,5.769551078621726
11712649,RSK1(KinDom.1-N-terminal),5.318758762624413
11234052,JAK2(JH1domain-catalytic),5.0
24180719,WEE2,5.0
16007391,DRAK2,5.0
5329102,LRRK2(G2019S),7.119186407719209
5329102,MKNK1,5.4089353929735005
176155,FLT3(D835H),5.0
208908,EPHA5,5.0
176167,RSK1(KinDom.1-N-terminal),5.795880017344075
10074640,BRK,5.0
11314340,ABL1(F317I),5.0
5328940,ABL1(M351T),10.431798275933003
11984591,ABL1(E255K),6.657577319177793
126565,MAP3K15,8.468521082957745
16038120,BMX,5.958607314841775
11409972,CAMK1D,5.356547323513813
9926791,MEK5,5.0
5287969,KIT(A829P),5.055517327849832
11656518,TGFBR2,5.0
11427553,CLK4,7.309803919971486
11626560,FGFR1,5.0
51004351,INSRR,5.0
5328940,LATS1,5.0
10074640,TBK1,5.0
151194,TNIK,5.0
11485656,MLK3,5.0
3081361,MAP3K2,5.0
3081361,LATS1,5.0
11234052,CAMK2B,5.0
208908,ABL1(F317I)p,5.0
9915743,MST2,7.236572006437063
176155,ASK1,5.0
208908,MST2,5.0
51004351,ZAK,5.0
3081361,FGR,6.568636235841013
176870,MEK4,5.0
11984591,YANK3,5.0
9884685,EPHA5,5.0
16007391,SIK,5.0
11617559,MAPKAPK5,5.0
10427712,EGFR(S752I759del),6.096910013008056
5494449,SRPK1,7.086186147616283
5329102,ZAK,5.0
9933475,LKB1,5.0
10127622,CAMK2A,5.0
9926054,TNK1,5.0
42642645,SgK110,5.0
10461815,ABL1(F317I)p,5.0
11234052,WEE1,5.0
9929127,GAK,5.0
176155,MAP4K3,5.0
11364421,KIT(L576P),5.0
44259,CSNK1G1,5.455931955649724
4908365,QSK,5.0
3038522,RSK4(KinDom.2-C-terminal),5.0
6918454,EGFR(S752I759del),5.0
447077,CSNK1A1,5.0
10113978,ULK2,5.0
10127622,KIT(D816H),5.0
11626560,EPHB2,5.0
24180719,TESK1,5.823908740944319
11617559,EPHA3,5.0
9933475,SIK2,5.6777807052660805
3081361,LKB1,5.0
208908,MEK4,5.0
9884685,MAP3K4,5.0
11656518,CDK4-cyclinD1,5.0
153999,CSNK1G2,5.0
16007391,FLT3(R834Q),6.886056647693163
9915743,MEK2,7.585026652029182
24889392,FGFR3(G697C),5.0
11409972,RPS6KA4(KinDom.2-C-terminal),5.0
6450551,FGFR3,6.6777807052660805
9884685,ANKK1,5.0
3081361,FLT3(R834Q),5.886056647693163
644241,FGFR1,5.0
6918454,CHEK2,5.0
11409972,SgK110,5.0
3081361,JNK3,5.0
9915743,TAOK2,5.0
25127112,ABL1(E255K),5.657577319177793
151194,ADCK3,5.0
24180719,RSK3(KinDom.2-C-terminal),5.0
4908365,PYK2,6.119186407719209
10427712,MAST1,5.0
25127112,AURKB,5.0
3038522,FRK,5.0
11314340,YES,5.0
10184653,CDK11,5.0
10461815,EGFR(G719S),5.0
176870,EGFR(G719C),9.070581074285707
5494449,ERK3,5.0
3038525,EPHA2,5.0
11427553,TRKC,6.6020599913279625
11626560,KIT(V559D),5.0
4908365,CDKL3,5.0
17755052,CSF1R,5.0
11364421,BRAF,5.0
10427712,KIT,5.0
5291,FLT4,5.0
9809715,EGFR(L747E749del),5.0
10127622,MST3,5.0
176167,SNARK,5.3872161432802645
9809715,EGFR(S752I759del),5.0
25127112,MEK5,5.0
5494449,JAK3(JH1domain-catalytic),6.200659450546419
11314340,EPHA2,5.0
10127622,GCN2(KinDom2S808G),5.0
176167,ERBB4,5.0
9929127,QSK,5.0
10427712,BIKE,6.1938200260161125
5494449,MAST1,5.0
156414,CDC2L2,5.0
16725726,STK35,5.0
9933475,DLK,5.0
176155,YES,5.0
176155,ASK2,5.0
9926791,KIT(D816V),5.0
24779724,BMX,5.0
51004351,TAK1,6.886056647693163
153999,ABL1(M351T),5.0
11717001,SBK1,5.0
24889392,FLT3(ITD),8.05551732784983
6918454,AXL,5.0
9915743,MET(M1250T),5.173925197299174
11656518,FES,5.0
10074640,ULK1,5.0
3038522,EGFR(L747S752del),6.3872161432802645
16722836,FLT3(K663Q),7.886056647693163
9809715,CAMK2G,5.0
6450551,EGFR(L858R),5.0
151194,FLT4,6.481486060122113
11667893,CSNK1G1,5.0
16722836,EGFR(G719S),5.0
24180719,EGFR(E746A750del),5.0
123631,MST1,5.0
151194,ASK2,5.0
156422,HUNK,5.0
11717001,TYK2(JH1domain-catalytic),5.0
3062316,HUNK,5.0
5287969,CDKL2,5.0
208908,DAPK1,5.0
208908,FGFR1,5.0
644241,MAPKAPK5,5.0
11485656,BTK,5.0
16007391,CDK2,5.0
9929127,IRAK1,5.0
156422,MLK2,5.0
6918454,RAF1,5.0
9926791,LATS1,5.0
447077,GRK4,5.0
5494449,MST1,6.698970004336019
3038522,MST2,5.0
17755052,DAPK3,5.744727494896694
16722836,MST4,5.1249387366083
11626560,EPHA6,7.187086643357144
11717001,MAP3K1,5.0
3081361,EPHA8,7.040958607678906
4908365,RSK2(KinDom.1-N-terminal),6.356547323513813
156414,EGFR(L747E749del),9.769551078621726
156414,MAP3K3,5.638272163982407
11667893,VEGFR2,7.585026652029182
9809715,CDKL2,5.886056647693163
25127112,AURKA,5.0
11427553,RSK2(KinDom.1-N-terminal),6.552841968657781
4908365,CLK1,6.045757490560675
17755052,CIT,5.0
5291,FLT3,5.0
153999,MST3,5.0
3062316,CSNK1G1,5.0
5287969,TYK2(JH1domain-catalytic),6.744727494896694
25127112,CSNK2A2,5.481486060122113
151194,CSNK1A1,5.0
3081361,ADCK4,5.769551078621726
11626560,LYN,6.026872146400302
11656518,SRPK2,5.0
11314340,EGFR(G719S),5.0
10074640,ASK1,5.0
11656518,RPS6KA5(KinDom.2-C-terminal),5.0
5287969,YANK3,5.0
11427553,AURKC,7.229147988357856
6450551,CDKL3,5.0
24779724,ABL1(T315I),5.0
3062316,TSSK1B,5.0
5291,VEGFR2,5.0
5494449,TRKA,7.42021640338319
5329102,FGFR2,6.2441251443275085
11427553,BRAF(V600E),5.0
11626560,SRPK2,5.0
17755052,YANK2,5.0
447077,TNIK,6.366531544420414
11626560,ADCK4,5.958607314841775
11712649,DMPK,5.0
44150621,ASK1,5.0
11617559,HIPK2,5.0
9809715,CDK5,5.0
9926791,EPHB2,5.0
11338033,GSK3B,7.958607314841775
644241,CDC2L2,5.0
151194,RIPK5,5.0
9809715,GRK4,7.769551078621726
9926054,ULK3,5.0
11712649,SYK,5.0
11364421,FLT4,5.0
11427553,EGFR(E746A750del),5.1487416512809245
16725726,TYRO3,5.0
11234052,LTK,5.0
5287969,ERK1,5.0
9915743,LATS1,5.0
11984591,KIT(L576P),8.2518119729938
9926791,MRCKA,5.0
44259,CDC2L5,7.154901959985743
24889392,MRCKB,5.0
10127622,TLK1,5.0
11314340,TIE2,5.0
6450551,ASK1,5.0
9809715,DRAK2,6.173925197299174
16722836,QSK,5.721246399047171
25243800,CDKL3,5.0
151194,FGR,5.0
9926054,MAST1,5.0
10461815,CSNK2A2,5.251811972993799
10074640,CHEK2,5.0
3062316,MLK1,5.0
5287969,CSNK1A1L,5.619788758288394
10184653,RPS6KA5(KinDom.2-C-terminal),5.0
126565,ABL1(M351T),6.107905397309519
153999,IGF1R,5.0
11338033,BRAF,5.0
11984591,MAP4K2,6.173925197299174
11717001,MEK6,5.0
11617559,RPS6KA4(KinDom.1-N-terminal),5.0
5329102,BIKE,8.259637310505756
156422,TIE2,7.698970004336019
51004351,ROCK1,5.10790539730952
151194,RSK2(KinDom.1-N-terminal),5.0
10184653,ERBB4,8.200659450546418
11984591,HIPK4,5.552841968657781
51004351,KIT(V559D),6.698970004336019
153999,CLK1,6.040958607678906
5494449,MEK3,5.0
6918454,HUNK,5.0
9926054,LATS1,5.0
3081361,ACVR1,6.823908740944319
10138260,HCK,5.657577319177793
3025986,MEK1,5.0
42642645,GRK4,5.0
156422,ROS1,5.0
10074640,ABL1(E255K),6.853871964321762
11984591,JAK2(JH1domain-catalytic),8.455931955649724
9926791,CHEK1,5.0
9809715,STK35,6.091514981121351
11234052,SRPK3,5.0
9809715,STK33,5.958607314841775
11427553,DCAMKL2,5.0
11656518,ABL1(H396P)p,5.251811972993799
44259,SIK,8.657577319177793
6918454,ULK2,5.0
6918454,SNRK,5.0
11656518,TBK1,5.0
24889392,CDC2L2,5.0
9884685,RET,5.0
24779724,ABL1(M351T),5.0
44150621,TIE1,5.3979400086720375
4908365,MAP4K4,6.853871964321762
11617559,MLK1,5.0
9809715,DAPK3,5.6777807052660805
24889392,DAPK1,5.0
42642645,ABL1(E255K),6.823908740944319
156422,PYK2,6.00436480540245
11717001,SgK110,5.0
11984591,TRKA,6.769551078621726
9929127,CSNK1A1L,5.0
11409972,SIK2,5.0
44150621,JNK1,5.0
11667893,CDK5,5.0
156414,JAK1(JH1domain-catalytic),5.0
126565,AAK1,8.508638306165727
10127622,RSK3(KinDom.2-C-terminal),5.0
11338033,MAK,7.013228265733755
9915743,EPHA1,5.0
10138260,SNARK,6.3979400086720375
10184653,SRPK3,5.0
176870,EPHA6,6.356547323513813
3025986,AKT1,5.0
447077,CDKL3,5.0
11667893,LRRK2,5.0
216239,MARK4,5.0
11314340,KIT(V559D),5.0
6450551,ACVR1B,5.0
44150621,SNRK,5.0
11338033,SgK110,5.0
156414,MLK3,5.0
9915743,EPHA3,5.0
5329102,VEGFR2,8.823908740944319
25243800,IRAK3,6.0
3062316,EGFR(L747S752del),6.494850021680094
123631,ERK2,5.0
11717001,AURKC,5.0
42642645,MRCKB,6.481486060122113
11485656,BMPR1B,6.1487416512809245
176155,ABL1(T315I),5.0
11314340,RIPK1,5.0
10138260,MRCKB,5.0
4908365,YANK3,5.0
176167,RSK4(KinDom.2-C-terminal),5.0
176167,WEE1,5.0
44259,EPHA2,5.920818753952375
151194,EGFR(L747T751del),5.0
447077,SRMS,6.221848749616356
3025986,FYN,5.0
16038120,KIT(V559D-V654A),5.920818753952375
156422,ASK2,5.0
11234052,AMPK-alpha2,5.0
11717001,EPHA4,5.0
11427553,AKT3,5.0
24180719,MAP3K15,5.0
176167,RSK3(KinDom.2-C-terminal),5.0
25243800,KIT(V559D-V654A),5.0
9926791,WEE1,5.0
3038522,RIPK5,5.0
16007391,DCAMKL2,5.0
10427712,TGFBR1,5.0
11617559,EGFR(L747T751del),5.0
24779724,DDR1,5.0
44150621,ABL2,5.0
9926791,DMPK2,5.0
9809715,MET,6.698970004336019
11338033,QSK,5.0
5329102,JNK1,5.0
156422,AKT3,5.0
156414,TGFBR2,6.096910013008056
5287969,CLK2,5.657577319177793
11717001,ASK2,5.0
9809715,GSK3B,7.080921907623926
16007391,CSF1R,5.853871964321762
11626560,DMPK2,5.0
5328940,ACVR1,5.0
51004351,MEK1,5.0
10427712,SNARK,5.0
25127112,RSK3(KinDom.1-N-terminal),5.0
9926791,YANK3,5.0
10127622,DDR1,5.0
6450551,TRKC,5.0
16725726,ERK4,5.0
10461815,CDK2,5.0
11338033,CSNK1A1,5.0
11427553,CDK8,5.0
10184653,TRKA,5.0
123631,ACVR2A,5.0
44259,TAOK1,9.346787486224656
11667893,BMPR1B,5.0
16038120,MAP3K1,5.366531544420414
11338033,LRRK2,5.0
3062316,EPHA8,9.619788758288394
44150621,ACVR2B,5.0
126565,ABL1p,6.0
123631,RPS6KA5(KinDom.2-C-terminal),5.0
25127112,AKT2,5.0
11234052,ANKK1,5.0
24889392,DCAMKL2,5.0
5291,DDR1,9.154901959985745
16725726,ABL2,5.0
6450551,CDK11,5.0
208908,ERBB4,7.267606240177032
16038120,BRAF(V600E),5.0
11712649,MAP3K15,5.0
24889392,ABL1(F317L),5.0
9933475,AAK1,5.0
126565,ADCK4,5.0
42642645,CSK,6.920818753952375
11485656,CLK2,5.0
3081361,ERN1,5.0
24180719,CDK11,6.154901959985743
16722836,MELK,5.585026652029182
24779724,DCAMKL1,5.0
11712649,MAST1,5.0
16722836,SIK,7.4089353929735005
126565,SRPK3,7.886056647693163
9926054,ZAP70,5.0
10127622,ERK5,5.0
11409972,GSK3B,5.0
11984591,GAK,6.6020599913279625
17755052,TNK2,5.0
11984591,FGFR3,7.251811972993799
176155,AAK1,5.0
126565,DYRK1A,7.698970004336019
5287969,CDK3,6.3872161432802645
208908,JAK1(JH2domain-pseudokinase),5.0
11717001,MARK4,5.0
51004351,DAPK1,5.327902142064283
11234052,FLT3,5.0
126565,BMPR2,5.823908740944319
9884685,MARK2,5.0
11984591,BTK,6.721246399047171
644241,CLK1,5.6777807052660805
42642645,FGFR2,6.096910013008056
5328940,MAP3K1,5.356547323513813
9926791,ABL2,5.0
123631,RSK3(KinDom.1-N-terminal),5.0
9915743,JNK2,5.0
10427712,TTK,5.113509274827518
16725726,MERTK,5.0
10127622,ASK2,5.0
6450551,RPS6KA4(KinDom.1-N-terminal),5.0
25243800,WEE2,5.0
11667893,DDR2,5.0
11656518,GSK3B,5.0
44259,ROS1,7.522878745280337
24889392,KIT(V559D-T670I),8.221848749616356
153999,MARK4,5.0
447077,FGFR2,7.508638306165728
16722836,FLT4,5.698970004336019
11667893,CTK,5.0
3038522,MAP4K5,6.107905397309519
9809715,YANK2,5.0
176155,CSNK1G2,5.0
6918454,YANK1,5.0
25127112,HPK1,5.0
16007391,MTOR,5.0
10113978,CHEK2,5.0
17755052,AMPK-alpha1,5.0
51004351,BRAF,5.0
10138260,BMPR2,6.698970004336019
10427712,DCAMKL2,5.0
9933475,FLT3(N841I),5.0
16038120,TEC,6.744727494896694
24889392,FLT3(R834Q),8.292429823902063
11712649,CDKL2,5.0
11656518,EGFR(L858R),5.0
5291,STK16,5.0
10113978,RAF1,6.045757490560675
11364421,FLT3(D835Y),5.522878745280337
25127112,BRSK1,5.0
151194,EPHA5,5.0
123631,FLT1,5.0
24889392,DAPK2,5.0
11364421,AURKC,5.0
11485656,SNARK,5.0
156422,TBK1,5.0
11617559,CDKL3,5.0
11427553,YES,7.744727494896694
16007391,MST1R,5.0
42642645,FAK,6.744727494896694
44259,TRPM6,5.0
9929127,RSK4(KinDom.2-C-terminal),5.0
3025986,DRAK1,6.356547323513813
11617559,MARK1,5.0
25127112,ERBB2,5.0
51004351,GRK4,6.958607314841775
10427712,ABL1(E255K),5.0
6450551,TNK2,5.221848749616356
176155,YANK1,5.886056647693163
3038522,LKB1,5.0
11667893,RIPK5,5.0
16725726,LIMK1,5.0
25127112,MARK3,5.0
3038522,SNARK,5.0
644241,INSR,5.0
16038120,FES,8.318758762624412
9884685,EPHB4,5.0
11667893,TIE1,5.0
10127622,TGFBR1,5.0
16725726,EGFR(L747S752del),5.0
176167,RIPK1,5.0
9926054,BMX,5.0
156414,CSNK1G3,5.0
5494449,TAOK1,6.537602002101044
5494449,EPHA2,6.075720713938118
447077,CSNK1G3,5.0
11485656,KIT(V559D),8.769551078621726
176167,RET(M918T),5.0
10127622,TTK,5.0
11656518,ABL1(Y253F),5.568636235841013
10127622,MAP3K15,5.0
17755052,BRSK2,5.0
11427553,KIT,7.275724130399211
5329102,RIPK4,5.6777807052660805
10138260,CSNK1A1L,5.823908740944319
6918454,MEK5,5.0
176155,INSRR,5.0
11234052,ERK2,5.0
5494449,EGFR(L747T751del),5.0
126565,RIOK1,8.045757490560675
16007391,RPS6KA4(KinDom.1-N-terminal),5.0
447077,ACVRL1,7.161150909262744
5329102,ERK2,5.0
11626560,RIPK5,6.346787486224656
16722836,RIPK4,5.008773924307505
126565,HPK1,7.42021640338319
3062316,MEK4,5.0
11717001,TNIK,5.638272163982407
123631,ACVR1B,5.0
11617559,MKNK2,5.0
10184653,GCN2(KinDom2S808G),5.0
156414,RSK3(KinDom.1-N-terminal),5.0
9915743,WEE2,5.886056647693163
17755052,MERTK,5.0
208908,TEC,5.0
10461815,CDC2L5,5.0
9884685,EPHB1,5.0
9933475,STK39,5.0
11409972,EGFR(L858R),5.585026652029182
16725726,CSF1R,5.0
9929127,VEGFR2,5.0
17755052,CDC2L1,5.0
156422,FLT3(D835Y),5.0
11626560,TIE2,6.568636235841013
156422,FES,5.0
3062316,CAMK1G,5.0
11338033,TAOK2,7.301029995663981
176155,FGFR3(G697C),5.0
9926791,RSK4(KinDom.1-N-terminal),5.0
11314340,WEE2,5.0
10427712,TNK2,5.0
11338033,AMPK-alpha1,5.0
11314340,EPHA6,5.0
9933475,ERBB2,5.522878745280337
10074640,CDK11,5.0
24180719,EPHA4,5.0
25243800,RSK3(KinDom.1-N-terminal),5.0
10184653,MAP3K15,5.0
156414,IRAK4,5.920818753952375
25243800,JAK1(JH2domain-pseudokinase),5.431798275933005
10127622,EPHA3,5.0
11485656,EGFR(E746A750del),5.0
9926791,ROCK1,6.327902142064283
9915743,CAMK1D,5.251811972993799
44259,ABL1(F317L),6.769551078621726
9884685,JAK1(JH2domain-pseudokinase),5.698970004336019
126565,ABL1(Y253F),6.040958607678906
6918454,FES,5.0
11984591,RET(V804M),8.508638306165727
3025986,ERK4,5.3872161432802645
16725726,CASK,5.0
126565,TGFBR1,6.920818753952375
156414,DLK,5.0
3038522,EPHA4,5.0
10427712,LZK,5.0
176155,FGFR2,5.0
5287969,FGFR4,5.0
11234052,MET(M1250T),5.0
176167,EIF2AK1,5.0
11984591,MST2,5.522878745280337
17755052,MAP3K1,5.0
9926054,CLK1,5.0
151194,RSK1(KinDom.2-C-terminal),5.0
11712649,FER,5.356547323513813
25243800,BMPR2,7.050609993355088
11626560,EGFR(S752I759del),5.0
9809715,EGFR(L861Q),5.0
11485656,FGFR3(G697C),5.0
123631,GSK3B,5.0
10427712,CDK2,5.0
16722836,JNK3,6.698970004336019
3038525,CDKL5,5.0
11712649,ABL2,5.481486060122113
9926791,ERBB3,5.0
11717001,RET(V804M),5.0
10427712,RIPK1,5.0
4908365,TRPM6,5.0
3081361,LYN,6.958607314841775
25243800,EPHB1,5.721246399047171
447077,SGK3,5.0
5287969,ERBB2,5.0
11984591,DAPK3,7.886056647693163
44150621,DYRK2,5.221848749616356
9809715,LRRK2(G2019S),7.431798275933005
10138260,TIE2,5.0
126565,TNK2,8.18045606445813
16725726,ABL1(T315I)p,5.0
16722836,FLT3,7.886056647693163
10138260,SRPK2,6.698970004336019
156414,TESK1,5.494850021680094
10113978,KIT(V559D),8.638272163982407
9926054,MELK,5.0
44259,QSK,9.337242168318426
25127112,FYN,5.0
5287969,ERBB3,5.036212172654444
10113978,CDC2L1,5.6777807052660805
10461815,CSNK1A1,5.0
153999,TIE1,5.0
216239,GRK4,5.0
10138260,YES,6.585026652029182
25243800,ULK2,5.309803919971486
16007391,IKK-alpha,5.0
9933475,S6K1,5.0
5291,MAP3K2,5.0
123631,CSNK1G2,5.0
447077,FLT1,7.638272163982407
10113978,ABL1(F317L)p,5.568636235841013
11717001,EIF2AK1,5.0
5328940,ERK8,5.0
11984591,AKT1,5.0
42642645,FER,7.431798275933005
6450551,FLT1,8.236572006437063
11626560,GSK3A,5.0
10461815,TESK1,5.0
176155,RIOK2,5.0
51004351,STK39,5.0
24779724,SIK2,5.0
10113978,ERBB4,5.0
11314340,TXK,5.0
5328940,CSK,7.494850021680094
216239,AURKB,6.356547323513813
25243800,BRSK2,7.376750709602099
11626560,MAP3K15,5.552841968657781
5329102,TRPM6,5.0
11667893,LIMK2,5.0
3038522,STK33,5.0
156414,CDK7,5.0
9926791,HCK,5.0
208908,DDR2,5.0
24889392,DAPK3,5.0
176167,CDK7,5.585026652029182
176155,CDKL3,5.0
5329102,DDR1,5.698970004336019
11338033,KIT(D816H),5.0
156414,ABL1,6.6777807052660805
24779724,CDK4-cyclinD1,5.0
6918454,YES,5.0
11234052,BLK,5.698970004336019
16725726,EPHA7,5.0
16007391,MKK7,5.0
10074640,ERBB2,5.920818753952375
3038522,MKNK1,5.0
151194,ERK4,5.0
10427712,MARK4,5.0
24889392,JAK3(JH1domain-catalytic),5.0
10461815,MAP3K3,5.229147988357856
208908,MEK1,5.0
3062316,FER,5.0
4908365,FLT3(ITD),8.3767507096021
6918454,CTK,5.0
5494449,FES,5.130768280269024
24889392,ULK1,5.0
24779724,BMPR1B,5.0
10127622,EGFR(E746A750del),5.2441251443275085
3038522,MAST1,5.0
42642645,AURKC,7.920818753952375
3081361,CSNK2A2,5.0
11485656,MLK1,5.0
123631,RSK1(KinDom.1-N-terminal),5.0
9926054,LTK,5.0
3038522,FGFR4,5.0
5328940,ACVRL1,5.0
11427553,RSK1(KinDom.2-C-terminal),5.0
11626560,RPS6KA4(KinDom.2-C-terminal),5.0
16038120,ABL1(F317I)p,7.853871964321762
3038525,MST1R,5.0
10461815,YANK3,5.0
10138260,DYRK1B,5.585026652029182
156414,EPHA7,5.0
11712649,TLK2,5.0
10138260,JNK3,5.443697499232713
126565,ABL2,5.187086643357144
11364421,LYN,5.0
3081361,CSNK1G1,5.0
447077,EIF2AK1,5.0
11427553,TLK2,5.744727494896694
6918454,KIT(D816V),5.0
10074640,CSNK1G3,5.0
153999,ERK4,5.0
44150621,FLT3(N841I),8.318758762624412
17755052,JNK2,5.744727494896694
11234052,BTK,5.0
9926054,CAMK2G,5.0
16725726,WEE1,5.0
10184653,CDK7,5.0
9926791,TNNI3K,5.0
11338033,LOK,5.0
11626560,MKK7,5.0
11364421,STK35,5.0
156422,ERK8,5.522878745280337
151194,EPHB6,5.0
5328940,MLCK,5.0
11314340,TNNI3K,5.0
11338033,HIPK4,5.0
11667893,ULK1,5.0
9933475,ULK1,5.0
153999,FLT3,5.721246399047171
17755052,LZK,5.0
5328940,JNK2,5.0
11234052,FAK,5.0
5329102,AAK1,7.958607314841775
216239,CAMK2D,5.0
10113978,KIT(A829P),7.481486060122113
11485656,CAMK1G,5.0
11712649,MST1,5.0
6450551,ABL1(H396P),7.698970004336019
16007391,ULK1,5.0
44150621,JAK1(JH2domain-pseudokinase),6.42021640338319
10074640,DRAK2,5.0
9884685,S6K1,5.0
5329102,JAK1(JH2domain-pseudokinase),7.309803919971486
10427712,SRMS,5.0
10113978,DDR1,7.244125144327507
3081361,YANK1,5.301029995663981
16722836,AAK1,7.455931955649724
17755052,IKK-beta,5.0
9915743,YANK1,5.0
16725726,DMPK,5.0
24180719,EIF2AK1,5.0
9884685,EGFR,5.0
176155,FRK,5.744727494896694
9809715,MLK1,6.657577319177793
11409972,TGFBR1,5.0
11717001,BRAF(V600E),9.744727494896694
176155,CTK,5.0
176167,CHEK2,5.0
11667893,ICK,5.0
17755052,AMPK-alpha2,5.0
11409972,BMPR1A,5.0
11626560,SNRK,5.0
24779724,WEE1,5.0
156422,TRKA,6.0
9915743,BRAF,5.0
644241,RSK3(KinDom.2-C-terminal),5.0
3081361,BRAF,5.0
447077,LATS1,5.0
5287969,CTK,5.0
3062316,CDK4-cyclinD3,5.0
3025986,ACVR2A,5.0
11626560,FGFR2,5.0
16725726,AMPK-alpha2,5.0
208908,RIOK3,5.0
9929127,MAP4K5,5.0
24180719,FGFR3,5.0
42642645,KIT(D816V),8.017728766960431
3025986,RPS6KA4(KinDom.2-C-terminal),5.0
156414,CAMK1G,5.0
5329102,KIT(D816H),6.958607314841775
3062316,MAST1,5.0
24889392,ABL1(F317I),5.0
11485656,AKT1,5.0
5291,GRK7,5.0
3038525,JNK1,5.0
156414,FGFR3,5.0
156414,ABL1(H396P),7.337242168318426
216239,RPS6KA4(KinDom.1-N-terminal),5.0
5329102,EGFR(L747S752del),5.0
10184653,ULK1,5.0
151194,GSK3B,5.0
11656518,MEK1,5.0
126565,EPHA5,5.229147988357856
4908365,CAMK4,5.0
10127622,MAP3K1,5.0
5328940,CSNK1G3,5.0
5287969,CDK9,8.193820026016112
10427712,CSNK1D,5.886056647693163
9929127,BIKE,5.0
216239,ERK1,5.0
16007391,TRKA,5.0
176870,RET(V804M),5.0
126565,EPHA3,6.795880017344075
17755052,TBK1,5.0
156414,ABL1(T315I),6.161150909262744
5291,MEK6,5.0
5328940,BRSK2,5.0
3038522,MET,5.0
5328940,KIT,6.376750709602099
11338033,SBK1,5.0
11485656,HIPK4,7.337242168318426
11427553,BRAF,5.0
9926054,GAK,5.0
126565,KIT(V559D),7.119186407719209
25243800,MAP3K3,6.1938200260161125
5494449,LZK,6.744727494896694
156422,ABL1(Y253F),5.070581074285707
6450551,FGFR3(G697C),6.6777807052660805
9926791,ROCK2,6.376750709602099
10127622,SRMS,5.0
42642645,RSK4(KinDom.2-C-terminal),5.0
10113978,LRRK2,5.0
17755052,ADCK3,5.0
11617559,EPHB2,5.0
10113978,MAPKAPK5,5.0
11626560,DCAMKL2,6.431798275933005
5291,TNIK,5.0
5329102,HIPK3,7.387216143280264
216239,STK33,5.619788758288394
24889392,STK16,5.0
10113978,RSK3(KinDom.2-C-terminal),5.0
17755052,CSNK1D,5.920818753952375
10127622,DYRK1B,5.0
11409972,CAMK2D,5.0
176167,CLK3,5.0
123631,ASK2,5.0
11717001,RIPK5,5.0
11234052,MAP3K3,5.0
153999,TTK,5.0
11712649,SgK110,5.0
11712649,ABL1(E255K),5.721246399047171
208908,EGFR(L747E749del),8.657577319177793
10138260,ITK,6.721246399047171
9926054,SNRK,5.0
10461815,EGFR(T790M),5.0
126565,CSNK1G1,5.0
11338033,FYN,5.0
10184653,FLT3,5.0
3038525,HIPK1,5.0
3038525,YANK2,5.0
5291,KIT(V559D-T670I),5.6020599913279625
10138260,HIPK3,7.080921907623926
3038525,RIOK1,5.0
11667893,ABL1p,5.173925197299174
156422,FAK,5.1487416512809245
10113978,MELK,5.0
10074640,CLK1,5.0
123631,MLK2,5.0
25243800,TAK1,5.795880017344075
644241,TRKA,5.0
42642645,KIT(L576P),8.568636235841012
9926054,TGFBR2,5.0
5328940,CDKL3,5.0
5328940,CAMK4,5.0
5494449,SBK1,5.0
10138260,RPS6KA4(KinDom.1-N-terminal),6.698970004336019
151194,TRPM6,5.0
24180719,ABL1(F317I),5.886056647693163
6918454,AMPK-alpha1,5.0
10184653,AMPK-alpha2,5.0
24889392,MLK1,5.0
11717001,ABL1(H396P),5.494850021680094
51004351,EPHA6,5.0
4908365,CSNK1E,5.0
51004351,MET(M1250T),5.6777807052660805
11338033,EGFR,5.0
11712649,MAP3K2,5.0
176167,RIPK5,5.0
176167,KIT(A829P),5.0
156422,CDK3,5.0
3038525,FGFR1,5.0
3081361,CAMK2G,5.0
44259,ROCK1,9.55284196865778
3081361,TRKA,5.0
10184653,MST3,5.0
16038120,CDK8,5.0
153999,MAP3K3,6.769551078621726
16007391,FLT3(N841I),7.366531544420414
123631,AKT2,5.0
11626560,RIOK3,5.3979400086720375
9933475,EPHB3,5.0
11667893,CLK3,5.0
6450551,RET(V804M),5.795880017344075
9809715,ABL1(F317I),5.161150909262744
10074640,HCK,6.161150909262744
9884685,MEK1,5.0
9809715,CSNK1E,6.638272163982407
51004351,RIPK2,5.0
176870,EGFR(S752I759del),8.795880017344075
16725726,LRRK2,5.0
3081361,DRAK2,5.0
44259,HIPK2,6.721246399047171
9926791,S6K1,5.0
6450551,CSF1R,7.67778070526608
11427553,FLT4,5.886056647693163
5329102,FLT3(D835H),8.366531544420413
11234052,EGFR(L747T751del),5.0
176870,ALK,5.920818753952375
176870,SgK110,5.0
11314340,DDR2,5.0
24889392,EPHA5,5.0
3062316,CDKL2,5.0
11409972,ABL1p,7.886056647693163
9915743,MLK2,5.337242168318426
216239,ABL1(F317L),6.113509274827519
5328940,MAP4K2,8.508638306165727
11617559,ASK2,5.0
10461815,AMPK-alpha2,6.113509274827519
11667893,MTOR,5.0
5329102,KIT(D816V),6.42021640338319
5287969,ACVR1B,5.0
24180719,ABL1(H396P)p,5.301029995663981
11667893,DMPK,5.0
6918454,RET(M918T),5.0
6918454,TYRO3,5.0
11485656,TNNI3K,5.0
10113978,KIT,8.55284196865778
11626560,ACVRL1,5.0
216239,ABL1(T315I)p,5.823908740944319
3081361,ALK,5.6777807052660805
11984591,LIMK2,5.853871964321762
11656518,JAK2(JH1domain-catalytic),5.0
3025986,FLT3,5.0
10074640,MELK,5.0
11984591,BRAF(V600E),6.42021640338319
25243800,TLK2,5.0
176155,CLK3,5.0
6450551,CDK5,5.0
151194,RET(V804M),5.0
11427553,DDR1,5.494850021680094
208908,LATS1,5.0
44259,ABL1(F317I),6.259637310505756
3081361,CDK4-cyclinD1,5.0
156422,CHEK1,5.0
3062316,LKB1,5.0
153999,RPS6KA4(KinDom.1-N-terminal),5.214670164989233
11656518,RSK1(KinDom.1-N-terminal),5.0
3038522,CSNK1A1,5.0
123631,RSK4(KinDom.2-C-terminal),5.0
5287969,MAPKAPK5,5.0
9929127,MAPKAPK5,5.0
11364421,STK36,5.0
176870,ABL1p,7.119186407719209
5328940,HIPK4,6.886056647693163
16722836,BRK,5.920818753952375
6450551,KIT(D816H),5.376750709602099
9809715,RSK3(KinDom.1-N-terminal),7.236572006437063
5494449,EGFR(L747E749del),5.0
156414,MAP3K2,5.42021640338319
11364421,JAK1(JH2domain-pseudokinase),5.0
644241,EGFR(E746A750del),5.0
11234052,MET,5.0
11409972,ERK5,5.0
16725726,ARK5,6.376750709602099
11984591,CAMKK1,5.0
9926054,CLK2,5.0
5329102,FLT3(D835Y),8.638272163982407
5329102,AKT1,5.0
9884685,MEK6,5.0
11234052,HIPK1,5.0
10127622,ACVR1,5.0
123631,ABL1(T315I)p,5.0
10461815,GSK3A,5.0
10138260,EGFR(L747S752del),5.0
216239,CDK2,5.060480747381382
11427553,DAPK2,5.744727494896694
3038525,TRKB,5.0
10184653,CASK,5.0
11409972,LRRK2(G2019S),5.356547323513813
24889392,FGFR2,5.0
10461815,WEE1,5.0
11712649,ACVR1,5.0
3025986,EGFR(L747T751del),5.0
3038522,BMPR2,5.0
9926791,EPHB3,5.0
9926054,ABL1(H396P)p,5.0
3081361,FGFR3,5.795880017344075
11667893,EPHA5,5.0
9926054,EPHB3,5.0
11314340,BRAF(V600E),5.0
3038522,RSK4(KinDom.1-N-terminal),5.0
25243800,BIKE,5.221848749616356
208908,ABL1(T315I)p,5.0
11314340,TYRO3,5.0
156414,KIT(V559D-V654A),5.102372908709558
44150621,EPHA3,5.0
9915743,RSK1(KinDom.2-C-terminal),5.0
176870,MAPKAPK2,5.0
208908,FGFR3(G697C),5.0
10461815,DYRK1B,5.0
11314340,CSNK2A2,5.42021640338319
3081361,STK33,5.853871964321762
24779724,MARK4,5.0
9915743,DAPK1,5.0
25127112,MRCKB,5.0
5291,BRK,5.0
6918454,ABL1(F317I),5.0
5287969,AAK1,5.275724130399211
11485656,JNK3,5.366531544420414
10427712,SRC,5.0
126565,MKK7,7.096910013008056
10461815,ERK3,5.0
3062316,DAPK2,5.0
51004351,EPHA4,5.0
9809715,EPHB3,5.0
11427553,LKB1,6.619788758288394
24779724,MAP4K3,5.0
10461815,ACVR1B,5.0
25127112,S6K1,5.0
11717001,RIOK1,5.0
6918454,DDR1,5.0
10427712,CHEK1,5.0
24889392,TESK1,5.0
25127112,ABL1(T315I)p,5.0
11314340,MAP3K3,5.0
16038120,CAMK1G,5.522878745280337
44259,FLT3(N841I),8.67778070526608
6450551,TBK1,5.0
3025986,FLT3(R834Q),5.0
11485656,BRSK2,5.0
9809715,ROCK2,5.0
24889392,BMPR2,5.0
16722836,HIPK4,6.657577319177793
9915743,RPS6KA5(KinDom.2-C-terminal),5.0
24889392,AKT3,5.0
156422,MAST1,5.0
42642645,CAMK2A,5.0
3062316,JAK3(JH1domain-catalytic),6.1938200260161125
11626560,RSK4(KinDom.1-N-terminal),5.0
6450551,EPHA6,5.0
11364421,EPHA2,5.0
156422,HIPK2,5.0
11338033,EGFR(S752I759del),5.0
10074640,RPS6KA4(KinDom.1-N-terminal),5.0
10074640,SYK,5.0
10138260,SRC,5.309803919971486
11656518,MKK7,5.0
3038522,RIOK2,5.0
11314340,MAK,5.0
9929127,TEC,5.0
25243800,FLT3(D835Y),6.251811972993799
9933475,KIT(D816V),6.4089353929735005
11409972,ERN1,5.221848749616356
3038525,HCK,5.0
51004351,CDK7,5.0
11364421,LZK,5.0
10427712,DLK,5.0
208908,CHEK2,5.0
51004351,RSK4(KinDom.2-C-terminal),5.0
51004351,SNARK,7.200659450546419
176870,ERK3,5.0
208908,EPHA2,5.0
11338033,ABL1(F317L),5.0
25243800,RET(M918T),8.397940008672037
123631,CDK5,5.0
9915743,FLT3(K663Q),5.309803919971486
3081361,FAK,5.0
10138260,FER,7.468521082957745
11409972,LKB1,5.0
10074640,CLK3,5.0
42642645,ABL1(T315I),7.744727494896694
44259,MERTK,8.193820026016112
176167,YSK1,5.0
11364421,CLK3,6.200659450546419
25127112,FAK,5.0
10138260,IRAK4,7.086186147616283
9915743,DMPK,5.0
24889392,FYN,5.0
9809715,ABL2,5.698970004336019
176155,TIE2,5.0
10184653,GRK7,5.0
4908365,CSNK1A1L,5.0
644241,RPS6KA5(KinDom.2-C-terminal),5.0
9884685,ICK,5.0
151194,ERBB4,5.0
123631,ALK,5.0
123631,CAMK1G,5.0
9926054,DRAK2,5.0
126565,FGFR4,5.744727494896694
3081361,MAP4K2,5.795880017344075
51004351,ERBB3,5.0
11338033,RPS6KA5(KinDom.1-N-terminal),5.0
9929127,MEK1,5.0
5328940,LZK,6.318758762624413
6918454,EIF2AK1,5.0
11338033,HPK1,5.0
9929127,ABL1(T315I)p,5.0
5329102,EPHA2,5.0
208908,MAPKAPK5,5.0
9926791,RSK2(KinDom.1-N-terminal),5.0
123631,KIT(V559D-T670I),5.0
3062316,FYN,9.102372908709558
123631,EGFR(L747E749del),9.244125144327509
11234052,CDK11,5.0
4908365,DYRK1B,5.0
11656518,MAPKAPK5,5.0
10074640,ABL1(Y253F),7.602059991327962
3038525,LATS1,5.0
10127622,ROS1,5.0
10127622,ABL1(H396P)p,5.0
11364421,LRRK2(G2019S),5.0
25243800,EPHB4,5.0
10184653,TRKC,5.0
10184653,LRRK2,5.0
10427712,HUNK,5.0
51004351,LYN,5.376750709602099
9809715,IGF1R,7.207608310501746
17755052,STK36,5.0
51004351,ROS1,6.366531544420414
11626560,CTK,5.0
11626560,CSF1R,6.6777807052660805
9926054,EGFR(L858RT790M),5.0
3062316,CDC2L5,5.0
11338033,ABL1(F317I),5.0
10184653,BRAF,5.0
3025986,MEK6,5.0
44259,RSK2(KinDom.1-N-terminal),7.161150909262744
216239,GRK7,5.0
5291,TIE2,5.0
44150621,RET(V804L),7.568636235841013
42642645,EGFR,6.356547323513813
5291,EIF2AK1,5.0
24889392,DRAK2,5.0
126565,BLK,6.795880017344075
51004351,HCK,6.142667503568732
9926791,LIMK1,5.0
644241,MEK3,5.0
9809715,CHEK1,6.537602002101044
3081361,SRPK3,5.0
9929127,MARK2,5.0
10127622,GRK4,5.0
3038522,GSK3B,5.0
11485656,KIT(A829P),7.769551078621726
156414,ACVRL1,5.0
9926054,SBK1,5.0
3025986,CAMK4,5.0
11338033,S6K1,5.0
10427712,HPK1,5.0
10427712,FLT3(N841I),5.0
4908365,IGF1R,5.958607314841775
10113978,RSK1(KinDom.1-N-terminal),5.0
126565,CLK1,8.017728766960431
9926791,HIPK1,5.0
10074640,TSSK1B,5.0
9926791,CSNK1G2,5.0
9933475,AURKC,5.6777807052660805
44150621,FLT3(D835H),8.214670164989233
153999,ACVR2A,5.0
9929127,EPHB3,5.0
10127622,DYRK1A,5.0
11712649,TBK1,5.0
11712649,CSNK1A1,5.0
11234052,YES,5.0
9926791,MAP4K4,5.0
44150621,FLT1,7.161150909262744
11984591,BMX,6.744727494896694
9809715,RSK1(KinDom.1-N-terminal),6.744727494896694
11485656,JNK2,6.619788758288394
644241,FGR,6.494850021680094
9933475,MST3,5.0
11656518,CSK,5.0
9926054,MARK1,5.0
9933475,JAK2(JH1domain-catalytic),5.0
11409972,ABL1,9.167491087293763
6918454,ACVR2A,5.0
5494449,CDK4-cyclinD3,5.0
123631,ULK2,5.0
11409972,TGFBR2,6.585026652029182
5494449,AKT2,5.0
176167,MLK2,5.0
10427712,ABL1,5.0
9926791,TRKA,5.0
11626560,EPHA8,6.552841968657781
3025986,TRKA,5.0
25243800,ERK2,5.0
216239,CDKL3,6.309803919971486
11712649,CAMK1,5.0
16007391,DDR2,5.180456064458132
10184653,MRCKB,5.0
17755052,HPK1,5.0
9933475,EGFR(G719S),7.075720713938118
24889392,BMPR1B,5.0
11409972,BMPR2,5.0
10138260,ARK5,6.337242168318426
126565,SRMS,6.086186147616283
644241,DAPK1,5.0
11656518,STK39,5.0
24779724,JNK2,5.0
16038120,SBK1,7.67778070526608
5494449,CDKL5,5.552841968657781
9926054,HUNK,5.0
9809715,TNNI3K,5.0
9915743,CLK2,5.0
9926054,EGFR(L747E749del),5.0
11626560,GRK4,5.376750709602099
9929127,ERBB3,5.0
9933475,ABL1(F317I),5.552841968657781
6450551,TNNI3K,5.0
24889392,CDKL2,5.0
11617559,SIK2,5.0
156422,EPHB6,5.0
5287969,MAP4K2,7.050609993355088
5287969,HIPK2,5.376750709602099
11667893,RET(V804L),5.0
10074640,TNIK,5.0
44259,MAP4K3,8.086186147616283
151194,STK36,5.0
11234052,MEK5,5.508638306165728
44150621,TESK1,5.0
16038120,AMPK-alpha1,7.568636235841013
3062316,SYK,5.537602002101044
10074640,IKK-alpha,5.0
11617559,CDK2,5.0
11427553,JNK3,7.292429823902063
11364421,RPS6KA4(KinDom.2-C-terminal),7.920818753952375
3062316,DYRK1B,5.0
11364421,ACVR2A,5.0
5329102,STK39,6.853871964321762
11234052,KIT(D816H),5.0
3025986,CLK2,5.958607314841775
11626560,JAK2(JH1domain-catalytic),6.537602002101044
11656518,MAP3K15,5.0
176870,MTOR,5.0
5291,LATS1,5.0
11409972,EGFR(G719S),6.2839966563652006
42642645,ACVR2B,5.0
10138260,TNK1,5.823908740944319
24180719,CSNK2A1,5.0
4908365,EGFR(L858RT790M),6.619788758288394
176167,TLK1,6.292429823902063
176870,YSK4,7.602059991327962
24889392,ACVR1,5.0
208908,S6K1,5.0
6918454,TNK2,5.0
11338033,YES,5.0
153999,TIE2,5.0
10184653,TYRO3,5.0
11409972,STK35,7.795880017344075
216239,DMPK,5.0
4908365,ERBB4,5.0
24180719,DYRK1A,5.0
17755052,CAMK2D,5.0
44150621,ANKK1,7.102372908709558
126565,CSNK1D,5.0
9809715,RIOK1,7.638272163982407
10127622,ABL1(Y253F),5.0
156422,TGFBR2,5.0
11626560,SRC,6.251811972993799
5328940,ASK1,5.0
10113978,MARK4,5.0
11338033,MAP4K3,5.0
10138260,MAP3K1,5.0
176167,ANKK1,5.0
11626560,BMPR1A,5.0
447077,HPK1,6.6777807052660805
6450551,EPHA8,5.0
5328940,TBK1,6.6020599913279625
447077,ABL1(Y253F),9.05551732784983
153999,KIT,5.0
9915743,ASK2,5.0
153999,HUNK,5.0
10138260,QSK,5.0
216239,TAOK2,6.267606240177032
176155,RSK4(KinDom.1-N-terminal),5.0
216239,WEE2,5.0
176167,MEK1,5.0
156422,SYK,5.0
11409972,ABL1(Q252H)p,7.508638306165728
176155,MEK5,5.853871964321762
25127112,EGFR(E746A750del),5.0
9929127,YANK2,5.0
9933475,CSK,5.0
25243800,EGFR(S752I759del),5.337242168318426
9809715,DCAMKL3,6.113509274827519
11617559,RSK2(KinDom.1-N-terminal),5.0
16038120,TRKB,6.886056647693163
156422,ABL1(H396P)p,5.0
9884685,RET(M918T),5.0
10113978,LOK,7.075720713938118
156414,IRAK3,5.522878745280337
126565,TXK,6.180456064458132
216239,TTK,5.455931955649724
11717001,ACVR1,5.0
11667893,TNK1,5.0
11717001,CAMK4,5.0
10138260,ABL1(E255K),6.508638306165728
156422,MARK2,5.0
11656518,ABL1(F317L),5.619788758288394
25243800,ABL1(F317I)p,5.920818753952375
24889392,ERBB2,5.0
153999,JAK1(JH2domain-pseudokinase),5.0
44150621,CDK11,5.0
44259,CDK11,6.721246399047171
25243800,JAK2(JH1domain-catalytic),7.958607314841775
208908,LYN,5.0
10074640,GAK,5.0
11984591,CSNK2A1,7.1938200260161125
25127112,CAMK1G,5.657577319177793
644241,FER,5.0
17755052,VRK2,5.0
10113978,HIPK2,5.0
6918454,FLT3,5.0
4908365,MARK4,5.275724130399211
9926791,ERN1,5.0
9915743,MARK1,5.0
3038522,TLK2,5.0
25127112,EIF2AK1,5.0
11712649,EGFR(L861Q),5.0
6450551,MEK4,5.0
10461815,CDK11,5.0
24889392,CDC2L5,5.0
5494449,FLT4,5.721246399047171
3025986,ABL1(F317L),5.0
16038120,JAK1(JH2domain-pseudokinase),6.522878745280337
3062316,ERN1,5.0
447077,ADCK3,6.040958607678906
156422,CDK4-cyclinD3,5.0
5287969,TRKB,5.0
5329102,TIE1,5.4089353929735005
9915743,EPHB3,5.0
5287969,KIT(V559D-T670I),5.0
10074640,BRAF,5.0
9926791,DDR2,5.0
16722836,FAK,7.376750709602099
25127112,YANK2,5.0
10461815,FER,5.0
11626560,MAP3K1,5.958607314841775
9809715,AMPK-alpha2,7.075720713938118
16722836,MEK6,5.0
9926791,ABL1(M351T),5.0
11626560,ZAK,5.0
16722836,TYK2(JH1domain-catalytic),7.67778070526608
176167,MAPKAPK2,5.0
11984591,CSNK2A2,7.853871964321762
9926054,MST4,5.0
10113978,EPHA8,5.0
51004351,CSNK2A2,5.0
5291,CSK,5.0
5494449,TLK1,5.3979400086720375
153999,MAPKAPK2,5.0
17755052,DYRK2,5.119186407719209
5329102,GSK3A,5.0
11656518,FAK,5.0
10074640,JNK1,5.0
24180719,ASK1,5.0
176155,KIT(L576P),5.0
11984591,BMPR1A,5.0
11427553,SRPK2,7.823908740944319
11409972,KIT(V559D-T670I),7.744727494896694
16007391,VRK2,5.0
6918454,JAK1(JH2domain-pseudokinase),5.0
5291,CIT,5.0
11667893,RET(M918T),7.698970004336019
16725726,MEK2,5.0
176155,CAMK1G,5.0
11626560,CIT,5.0
3025986,CLK4,6.096910013008056
9926054,JAK2(JH1domain-catalytic),5.0
11984591,TAK1,7.309803919971486
9929127,BMPR2,5.0
11427553,ASK1,5.0
11338033,RIPK2,5.0
11427553,STK39,6.050609993355088
24180719,ERK2,5.0
156414,CSK,5.214670164989233
24180719,SgK110,5.0
3025986,CAMK2G,5.0
4908365,ABL1p,6.4089353929735005
176155,EGFR(L747S752del),5.795880017344075
176167,CDC2L2,5.0
11717001,EGFR(L747T751del),5.0
11364421,STK39,5.0
11314340,EPHA4,5.0
3081361,WEE1,5.0
24180719,AKT1,5.0
5291,FLT3(D835Y),5.0
3062316,TTK,5.0
3062316,RSK4(KinDom.2-C-terminal),5.0
10127622,BTK,5.0
44259,FGR,7.769551078621726
156414,MRCKA,5.0
44150621,CSNK1A1,5.0
11984591,TRPM6,5.0
51004351,MARK4,6.431798275933005
156422,GRK1,5.0
9929127,FAK,5.0
6450551,AKT1,5.0
176870,TGFBR2,5.0
44150621,TRKB,6.142667503568732
24180719,ERK5,5.0
11667893,FLT3(D835H),5.346787486224656
644241,EGFR(S752I759del),5.0
10138260,LATS2,6.366531544420414
5329102,CSNK2A1,6.045757490560675
11314340,TNIK,6.853871964321762
17755052,FLT3(N841I),5.4089353929735005
216239,CIT,5.2076083105017466
153999,MST1R,5.0
11314340,FAK,5.0
44259,ERK1,5.075720713938119
11364421,TAOK1,5.0
16725726,RPS6KA5(KinDom.2-C-terminal),6.795880017344075
24180719,RSK1(KinDom.2-C-terminal),5.0
11364421,KIT(D816H),5.0
24779724,CDC2L2,5.0
11409972,JAK1(JH1domain-catalytic),7.130768280269024
42642645,GRK7,5.0
25243800,CAMK1G,5.0
11314340,CASK,5.0
10074640,WEE2,5.0
11626560,WEE2,5.0
25127112,RET(M918T),6.200659450546419
3081361,ERBB3,6.795880017344075
51004351,CSNK1G3,5.0
9926791,AMPK-alpha2,5.0
9915743,SGK3,5.0
5291,KIT,7.886056647693163
42642645,BMPR1B,5.0
6450551,ERK5,5.0
4908365,CAMK1D,5.180456064458132
10184653,SIK2,5.0
3025986,RIPK4,5.0
216239,MAP4K2,5.0
176167,JNK3,5.0
3038525,EPHB1,5.2076083105017466
11409972,MAP3K3,5.0
123631,MST1R,5.0
644241,MARK4,5.0
11667893,EGFR(L747S752del),5.346787486224656
176155,MKNK1,5.0
16038120,CDK11,5.0
11626560,SNARK,6.920818753952375
4908365,ABL1(F317L)p,5.920818753952375
11427553,SNRK,5.0
10138260,RIPK1,5.920818753952375
216239,TYK2(JH2domain-pseudokinase),5.0
4908365,EPHB3,5.0
6450551,CLK2,5.0
16725726,TIE1,5.0
9933475,FLT3(K663Q),5.638272163982407
644241,YSK4,5.0
11626560,IRAK3,7.508638306165728
208908,KIT(L576P),5.0
10461815,ERK8,5.0
10074640,FLT3,5.0
25127112,JNK2,5.0
3062316,DRAK2,5.0
11314340,MST2,5.267606240177032
9929127,MAP3K3,5.0
24889392,MEK5,5.0
3081361,LZK,5.0
10427712,ARK5,5.0
151194,MET(M1250T),5.0
644241,SRPK1,5.0
4908365,RIOK3,5.698970004336019
24180719,ERK8,5.0
3038522,CDK3,5.0
3038522,TRKB,6.130768280269024
216239,EGFR(L858RT790M),5.0
123631,EPHA4,5.0
16722836,EGFR(S752I759del),5.0
10127622,HIPK2,5.0
208908,AURKB,5.0
9933475,CSNK1E,5.552841968657781
9915743,CIT,5.0
11427553,KIT(L576P),7.67778070526608
9915743,DAPK3,5.0
10138260,LTK,5.376750709602099
3025986,AAK1,5.0
156414,CSNK1A1L,5.0
17755052,ACVR1,5.0
3038525,BTK,5.0
16007391,CSNK2A1,5.0
16725726,TNK1,5.0
5291,YANK1,5.0
11626560,MST2,6.00436480540245
216239,MEK4,5.0
11984591,RPS6KA4(KinDom.2-C-terminal),7.356547323513813
11656518,ABL1,6.522878745280337
11617559,ABL1(F317I),5.0
10113978,EPHA5,5.0
24889392,LZK,5.0
10138260,MARK2,6.356547323513813
9926054,GSK3B,5.0
24779724,GRK7,5.0
16725726,MAP4K3,5.0
11314340,DDR1,5.0
11427553,CDK5,5.0
44259,MLCK,6.853871964321762
44150621,ERK3,5.0
4908365,IKK-alpha,5.0
44150621,ERBB3,5.0
3025986,RET(V804L),5.0
216239,DCAMKL2,5.0
176155,ARK5,5.0
5494449,GRK1,5.0
9915743,MEK1,7.853871964321762
11234052,ACVR2B,5.0
17755052,ICK,5.031517051446065
151194,ERK3,5.0
11984591,DAPK2,7.207608310501746
25127112,DRAK1,5.2076083105017466
6918454,RSK4(KinDom.1-N-terminal),5.0
11626560,STK16,5.0
156414,QSK,6.154901959985743
11984591,TYK2(JH1domain-catalytic),6.721246399047171
176167,CAMK2G,5.0
9809715,INSRR,7.67778070526608
126565,LOK,8.244125144327509
156414,PYK2,5.0
16722836,FLT3(D835H),8.309803919971486
5291,STK35,5.0
126565,GRK1,7.619788758288394
42642645,EGFR(L747T751del),6.795880017344075
447077,RPS6KA5(KinDom.2-C-terminal),5.0
9884685,RSK1(KinDom.1-N-terminal),5.0
3038522,KIT,8.568636235841012
11984591,STK33,6.013228265733755
3081361,KIT(V559D-V654A),6.251811972993799
9809715,TAK1,8.387216143280265
16725726,TRKB,5.0
3038522,ACVRL1,5.0
17755052,TSSK1B,5.0
156414,EPHB3,5.0
5494449,MARK1,5.309803919971486
10074640,TXK,5.0
5287969,EGFR(G719S),5.3979400086720375
9926054,MLK3,5.0
10461815,ABL1(H396P),5.0
176870,AURKA,5.657577319177793
9915743,MEK3,5.0
644241,RIPK4,5.0
16038120,CHEK2,7.142667503568732
3038525,SYK,5.0
5291,CHEK1,5.0
10184653,MARK4,5.0
10138260,YSK1,6.443697499232713
176167,ERBB2,5.0
447077,ABL2,9.161150909262744
11427553,CDKL1,5.0
17755052,EGFR(S752I759del),5.0
156422,RET(V804M),5.0
10184653,STK16,5.0
17755052,SgK110,5.0
11626560,CDK8,5.0
11427553,CDK4-cyclinD3,6.136677139879544
3038522,MARK3,5.0
44259,SRPK3,7.136677139879544
17755052,MEK4,5.0
5287969,FAK,5.0
447077,DMPK,5.0
42642645,KIT(D816H),7.443697499232713
51004351,CDK3,5.0
9809715,RSK3(KinDom.2-C-terminal),5.0
11984591,SIK,7.275724130399211
17755052,YSK4,5.3979400086720375
156422,ICK,5.0
11234052,CDC2L5,5.0
17755052,TIE1,5.0
4908365,BRSK2,5.0
4908365,SYK,5.045757490560675
24779724,RSK4(KinDom.1-N-terminal),5.0
176155,RPS6KA4(KinDom.2-C-terminal),5.0
176870,TBK1,5.508638306165728
176870,KIT(A829P),5.0
5291,ERBB4,5.0
24889392,ITK,5.0
11427553,KIT(D816H),6.619788758288394
11626560,EGFR(L747E749del),5.0
176870,MKK7,5.0
156414,ABL1(E255K),7.522878745280337
11234052,ABL2,5.744727494896694
11656518,SGK3,5.0
10138260,FLT3(N841I),8.267606240177031
123631,KIT(L576P),5.0
11617559,TNIK,5.0
10138260,TRKC,6.657577319177793
11338033,ACVRL1,5.0
9884685,STK36,5.0
25243800,CSNK1A1L,5.698970004336019
25243800,CAMK2B,5.0
16007391,ASK1,5.0
44150621,DRAK2,5.744727494896694
5291,EGFR(E746A750del),5.0
10138260,MKNK2,5.259637310505756
208908,SRPK1,5.0
6918454,LKB1,5.0
11626560,CAMK1G,5.0
9929127,LATS1,5.0
11427553,RPS6KA4(KinDom.1-N-terminal),5.657577319177793
5287969,MLK3,5.0
24889392,BLK,5.0
151194,MLCK,5.0
16007391,MLK3,5.0
24779724,RSK3(KinDom.2-C-terminal),5.0
24180719,FGFR2,5.508638306165728
17755052,EPHA1,5.0
42642645,HIPK4,9.292429823902063
11984591,MAP3K2,7.026872146400302
216239,CAMKK1,5.0
11338033,INSRR,5.0
24779724,SGK3,5.0
176870,ACVRL1,5.0
176870,LYN,6.275724130399211
5291,EPHA5,5.0
25243800,DAPK3,7.387216143280264
11667893,LRRK2(G2019S),5.0
24889392,CLK3,5.0
11984591,RIOK3,6.6777807052660805
11617559,TEC,5.0
44150621,EPHA1,5.0
9915743,CDK9,5.0
208908,MST1R,5.0
6918454,FER,5.0
151194,KIT,8.292429823902063
11409972,YANK1,5.0
9915743,TXK,5.318758762624413
11717001,JNK3,5.6020599913279625
9884685,CDK8,5.0
151194,CAMK2G,5.0
9884685,WEE1,5.0
176155,TNIK,6.086186147616283
3025986,AURKC,5.301029995663981
11656518,ERBB4,5.0
216239,ABL1(E255K),5.468521082957745
216239,MARK3,5.0
5287969,AMPK-alpha1,5.0
123631,ADCK4,5.0
42642645,BMPR1A,5.0
5287969,BTK,5.0
10138260,CDC2L2,5.0
16038120,CAMKK1,7.301029995663981
126565,RIPK4,7.886056647693163
208908,MEK5,5.958607314841775
44259,ABL1(Q252H)p,7.958607314841775
3038522,MAP4K3,5.0
11427553,ABL1(F317I)p,6.275724130399211
9929127,MARK4,5.0
11984591,SBK1,7.031517051446065
24889392,SgK110,5.0
151194,ABL1(Y253F),5.0
447077,DRAK1,5.0
5494449,ERN1,5.251811972993799
3081361,BLK,7.180456064458132
11626560,ABL1(M351T),7.013228265733755
11409972,EPHA4,6.3979400086720375
42642645,TGFBR2,5.0
10184653,ABL1(F317L),6.236572006437063
16722836,ROS1,6.221848749616356
11717001,TRPM6,5.0
5291,SYK,5.0
10427712,EPHB2,5.0
17755052,TYK2(JH2domain-pseudokinase),5.744727494896694
24779724,LRRK2(G2019S),5.0
9929127,MAP4K4,5.0
24779724,MAP4K5,5.0
156422,DAPK2,5.0
10427712,LKB1,5.0
11234052,LIMK1,5.0
44150621,ERK1,5.0
10138260,TRKB,6.00436480540245
176167,GCN2(KinDom2S808G),5.0
9884685,LRRK2,5.0
176167,SRMS,5.0
10074640,KIT(L576P),8.102372908709558
24779724,SNRK,5.0
24889392,FGFR1,5.0
25243800,SRPK2,5.0
6918454,ABL1(E255K),5.0
9809715,BTK,6.508638306165728
11234052,MARK2,5.0
10427712,ANKK1,5.0
156422,CAMK1D,5.0
11712649,EPHA8,5.0
11717001,CDK4-cyclinD1,5.0
3025986,IKK-epsilon,5.0
156414,AURKA,5.0
42642645,BMPR2,5.0
42642645,ABL1(F317L),7.698970004336019
10138260,BMPR1B,5.431798275933005
17755052,IRAK3,5.769551078621726
156414,FAK,5.0
24779724,MARK3,5.0
9884685,SNRK,5.0
11485656,KIT(D816V),7.091514981121351
216239,RET(V804M),7.657577319177794
11314340,EGFR,5.0
17755052,MINK,5.0
11667893,S6K1,5.0
176870,CDK5,5.0
3025986,YANK2,5.0
16007391,RET(V804L),6.853871964321762
123631,SNARK,5.337242168318426
11364421,ULK3,5.0
156414,CDK4-cyclinD1,5.0
11712649,RIPK2,5.0
25127112,BRAF,5.657577319177793
153999,EPHB3,5.0
5328940,LRRK2(G2019S),6.080921907623926
10113978,BRAF(V600E),6.366531544420414
3038522,TGFBR1,5.0
11314340,IKK-beta,5.0
5287969,ZAK,5.0
25127112,CAMK2D,7.045757490560675
5329102,RSK4(KinDom.2-C-terminal),5.0
9933475,ROCK2,5.0
9809715,DYRK1B,5.795880017344075
10127622,YES,5.0
51004351,CHEK1,5.886056647693163
3081361,EGFR(G719S),8.229147988357855
16038120,ASK2,5.744727494896694
10113978,DAPK3,5.0
24779724,QSK,5.0
24889392,CDK4-cyclinD1,5.0
10113978,MAP4K2,5.568636235841013
11314340,MAP4K3,5.0
11314340,ITK,5.0
3025986,YSK1,5.0
25127112,STK16,6.309803919971486
25243800,MAP3K1,5.6020599913279625
25243800,IRAK4,5.366531544420414
3062316,AMPK-alpha1,5.0
9933475,BIKE,5.0
24889392,S6K1,5.0
11984591,DCAMKL3,6.221848749616356
51004351,ABL2,5.0
11656518,MST1R,5.0
11626560,CDKL1,5.0
176155,ULK3,5.0
44150621,LATS1,5.769551078621726
126565,CAMKK1,7.638272163982407
11427553,CSNK1A1,5.920818753952375
11427553,JNK2,6.638272163982407
10427712,RIOK3,5.0
10427712,CDK5,5.0
11617559,YES,5.0
51004351,AXL,6.2076083105017466
10113978,ASK1,5.0
6918454,CDK4-cyclinD3,5.0
11485656,MST1,5.853871964321762
25127112,ITK,5.0
10074640,ZAK,6.113509274827519
10074640,CAMKK1,5.0
11427553,FYN,6.180456064458132
11617559,ACVR2B,5.0
153999,CDKL1,5.0
24180719,IRAK3,5.0
176167,CDK3,5.958607314841775
11234052,TTK,5.0
10074640,MST2,5.0
176167,AAK1,5.568636235841013
126565,ABL1(T315I),6.022276394711152
10461815,GRK7,7.214670164989233
3025986,TYK2(JH1domain-catalytic),5.0
644241,CAMKK1,5.0
151194,DYRK1B,5.0
123631,LRRK2,5.0
11617559,ROCK1,5.0
51004351,BMPR1A,5.0
16725726,INSRR,5.0
10184653,LIMK1,5.0
3025986,ARK5,5.0
11717001,FLT3(N841I),5.0
10138260,CDC2L5,5.0
9933475,HIPK1,5.0
5329102,JAK3(JH1domain-catalytic),5.920818753952375
11712649,CSK,5.045757490560675
447077,FGFR4,6.309803919971486
3081361,TLK2,5.0
11717001,CSK,5.0
9926054,YANK3,5.0
44259,RPS6KA5(KinDom.2-C-terminal),6.050609993355088
11984591,MEK2,6.136677139879544
10074640,BLK,6.823908740944319
11712649,ZAK,5.0
11617559,MERTK,5.0
10127622,CAMK2G,5.0
11667893,EGFR(L747E749del),6.017728766960432
11485656,MAPKAPK2,5.0
11984591,ALK,6.619788758288394
10074640,MST1,5.0
5494449,HIPK1,5.0
9915743,EGFR(G719C),9.431798275933003
10138260,TTK,6.744727494896694
11656518,MAP3K2,5.0
3025986,KIT(A829P),5.0
156414,MAPKAPK5,5.0
11338033,ZAK,5.0
9915743,EGFR(L858R),9.173925197299171
16007391,TNK1,5.0
9809715,CLK2,6.119186407719209
9926791,ERK2,5.0
9926791,ARK5,5.0
176155,KIT(D816V),5.0
6918454,MST2,5.0
11667893,TNNI3K,6.657577319177793
16722836,SLK,6.167491087293763
24889392,MST1,5.0
6450551,ULK3,6.173925197299174
42642645,CDK4-cyclinD3,5.0
11712649,SBK1,5.0
6450551,BRK,5.0
11717001,DMPK2,5.0
3038525,FYN,5.6777807052660805
5494449,TYRO3,5.0
16038120,SRPK2,5.0
5328940,DDR2,6.853871964321762
10427712,YSK1,5.0
11656518,FYN,5.6777807052660805
9933475,DRAK1,5.0
5329102,TNK2,5.050609993355088
11234052,BMPR2,5.0
176167,TTK,5.0
176167,TNIK,5.0
10113978,CLK1,5.0
153999,IKK-epsilon,5.0
9933475,MKNK2,5.0
16725726,RPS6KA4(KinDom.2-C-terminal),7.292429823902063
6918454,EGFR(L858R),5.0
11712649,DYRK2,5.0
9809715,MRCKB,5.0
11712649,MAP3K4,5.0
25127112,SIK2,5.0
10184653,CDC2L2,5.0
11364421,AXL,5.0
11656518,AURKB,5.0
126565,TRPM6,5.0
5287969,CAMK2B,5.327902142064283
9809715,ZAK,5.0
3081361,CAMK2B,5.0
5328940,SIK,7.522878745280337
9926054,MLCK,5.0
11234052,RSK4(KinDom.1-N-terminal),5.0
216239,RPS6KA4(KinDom.2-C-terminal),5.0
10427712,CLK4,6.886056647693163
123631,LYN,6.00436480540245
3038525,VRK2,5.0
5291,DAPK3,5.0
153999,IRAK3,5.0
10461815,FLT1,5.0
11617559,LRRK2(G2019S),5.0
3062316,CDK7,5.0
16038120,BMPR1B,9.070581074285707
123631,IRAK1,7.161150909262744
11234052,EPHA6,6.721246399047171
9929127,CDC2L5,5.0
16725726,EGFR(L747T751del),5.0
11364421,CDC2L2,5.0
208908,SBK1,5.0
25127112,ANKK1,6.4089353929735005
42642645,STK16,5.0
10427712,BRAF(V600E),5.698970004336019
3081361,FLT3(N841I),5.920818753952375
156422,S6K1,5.0
11656518,FLT3(D835Y),5.0
6450551,MARK3,5.0
10138260,LCK,5.638272163982407
3038525,CAMK2A,5.0
176155,BLK,5.0
5287969,ABL1(H396P)p,5.769551078621726
3038522,ERK8,5.0
11656518,STK16,5.0
24889392,ACVR2A,5.0
44150621,KIT(L576P),8.795880017344075
11364421,ULK1,5.0
153999,BRSK2,5.0
11667893,IKK-epsilon,5.0
3081361,JNK2,5.0
25127112,EGFR(L861Q),5.0
24779724,YANK2,5.0
9884685,CSNK1G2,5.0
4908365,SIK,5.522878745280337
17755052,BMPR1B,5.0
9933475,DMPK,5.0
16725726,EPHB3,5.0
5494449,AKT1,5.0
11617559,EGFR(L861Q),5.0
10461815,VRK2,5.0
10461815,KIT,5.494850021680094
9915743,ABL1(Q252H),5.1487416512809245
11427553,CAMK2G,5.0
16722836,EGFR(L861Q),5.236572006437063
644241,ABL1(T315I)p,5.0
10074640,CIT,5.0
11234052,FER,5.0
11656518,JNK2,5.0
10113978,SLK,6.619788758288394
5329102,IRAK3,6.026872146400302
3062316,CAMK2G,5.0
44150621,YANK2,5.0
44259,MST1,9.721246399047171
11667893,TRKB,5.0
9926791,VEGFR2,5.0
5291,GRK4,5.0
11617559,YANK1,5.0
176167,CDKL1,5.0
176870,MERTK,6.008773924307505
5494449,FGFR3(G697C),6.086186147616283
151194,TAOK1,5.0
11617559,SRPK2,5.0
25243800,FGFR3,6.180456064458132
11626560,RSK3(KinDom.2-C-terminal),5.0
11234052,RET(M918T),6.443697499232713
9884685,MLK3,5.0
5329102,MET(M1250T),5.920818753952375
5494449,BRSK2,5.0
42642645,TIE2,8.508638306165727
11338033,SNARK,5.0
176155,RET(V804M),5.0
10074640,JAK1(JH2domain-pseudokinase),5.0
11717001,BTK,5.0
16007391,ASK2,5.0
6918454,RIPK2,5.0
9915743,TLK2,5.0
24779724,TNK1,5.0
10427712,DMPK2,5.0
44150621,AURKC,5.958607314841775
176870,TEC,5.0
16725726,EPHA6,5.0
10427712,CDK4-cyclinD3,5.0
17755052,ABL1(Q252H),5.0
5494449,CDK8,5.0
10427712,ABL1(F317L),5.0
17755052,ABL2,5.0
24889392,SLK,5.337242168318426
10074640,ROCK1,5.0
4908365,MET(Y1235D),5.267606240177032
9809715,EPHA2,5.537602002101044
176155,SYK,5.0
216239,RSK1(KinDom.2-C-terminal),5.0
10113978,ABL1(H396P),6.42021640338319
5328940,MET,5.657577319177793
9915743,DLK,6.431798275933005
9809715,GSK3A,6.366531544420414
51004351,STK35,5.0
9915743,KIT(V559D-V654A),5.0
11364421,TYRO3,5.0
153999,CDK3,5.0
11717001,ACVR2A,5.0
16007391,KIT(L576P),7.468521082957745
10461815,MKNK2,5.0
5287969,MRCKB,5.481486060122113
9926054,CDKL3,5.0
11626560,SIK,5.0
126565,HIPK1,6.229147988357856
24889392,SBK1,5.0
3062316,STK35,6.113509274827519
11617559,RPS6KA4(KinDom.2-C-terminal),5.0
11712649,FGFR2,5.769551078621726
151194,CAMK1,5.0
4908365,MST4,5.920818753952375
44259,IKK-beta,7.508638306165728
176167,MAP4K4,5.0
16007391,CAMK2B,5.0
9884685,ASK1,5.0
9926791,EGFR(L747E749del),5.0
208908,TLK2,5.0
11364421,EPHA3,5.0
9884685,TYRO3,5.0
51004351,KIT(L576P),7.387216143280264
151194,MERTK,5.0
24889392,CDKL1,5.0
25243800,GCN2(KinDom2S808G),5.0
5328940,LTK,5.522878745280337
11712649,CDK4-cyclinD3,5.0
11314340,SRMS,5.0
16007391,YSK1,5.0
3081361,ABL1(H396P)p,7.853871964321762
176167,EGFR(G719C),5.0
11667893,ERK2,5.0
151194,AAK1,5.0
24180719,CDKL1,5.0
44150621,CAMK2B,5.0
11485656,SIK,5.0
11667893,GRK7,5.0
9884685,DCAMKL3,5.0
3038522,CLK3,5.180456064458132
6918454,ACVR2B,5.0
9809715,ABL1(F317I)p,5.585026652029182
9926054,ABL1(F317L),5.0
3038525,ROS1,5.0
11409972,LZK,6.130768280269024
10427712,SBK1,5.0
9915743,MET(Y1235D),5.376750709602099
208908,CSNK1G2,5.0
11338033,CSNK1G2,5.0
5329102,HIPK1,7.259637310505756
126565,EGFR(L747S752del),5.853871964321762
11427553,TRPM6,5.0
216239,AKT1,5.0
5328940,ERBB2,5.6020599913279625
176167,JAK3(JH1domain-catalytic),5.769551078621726
9809715,ULK1,6.468521082957745
9926791,EGFR(G719C),5.0
16007391,MERTK,5.0
3025986,ROS1,5.0
24180719,CDC2L5,5.0
11984591,EPHA8,5.886056647693163
216239,LRRK2(G2019S),5.0
16038120,TYK2(JH1domain-catalytic),7.113509274827519
11427553,MET,6.769551078621726
11409972,MEK1,5.0
3038525,CDK4-cyclinD1,5.0
42642645,ULK2,5.0
11234052,TAOK2,5.0
11656518,TSSK1B,5.0
176155,KIT,5.0
11667893,MAST1,5.0
11314340,ERN1,5.0
11656518,MAP3K3,5.0
3081361,IKK-epsilon,5.0
11409972,FGFR3,5.4089353929735005
11617559,MTOR,5.0
216239,CLK2,5.0
25127112,MEK3,6.327902142064283
9809715,SGK3,6.0
4908365,AAK1,6.2839966563652006
5291,TGFBR1,5.0
11712649,FLT3(D835Y),5.0
9915743,CDK11,5.0
9884685,CDK7,5.142667503568732
16038120,MINK,6.481486060122113
24889392,EGFR(L747E749del),5.0
25243800,SGK3,5.0
5287969,TAOK1,6.853871964321762
9926054,CSNK2A1,5.0
44150621,BTK,5.0
10127622,RET(V804M),5.0
9926791,MERTK,5.0
11427553,TYRO3,5.0
3062316,BMPR1B,7.275724130399211
10427712,ACVR1,5.0
44259,ULK3,8.920818753952375
16722836,MAP3K4,5.3872161432802645
17755052,DLK,5.0
11409972,LIMK1,6.113509274827519
11717001,STK36,5.0
10138260,MINK,7.161150909262744
3025986,RPS6KA4(KinDom.1-N-terminal),5.0
11667893,YES,5.301029995663981
3081361,DYRK2,5.0
9915743,AKT3,5.0
24779724,CSNK1D,5.0
51004351,HIPK2,5.508638306165728
11656518,RET,6.823908740944319
11485656,CSK,5.0
11656518,RIPK4,5.0
123631,TNNI3K,5.0
16038120,LCK,7.309803919971486
5328940,ICK,5.0
176155,CAMK4,5.0
51004351,ABL1(H396P),5.508638306165728
10138260,VRK2,5.0
10127622,BMPR2,5.0
126565,LIMK2,5.0
644241,AKT1,5.0
16725726,FRK,5.0
4908365,GSK3A,6.42021640338319
11338033,AXL,5.0
9929127,IKK-beta,7.721246399047171
644241,FLT3(K663Q),5.0
17755052,TNNI3K,5.0
10427712,BRAF,5.6777807052660805
10127622,DCAMKL3,5.0
17755052,MAP3K4,5.0
10074640,MERTK,5.0
11717001,CSNK1G1,5.0
11234052,MAP4K5,5.853871964321762
3081361,KIT(D816V),6.537602002101044
176870,RET,5.886056647693163
11626560,HIPK2,5.0
16722836,ALK,6.187086643357144
11485656,DDR2,5.42021640338319
10127622,CHEK1,5.0
5328940,CLK3,6.522878745280337
11314340,MST1R,5.0
5291,EPHA2,5.0
123631,BRAF,5.0
4908365,CDC2L1,5.0
42642645,MARK3,5.0
10074640,TAOK2,5.0
6450551,RSK4(KinDom.1-N-terminal),5.0
4908365,IRAK4,6.0655015487564325
11667893,MARK3,5.0
11626560,TNIK,5.0
10427712,AKT3,5.0
25243800,ABL1(Q252H)p,7.1249387366083
11984591,BRK,6.443697499232713
123631,IGF1R,5.0
11617559,FLT4,5.0
44259,MAPKAPK2,6.055517327849832
10113978,KIT(D816V),6.301029995663981
3062316,ABL1(T315I)p,6.920818753952375
11626560,ROCK1,5.431798275933005
5287969,ERK4,5.0
3062316,MST1R,5.0
3062316,MKNK2,5.0
11984591,TNNI3K,6.508638306165728
25127112,MAP3K3,6.823908740944319
10127622,SLK,5.0
151194,AKT3,5.0
42642645,FLT4,8.823908740944319
11409972,DDR2,7.958607314841775
447077,SNRK,5.0
17755052,CAMK2A,5.0
11234052,CDK5,5.0
16725726,CAMK4,6.431798275933005
9809715,LKB1,7.744727494896694
10461815,EPHB3,5.0
3038525,CDK4-cyclinD3,5.0
10138260,AMPK-alpha2,6.537602002101044
16722836,RPS6KA4(KinDom.1-N-terminal),5.0
25127112,KIT(D816H),5.200659450546419
6918454,HPK1,5.0
3038522,CSNK1G2,5.0
11712649,LOK,5.431798275933005
9926054,JAK1(JH1domain-catalytic),5.0
11409972,ZAK,8.638272163982407
3038525,GSK3A,5.0
3025986,MARK4,5.0
9929127,JNK3,5.0
51004351,CDC2L5,5.0
208908,CSNK1E,5.0
3062316,TGFBR1,6.638272163982407
44150621,ULK3,6.769551078621726
216239,MEK2,5.0
447077,GSK3A,5.0
9926791,SNARK,6.619788758288394
9915743,CSNK1A1,5.0
5328940,ABL1(H396P),10.207608310501746
9933475,FAK,5.0
10427712,VEGFR2,5.0
10184653,ACVR1,5.0
216239,EGFR(G719C),5.0
9884685,TLK1,5.0
216239,AXL,5.346787486224656
11617559,SBK1,5.0
17755052,MEK6,5.0
25243800,CDC2L2,5.0
42642645,STK39,5.0
11485656,MST2,5.823908740944319
151194,ACVR2B,5.0
3038525,CSNK1D,5.0
3038522,CDK8,5.0
44259,BMPR1B,6.769551078621726
11656518,STK36,5.080921907623926
51004351,ABL1(Y253F),5.0
11717001,YSK4,6.040958607678906
176155,EPHB3,5.0
11364421,LTK,5.920818753952375
42642645,MAK,5.744727494896694
447077,BMPR2,5.0
24889392,MAP3K2,5.0
16007391,MEK4,5.0
5329102,IKK-beta,5.0
11667893,DMPK2,5.0
5291,SIK2,5.0
208908,CDK4-cyclinD3,5.0
11427553,ACVRL1,5.0
44259,DRAK2,7.67778070526608
153999,AXL,5.0
10113978,RIPK4,5.0
5329102,ULK2,7.886056647693163
42642645,MEK5,8.602059991327963
9809715,MAP4K3,6.537602002101044
25243800,ROCK2,5.0
5494449,LKB1,5.886056647693163
3081361,DYRK1A,5.0
11656518,SRC,5.958607314841775
6918454,INSR,5.0
25243800,FLT3(ITD),5.721246399047171
51004351,JAK3(JH1domain-catalytic),7.920818753952375
16038120,KIT(V559D),7.091514981121351
44259,CLK1,7.494850021680094
51004351,KIT(D816H),7.795880017344075
11409972,KIT(V559D-V654A),7.0
11717001,ZAK,5.0
208908,QSK,5.0
16038120,MET(Y1235D),6.744727494896694
156414,EGFR(G719S),9.721246399047171
5291,AKT2,5.0
9884685,YANK2,5.0
24889392,RIPK1,6.050609993355088
208908,JAK1(JH1domain-catalytic),5.0
17755052,ABL1(M351T),5.0
5328940,ZAP70,5.795880017344075
5494449,CDKL2,7.309803919971486
11984591,RPS6KA5(KinDom.1-N-terminal),5.0
16722836,EPHB1,5.769551078621726
151194,EPHA7,5.0
10127622,CAMK1,5.0
11314340,ERBB2,5.0
24889392,ZAP70,5.0
176167,AKT2,5.0
24779724,AURKC,5.0
11314340,ZAK,5.0
176155,JAK3(JH1domain-catalytic),5.0
11712649,AKT2,5.0
151194,LOK,5.0
42642645,CDC2L5,6.6777807052660805
3038522,CDKL5,5.0
11617559,YANK2,5.0
10138260,AURKC,6.091514981121351
5328940,FGFR4,5.0
644241,MET(Y1235D),5.0
9884685,AKT3,5.0
11234052,IRAK4,5.0
11656518,EPHB2,5.0
16038120,RSK3(KinDom.1-N-terminal),7.481486060122113
6918454,GSK3B,5.0
24779724,ROCK2,5.0
10427712,INSRR,5.0
10074640,EGFR(T790M),5.0
10184653,RIOK1,5.0
11717001,AMPK-alpha1,5.0
3081361,CAMK2D,5.0
126565,ABL1(Q252H),5.6020599913279625
9926791,MAK,5.0
11234052,RPS6KA4(KinDom.2-C-terminal),5.0
126565,EPHB1,5.2839966563652006
11338033,ASK2,5.0
644241,EGFR(L747E749del),5.0
9929127,DLK,5.0
151194,MET(Y1235D),5.0
42642645,MAP4K4,6.721246399047171
16007391,FGFR3(G697C),5.0
16722836,EGFR(E746A750del),5.2076083105017466
3025986,ABL1(F317I),5.0
156422,MAPKAPK5,5.0
11626560,YANK3,5.0
24180719,DAPK2,5.0
9809715,CAMK2B,5.0
24889392,MTOR,5.0
4908365,ERK1,5.0
9933475,HPK1,6.036212172654444
5494449,TNNI3K,5.0
11712649,SRMS,5.0
5494449,DDR2,6.638272163982407
24180719,CLK4,5.0
10461815,HPK1,6.823908740944319
5494449,DAPK3,5.00436480540245
24779724,DMPK,5.0
176167,EPHB3,5.0
151194,HPK1,5.0
9884685,DCAMKL2,5.0
9926054,CAMK2D,5.0
6450551,ICK,5.0
126565,SIK,7.086186147616283
156414,S6K1,5.0
5287969,EPHA2,5.6020599913279625
24889392,TNK1,5.0
3025986,ERBB2,5.0
156414,SIK,5.0
3062316,YES,9.522878745280336
11338033,MTOR,5.0
16007391,INSRR,5.0
176870,MAP4K5,5.0
5494449,MAP3K1,5.0
25243800,TESK1,6.522878745280337
3062316,LATS2,5.0
5329102,HPK1,7.795880017344075
24779724,DAPK1,5.0
10427712,RIOK2,5.823908740944319
5494449,FER,5.376750709602099
16722836,MEK5,6.443697499232713
16725726,TNNI3K,5.0
9809715,EPHA5,5.0
11712649,EPHA4,6.376750709602099
44259,TYRO3,6.552841968657781
447077,EPHA7,5.0
9884685,FLT4,5.0
9929127,EGFR(L747T751del),5.0
11338033,MINK,5.0
9926054,EPHA6,5.0
11364421,BRK,5.0
3062316,FGFR2,5.853871964321762
156414,RSK4(KinDom.2-C-terminal),5.0
11364421,AKT3,5.0
11626560,JAK3(JH1domain-catalytic),6.698970004336019
176155,TSSK1B,5.0
10113978,DYRK2,5.0
151194,JAK1(JH1domain-catalytic),5.0
11717001,CAMK2A,5.0
9929127,CDKL1,5.0
176167,WEE2,5.0
3081361,ZAK,5.292429823902063
24180719,GRK7,5.0
17755052,LTK,5.0
10113978,VEGFR2,7.853871964321762
6918454,DDR2,5.0
5328940,TRKC,5.468521082957745
25127112,LIMK1,5.0
10138260,DDR1,5.0
151194,TGFBR2,5.0
10184653,ALK,5.0
5329102,CDC2L2,5.0
11314340,EPHA5,5.0
6918454,CDKL2,5.0
3062316,RPS6KA5(KinDom.1-N-terminal),5.0
6450551,EGFR,5.0
5329102,EPHA5,5.920818753952375
9933475,TGFBR1,5.769551078621726
11712649,QSK,5.0
11338033,TAK1,5.0
123631,MAPKAPK5,5.0
10113978,MKK7,5.0
10138260,RSK1(KinDom.2-C-terminal),5.236572006437063
3038525,CDKL1,5.0
6918454,HIPK2,5.0
176167,RPS6KA4(KinDom.2-C-terminal),5.0
4908365,EGFR(L747E749del),5.167491087293763
153999,ASK2,5.0
5329102,CDKL5,5.0
3025986,CSNK1A1,6.0
9809715,STK36,5.0
51004351,CDK4-cyclinD3,5.0
44150621,ULK2,7.267606240177032
11485656,FLT3(D835Y),7.958607314841775
51004351,TIE2,5.721246399047171
44150621,CHEK1,5.920818753952375
10461815,FLT3(D835Y),7.017728766960432
9933475,IKK-epsilon,5.0
11314340,CAMKK1,6.091514981121351
11409972,ADCK4,5.0
447077,CDKL1,5.0
9809715,WEE2,5.0
10074640,GSK3B,5.0
5328940,BRSK1,5.0
156422,MAP4K2,5.0
16725726,TAK1,5.0
11656518,GRK1,5.0
10138260,ACVRL1,5.0
11314340,EPHA3,5.0
16038120,YANK1,7.886056647693163
6450551,DAPK2,5.0
447077,RSK3(KinDom.2-C-terminal),5.0
11427553,MLK1,6.187086643357144
5291,CSNK1G1,5.0
10127622,CAMK1G,5.0
24779724,EPHB4,5.0
6918454,ACVRL1,5.0
3062316,RSK1(KinDom.1-N-terminal),5.0
9929127,MAK,5.0
25127112,TYRO3,5.0
9926791,EGFR(L858R),5.0
176167,KIT(L576P),5.2839966563652006
5329102,STK36,5.0
10427712,STK16,6.267606240177032
24779724,MAPKAPK2,5.0
11984591,LATS2,5.3979400086720375
447077,MAPKAPK2,5.0
208908,BRAF,5.0
156422,FGR,5.0
11712649,MRCKA,5.0
10127622,MEK4,5.0
3081361,MRCKA,5.585026652029182
216239,BMPR2,5.0
644241,MLCK,5.0
10127622,TAOK1,5.0
126565,RET(M918T),7.853871964321762
24180719,HIPK3,5.013228265733755
16725726,RIOK3,5.0
51004351,EPHB3,5.0
11984591,EPHA7,7.4089353929735005
11617559,LKB1,5.0
3081361,MARK4,5.0
3062316,ERK5,5.0
156414,TGFBR1,5.017728766960432
153999,FGFR3,5.0
11984591,AAK1,6.3872161432802645
17755052,CTK,5.0
4908365,CDK5,5.0
51004351,ABL1(T315I)p,6.102372908709559
9884685,ACVR1B,5.0
11338033,ROS1,5.0
11427553,TESK1,5.0
11717001,TAOK1,5.0
11485656,CIT,5.0
123631,EGFR(L747S752del),9.244125144327509
24180719,EGFR,5.0
123631,SRPK1,5.0
11364421,GCN2(KinDom2S808G),5.0
156414,EGFR,9.721246399047171
176155,SNRK,5.0
5291,GSK3A,5.0
42642645,YANK2,5.0
25127112,MEK2,5.3979400086720375
25243800,FLT3,5.823908740944319
11485656,ABL1p,5.0
42642645,ERBB4,6.214670164989233
9884685,RIPK1,5.0
16722836,HPK1,5.886056647693163
9929127,CAMK1G,5.0
5329102,AURKA,5.769551078621726
6450551,IRAK3,5.0
11717001,BMPR1A,5.0
9809715,DAPK2,5.494850021680094
51004351,EGFR(T790M),8.008773924307505
16725726,CSNK2A2,5.0
11409972,GRK4,5.0
156422,CDK8,6.657577319177793
11617559,DDR1,5.0
10113978,CDK4-cyclinD1,5.0
6918454,ABL1(F317I)p,5.0
11314340,AMPK-alpha1,5.0
5328940,LIMK2,5.0
123631,LATS1,5.0
9929127,CSK,5.0
5494449,SYK,5.744727494896694
5328940,HCK,8.468521082957745
42642645,ULK3,6.346787486224656
126565,LZK,6.468521082957745
9926054,LZK,5.0
5329102,FGR,6.568636235841013
24779724,JAK3(JH1domain-catalytic),5.0
447077,RIPK5,5.0
151194,LYN,5.0
4908365,MAP4K5,6.443697499232713
10074640,ABL1(H396P)p,6.853871964321762
11717001,IKK-alpha,5.0
9926054,SNARK,5.0
17755052,ULK1,5.0
3038525,ERK4,5.0
9933475,MEK1,5.0
9809715,KIT(V559D-T670I),8.537602002101044
11656518,KIT(L576P),7.080921907623926
11667893,MARK1,5.0
5494449,ABL1(F317L)p,6.3979400086720375
16722836,RPS6KA5(KinDom.1-N-terminal),5.356547323513813
11984591,ERBB4,6.221848749616356
644241,QSK,5.0
151194,CSNK1A1L,5.0
9933475,FLT3(R834Q),5.0
51004351,YES,6.022276394711152
156414,CAMK2A,5.0
11364421,MAP4K3,5.0
5291,JAK1(JH2domain-pseudokinase),5.0
5328940,RSK3(KinDom.1-N-terminal),5.494850021680094
10427712,BLK,5.0
156422,TSSK1B,5.0
11712649,IKK-alpha,5.0
10461815,GCN2(KinDom2S808G),5.468521082957745
24180719,JNK1,5.0
9926054,BMPR1B,5.0
6450551,BRAF,5.0
11717001,ABL1(F317I)p,5.0
3081361,HIPK2,5.0
5287969,FGFR1,5.0
5291,EPHB4,5.0
10138260,FGFR3,6.251811972993799
9933475,TGFBR2,5.0
156422,BMPR1B,5.0
156414,CSNK1A1,5.0
4908365,MARK2,5.638272163982407
11234052,KIT(V559D),7.455931955649724
10127622,MAK,5.0
6450551,MEK5,6.853871964321762
44150621,S6K1,6.2441251443275085
24889392,DCAMKL3,5.0
176870,BMX,5.0
17755052,MST3,5.0
10074640,JNK2,5.0
208908,EPHA4,5.0
9915743,ROCK1,5.0
11485656,LIMK1,5.0
5287969,RAF1,5.0
5329102,TRKB,6.229147988357856
11717001,GRK1,5.0
24889392,IKK-epsilon,5.0
16722836,BRSK2,5.0
9926791,TTK,5.0
5328940,ERN1,5.0
176155,DLK,5.0
51004351,MST1,7.397940008672037
11984591,RIOK1,6.468521082957745
176167,MET,5.552841968657781
644241,TESK1,5.0
644241,CAMK4,5.0
6450551,ABL1(F317L)p,6.481486060122113
3038522,CAMK2G,5.0
153999,MTOR,5.0
5291,ANKK1,5.0
176167,CDK9,5.886056647693163
3038525,LYN,5.769551078621726
11234052,RSK4(KinDom.2-C-terminal),5.0
11314340,ACVR2B,5.0
5291,DCAMKL1,5.0
9915743,EGFR(L747S752del),9.031517051446064
11427553,CSNK1D,5.638272163982407
11626560,LTK,7.920818753952375
44259,STK39,6.886056647693163
176167,KIT(D816V),5.958607314841775
11338033,MLK1,5.0
5494449,MARK4,5.309803919971486
151194,MAP3K3,5.0
11656518,CAMK2B,5.0
11485656,IKK-beta,5.0
10113978,GRK7,5.0
11234052,TYRO3,5.0
6918454,VRK2,5.0
9884685,MAP4K4,5.0
24779724,KIT(V559D-V654A),5.0
9915743,BLK,7.070581074285707
156422,CDK11,6.698970004336019
644241,CDC2L5,5.0
3038525,BRK,5.0
9929127,EGFR,5.0
3062316,MARK1,5.0
9809715,DCAMKL1,6.267606240177032
10074640,FLT3(N841I),5.0
11314340,S6K1,5.443697499232713
11485656,ADCK4,5.0
10074640,INSR,5.0
10127622,TNIK,5.0
9926791,RET(M918T),5.481486060122113
10113978,MST4,5.0
156414,FLT3(D835H),5.920818753952375
10461815,DAPK3,5.0
11364421,FGR,5.0
9915743,TSSK1B,5.0
156422,LTK,5.853871964321762
126565,CAMK1,6.886056647693163
6918454,SRPK2,5.0
9929127,ABL1(F317I),5.0
25127112,FRK,5.0
176167,STK39,5.0
6918454,MKNK2,5.0
216239,GRK1,5.0
25127112,CAMKK1,5.0
16722836,CAMK2B,5.167491087293763
10127622,AAK1,5.0
9884685,CSNK1E,5.0
3062316,TLK1,5.0
9915743,JNK3,5.6020599913279625
17755052,TRKB,5.0
24180719,RET(M918T),5.0
16007391,RET,7.096910013008056
156422,CDK2,5.0
24180719,CDK4-cyclinD3,5.0
16038120,EGFR(E746A750del),7.091514981121351
11314340,ABL1(Q252H)p,5.0
176167,CSNK1E,5.0
3038525,EPHA3,5.0
156414,ERN1,5.0
24779724,TESK1,5.0
25243800,BRAF(V600E),5.795880017344075
44259,EPHB3,5.0
176155,LOK,5.0
9926791,MAP4K2,5.318758762624413
16007391,HUNK,5.0
176167,CSNK1D,5.0
5287969,FLT3(ITD),5.337242168318426
10138260,RPS6KA4(KinDom.2-C-terminal),5.698970004336019
123631,WEE2,5.0
9933475,KIT(D816H),6.086186147616283
5287969,CIT,6.958607314841775
3038522,ITK,5.0
24180719,MAP3K3,5.0
10113978,ABL1(Q252H)p,6.275724130399211
208908,GRK4,5.0
25127112,HIPK2,6.0
11984591,S6K1,5.0
5328940,CDK4-cyclinD1,5.0
24889392,SRPK1,5.0
10074640,ABL1(T315I),5.0
11712649,FGFR3(G697C),5.886056647693163
24779724,BRAF,5.0
11617559,RSK1(KinDom.1-N-terminal),5.0
11656518,EPHA7,5.0
10461815,BTK,5.0
51004351,DRAK2,5.327902142064283
9929127,HIPK4,5.0
644241,JNK2,5.236572006437063
44259,RIPK5,7.958607314841775
447077,ADCK4,7.568636235841013
176167,AMPK-alpha1,5.0
10461815,MAPKAPK5,5.0
6450551,TGFBR2,5.0
9915743,AKT2,5.0
176870,ERK2,5.0
10184653,SNARK,5.0
3038525,ABL1(T315I)p,5.0
11338033,EPHA5,5.0
10127622,HUNK,5.0
44150621,TNNI3K,5.0
44150621,RAF1,5.0
123631,CAMK1,5.0
9926054,LRRK2(G2019S),5.0
51004351,CDC2L2,5.0
11364421,EPHA6,5.0
10138260,WEE1,5.522878745280337
42642645,TYK2(JH1domain-catalytic),5.301029995663981
44150621,CDK9,5.0
9915743,MLK1,5.267606240177032
16722836,CTK,5.769551078621726
10427712,MAPKAPK5,5.0
11626560,CSK,5.0
176167,MEK4,5.0
10427712,YES,5.0
5494449,CAMK2B,5.0
11234052,DCAMKL1,5.0
10184653,MLK3,5.0
156414,IKK-beta,5.0
25127112,PYK2,5.0
447077,CAMK1G,5.0
44150621,ABL1(T315I)p,7.508638306165728
6450551,MAK,5.0
11626560,ERBB2,5.0
10427712,ERK4,5.0
123631,MAP3K4,5.0
10127622,RAF1,5.0
11667893,FGFR3,5.0
3062316,ABL1,10.537602002101044
16722836,CDC2L5,5.0
11667893,DRAK1,5.0
3081361,MKK7,5.0
24180719,CDC2L1,5.0
153999,RSK3(KinDom.1-N-terminal),6.552841968657781
3038525,KIT(V559D-V654A),5.0
16725726,RET,5.0
10138260,FLT3(D835Y),8.214670164989233
10074640,ERK3,5.0
10138260,RSK2(KinDom.1-N-terminal),5.6777807052660805
10184653,JAK3(JH1domain-catalytic),5.0
176167,FER,5.0
5291,JNK3,5.508638306165728
17755052,SGK3,5.0
10074640,MEK6,5.0
5287969,CSNK1G3,5.0
9933475,CDK8,5.0
123631,ANKK1,5.0
44259,CAMK1,7.568636235841013
208908,MAP3K4,5.0
10113978,GCN2(KinDom2S808G),5.0
123631,CDKL2,5.0
5494449,RIPK5,5.0
156414,TLK1,5.0
3062316,MAP4K4,5.508638306165728
25127112,MAK,5.0
24889392,LYN,5.2441251443275085
16038120,AMPK-alpha2,7.309803919971486
9929127,EGFR(L858R),5.0
5287969,TGFBR2,5.251811972993799
10138260,CDK4-cyclinD1,5.309803919971486
10184653,EPHA4,5.0
9884685,TIE1,5.0
644241,RSK4(KinDom.1-N-terminal),5.0
42642645,ROCK2,5.744727494896694
9933475,MAP3K2,5.0
11717001,MAP3K15,5.0
123631,DMPK,5.161150909262744
11626560,CAMK1,5.0
5287969,CLK4,5.0
9929127,RET(V804L),5.0
5494449,MEK6,5.585026652029182
3025986,CSNK2A2,5.0
24779724,JAK1(JH2domain-pseudokinase),5.0
10074640,MINK,5.0
5329102,RIOK3,5.42021640338319
126565,DRAK2,8.301029995663981
3062316,STK33,5.0
11667893,AURKB,5.0
11364421,CDK4-cyclinD1,5.0
156422,LCK,5.920818753952375
24889392,ADCK3,5.0
51004351,AAK1,7.318758762624413
10074640,TRPM6,5.0
10127622,WEE1,5.0
25127112,EGFR(T790M),5.0
11364421,MEK1,5.0
156422,BRSK2,5.0
24889392,RSK2(KinDom.1-N-terminal),5.0
9929127,JAK1(JH2domain-pseudokinase),5.0
24889392,QSK,5.0
11984591,CAMK1D,6.698970004336019
10113978,CDKL2,5.0
6918454,EGFR(G719S),5.0
10461815,CDK3,5.0
151194,KIT(D816V),5.0
9884685,CHEK1,5.0
10184653,EGFR(S752I759del),9.853871964321762
11338033,MEK4,5.0
644241,LATS2,5.0
3038522,SIK2,5.0
9884685,AKT2,5.0
10127622,MARK3,5.0
42642645,CAMK2D,5.0
5328940,TNK1,5.0
5494449,SGK3,5.0
151194,GCN2(KinDom2S808G),5.0
11667893,AURKC,5.721246399047171
11717001,TIE1,5.0
9933475,FGFR2,7.455931955649724
17755052,MARK2,5.0
208908,JNK3,5.0
3038522,CIT,5.0
3062316,TAOK3,5.638272163982407
5287969,MST2,5.026872146400302
176155,RET(V804L),5.0
11234052,MAPKAPK2,5.0
10127622,TRKC,5.0
9884685,FLT3,5.6020599913279625
5291,ARK5,5.0
9915743,YES,6.619788758288394
3025986,ERN1,5.0
9915743,MAST1,5.259637310505756
11626560,MET(M1250T),9.259637310505756
9926791,MAP3K3,5.0
10074640,CSNK2A2,5.0
10461815,MINK,6.6020599913279625
44150621,ABL1(Y253F),7.337242168318426
11984591,TIE2,6.508638306165728
9809715,KIT,8.244125144327509
11717001,ROCK2,5.0
153999,DAPK1,6.013228265733755
10427712,CDC2L1,5.0
6918454,MAPKAPK5,5.0
44150621,PYK2,5.0
42642645,MEK1,7.920818753952375
126565,EGFR(S752I759del),5.853871964321762
11338033,MST4,5.0
151194,BRSK1,5.0
3062316,EIF2AK1,5.0
3025986,DMPK,5.0
9933475,GCN2(KinDom2S808G),5.0
44150621,CDC2L2,5.0
11409972,FAK,5.0
9926054,EGFR(G719C),5.0
11338033,FLT4,5.0
10461815,ROCK2,5.060480747381382
10184653,GRK1,5.0
16725726,RIPK5,5.0
10113978,FGFR1,6.00436480540245
153999,MAP4K3,5.075720713938119
176167,DCAMKL1,5.0
25127112,BRSK2,5.0
3038525,AMPK-alpha1,5.0
44150621,YES,6.236572006437063
44259,DMPK,8.455931955649724
3081361,MARK1,5.0
5287969,AKT1,5.0
11409972,ASK2,5.096910013008056
24889392,CSNK2A2,5.0
5291,HIPK3,5.0
25243800,CAMKK2,5.42021640338319
11485656,EGFR(S752I759del),5.0
24779724,FER,5.0
11712649,ABL1(Q252H),6.200659450546419
11712649,MAP3K3,5.0
9933475,INSRR,5.0
5329102,TYK2(JH1domain-catalytic),5.795880017344075
3081361,BTK,5.769551078621726
9915743,ARK5,5.823908740944319
5287969,MARK1,5.0
5328940,SBK1,5.0
3038522,YSK1,5.0
11234052,CDK7,5.0
6450551,KIT(D816V),5.886056647693163
11617559,MEK1,5.0
9926054,TAOK2,5.0
5494449,ABL1(H396P)p,8.508638306165727
44259,BMX,6.769551078621726
11338033,LRRK2(G2019S),5.0
16007391,CAMKK1,5.0
123631,MAP4K5,5.0
9915743,EPHA5,5.0
156422,ABL1(Q252H)p,5.0
9926791,KIT(V559D-V654A),5.0
4908365,RIPK4,5.0
17755052,S6K1,5.0
176167,ABL1(F317L)p,5.0
11485656,RPS6KA4(KinDom.2-C-terminal),5.0
176167,MAP4K3,5.0
11409972,AMPK-alpha1,5.853871964321762
3038525,TRPM6,5.0
16007391,EPHB3,5.0
3062316,CAMK2D,5.0
156414,TAK1,5.481486060122113
176870,TIE1,6.070581074285707
11667893,BRAF,6.200659450546419
10184653,MAK,5.0
11314340,CAMK1G,5.0
11314340,TAOK2,5.309803919971486
10184653,ABL1(F317I),5.537602002101044
5328940,MLK1,5.568636235841013
24779724,VEGFR2,5.0
3081361,MAP4K4,5.853871964321762
3081361,CDC2L1,5.0
11364421,HIPK3,5.443697499232713
5287969,EGFR(L861Q),5.920818753952375
25243800,MAK,5.0
9809715,MAK,5.0
3038525,FES,5.0
156422,CAMK2G,5.0
11338033,CDK2,7.522878745280337
11667893,MST4,5.0
11364421,EGFR(L747E749del),5.958607314841775
156414,AMPK-alpha1,5.0
10184653,ERBB3,5.346787486224656
156422,MST4,5.0
16722836,DYRK1A,5.0
11617559,FLT3(ITD),5.0
51004351,CSF1R,6.481486060122113
9926054,RPS6KA5(KinDom.1-N-terminal),5.0
216239,AKT2,5.0
156422,CDK7,5.508638306165728
644241,BRSK2,5.0
3081361,KIT,6.585026652029182
176870,ABL1(Q252H)p,7.214670164989233
9915743,EGFR,8.958607314841775
16007391,EGFR(G719C),6.920818753952375
5291,CAMK2G,5.0
11984591,ANKK1,6.481486060122113
10113978,RSK4(KinDom.1-N-terminal),5.0
9884685,BRK,5.0
11364421,ROCK2,5.0
176155,CDK8,5.0
10184653,MAPKAPK2,5.0
11409972,EPHB2,6.886056647693163
3025986,MST3,5.0
17755052,IGF1R,5.0
9884685,SIK,5.0
10138260,EGFR(T790M),5.481486060122113
44259,ICK,7.795880017344075
24180719,MAK,5.0
11364421,BMPR1A,5.0
3081361,SGK3,5.0
11364421,HUNK,5.013228265733755
11234052,HIPK2,5.0
11717001,LTK,5.0
24779724,ABL1(F317L),5.0
44259,EPHA1,6.522878745280337
3062316,BMPR2,5.0
208908,MARK1,5.0
6450551,MEK2,5.585026652029182
10127622,TIE2,5.0
153999,MKNK2,5.0
44259,STK35,6.853871964321762
11364421,DDR1,5.0
9809715,MLCK,6.958607314841775
10074640,ASK2,5.0
6918454,BMX,5.0
10427712,ADCK4,5.853871964321762
9933475,JNK3,5.0
44259,MARK3,8.522878745280337
208908,TNNI3K,5.0
6918454,CDK4-cyclinD1,5.0
11427553,CSNK2A1,5.920818753952375
25243800,AXL,5.920818753952375
11617559,ASK1,5.0
208908,CAMK2D,5.0
644241,CDK11,5.0
11427553,MET(M1250T),6.6777807052660805
11338033,FRK,5.0
11427553,CDK7,6.721246399047171
151194,EPHA8,5.0
11656518,BTK,5.0
3025986,EPHA3,5.0
9926791,EPHA5,5.0
11234052,DAPK1,5.0
11485656,SLK,6.346787486224656
11338033,MAP3K4,5.0
24889392,CAMK2D,5.0
11364421,ITK,5.0
11485656,CHEK2,5.0
447077,TGFBR1,5.823908740944319
11409972,ABL1(F317L),9.113509274827518
11617559,MAPKAPK2,5.0
216239,MKK7,5.0
5287969,FRK,5.920818753952375
25127112,FGFR3(G697C),5.0
123631,TRPM6,5.0
10427712,TIE1,5.0
447077,RIPK2,7.795880017344075
176870,TXK,5.42021640338319
10127622,FER,5.0
16725726,YES,5.0
9929127,DCAMKL2,5.0
4908365,HUNK,5.0
42642645,MST2,5.0
10427712,LRRK2,5.0
11338033,RET,5.0
25243800,BMX,6.173925197299174
16007391,PYK2,5.0
11617559,TGFBR1,5.0
5328940,TNNI3K,6.769551078621726
11617559,EPHA4,5.0
153999,BRAF(V600E),5.0
10427712,TYRO3,5.0
5287969,DYRK1A,7.113509274827519
11617559,KIT(L576P),5.0
25127112,ERK1,5.0
11485656,YSK1,5.0
10127622,CLK3,5.0
3038522,CSNK2A2,5.0
44150621,SIK,5.0
42642645,RET(M918T),9.173925197299171
16725726,CDKL2,5.0
11409972,LTK,6.795880017344075
10427712,CDKL1,5.0
10461815,MAPKAPK2,5.0
5291,MST1R,5.0
11485656,MST4,5.080921907623926
216239,CDK7,6.853871964321762
44150621,RSK1(KinDom.2-C-terminal),5.0
11234052,IKK-beta,5.0
3062316,TIE2,5.0
9884685,IRAK4,5.0
5291,TSSK1B,5.0
3038522,CAMK2B,5.0
3038525,DYRK1A,5.0
51004351,AURKB,7.207608310501746
9809715,EPHA4,5.0
216239,LZK,5.0
5329102,ABL1(Y253F),6.853871964321762
3081361,EPHB6,7.119186407719209
25127112,ABL1(M351T),5.2076083105017466
9926791,DAPK3,5.0
11984591,CDKL3,5.0
10184653,CDK4-cyclinD3,5.0
11617559,RIOK2,5.0
5287969,MEK2,5.0
156422,MAP4K4,7.045757490560675
17755052,SRPK1,5.0
5494449,JAK2(JH1domain-catalytic),6.721246399047171
3025986,BTK,5.0
9926791,MST3,5.0
10184653,EGFR(T790M),9.214670164989233
126565,YANK1,5.6777807052660805
123631,GRK7,5.0
5329102,ABL1(E255K),6.744727494896694
4908365,MEK6,5.494850021680094
644241,TNNI3K,6.443697499232713
11338033,TTK,5.0
11712649,CIT,5.0
9926054,MST2,5.0
156422,BMPR1A,5.0
17755052,TNK1,5.0
11656518,ACVRL1,5.0
11485656,TBK1,5.0
10074640,HIPK3,5.0
9926054,ERBB3,5.0
11667893,EPHA1,5.0
9933475,JNK2,5.0
11712649,RSK3(KinDom.2-C-terminal),5.0
9915743,MAP3K1,5.0
151194,SRPK3,5.0
10184653,WEE1,5.0
24889392,MARK2,5.0
9809715,ASK2,5.0
9926054,HIPK2,5.0
25127112,EPHA3,5.214670164989233
9884685,CDK9,5.0
25243800,EPHA2,6.2076083105017466
11656518,MKNK1,5.0
9915743,CSNK1G2,5.180456064458132
644241,BIKE,5.0
3025986,MINK,5.0
11626560,CAMK2B,5.0
11427553,ITK,6.619788758288394
3025986,EGFR(T790M),5.0
24889392,ERK4,5.0
216239,EPHB2,5.721246399047171
11338033,MRCKB,5.0
44259,GAK,7.769551078621726
5329102,FLT3(N841I),8.619788758288394
11338033,CSNK1E,5.0
5287969,CHEK2,5.0
10461815,RSK4(KinDom.1-N-terminal),5.167491087293763
3081361,RSK4(KinDom.1-N-terminal),5.0
25243800,TEC,5.0
156414,SRC,5.958607314841775
10113978,MKNK1,5.0
176155,KIT(V559D-T670I),5.0
9809715,SIK,6.173925197299174
11626560,TTK,5.0
17755052,CDK9,5.0
151194,EGFR,5.0
3038525,YES,5.795880017344075
9926791,LYN,5.0
176167,AMPK-alpha2,5.301029995663981
9926791,STK16,5.0
16007391,BMPR1B,5.0
4908365,EPHA3,5.795880017344075
153999,DYRK1B,5.267606240177032
3038522,BTK,5.0
176870,IRAK1,5.0
44150621,ICK,5.0
5328940,RSK2(KinDom.1-N-terminal),5.920818753952375
6918454,MAP4K4,5.0
176155,CSNK2A1,5.0
9933475,TNK1,5.0
25127112,CDK4-cyclinD1,5.0
17755052,CSNK1A1L,5.0
3081361,RIPK2,8.337242168318426
216239,JAK2(JH1domain-catalytic),5.0
644241,MAP3K15,5.0
44150621,VRK2,5.0
9926054,EGFR(L861Q),5.0
9915743,FGFR3(G697C),5.0
5328940,ROS1,5.0
11656518,BMPR1B,5.0
9884685,TRPM6,5.0
11338033,BMPR1A,5.0
11626560,SRPK1,5.744727494896694
11314340,MAST1,5.0
10138260,ACVR2B,5.0
9929127,RET(M918T),5.0
176870,CAMK2D,5.1938200260161125
6918454,YSK4,5.0
126565,ROCK1,7.251811972993799
3025986,IRAK4,5.0
11656518,MAP4K3,5.1249387366083
9915743,EPHA4,5.0
156414,EGFR(L747S752del),9.585026652029182
153999,MET(M1250T),5.0
11409972,CLK1,6.958607314841775
153999,MAP3K2,6.1487416512809245
10113978,TGFBR1,5.0
6918454,LOK,5.0
11712649,FLT4,5.508638306165728
24889392,KIT(D816H),6.494850021680094
3038525,CHEK1,5.0
9884685,MERTK,5.0
5328940,AURKA,5.0
24779724,YANK1,5.0
156414,SIK2,5.309803919971486
5328940,DAPK2,5.0
24180719,AURKA,5.0
5329102,FGFR3(G697C),5.853871964321762
3062316,CLK4,5.0
11984591,ABL1(Y253F),5.744727494896694
11364421,SRPK1,5.0
10074640,MEK2,5.0
151194,FLT3(ITD),5.0
16038120,RPS6KA5(KinDom.2-C-terminal),5.0
3038522,CDKL1,5.0
11717001,LZK,5.0
5494449,ASK2,5.0
16722836,RIPK5,5.769551078621726
16007391,RSK4(KinDom.2-C-terminal),5.0
11984591,ABL1(H396P),6.769551078621726
42642645,MERTK,9.568636235841012
10461815,FGFR2,5.2839966563652006
3062316,MLK2,5.0
644241,EPHA4,6.481486060122113
44259,RSK4(KinDom.2-C-terminal),5.481486060122113
9926054,EGFR(G719S),5.0
126565,IKK-alpha,8.045757490560675
16725726,RSK2(KinDom.1-N-terminal),5.0
9926791,EGFR(E746A750del),5.0
11626560,LATS2,5.0
16038120,DCAMKL3,7.853871964321762
11409972,LATS1,6.327902142064283
17755052,FLT3(K663Q),5.585026652029182
10074640,TRKC,5.0
10427712,ERK3,5.0
11717001,EGFR(G719S),5.0
10184653,SRC,5.552841968657781
25243800,FGFR4,5.958607314841775
11409972,MARK4,5.0
9933475,TLK1,5.0
24889392,SRPK3,5.0
176167,HUNK,5.0
16722836,MRCKA,5.0
176870,ERK8,5.0
151194,RET(M918T),5.119186407719209
24180719,MEK2,5.958607314841775
16722836,EPHB2,5.4089353929735005
5287969,TNNI3K,7.259637310505756
151194,ABL1(T315I)p,5.0
156422,MAP3K15,5.0
126565,BIKE,7.795880017344075
25243800,CDK3,5.0
16038120,JAK1(JH1domain-catalytic),6.3872161432802645
9929127,BRSK2,5.0
151194,DAPK3,5.0
11234052,ASK2,5.0
5494449,AURKB,8.130768280269024
10113978,KIT(D816H),6.0
11409972,CDK4-cyclinD3,6.200659450546419
644241,RET,6.060480747381382
11667893,EPHB1,5.0
24779724,LCK,5.0
3025986,EPHA7,5.0
4908365,GSK3B,6.142667503568732
10138260,MARK1,5.823908740944319
11409972,CSK,5.638272163982407
17755052,EGFR(E746A750del),5.0
11656518,CSNK1G3,5.0
24779724,HIPK3,5.0
11656518,BMX,5.0
11409972,EPHA6,6.42021640338319
176167,MST2,5.721246399047171
44150621,SNARK,6.886056647693163
11984591,DDR2,7.366531544420414
11409972,CTK,5.886056647693163
42642645,MET(Y1235D),9.086186147616283
176155,RAF1,6.008773924307505
447077,DDR1,8.619788758288394
9929127,EIF2AK1,5.0
4908365,TNIK,6.823908740944319
10461815,RIPK1,5.823908740944319
16722836,ULK2,7.102372908709558
4908365,DMPK,5.0
447077,EGFR(G719C),6.275724130399211
11427553,GRK4,7.1487416512809245
6918454,TAOK1,5.0
11626560,MLCK,5.0
11314340,EGFR(T790M),5.0
11234052,KIT(L576P),7.267606240177032
24779724,ULK3,5.0
9933475,RSK4(KinDom.1-N-terminal),5.0
10138260,KIT(L576P),9.537602002101044
24889392,IRAK1,5.0
644241,ERK5,5.0
11338033,SYK,5.0
11409972,CDKL1,7.886056647693163
42642645,TAK1,6.267606240177032
151194,DRAK1,5.0
11984591,FLT3(ITD),9.267606240177033
11656518,JNK1,5.0
11626560,MAP4K2,7.096910013008056
11427553,FER,5.958607314841775
10113978,IKK-beta,5.0
5287969,CHEK1,5.0
16038120,CSNK1A1L,5.2839966563652006
9884685,FAK,5.0
16007391,MST1,5.0
11656518,RSK4(KinDom.2-C-terminal),5.0
24779724,FES,5.0
123631,JAK1(JH1domain-catalytic),5.0
3038522,CLK1,6.200659450546419
24779724,ERBB4,5.0
5329102,EPHA3,5.6777807052660805
11656518,CSNK1G1,5.0
11712649,SNARK,5.0
153999,EGFR(T790M),5.130768280269024
11338033,EPHA3,5.0
123631,S6K1,5.0
3025986,LYN,5.0
3038525,TSSK1B,5.0
11656518,HIPK4,6.251811972993799
5328940,LCK,9.229147988357855
9809715,FLT3(ITD),9.154901959985745
208908,AURKC,5.0
11656518,CAMK4,5.0
10113978,CSF1R,8.102372908709558
9926791,EPHA3,5.0
6918454,AURKB,5.0
11667893,CSNK1E,5.0
216239,ABL1(T315I),6.229147988357856
208908,ZAP70,5.0
644241,MKNK1,5.0
153999,CAMK1D,5.346787486224656
24889392,ROS1,5.0
51004351,RPS6KA4(KinDom.2-C-terminal),5.0
10113978,LATS1,5.0
9926791,CDK4-cyclinD3,5.0
11485656,IKK-epsilon,5.0
10427712,DMPK,5.0
24180719,MKNK1,5.0
44150621,ARK5,6.619788758288394
9926791,MEK1,5.0
25243800,ABL1,6.823908740944319
6450551,MAP4K3,5.920818753952375
5291,DAPK2,5.0
11984591,ERK1,5.0
44259,EGFR(S752I759del),6.537602002101044
10138260,DRAK2,6.494850021680094
5494449,ACVR1,5.721246399047171
11984591,AKT3,5.0
11364421,EGFR(S752I759del),5.275724130399211
11667893,CSK,5.0
6450551,MST2,5.657577319177793
3062316,MAP4K2,5.886056647693163
10461815,HIPK2,6.920818753952375
9933475,CDKL5,5.0
16038120,MAP4K4,6.013228265733755
9884685,CAMK2B,5.0
176167,TYK2(JH1domain-catalytic),5.0
10074640,RET,5.0
10074640,LKB1,5.0
16725726,MST3,5.0
25127112,GSK3B,5.0
9809715,VRK2,5.0
3062316,GCN2(KinDom2S808G),5.795880017344075
9884685,SIK2,5.0
3038522,QSK,5.0
5287969,JNK1,5.795880017344075
9926791,CSK,5.0
25243800,CDK9,5.0
126565,EGFR(E746A750del),6.3979400086720375
156422,LIMK2,5.0
156414,MARK2,5.0
10138260,MLCK,7.376750709602099
151194,VEGFR2,7.207608310501746
3025986,LZK,5.0
3081361,ABL1(M351T),7.823908740944319
11427553,HIPK2,6.522878745280337
10113978,INSRR,5.0
5329102,CSNK2A2,6.795880017344075
16038120,EPHA6,6.920818753952375
10184653,CSNK1G2,5.0
11364421,LCK,5.0
9929127,TLK1,5.0
6450551,EPHB4,5.0
25127112,IRAK3,5.0
156422,KIT,6.769551078621726
5287969,IRAK3,5.0
156422,RAF1,5.0
151194,BRK,5.619788758288394
156422,TNK1,5.0
11364421,QSK,5.0
6450551,ERBB3,5.0
156422,MST2,5.0
11656518,MLK3,5.022276394711152
3025986,MTOR,5.0
10127622,KIT(V559D),5.0
11427553,GSK3B,5.0
151194,BMPR1B,5.0
16725726,EGFR(L861Q),5.0
11234052,LRRK2,5.0
156414,GRK7,5.0
151194,ERK1,5.0
3025986,KIT(L576P),5.0
9915743,CDK5,5.0
17755052,HIPK4,5.301029995663981
44259,DYRK1B,7.552841968657781
176167,FLT3(D835H),7.309803919971486
9933475,ABL1(F317L)p,6.552841968657781
156422,GSK3A,5.0
11717001,JNK2,5.0
44150621,SRMS,5.0
216239,AMPK-alpha1,5.0
126565,RIOK3,8.113509274827518
11364421,MEK5,5.0
5329102,ITK,7.886056647693163
6918454,GAK,5.0
11364421,MAPKAPK5,5.0
176870,MARK4,5.0
3038525,AXL,5.0
644241,RSK1(KinDom.2-C-terminal),5.0
644241,ANKK1,5.0
123631,HIPK2,5.0
644241,ABL1(H396P)p,7.67778070526608
10461815,ASK2,5.0
10184653,TNIK,5.0
3062316,MST2,5.0
44259,CIT,6.468521082957745
10427712,GRK1,5.0
11364421,WEE1,5.0
10184653,BTK,5.0
10184653,SRMS,5.0
16038120,MARK4,7.920818753952375
9884685,ARK5,5.0
11667893,KIT(V559D-V654A),7.638272163982407
5287969,STK33,5.769551078621726
9809715,EGFR(L747S752del),5.0
42642645,CTK,5.0
9926791,FLT3(D835Y),5.0
10427712,KIT(V559D-T670I),5.0
3038522,ERK5,5.0
10074640,EPHA5,5.0
9929127,FLT3,5.0
10127622,FLT3(N841I),5.0
3025986,CDK5,6.130768280269024
10427712,BMPR1B,5.0
11364421,FES,5.721246399047171
11234052,TIE1,5.958607314841775
6450551,MET(M1250T),5.958607314841775
9933475,RIPK5,5.0
11427553,HCK,5.366531544420414
11984591,YSK4,7.173925197299174
11717001,TSSK1B,5.0
156414,LKB1,5.0
11717001,CSNK1A1L,5.0
5494449,EGFR(S752I759del),5.0
51004351,TNNI3K,5.0
10113978,TEC,5.0
44259,RIPK2,5.2839966563652006
16725726,TAOK2,5.853871964321762
176167,MAP3K15,5.0
6450551,ROCK2,5.0
176167,MINK,5.455931955649724
11427553,ABL1(F317L)p,7.026872146400302
25127112,TNNI3K,5.0
10127622,TNNI3K,5.0
176155,MARK3,5.0
16007391,DRAK1,5.0
176167,TIE2,5.0
16725726,MET,5.0
3081361,ICK,5.0
3062316,MRCKA,5.698970004336019
11338033,GRK7,5.0
5291,MAP4K5,5.0
10127622,S6K1,5.0
11712649,RIOK3,5.0
9926054,TYK2(JH2domain-pseudokinase),5.698970004336019
153999,RET(V804M),5.0
5328940,MARK3,5.0
644241,CHEK1,5.0
153999,FLT3(ITD),6.552841968657781
25243800,MKNK1,5.173925197299174
11717001,RSK1(KinDom.2-C-terminal),5.0
447077,SNARK,5.0
156422,TRKB,6.2441251443275085
5291,RIPK2,5.0
216239,MLK3,5.0
3038525,CHEK2,5.0
16038120,MET,6.769551078621726
3025986,ABL1(Q252H)p,5.0
44150621,TEC,5.0
10184653,LRRK2(G2019S),5.0
24779724,ABL1(Q252H)p,5.0
11984591,EGFR(L747S752del),6.251811972993799
11667893,EGFR(E746A750del),5.42021640338319
10127622,EGFR(L858RT790M),5.0
24779724,ROS1,5.0
176870,ULK1,5.0
11485656,TTK,5.0
4908365,ULK3,6.045757490560675
11626560,EGFR(T790M),5.0
42642645,IKK-epsilon,5.853871964321762
16007391,ERK4,5.0
3062316,MST4,5.721246399047171
11364421,TSSK1B,5.0
51004351,MKK7,5.0
6450551,DDR2,5.275724130399211
51004351,KIT(V559D-T670I),6.823908740944319
4908365,IKK-beta,5.0
9926791,ERBB2,5.0
11364421,MLK1,5.0
9926791,CDKL5,5.0
42642645,FLT3(D835Y),8.698970004336019
156422,QSK,5.0
11409972,DAPK3,5.494850021680094
176155,CSNK1G3,5.0
11234052,CLK4,5.0
156414,LIMK1,5.0
9884685,FLT3(K663Q),5.0
3025986,DCAMKL1,5.795880017344075
24180719,JNK2,5.0
9809715,DMPK2,5.0
156422,MARK4,5.0
6450551,ACVR1,5.0
644241,FLT1,5.0
44150621,TYRO3,5.031517051446065
156414,MERTK,5.0
176155,TGFBR1,5.1487416512809245
5494449,DYRK1A,5.0
216239,VRK2,5.0
51004351,CLK2,6.0655015487564325
4908365,MET,6.173925197299174
3038525,MELK,5.0
9809715,MAP3K15,5.853871964321762
11717001,CLK1,5.0
16038120,FGFR1,7.327902142064283
44259,CAMK2B,8.886056647693163
24779724,RIOK2,5.0
3081361,BRSK1,5.0
447077,MKNK1,5.0
9933475,PYK2,5.0
156414,BRSK1,5.0
176870,RAF1,5.0
3062316,DRAK1,5.0
153999,CAMK2G,5.10790539730952
10427712,MET(M1250T),5.0
16722836,TNIK,5.0
10427712,EPHA5,5.0
10074640,YSK1,5.0
25127112,GRK1,6.136677139879544
9929127,DRAK2,5.0
24779724,CSNK1A1,5.0
10427712,ABL1(F317I),5.0
5328940,CDK4-cyclinD3,5.0
11717001,HUNK,5.0
9915743,STK16,5.0
126565,DRAK1,8.468521082957745
10074640,FLT3(D835Y),5.0
10461815,FLT3(K663Q),6.568636235841013
10113978,ROCK1,5.0
44259,CSNK2A2,6.638272163982407
11314340,RSK3(KinDom.2-C-terminal),5.0
25127112,DDR2,5.0
3081361,TNK1,5.0
10113978,CDK5,5.0
3081361,DRAK1,5.0
156422,RIPK4,5.0
16725726,STK39,5.0
16007391,RSK3(KinDom.2-C-terminal),5.0
9926791,KIT(V559D-T670I),5.0
156422,RPS6KA5(KinDom.2-C-terminal),5.0
5328940,ERK2,5.0
16722836,FGFR4,5.698970004336019
11338033,CDK7,8.55284196865778
11485656,EPHB1,6.055517327849832
11485656,RIPK4,5.0
16725726,SIK,5.0
3081361,RSK1(KinDom.2-C-terminal),6.3979400086720375
16722836,TAK1,5.508638306165728
6450551,FGFR4,5.0
151194,DCAMKL1,5.0
5328940,CDK8,5.0
3038525,CDK3,5.0
447077,MAPKAPK5,5.0
11338033,RSK2(KinDom.1-N-terminal),5.0
16722836,MEK2,5.508638306165728
9929127,ROCK2,5.0
9809715,JNK2,5.0
11984591,MET(M1250T),6.638272163982407
3038525,SIK2,5.0
11984591,MEK5,7.387216143280264
5328940,IRAK1,6.221848749616356
11717001,JNK1,5.0
9933475,TRKB,5.0
6450551,CDK8,5.0
5291,CASK,5.0
5494449,CDK5,5.0
6450551,ABL1(E255K),7.200659450546419
6450551,MEK6,5.0
447077,TYRO3,6.346787486224656
3081361,MTOR,5.0
10113978,FGFR3(G697C),6.2076083105017466
644241,CDK9,5.0
5329102,VRK2,5.0
156414,FES,5.0
11656518,DMPK2,5.0
11717001,FLT4,5.0
11626560,MARK1,5.0
24779724,ASK2,5.0
126565,HUNK,6.2441251443275085
9884685,MAP3K3,5.0
9915743,MET,5.3979400086720375
11984591,ERBB2,5.0
4908365,MKNK2,5.0
17755052,SRPK3,5.0
10427712,GRK4,5.2076083105017466
4908365,MINK,7.091514981121351
6450551,ADCK4,5.0
24180719,RSK3(KinDom.1-N-terminal),5.0
25243800,VRK2,5.0
10113978,FAK,5.0
5291,ERK8,5.0
11314340,ERK5,5.0
5329102,DRAK2,6.958607314841775
5329102,MEK1,6.886056647693163
16722836,MLK1,5.494850021680094
11626560,DMPK,5.853871964321762
25243800,STK16,5.3979400086720375
11626560,LZK,6.638272163982407
10138260,GSK3A,5.0
11409972,MINK,8.10790539730952
156422,FER,5.0
11717001,MAP3K3,5.0
16007391,KIT,7.769551078621726
5328940,TXK,7.142667503568732
11667893,ERBB3,5.0
3062316,JAK1(JH1domain-catalytic),5.0
11656518,TNK1,5.1938200260161125
216239,MLK2,5.0
16722836,ABL1(F317I),5.6777807052660805
9915743,TESK1,5.0
11364421,ABL1p,5.455931955649724
151194,MAP3K4,5.0
3062316,BTK,8.853871964321762
156422,MET,5.0
11617559,RIPK4,5.0
25243800,ANKK1,5.585026652029182
6450551,TLK2,5.0
5329102,ERK5,5.00436480540245
11364421,CDK3,5.0
16722836,DAPK2,7.537602002101044
10074640,MARK3,5.0
3025986,AKT2,5.0
208908,ABL1(E255K),5.0
5291,WEE2,5.0
3025986,ACVR1,5.0
10074640,ABL1p,7.259637310505756
9809715,MEK5,8.744727494896694
5494449,PYK2,5.585026652029182
9809715,ANKK1,5.0
176167,CDK2,5.301029995663981
25127112,MERTK,5.0
3081361,TTK,5.0
9926791,CAMK4,5.0
3025986,CSNK1G1,5.0
17755052,ABL1(F317I)p,5.0
9926054,CAMK1D,5.0
447077,KIT(A829P),7.229147988357856
11485656,AMPK-alpha2,5.0
10074640,TGFBR1,5.0
9929127,AMPK-alpha1,5.0
208908,YES,5.0
3081361,EPHB4,6.2839966563652006
11984591,EPHB1,6.4089353929735005
11712649,FLT3(R834Q),5.0
3038525,SIK,5.0
176155,VRK2,5.0
5328940,ARK5,5.229147988357856
10184653,FGFR2,5.0
176155,RET(M918T),5.0
24180719,ABL1p,5.638272163982407
9926054,BTK,5.0
5287969,EPHA3,5.481486060122113
9926054,GRK4,5.0
5494449,KIT(D816V),6.537602002101044
153999,JAK2(JH1domain-catalytic),5.0
10461815,CSNK1G2,5.0
9933475,MST1,5.366531544420414
447077,FLT3,6.823908740944319
11984591,CLK4,6.443697499232713
11712649,MELK,5.0
16722836,SRPK3,6.769551078621726
10461815,CDKL1,5.0
10138260,CAMK2G,5.958607314841775
11485656,CDK3,5.0
9926054,ALK,5.0
10127622,JNK1,5.0
44150621,TRKC,6.721246399047171
5287969,DCAMKL2,5.0
9933475,IRAK4,5.0
11717001,MRCKA,5.0
44259,CHEK2,7.130768280269024
16038120,TRKA,6.337242168318426
11427553,QSK,5.638272163982407
10461815,ABL1(F317I),5.0
11667893,LCK,6.443697499232713
6918454,CLK1,5.0
151194,ABL1(T315I),5.0
3081361,CDK8,5.0
10074640,DCAMKL2,5.0
11617559,CDK3,5.0
25243800,CDKL5,5.0
9809715,ABL1,6.638272163982407
16007391,SNARK,5.0
11617559,CDC2L2,5.0
16007391,EIF2AK1,5.823908740944319
25243800,HIPK1,6.522878745280337
3038522,SRPK1,5.0
9926054,MAK,5.0
9809715,FGFR2,6.455931955649724
11617559,FER,5.0
10184653,YANK3,5.0
9926054,JNK1,5.0
5287969,CSNK1G1,5.920818753952375
447077,CDK7,5.0
5329102,CAMK1D,6.292429823902063
11364421,SRPK3,5.0
9884685,RET(V804M),5.0
3038525,EGFR(L858RT790M),5.0
6450551,RSK1(KinDom.1-N-terminal),5.0
151194,SIK,5.0
156422,TTK,5.481486060122113
16725726,AXL,5.0
6450551,KIT(A829P),5.744727494896694
9933475,RPS6KA4(KinDom.2-C-terminal),5.0
11485656,LYN,5.0
10113978,RSK4(KinDom.2-C-terminal),5.0
11338033,RPS6KA4(KinDom.1-N-terminal),5.0
5328940,TESK1,5.0
17755052,RET,5.0
5494449,ALK,5.508638306165728
156422,MTOR,5.0
44150621,DAPK3,5.0
51004351,BTK,5.0
4908365,EGFR(G719S),5.0
9926791,MRCKB,5.0
176167,YANK2,5.0
16725726,PYK2,5.0
10138260,TBK1,6.795880017344075
5494449,EPHA8,6.301029995663981
10113978,TTK,6.823908740944319
11656518,AMPK-alpha1,5.346787486224656
176870,VRK2,5.0
3038522,RPS6KA5(KinDom.2-C-terminal),5.0
10461815,EGFR(L858R),5.0
176155,CDK4-cyclinD1,5.0
208908,CDK11,5.0
10127622,TBK1,5.0
153999,MARK1,5.0
16038120,RET(M918T),6.853871964321762
3038522,CAMK4,5.0
11485656,MLCK,5.0
44150621,RIPK4,5.0
11427553,MKNK2,5.920818753952375
3025986,MAPKAPK2,5.0
11617559,EPHA7,5.0
3081361,RET,7.468521082957745
5328940,STK16,5.0
447077,TTK,5.0
176167,CDC2L1,5.0
11667893,ABL1(M351T),5.0
151194,SRPK2,5.0
644241,HUNK,5.0
3062316,EGFR(G719C),6.769551078621726
16038120,RSK2(KinDom.1-N-terminal),7.769551078621726
156422,MELK,5.0
11656518,AURKC,5.0
208908,ITK,5.0
16007391,RIOK1,5.0
10427712,RSK4(KinDom.2-C-terminal),6.013228265733755
4908365,KIT(D816H),7.318758762624413
10138260,MST2,7.187086643357144
176155,BRSK1,5.0
11338033,EPHB6,5.0
4908365,EGFR(L858R),5.0
11364421,GRK4,5.0
11314340,STK16,5.0
11626560,LRRK2,5.0
6450551,YES,5.568636235841013
3025986,RIPK2,5.0
11427553,DAPK1,6.443697499232713
10074640,EIF2AK1,5.0
153999,CLK4,5.721246399047171
123631,AAK1,5.0
5287969,STK35,6.346787486224656
10127622,CSNK1G1,5.0
9926791,MAPKAPK2,5.0
11409972,MLK1,5.0
5291,MAST1,5.0
11364421,LOK,5.309803919971486
11667893,FAK,5.0
176155,ERK3,5.0
9884685,EGFR(L747E749del),5.0
3038525,BRSK1,5.0
42642645,FGR,7.397940008672037
44150621,ROCK2,5.508638306165728
17755052,ASK2,5.0
11656518,TNK2,5.0
156422,ERBB2,5.0
156422,BMX,5.0
11234052,ABL1,5.958607314841775
42642645,ERBB3,5.823908740944319
3038522,EPHA2,5.0
5328940,ERK5,5.638272163982407
6450551,STK36,5.0
9915743,STK35,5.346787486224656
3038525,LATS2,5.0
24180719,JAK2(JH1domain-catalytic),5.0
3025986,CDK11,6.022276394711152
11667893,EGFR(L858RT790M),5.0
17755052,RSK4(KinDom.1-N-terminal),5.267606240177032
24779724,DCAMKL2,5.0
3038522,BRSK1,5.0
9926791,SGK3,5.0
447077,ACVR2B,8.040958607678906
24889392,ABL1,5.0
10127622,CDC2L2,5.0
17755052,ULK3,5.0
208908,STK36,5.0
4908365,RSK3(KinDom.2-C-terminal),5.0
11984591,ITK,6.3979400086720375
176167,JNK2,5.0
3038522,SRC,5.017728766960432
10074640,CHEK1,5.0
156414,DDR1,6.3979400086720375
123631,EGFR(T790M),7.397940008672037
151194,BMX,5.0
11234052,MKNK2,5.0
11626560,LOK,7.356547323513813
11717001,MLCK,5.0
9915743,LIMK2,5.0
126565,AURKB,7.795880017344075
3038525,CSNK1G1,5.0
5287969,RIOK3,5.0
5291,ABL1(Y253F),6.886056647693163
16007391,TAOK1,5.0
11364421,DYRK2,5.0
11984591,TGFBR1,5.585026652029182
123631,MLK3,5.0
9809715,IRAK4,6.091514981121351
9915743,TEC,5.0
42642645,SRPK3,5.0
11314340,QSK,5.0
10184653,MST1,5.0
16007391,ACVR1,5.0
447077,YANK1,5.6020599913279625
156414,ERK4,5.267606240177032
156414,BIKE,5.42021640338319
5291,GSK3B,5.0
151194,TNNI3K,5.0
126565,LIMK1,5.795880017344075
11984591,TAOK2,6.1938200260161125
216239,TXK,5.0
176870,RSK4(KinDom.2-C-terminal),5.0
44259,EGFR(L858RT790M),9.455931955649724
9929127,CSNK1G1,5.0
10074640,EPHB2,5.0
11427553,YANK2,5.0
25243800,FES,5.0
51004351,TGFBR1,5.0
6918454,MRCKB,5.0
447077,RET(V804M),5.221848749616356
24889392,ICK,5.0
11717001,YANK2,5.0
44259,ACVR1B,6.167491087293763
17755052,RSK3(KinDom.1-N-terminal),5.0
3038522,TLK1,5.0
44259,RIOK1,6.886056647693163
216239,LATS2,5.0
153999,CDKL2,5.0
5328940,SIK2,7.537602002101044
3038525,IRAK4,5.0
11409972,MTOR,5.0
44150621,IGF1R,5.0
123631,ABL1(H396P),6.167491087293763
10113978,MARK2,5.0
17755052,ERBB2,5.0
10427712,GSK3A,5.0
3038525,MAK,5.0
176155,MRCKB,5.568636235841013
9926054,CDK7,6.167491087293763
11626560,ACVR2A,5.0
9809715,MINK,7.086186147616283
151194,MEK5,5.0
447077,MKNK2,5.0
9933475,RAF1,5.0
16038120,EGFR(L747T751del),7.102372908709558
11409972,FLT3,9.102372908709558
156422,MAP4K5,5.0
9933475,LRRK2,5.0
10184653,ULK3,5.0
11712649,MEK1,5.0
5328940,YSK1,6.045757490560675
644241,HCK,6.4089353929735005
447077,PYK2,5.301029995663981
11667893,FLT4,8.013228265733755
24779724,BLK,5.0
11364421,DYRK1B,5.0
126565,TYRO3,6.187086643357144
10074640,FLT3(ITD),5.0
10461815,RPS6KA5(KinDom.2-C-terminal),5.958607314841775
176870,IRAK4,5.0
10461815,LCK,6.494850021680094
447077,TNNI3K,7.327902142064283
11338033,CAMK1D,5.0
176155,CDKL2,5.0
5329102,ABL1(Q252H)p,7.119186407719209
11656518,EGFR(L861Q),5.0
5329102,MLCK,7.638272163982407
25243800,SRMS,5.0
3062316,IKK-beta,5.0
4908365,FLT3(D835H),8.619788758288394
5287969,TNIK,5.0
9915743,EGFR(E746A750del),8.638272163982407
10074640,MTOR,5.0
151194,RSK1(KinDom.1-N-terminal),5.0
17755052,GSK3B,5.0
176870,MEK1,5.0
10127622,CAMK1D,5.0
51004351,DYRK2,5.0
16038120,LIMK2,5.958607314841775
10461815,KIT(L576P),5.886056647693163
644241,FLT3(N841I),5.0
4908365,FGFR2,5.443697499232713
3025986,TBK1,5.0
3025986,MAP3K2,5.0
208908,IGF1R,5.0
10127622,CSNK1D,5.0
51004351,TYK2(JH1domain-catalytic),6.6020599913279625
11427553,MRCKB,5.0
11314340,ERK4,5.0
151194,HIPK2,5.0
11617559,BRSK2,5.0
17755052,ACVRL1,5.0
42642645,EPHB1,7.920818753952375
216239,KIT(D816H),6.366531544420414
9926054,BIKE,5.0
24779724,FGFR3(G697C),5.0
24779724,TNIK,5.0
447077,HCK,8.481486060122112
176870,CSNK1D,5.455931955649724
9926054,STK16,5.0
3025986,CDC2L2,7.318758762624413
11409972,MST1,5.522878745280337
24779724,INSR,5.0
11338033,EGFR(T790M),5.0
176870,STK36,5.356547323513813
10461815,MARK3,5.0
11338033,EGFR(L747T751del),5.0
216239,EGFR(L747T751del),5.0
16007391,MET(M1250T),5.0
11626560,MET,8.67778070526608
42642645,ABL1(H396P),8.0
16007391,ABL1(F317I)p,5.337242168318426
5328940,SYK,6.537602002101044
9933475,RPS6KA5(KinDom.1-N-terminal),5.0
10427712,STK33,5.0
44259,MAK,5.585026652029182
9929127,BLK,5.0
24889392,FGR,5.0
9884685,EGFR(E746A750del),5.0
176155,YSK1,5.0
11234052,MINK,6.508638306165728
176870,ARK5,5.0
10184653,SgK110,5.0
16725726,FLT3(D835Y),5.0
11626560,MEK2,5.0
153999,IKK-alpha,5.0
25127112,CDKL3,5.0
216239,JAK1(JH2domain-pseudokinase),5.0
123631,ACVR1,5.0
25127112,CASK,5.823908740944319
11667893,MST2,5.0
11485656,ULK3,5.0
3038522,ABL1,5.0
9926791,RPS6KA5(KinDom.2-C-terminal),5.0
10113978,TAOK2,5.744727494896694
216239,CLK1,5.1249387366083
9884685,DAPK3,6.075720713938118
153999,EGFR(S752I759del),5.0
9915743,MEK6,5.0
10461815,EPHA6,5.0
24180719,EPHB2,5.0
123631,TAK1,5.0
6918454,RET(V804L),5.0
156422,ITK,5.0
10127622,MAP4K3,5.0
11617559,CDK8,5.0
153999,ACVR2B,5.0
44150621,ERN1,5.0
9926791,TYK2(JH1domain-catalytic),8.318758762624412
11667893,DLK,5.0
9809715,SgK110,5.698970004336019
25127112,VEGFR2,5.0
153999,EGFR(L747E749del),5.0
644241,CDK2,5.0
11338033,DCAMKL3,5.958607314841775
9884685,AURKC,5.0
3038522,ABL1(Q252H),5.0
9933475,TNNI3K,5.0
153999,SYK,5.0
176870,FER,5.0
4908365,MEK4,5.468521082957745
10074640,CDK5,5.0
126565,HIPK4,6.823908740944319
644241,BTK,5.0
208908,BMPR1B,5.0
44259,LOK,10.431798275933003
11364421,MAP4K4,5.0
24180719,TIE2,5.0
11617559,RPS6KA5(KinDom.1-N-terminal),5.0
25243800,ABL1(T315I)p,6.920818753952375
153999,CTK,5.0
9926054,CDK2,5.0
24180719,CSNK1A1L,5.0
5291,TRPM6,5.0
16725726,CDKL3,5.0
42642645,CLK3,5.0
3081361,TIE1,5.823908740944319
44259,CSK,6.481486060122113
10138260,MAPKAPK5,5.552841968657781
5494449,ULK1,5.0
176870,RET(M918T),6.481486060122113
123631,JNK2,5.769551078621726
644241,RIOK2,5.0
24889392,RPS6KA5(KinDom.2-C-terminal),5.0
176167,ERK4,5.0
208908,ERK2,5.0
11984591,CAMK2B,5.0
44259,JNK2,6.040958607678906
24779724,STK36,5.0
176167,TBK1,5.0
176155,JAK1(JH1domain-catalytic),5.0
25127112,YES,5.0
5329102,RIOK2,7.309803919971486
208908,CIT,5.0
176167,MEK5,5.0
24180719,GCN2(KinDom2S808G),5.886056647693163
9809715,IKK-epsilon,6.769551078621726
17755052,LATS1,5.0
176870,EPHA4,5.0
11984591,ABL1(F317I),5.0
9926791,ACVR2A,5.0
3081361,VEGFR2,6.086186147616283
5328940,SRPK3,5.4089353929735005
11427553,MEK6,6.086186147616283
16007391,RIOK2,5.0
44150621,RSK2(KinDom.1-N-terminal),5.251811972993799
10127622,CAMKK2,5.0
44259,CSNK2A1,6.026872146400302
5287969,WEE2,5.0
11667893,ASK1,5.0
10113978,CAMK1D,5.0
126565,FLT3(D835H),9.18045606445813
11409972,TYK2(JH2domain-pseudokinase),5.0
24889392,HUNK,5.0
9915743,FLT3(R834Q),5.0
10461815,LYN,5.0
11409972,RIPK1,6.6777807052660805
16007391,CDKL1,5.0
10138260,AXL,7.075720713938118
16038120,EPHB3,5.721246399047171
11984591,DRAK1,7.494850021680094
176167,ABL1(T315I)p,5.0
9933475,GRK1,5.0
44259,TAK1,7.173925197299174
3025986,ZAP70,5.0
10074640,CDKL5,5.0
11984591,KIT(A829P),8.455931955649724
5329102,RAF1,5.0
10461815,EPHA7,5.0
3038525,SRPK2,5.0
9884685,SRPK1,5.0
5291,BIKE,5.0
24180719,ABL1,6.337242168318426
151194,RET,5.0
5328940,MKNK1,5.0
208908,CLK2,5.0
11712649,AKT3,5.0
24180719,SRPK3,5.0
5494449,TNK2,5.356547323513813
6918454,TRKB,5.0
153999,SBK1,5.0
11984591,EGFR(L747T751del),6.468521082957745
16038120,CHEK1,7.356547323513813
3081361,EPHA2,5.958607314841775
156422,AXL,5.0
3081361,MST3,5.0
25127112,ACVRL1,5.0
11364421,ARK5,5.0
11234052,EGFR,5.0
176155,CSNK1D,7.431798275933005
5328940,ABL1p,10.244125144327509
11427553,MST1R,6.091514981121351
5329102,ROS1,5.0
17755052,SNARK,5.0
176870,KIT,5.769551078621726
176870,HPK1,5.0
151194,EPHB2,5.0
447077,HIPK1,5.0
25127112,IGF1R,5.0
16722836,BTK,6.070581074285707
25243800,ABL1(F317I),5.0
5291,TLK1,5.0
17755052,BRSK1,5.0
25127112,MLK2,5.0
10461815,GRK4,6.376750709602099
208908,HIPK1,5.0
16038120,GSK3A,5.0
11667893,BIKE,5.0
216239,CDKL1,5.0
11667893,ANKK1,5.0
5329102,FGFR1,6.2839966563652006
5494449,JNK1,5.0
11984591,FYN,7.552841968657781
5291,TAOK1,5.0
10074640,RSK3(KinDom.2-C-terminal),5.0
5328940,DAPK1,5.0
216239,HCK,5.070581074285707
44150621,MEK1,6.2839966563652006
9884685,KIT(L576P),5.0
9933475,CLK2,5.0
176155,RPS6KA4(KinDom.1-N-terminal),5.0
11656518,CAMK2D,5.0
11984591,EGFR(G719C),5.0
11485656,SNRK,5.0
16007391,CSNK1A1,5.0
24889392,GRK7,5.0
10461815,LATS1,5.0
10113978,EPHA7,5.0
11617559,SRPK1,5.0
9926054,IRAK4,5.0
5328940,SRC,9.0
3081361,EPHA4,5.795880017344075
151194,AURKA,5.0
123631,TRKB,5.0
3038525,AKT1,5.0
9933475,SRPK1,5.0
17755052,CHEK2,5.0
44150621,DDR1,5.6020599913279625
25243800,LRRK2(G2019S),5.769551078621726
24180719,RIOK2,6.113509274827519
9915743,EGFR(L861Q),9.431798275933003
24779724,ERK5,5.0
25127112,AURKC,5.060480747381382
10074640,MLK1,5.0
5494449,RET(V804M),7.886056647693163
11712649,LCK,6.229147988357856
11364421,FGFR2,5.0
24779724,MST1,5.0
5287969,TIE2,5.0
11667893,EPHB6,5.0
3062316,AAK1,5.0
151194,ABL1p,5.0
176870,SGK3,5.0
123631,GRK4,5.0
11409972,MEK6,5.0
9884685,LRRK2(G2019S),5.0
11314340,ULK2,5.221848749616356
10074640,MKK7,5.0
156422,SgK110,5.0
3038522,EPHA7,5.0
10074640,SIK2,5.0
126565,EGFR(T790M),7.795880017344075
11427553,KIT(V559D-V654A),7.119186407719209
176870,MLK2,5.0
11984591,EGFR(G719S),5.0
5328940,HIPK3,5.494850021680094
10127622,RIPK4,5.0
123631,CSNK2A1,5.0
153999,KIT(A829P),5.3872161432802645
3038525,RPS6KA4(KinDom.1-N-terminal),5.0
10113978,ABL1(F317L),5.356547323513813
644241,TNK2,5.0
11234052,MAST1,5.0
4908365,CSNK1D,5.0
16007391,HIPK3,5.6020599913279625
208908,CSNK2A1,5.0
51004351,RET,6.455931955649724
11409972,DDR1,9.161150909262744
42642645,EPHB2,8.4089353929735
153999,TLK2,5.0
16007391,LATS1,5.0
10184653,ABL1(H396P),6.301029995663981
176155,CDC2L5,5.0
5329102,EPHB3,5.0
3038522,MAP4K2,5.0
176167,AKT1,5.0
4908365,AURKC,5.522878745280337
24889392,CLK4,5.0
3062316,FGFR1,5.431798275933005
11338033,BIKE,5.0
156422,ABL1(E255K),5.0
644241,FRK,7.0655015487564325
17755052,ULK2,5.0
5291,YSK1,5.0
16722836,JAK1(JH1domain-catalytic),7.744727494896694
216239,STK36,5.42021640338319
4908365,ABL1(T315I)p,6.744727494896694
16725726,JAK2(JH1domain-catalytic),5.0
11314340,ULK3,5.0
11626560,BIKE,6.130768280269024
126565,TTK,8.187086643357144
11409972,FGFR3(G697C),5.522878745280337
10113978,ADCK3,5.0
24779724,EGFR(S752I759del),5.0
11717001,SYK,5.0
447077,LRRK2,5.1249387366083
11717001,CDC2L1,5.0
11984591,SYK,7.721246399047171
9926791,MST4,5.0
3038522,TRPM6,5.0
9926054,ACVRL1,5.0
11409972,RIOK2,6.259637310505756
11656518,TGFBR1,5.0
11617559,TAOK3,5.0
10184653,RSK4(KinDom.1-N-terminal),5.0
11485656,DDR1,7.236572006437063
25243800,HIPK2,6.455931955649724
9915743,EGFR(G719S),9.040958607678906
9929127,TRPM6,5.0
10074640,DYRK2,5.0
4908365,MRCKA,5.0
176167,DRAK1,6.119186407719209
9809715,BRSK1,5.0
11617559,TLK2,5.0
11617559,AAK1,5.0
24889392,HPK1,5.0
3038522,MAP3K3,5.0
3062316,IRAK3,5.0
9884685,CLK2,5.259637310505756
447077,ABL1p,9.236572006437065
11617559,MEK3,5.0
10427712,ERBB2,6.356547323513813
11427553,CSNK1E,6.200659450546419
9809715,CLK3,5.0
17755052,EPHB1,5.0
11984591,IGF1R,5.886056647693163
24779724,CSNK1E,5.0
17755052,EGFR,5.0
16038120,HUNK,6.455931955649724
11717001,CAMK2G,5.0
6918454,LRRK2,5.0
11409972,CDC2L5,9.0268721464003
10138260,ABL1,6.036212172654444
9809715,STK39,6.2839966563652006
216239,TSSK1B,5.0
11667893,FGFR3(G697C),5.0
11712649,EPHB2,5.0
3081361,S6K1,5.795880017344075
10184653,EGFR(L747T751del),9.920818753952377
10184653,RSK3(KinDom.2-C-terminal),5.0
24889392,MAP3K4,5.0
11984591,ABL1(Q252H)p,6.366531544420414
5494449,RAF1,5.0
11234052,BRSK2,5.0
11626560,STK39,5.0
5291,LATS2,5.0
11617559,RIPK5,5.0
9929127,FER,5.0
10184653,HCK,5.657577319177793
9926791,HPK1,5.0
5329102,JAK1(JH1domain-catalytic),5.221848749616356
176870,JNK1,5.0
24180719,MAPKAPK5,5.0
16725726,CSNK1E,5.0
16725726,MEK1,5.0
11656518,MEK6,5.0
5329102,ACVRL1,5.0
11427553,CDKL5,5.0
16725726,FLT3(N841I),5.0
9926791,ULK2,5.0
156414,BMX,5.585026652029182
11617559,TGFBR2,5.0
5291,CSNK1A1,5.0
3062316,ABL1(F317I),10.0
156422,RIPK1,5.0
11617559,LIMK1,5.0
5287969,YSK1,5.0
11626560,ULK2,5.795880017344075
3038525,CAMK4,5.0
11984591,CDK4-cyclinD3,5.0
5329102,CDK5,5.161150909262744
9884685,AURKA,5.0
16007391,HPK1,5.0
3025986,GAK,5.744727494896694
11626560,MRCKB,5.0
6918454,IRAK1,5.0
5329102,DAPK2,6.823908740944319
5291,ABL1(T315I),5.0
11409972,SLK,7.638272163982407
11617559,MEK4,5.0
44150621,LZK,6.769551078621726
17755052,CSNK1G1,5.0
11617559,RPS6KA5(KinDom.2-C-terminal),5.0
156414,EGFR(G719C),9.886056647693165
5291,CSNK1E,5.0
176155,ABL1(Q252H),5.0
3081361,SBK1,5.0
9915743,LKB1,5.0
11667893,GRK1,5.0
11626560,STK35,6.214670164989233
11626560,ABL1(H396P)p,7.060480747381382
11984591,ACVR1,5.318758762624413
9884685,ABL2,5.0
25127112,EPHA5,5.0
44259,GRK4,7.431798275933005
10138260,CDKL3,5.0
4908365,RSK1(KinDom.2-C-terminal),5.0
5329102,YES,6.920818753952375
5494449,FLT3(R834Q),6.886056647693163
9884685,HIPK3,6.508638306165728
11626560,TAK1,5.744727494896694
6450551,CLK3,5.0
153999,VRK2,5.0
5291,ROS1,5.0
5328940,AXL,7.2839966563652
5328940,CDC2L5,5.0
10113978,ADCK4,5.0
644241,TNK1,5.0
153999,ASK1,5.0
156414,FGFR3(G697C),5.0
123631,CTK,5.0
11338033,CDKL2,6.0
44259,CDK5,7.075720713938118
3081361,IRAK4,7.1249387366083
16038120,MKNK2,7.356547323513813
44259,MET,6.721246399047171
216239,ABL2,5.537602002101044
9926054,FGFR3(G697C),5.0
208908,CSNK1G3,5.0
3038525,FLT4,5.0
10461815,RSK1(KinDom.1-N-terminal),5.0
3038522,EPHA3,5.0
25243800,MST4,5.431798275933005
24779724,FLT3(K663Q),5.0
9926054,CSNK2A2,5.0
10138260,RAF1,5.0
5329102,BMPR1A,5.0
11712649,KIT(V559D-T670I),5.0
9884685,SgK110,5.0
6918454,MKNK1,5.0
16038120,CDKL5,5.0
126565,BRSK2,7.795880017344075
10127622,KIT(A829P),5.0
9926054,MKK7,5.0
16722836,CSNK1G3,5.0
11626560,AKT1,5.0
11656518,ABL1(M351T),5.698970004336019
5291,AURKA,5.0
11427553,MEK1,6.275724130399211
3062316,HIPK3,5.0
176155,CDC2L2,5.0
11984591,JAK3(JH1domain-catalytic),7.443697499232713
3038525,AMPK-alpha2,5.0
11234052,MST4,5.0
10127622,ABL1(F317I),5.0
9884685,FGFR3(G697C),5.0
11984591,HCK,6.823908740944319
9884685,ADCK3,5.0
176167,CDKL2,5.468521082957745
9884685,HPK1,5.0
151194,DDR1,6.568636235841013
9926791,AURKA,5.0
5291,CSNK1A1L,5.0
4908365,ROCK1,5.0
11338033,MEK2,5.0
11717001,RIPK4,5.0
24779724,RSK3(KinDom.1-N-terminal),5.0
10113978,CASK,5.0
3038522,LIMK1,5.0
5328940,WEE1,6.292429823902063
11656518,DYRK1B,5.0
10074640,MRCKB,5.0
151194,EPHA1,5.0
4908365,BMPR1A,5.0
10074640,SRMS,5.0
11712649,ADCK4,5.0
24889392,BMPR1A,5.0
9884685,CDC2L1,5.0
16007391,CHEK1,5.0
11656518,ULK2,5.0
10074640,STK39,5.0
123631,MEK1,5.0
11712649,CSNK1A1L,5.0
11984591,FLT3(D835H),9.187086643357144
11667893,EPHA8,5.0
16725726,VEGFR2,5.0
16007391,ALK,5.0
3025986,SNRK,5.0
51004351,TYRO3,5.0
9809715,ABL1p,7.1938200260161125
11984591,ABL1p,6.468521082957745
11712649,HPK1,5.0
10461815,STK39,5.0
10461815,TAOK1,6.337242168318426
208908,BRSK2,5.0
10113978,MAP4K5,5.522878745280337
11314340,HUNK,5.0
9809715,CSNK1G3,5.0
3062316,ABL1(H396P),10.602059991327964
11984591,ULK2,7.721246399047171
6450551,KIT(V559D),9.309803919971486
156414,CDKL3,5.0
44150621,EGFR(S752I759del),5.0
126565,ERK8,8.309803919971486
11427553,MAP3K2,7.142667503568732
11364421,FLT1,5.0
156414,FGR,5.552841968657781
216239,ERBB2,5.0
11338033,SRMS,5.0
24889392,MST4,5.0
9933475,ABL1(E255K),7.187086643357144
11338033,ULK1,5.0
6450551,GSK3B,5.0
9884685,CSNK1A1,5.0
176870,RSK2(KinDom.1-N-terminal),5.0
11409972,EPHB4,5.0
176870,CDK4-cyclinD1,5.0
16725726,AKT1,8.657577319177793
5328940,EPHA8,8.045757490560675
24889392,DMPK2,5.0
9929127,LRRK2(G2019S),5.0
11626560,RSK3(KinDom.1-N-terminal),5.0
5291,STK33,5.0
9933475,ERN1,6.292429823902063
11364421,AMPK-alpha1,5.0
11617559,RIPK1,5.0
5329102,TRKA,7.0
16007391,ABL1(Y253F),5.42021640338319
11338033,MEK6,5.0
10427712,CDK7,5.0
3038522,TAK1,5.0
5329102,MAPKAPK5,5.0
3038525,IKK-alpha,5.0
11656518,CDK9,5.0
447077,WEE2,7.244125144327507
11338033,TRKA,5.0
216239,TRPM6,5.0
5329102,CHEK1,6.522878745280337
10461815,SRPK2,6.301029995663981
16722836,LCK,7.142667503568732
11234052,ULK1,5.0
3025986,SgK110,5.0
24180719,SYK,5.0
11667893,CDK3,5.0
11712649,CASK,5.0
156414,TRKC,5.0
4908365,ABL1(T315I),6.031517051446065
208908,MEK3,5.0
4908365,JNK2,5.853871964321762
44259,TNIK,8.327902142064282
10138260,LATS1,6.070581074285707
156422,ERK2,5.0
208908,ANKK1,5.0
9926054,KIT(D816H),5.0
11626560,LATS1,5.0
10184653,MKNK2,5.795880017344075
16722836,SRC,7.1249387366083
6450551,KIT(V559D-T670I),8.853871964321762
3038525,CASK,5.0
11667893,ACVRL1,5.0
11338033,CDK5,6.154901959985743
24180719,KIT(V559D-T670I),5.0
3038522,MEK6,5.0
11314340,CLK2,9.292429823902063
9929127,CDC2L2,5.0
44259,ABL1,7.431798275933005
123631,CDKL3,5.0
5287969,INSR,5.0
9809715,EPHB6,6.853871964321762
644241,MEK5,6.721246399047171
9933475,MAP3K1,5.0
16725726,KIT(D816V),6.886056647693163
208908,TRKC,5.0
11427553,DCAMKL1,5.698970004336019
24180719,ULK2,5.0
11314340,RET(V804L),5.721246399047171
5329102,RSK1(KinDom.1-N-terminal),6.853871964321762
5291,BRSK1,5.0
6918454,MAP3K4,5.0
9915743,SNARK,6.853871964321762
9809715,RIOK3,7.443697499232713
11409972,AURKA,5.0
123631,ERK1,5.0
10113978,YSK1,5.0
16725726,DCAMKL3,6.958607314841775
5287969,ERN1,5.0
208908,CAMKK1,5.0
9915743,DRAK2,5.958607314841775
11485656,SRMS,5.0
644241,SIK2,5.0
176167,CIT,5.0
176167,CSNK1G1,5.0
5291,ERN1,5.0
156414,CAMK2G,5.0
11712649,MAP4K2,5.0
10113978,RIPK2,6.236572006437063
208908,IRAK3,5.0
11485656,ABL1(Q252H)p,5.0
6918454,CDC2L1,5.0
644241,CSK,5.619788758288394
9809715,DRAK1,6.958607314841775
6918454,FYN,5.0
6918454,DRAK2,5.0
9809715,MEK3,5.6777807052660805
126565,EPHA6,5.920818753952375
17755052,KIT(L576P),5.0
11717001,MINK,6.0
11427553,ABL1(M351T),7.721246399047171
11485656,WEE1,5.0
6918454,BRSK2,5.0
11409972,TNIK,7.161150909262744
5494449,IKK-epsilon,5.585026652029182
208908,CDK8,5.0
11617559,FLT3(K663Q),5.0
9933475,JNK1,5.0
644241,ABL1(Q252H),8.0
156414,DRAK2,5.136677139879544
16007391,LYN,5.795880017344075
151194,CDK3,5.0
11717001,MAP4K3,5.0
17755052,EGFR(L747T751del),5.0
24779724,CASK,5.0
151194,IRAK4,5.0
44259,YANK2,7.008773924307505
3025986,EPHA8,5.0
3025986,STK35,5.0
11626560,EIF2AK1,5.0
3025986,GRK7,5.0
10184653,ERK3,5.0
16007391,CLK4,5.0
10461815,LOK,6.537602002101044
51004351,ABL1(T315I),5.309803919971486
25243800,LYN,6.251811972993799
9926791,EGFR(L858RT790M),5.0
216239,CSNK2A1,5.0
16722836,ABL1,6.744727494896694
3081361,TGFBR1,5.0
25127112,SNARK,6.494850021680094
11626560,MARK4,5.0
9809715,MTOR,5.0
3062316,CDK2,5.0
5329102,MTOR,5.0
10461815,ABL1(T315I)p,5.4089353929735005
10461815,STK36,5.0
176155,CDK9,5.0
6918454,MEK1,6.920818753952375
9915743,JAK3(JH1domain-catalytic),5.698970004336019
6918454,MAP3K15,5.0
25243800,EPHB3,5.0
9809715,MAPKAPK2,5.0
10138260,WEE2,5.0
24180719,HUNK,5.0
216239,BMPR1B,5.0
3062316,TNK1,5.0
5494449,WEE2,5.376750709602099
644241,CSNK2A2,5.0
10074640,MARK1,5.0
6450551,RIOK2,5.0
24180719,YANK2,5.0
10138260,CLK2,6.823908740944319
17755052,RIPK4,5.0
3081361,TLK1,5.0
9915743,FLT3(D835H),5.337242168318426
9933475,STK36,5.0
10461815,SLK,6.455931955649724
10184653,BRAF(V600E),5.0
24889392,MKNK2,5.585026652029182
176155,EGFR(L858RT790M),5.886056647693163
11409972,FER,6.229147988357856
11234052,EPHB4,5.0
11984591,SRC,8.075720713938118
9926791,ACVR2B,5.0
10461815,YSK1,5.0
11364421,MAK,5.0
176870,CDC2L1,5.0
10138260,DCAMKL1,6.259637310505756
51004351,TRKC,5.769551078621726
9929127,CASK,5.0
156422,CSNK1A1L,5.0
11984591,SNRK,5.0
151194,ERK2,5.0
4908365,CHEK1,8.00436480540245
6918454,ABL1(M351T),5.0
11338033,LZK,5.0
9926791,RET(V804L),5.0
11314340,RSK3(KinDom.1-N-terminal),5.0
9926791,STK33,5.0
3062316,TNNI3K,7.958607314841775
9929127,YSK1,5.0
9884685,ERK4,5.0
24180719,TAOK2,5.0
644241,FGFR3,5.0
5329102,MINK,7.537602002101044
176167,MKNK2,5.0
447077,BMX,7.494850021680094
6918454,MLK2,5.0
10184653,FYN,5.0
156414,CDK3,5.0
3081361,LIMK2,5.0
9884685,LZK,5.0
10184653,HUNK,5.0
25127112,ACVR2B,5.0
11617559,VRK2,5.0
644241,ROCK2,5.0
11656518,BMPR2,5.0
24779724,CAMK1G,5.0
10184653,KIT,5.0
4908365,EGFR(G719C),5.0
16038120,CSNK1E,5.0
3025986,CAMK1G,5.0
51004351,ACVR1B,5.0
16007391,CLK2,5.0
3038522,EGFR(E746A750del),6.481486060122113
11667893,ERBB2,5.0
11364421,RPS6KA4(KinDom.1-N-terminal),5.0
9915743,ROS1,5.0
3025986,EGFR(G719C),5.0
11656518,LRRK2,5.0
24180719,RSK2(KinDom.1-N-terminal),5.0
3038525,ERN1,5.0
208908,MAP3K1,5.0
3038525,JAK2(JH1domain-catalytic),5.0
9809715,SYK,5.0
9884685,DLK,5.0
10184653,INSRR,5.0
9933475,MARK3,5.0
10427712,KIT(D816V),5.0
11427553,CHEK2,7.022276394711152
151194,CTK,5.0
11712649,ERK1,5.0
216239,FGFR3,5.376750709602099
9926054,MAP3K15,5.0
11984591,MARK2,6.552841968657781
9884685,ABL1(T315I),5.0
11984591,ABL1(Q252H),6.200659450546419
24180719,TAOK3,5.0
5328940,CDK11,5.0
9929127,ABL2,5.0
3062316,MAP3K1,5.0
11485656,JAK2(JH1domain-catalytic),5.0
24180719,IGF1R,5.0
6918454,ACVR1B,5.0
11712649,HIPK1,5.0
216239,KIT(L576P),7.602059991327962
644241,KIT(V559D-V654A),6.585026652029182
10427712,JAK1(JH2domain-pseudokinase),6.161150909262744
5328940,MRCKB,5.0
9915743,TNIK,6.853871964321762
24889392,STK36,5.0
208908,CAMK4,5.0
11626560,CSNK1D,5.0
11717001,HIPK2,5.0
9926054,CDKL2,5.0
5329102,EGFR(G719C),5.167491087293763
9884685,HIPK2,6.537602002101044
3025986,LIMK1,5.0
10184653,IRAK3,5.0
11656518,ULK1,5.0
176167,SRPK3,5.0
